CRITICAL - 2024-10-23 09:21:31 --> Class 'App\Libraries\Exception' not found
#0 /home/eventodigital/public_html/api_controlAccesos/app/Controllers/RestController.php(186): App\Libraries\vCard->__construct(false, '73492474')
#1 /home/eventodigital/public_html/api_controlAccesos/system/CodeIgniter.php(832): App\Controllers\RestController->create()
#2 /home/eventodigital/public_html/api_controlAccesos/system/CodeIgniter.php(419): CodeIgniter\CodeIgniter->runController(Object(App\Controllers\RestController))
#3 /home/eventodigital/public_html/api_controlAccesos/system/CodeIgniter.php(326): CodeIgniter\CodeIgniter->handleRequest(NULL, Object(Config\Cache), false)
#4 /home/eventodigital/public_html/api_controlAccesos/public/index.php(37): CodeIgniter\CodeIgniter->run()
#5 {main}
CRITICAL - 2024-10-23 09:26:51 --> Class 'App\Libraries\Exception' not found
#0 /home/eventodigital/public_html/api_controlAccesos/app/Controllers/RestController.php(186): App\Libraries\vCard->__construct(false, '07744121')
#1 /home/eventodigital/public_html/api_controlAccesos/system/CodeIgniter.php(832): App\Controllers\RestController->create()
#2 /home/eventodigital/public_html/api_controlAccesos/system/CodeIgniter.php(419): CodeIgniter\CodeIgniter->runController(Object(App\Controllers\RestController))
#3 /home/eventodigital/public_html/api_controlAccesos/system/CodeIgniter.php(326): CodeIgniter\CodeIgniter->handleRequest(NULL, Object(Config\Cache), false)
#4 /home/eventodigital/public_html/api_controlAccesos/public/index.php(37): CodeIgniter\CodeIgniter->run()
#5 {main}
CRITICAL - 2024-10-23 09:37:22 --> Class 'App\Libraries\Exception' not found
#0 /home/eventodigital/public_html/api_controlAccesos/app/Controllers/RestController.php(186): App\Libraries\vCard->__construct(false, '03755648')
#1 /home/eventodigital/public_html/api_controlAccesos/system/CodeIgniter.php(832): App\Controllers\RestController->create()
#2 /home/eventodigital/public_html/api_controlAccesos/system/CodeIgniter.php(419): CodeIgniter\CodeIgniter->runController(Object(App\Controllers\RestController))
#3 /home/eventodigital/public_html/api_controlAccesos/system/CodeIgniter.php(326): CodeIgniter\CodeIgniter->handleRequest(NULL, Object(Config\Cache), false)
#4 /home/eventodigital/public_html/api_controlAccesos/public/index.php(37): CodeIgniter\CodeIgniter->run()
#5 {main}
CRITICAL - 2024-10-23 09:37:33 --> Class 'App\Libraries\Exception' not found
#0 /home/eventodigital/public_html/api_controlAccesos/app/Controllers/RestController.php(186): App\Libraries\vCard->__construct(false, '28')
#1 /home/eventodigital/public_html/api_controlAccesos/system/CodeIgniter.php(832): App\Controllers\RestController->create()
#2 /home/eventodigital/public_html/api_controlAccesos/system/CodeIgniter.php(419): CodeIgniter\CodeIgniter->runController(Object(App\Controllers\RestController))
#3 /home/eventodigital/public_html/api_controlAccesos/system/CodeIgniter.php(326): CodeIgniter\CodeIgniter->handleRequest(NULL, Object(Config\Cache), false)
#4 /home/eventodigital/public_html/api_controlAccesos/public/index.php(37): CodeIgniter\CodeIgniter->run()
#5 {main}
CRITICAL - 2024-10-23 09:49:51 --> Class 'App\Libraries\Exception' not found
#0 /home/eventodigital/public_html/api_controlAccesos/app/Controllers/RestController.php(186): App\Libraries\vCard->__construct(false, 'https://congres...')
#1 /home/eventodigital/public_html/api_controlAccesos/system/CodeIgniter.php(832): App\Controllers\RestController->create()
#2 /home/eventodigital/public_html/api_controlAccesos/system/CodeIgniter.php(419): CodeIgniter\CodeIgniter->runController(Object(App\Controllers\RestController))
#3 /home/eventodigital/public_html/api_controlAccesos/system/CodeIgniter.php(326): CodeIgniter\CodeIgniter->handleRequest(NULL, Object(Config\Cache), false)
#4 /home/eventodigital/public_html/api_controlAccesos/public/index.php(37): CodeIgniter\CodeIgniter->run()
#5 {main}
CRITICAL - 2024-10-23 09:49:54 --> Class 'App\Libraries\Exception' not found
#0 /home/eventodigital/public_html/api_controlAccesos/app/Controllers/RestController.php(186): App\Libraries\vCard->__construct(false, 'https://congres...')
#1 /home/eventodigital/public_html/api_controlAccesos/system/CodeIgniter.php(832): App\Controllers\RestController->create()
#2 /home/eventodigital/public_html/api_controlAccesos/system/CodeIgniter.php(419): CodeIgniter\CodeIgniter->runController(Object(App\Controllers\RestController))
#3 /home/eventodigital/public_html/api_controlAccesos/system/CodeIgniter.php(326): CodeIgniter\CodeIgniter->handleRequest(NULL, Object(Config\Cache), false)
#4 /home/eventodigital/public_html/api_controlAccesos/public/index.php(37): CodeIgniter\CodeIgniter->run()
#5 {main}
CRITICAL - 2024-10-23 09:49:57 --> Class 'App\Libraries\Exception' not found
#0 /home/eventodigital/public_html/api_controlAccesos/app/Controllers/RestController.php(186): App\Libraries\vCard->__construct(false, 'https://congres...')
#1 /home/eventodigital/public_html/api_controlAccesos/system/CodeIgniter.php(832): App\Controllers\RestController->create()
#2 /home/eventodigital/public_html/api_controlAccesos/system/CodeIgniter.php(419): CodeIgniter\CodeIgniter->runController(Object(App\Controllers\RestController))
#3 /home/eventodigital/public_html/api_controlAccesos/system/CodeIgniter.php(326): CodeIgniter\CodeIgniter->handleRequest(NULL, Object(Config\Cache), false)
#4 /home/eventodigital/public_html/api_controlAccesos/public/index.php(37): CodeIgniter\CodeIgniter->run()
#5 {main}
CRITICAL - 2024-10-23 09:49:59 --> Class 'App\Libraries\Exception' not found
#0 /home/eventodigital/public_html/api_controlAccesos/app/Controllers/RestController.php(186): App\Libraries\vCard->__construct(false, 'https://congres...')
#1 /home/eventodigital/public_html/api_controlAccesos/system/CodeIgniter.php(832): App\Controllers\RestController->create()
#2 /home/eventodigital/public_html/api_controlAccesos/system/CodeIgniter.php(419): CodeIgniter\CodeIgniter->runController(Object(App\Controllers\RestController))
#3 /home/eventodigital/public_html/api_controlAccesos/system/CodeIgniter.php(326): CodeIgniter\CodeIgniter->handleRequest(NULL, Object(Config\Cache), false)
#4 /home/eventodigital/public_html/api_controlAccesos/public/index.php(37): CodeIgniter\CodeIgniter->run()
#5 {main}
CRITICAL - 2024-10-23 09:50:05 --> Class 'App\Libraries\Exception' not found
#0 /home/eventodigital/public_html/api_controlAccesos/app/Controllers/RestController.php(186): App\Libraries\vCard->__construct(false, 'https://congres...')
#1 /home/eventodigital/public_html/api_controlAccesos/system/CodeIgniter.php(832): App\Controllers\RestController->create()
#2 /home/eventodigital/public_html/api_controlAccesos/system/CodeIgniter.php(419): CodeIgniter\CodeIgniter->runController(Object(App\Controllers\RestController))
#3 /home/eventodigital/public_html/api_controlAccesos/system/CodeIgniter.php(326): CodeIgniter\CodeIgniter->handleRequest(NULL, Object(Config\Cache), false)
#4 /home/eventodigital/public_html/api_controlAccesos/public/index.php(37): CodeIgniter\CodeIgniter->run()
#5 {main}
CRITICAL - 2024-10-23 09:50:09 --> Class 'App\Libraries\Exception' not found
#0 /home/eventodigital/public_html/api_controlAccesos/app/Controllers/RestController.php(186): App\Libraries\vCard->__construct(false, '03114520')
#1 /home/eventodigital/public_html/api_controlAccesos/system/CodeIgniter.php(832): App\Controllers\RestController->create()
#2 /home/eventodigital/public_html/api_controlAccesos/system/CodeIgniter.php(419): CodeIgniter\CodeIgniter->runController(Object(App\Controllers\RestController))
#3 /home/eventodigital/public_html/api_controlAccesos/system/CodeIgniter.php(326): CodeIgniter\CodeIgniter->handleRequest(NULL, Object(Config\Cache), false)
#4 /home/eventodigital/public_html/api_controlAccesos/public/index.php(37): CodeIgniter\CodeIgniter->run()
#5 {main}
CRITICAL - 2024-10-23 09:52:07 --> Class 'App\Libraries\Exception' not found
#0 /home/eventodigital/public_html/api_controlAccesos/app/Controllers/RestController.php(186): App\Libraries\vCard->__construct(false, '19498140')
#1 /home/eventodigital/public_html/api_controlAccesos/system/CodeIgniter.php(832): App\Controllers\RestController->create()
#2 /home/eventodigital/public_html/api_controlAccesos/system/CodeIgniter.php(419): CodeIgniter\CodeIgniter->runController(Object(App\Controllers\RestController))
#3 /home/eventodigital/public_html/api_controlAccesos/system/CodeIgniter.php(326): CodeIgniter\CodeIgniter->handleRequest(NULL, Object(Config\Cache), false)
#4 /home/eventodigital/public_html/api_controlAccesos/public/index.php(37): CodeIgniter\CodeIgniter->run()
#5 {main}
CRITICAL - 2024-10-23 09:52:38 --> Class 'App\Libraries\Exception' not found
#0 /home/eventodigital/public_html/api_controlAccesos/app/Controllers/RestController.php(186): App\Libraries\vCard->__construct(false, 'https://congres...')
#1 /home/eventodigital/public_html/api_controlAccesos/system/CodeIgniter.php(832): App\Controllers\RestController->create()
#2 /home/eventodigital/public_html/api_controlAccesos/system/CodeIgniter.php(419): CodeIgniter\CodeIgniter->runController(Object(App\Controllers\RestController))
#3 /home/eventodigital/public_html/api_controlAccesos/system/CodeIgniter.php(326): CodeIgniter\CodeIgniter->handleRequest(NULL, Object(Config\Cache), false)
#4 /home/eventodigital/public_html/api_controlAccesos/public/index.php(37): CodeIgniter\CodeIgniter->run()
#5 {main}
CRITICAL - 2024-10-23 09:53:39 --> Class 'App\Libraries\Exception' not found
#0 /home/eventodigital/public_html/api_controlAccesos/app/Controllers/RestController.php(186): App\Libraries\vCard->__construct(false, '\xEF\xBB\xBFBEGIN:VCARD\n...')
#1 /home/eventodigital/public_html/api_controlAccesos/system/CodeIgniter.php(832): App\Controllers\RestController->create()
#2 /home/eventodigital/public_html/api_controlAccesos/system/CodeIgniter.php(419): CodeIgniter\CodeIgniter->runController(Object(App\Controllers\RestController))
#3 /home/eventodigital/public_html/api_controlAccesos/system/CodeIgniter.php(326): CodeIgniter\CodeIgniter->handleRequest(NULL, Object(Config\Cache), false)
#4 /home/eventodigital/public_html/api_controlAccesos/public/index.php(37): CodeIgniter\CodeIgniter->run()
#5 {main}
CRITICAL - 2024-10-23 09:54:00 --> Class 'App\Libraries\Exception' not found
#0 /home/eventodigital/public_html/api_controlAccesos/app/Controllers/RestController.php(186): App\Libraries\vCard->__construct(false, '05802487')
#1 /home/eventodigital/public_html/api_controlAccesos/system/CodeIgniter.php(832): App\Controllers\RestController->create()
#2 /home/eventodigital/public_html/api_controlAccesos/system/CodeIgniter.php(419): CodeIgniter\CodeIgniter->runController(Object(App\Controllers\RestController))
#3 /home/eventodigital/public_html/api_controlAccesos/system/CodeIgniter.php(326): CodeIgniter\CodeIgniter->handleRequest(NULL, Object(Config\Cache), false)
#4 /home/eventodigital/public_html/api_controlAccesos/public/index.php(37): CodeIgniter\CodeIgniter->run()
#5 {main}
CRITICAL - 2024-10-23 09:55:26 --> Class 'App\Libraries\Exception' not found
#0 /home/eventodigital/public_html/api_controlAccesos/app/Controllers/RestController.php(186): App\Libraries\vCard->__construct(false, 'https://congres...')
#1 /home/eventodigital/public_html/api_controlAccesos/system/CodeIgniter.php(832): App\Controllers\RestController->create()
#2 /home/eventodigital/public_html/api_controlAccesos/system/CodeIgniter.php(419): CodeIgniter\CodeIgniter->runController(Object(App\Controllers\RestController))
#3 /home/eventodigital/public_html/api_controlAccesos/system/CodeIgniter.php(326): CodeIgniter\CodeIgniter->handleRequest(NULL, Object(Config\Cache), false)
#4 /home/eventodigital/public_html/api_controlAccesos/public/index.php(37): CodeIgniter\CodeIgniter->run()
#5 {main}
CRITICAL - 2024-10-23 09:56:08 --> Class 'App\Libraries\Exception' not found
#0 /home/eventodigital/public_html/api_controlAccesos/app/Controllers/RestController.php(186): App\Libraries\vCard->__construct(false, '12943332')
#1 /home/eventodigital/public_html/api_controlAccesos/system/CodeIgniter.php(832): App\Controllers\RestController->create()
#2 /home/eventodigital/public_html/api_controlAccesos/system/CodeIgniter.php(419): CodeIgniter\CodeIgniter->runController(Object(App\Controllers\RestController))
#3 /home/eventodigital/public_html/api_controlAccesos/system/CodeIgniter.php(326): CodeIgniter\CodeIgniter->handleRequest(NULL, Object(Config\Cache), false)
#4 /home/eventodigital/public_html/api_controlAccesos/public/index.php(37): CodeIgniter\CodeIgniter->run()
#5 {main}
CRITICAL - 2024-10-23 09:56:15 --> Class 'App\Libraries\Exception' not found
#0 /home/eventodigital/public_html/api_controlAccesos/app/Controllers/RestController.php(186): App\Libraries\vCard->__construct(false, '14763694')
#1 /home/eventodigital/public_html/api_controlAccesos/system/CodeIgniter.php(832): App\Controllers\RestController->create()
#2 /home/eventodigital/public_html/api_controlAccesos/system/CodeIgniter.php(419): CodeIgniter\CodeIgniter->runController(Object(App\Controllers\RestController))
#3 /home/eventodigital/public_html/api_controlAccesos/system/CodeIgniter.php(326): CodeIgniter\CodeIgniter->handleRequest(NULL, Object(Config\Cache), false)
#4 /home/eventodigital/public_html/api_controlAccesos/public/index.php(37): CodeIgniter\CodeIgniter->run()
#5 {main}
CRITICAL - 2024-10-23 09:57:37 --> Class 'App\Libraries\Exception' not found
#0 /home/eventodigital/public_html/api_controlAccesos/app/Controllers/RestController.php(186): App\Libraries\vCard->__construct(false, 'https://congres...')
#1 /home/eventodigital/public_html/api_controlAccesos/system/CodeIgniter.php(832): App\Controllers\RestController->create()
#2 /home/eventodigital/public_html/api_controlAccesos/system/CodeIgniter.php(419): CodeIgniter\CodeIgniter->runController(Object(App\Controllers\RestController))
#3 /home/eventodigital/public_html/api_controlAccesos/system/CodeIgniter.php(326): CodeIgniter\CodeIgniter->handleRequest(NULL, Object(Config\Cache), false)
#4 /home/eventodigital/public_html/api_controlAccesos/public/index.php(37): CodeIgniter\CodeIgniter->run()
#5 {main}
CRITICAL - 2024-10-23 09:57:38 --> Class 'App\Libraries\Exception' not found
#0 /home/eventodigital/public_html/api_controlAccesos/app/Controllers/RestController.php(186): App\Libraries\vCard->__construct(false, 'https://congres...')
#1 /home/eventodigital/public_html/api_controlAccesos/system/CodeIgniter.php(832): App\Controllers\RestController->create()
#2 /home/eventodigital/public_html/api_controlAccesos/system/CodeIgniter.php(419): CodeIgniter\CodeIgniter->runController(Object(App\Controllers\RestController))
#3 /home/eventodigital/public_html/api_controlAccesos/system/CodeIgniter.php(326): CodeIgniter\CodeIgniter->handleRequest(NULL, Object(Config\Cache), false)
#4 /home/eventodigital/public_html/api_controlAccesos/public/index.php(37): CodeIgniter\CodeIgniter->run()
#5 {main}
CRITICAL - 2024-10-23 09:57:41 --> Class 'App\Libraries\Exception' not found
#0 /home/eventodigital/public_html/api_controlAccesos/app/Controllers/RestController.php(186): App\Libraries\vCard->__construct(false, 'https://congres...')
#1 /home/eventodigital/public_html/api_controlAccesos/system/CodeIgniter.php(832): App\Controllers\RestController->create()
#2 /home/eventodigital/public_html/api_controlAccesos/system/CodeIgniter.php(419): CodeIgniter\CodeIgniter->runController(Object(App\Controllers\RestController))
#3 /home/eventodigital/public_html/api_controlAccesos/system/CodeIgniter.php(326): CodeIgniter\CodeIgniter->handleRequest(NULL, Object(Config\Cache), false)
#4 /home/eventodigital/public_html/api_controlAccesos/public/index.php(37): CodeIgniter\CodeIgniter->run()
#5 {main}
CRITICAL - 2024-10-23 09:57:43 --> Class 'App\Libraries\Exception' not found
#0 /home/eventodigital/public_html/api_controlAccesos/app/Controllers/RestController.php(186): App\Libraries\vCard->__construct(false, 'https://congres...')
#1 /home/eventodigital/public_html/api_controlAccesos/system/CodeIgniter.php(832): App\Controllers\RestController->create()
#2 /home/eventodigital/public_html/api_controlAccesos/system/CodeIgniter.php(419): CodeIgniter\CodeIgniter->runController(Object(App\Controllers\RestController))
#3 /home/eventodigital/public_html/api_controlAccesos/system/CodeIgniter.php(326): CodeIgniter\CodeIgniter->handleRequest(NULL, Object(Config\Cache), false)
#4 /home/eventodigital/public_html/api_controlAccesos/public/index.php(37): CodeIgniter\CodeIgniter->run()
#5 {main}
CRITICAL - 2024-10-23 09:57:51 --> Class 'App\Libraries\Exception' not found
#0 /home/eventodigital/public_html/api_controlAccesos/app/Controllers/RestController.php(186): App\Libraries\vCard->__construct(false, 'https://congres...')
#1 /home/eventodigital/public_html/api_controlAccesos/system/CodeIgniter.php(832): App\Controllers\RestController->create()
#2 /home/eventodigital/public_html/api_controlAccesos/system/CodeIgniter.php(419): CodeIgniter\CodeIgniter->runController(Object(App\Controllers\RestController))
#3 /home/eventodigital/public_html/api_controlAccesos/system/CodeIgniter.php(326): CodeIgniter\CodeIgniter->handleRequest(NULL, Object(Config\Cache), false)
#4 /home/eventodigital/public_html/api_controlAccesos/public/index.php(37): CodeIgniter\CodeIgniter->run()
#5 {main}
CRITICAL - 2024-10-23 09:57:57 --> Class 'App\Libraries\Exception' not found
#0 /home/eventodigital/public_html/api_controlAccesos/app/Controllers/RestController.php(186): App\Libraries\vCard->__construct(false, 'https://congres...')
#1 /home/eventodigital/public_html/api_controlAccesos/system/CodeIgniter.php(832): App\Controllers\RestController->create()
#2 /home/eventodigital/public_html/api_controlAccesos/system/CodeIgniter.php(419): CodeIgniter\CodeIgniter->runController(Object(App\Controllers\RestController))
#3 /home/eventodigital/public_html/api_controlAccesos/system/CodeIgniter.php(326): CodeIgniter\CodeIgniter->handleRequest(NULL, Object(Config\Cache), false)
#4 /home/eventodigital/public_html/api_controlAccesos/public/index.php(37): CodeIgniter\CodeIgniter->run()
#5 {main}
CRITICAL - 2024-10-23 09:58:10 --> Class 'App\Libraries\Exception' not found
#0 /home/eventodigital/public_html/api_controlAccesos/app/Controllers/RestController.php(186): App\Libraries\vCard->__construct(false, 'https://congres...')
#1 /home/eventodigital/public_html/api_controlAccesos/system/CodeIgniter.php(832): App\Controllers\RestController->create()
#2 /home/eventodigital/public_html/api_controlAccesos/system/CodeIgniter.php(419): CodeIgniter\CodeIgniter->runController(Object(App\Controllers\RestController))
#3 /home/eventodigital/public_html/api_controlAccesos/system/CodeIgniter.php(326): CodeIgniter\CodeIgniter->handleRequest(NULL, Object(Config\Cache), false)
#4 /home/eventodigital/public_html/api_controlAccesos/public/index.php(37): CodeIgniter\CodeIgniter->run()
#5 {main}
CRITICAL - 2024-10-23 09:58:19 --> Class 'App\Libraries\Exception' not found
#0 /home/eventodigital/public_html/api_controlAccesos/app/Controllers/RestController.php(186): App\Libraries\vCard->__construct(false, 'https://congres...')
#1 /home/eventodigital/public_html/api_controlAccesos/system/CodeIgniter.php(832): App\Controllers\RestController->create()
#2 /home/eventodigital/public_html/api_controlAccesos/system/CodeIgniter.php(419): CodeIgniter\CodeIgniter->runController(Object(App\Controllers\RestController))
#3 /home/eventodigital/public_html/api_controlAccesos/system/CodeIgniter.php(326): CodeIgniter\CodeIgniter->handleRequest(NULL, Object(Config\Cache), false)
#4 /home/eventodigital/public_html/api_controlAccesos/public/index.php(37): CodeIgniter\CodeIgniter->run()
#5 {main}
CRITICAL - 2024-10-23 09:58:28 --> Class 'App\Libraries\Exception' not found
#0 /home/eventodigital/public_html/api_controlAccesos/app/Controllers/RestController.php(186): App\Libraries\vCard->__construct(false, 'https://congres...')
#1 /home/eventodigital/public_html/api_controlAccesos/system/CodeIgniter.php(832): App\Controllers\RestController->create()
#2 /home/eventodigital/public_html/api_controlAccesos/system/CodeIgniter.php(419): CodeIgniter\CodeIgniter->runController(Object(App\Controllers\RestController))
#3 /home/eventodigital/public_html/api_controlAccesos/system/CodeIgniter.php(326): CodeIgniter\CodeIgniter->handleRequest(NULL, Object(Config\Cache), false)
#4 /home/eventodigital/public_html/api_controlAccesos/public/index.php(37): CodeIgniter\CodeIgniter->run()
#5 {main}
CRITICAL - 2024-10-23 09:58:29 --> Class 'App\Libraries\Exception' not found
#0 /home/eventodigital/public_html/api_controlAccesos/app/Controllers/RestController.php(186): App\Libraries\vCard->__construct(false, '16')
#1 /home/eventodigital/public_html/api_controlAccesos/system/CodeIgniter.php(832): App\Controllers\RestController->create()
#2 /home/eventodigital/public_html/api_controlAccesos/system/CodeIgniter.php(419): CodeIgniter\CodeIgniter->runController(Object(App\Controllers\RestController))
#3 /home/eventodigital/public_html/api_controlAccesos/system/CodeIgniter.php(326): CodeIgniter\CodeIgniter->handleRequest(NULL, Object(Config\Cache), false)
#4 /home/eventodigital/public_html/api_controlAccesos/public/index.php(37): CodeIgniter\CodeIgniter->run()
#5 {main}
CRITICAL - 2024-10-23 09:58:49 --> Class 'App\Libraries\Exception' not found
#0 /home/eventodigital/public_html/api_controlAccesos/app/Controllers/RestController.php(186): App\Libraries\vCard->__construct(false, 'https://congres...')
#1 /home/eventodigital/public_html/api_controlAccesos/system/CodeIgniter.php(832): App\Controllers\RestController->create()
#2 /home/eventodigital/public_html/api_controlAccesos/system/CodeIgniter.php(419): CodeIgniter\CodeIgniter->runController(Object(App\Controllers\RestController))
#3 /home/eventodigital/public_html/api_controlAccesos/system/CodeIgniter.php(326): CodeIgniter\CodeIgniter->handleRequest(NULL, Object(Config\Cache), false)
#4 /home/eventodigital/public_html/api_controlAccesos/public/index.php(37): CodeIgniter\CodeIgniter->run()
#5 {main}
CRITICAL - 2024-10-23 09:58:52 --> Class 'App\Libraries\Exception' not found
#0 /home/eventodigital/public_html/api_controlAccesos/app/Controllers/RestController.php(186): App\Libraries\vCard->__construct(false, 'https://congres...')
#1 /home/eventodigital/public_html/api_controlAccesos/system/CodeIgniter.php(832): App\Controllers\RestController->create()
#2 /home/eventodigital/public_html/api_controlAccesos/system/CodeIgniter.php(419): CodeIgniter\CodeIgniter->runController(Object(App\Controllers\RestController))
#3 /home/eventodigital/public_html/api_controlAccesos/system/CodeIgniter.php(326): CodeIgniter\CodeIgniter->handleRequest(NULL, Object(Config\Cache), false)
#4 /home/eventodigital/public_html/api_controlAccesos/public/index.php(37): CodeIgniter\CodeIgniter->run()
#5 {main}
CRITICAL - 2024-10-23 09:58:59 --> Class 'App\Libraries\Exception' not found
#0 /home/eventodigital/public_html/api_controlAccesos/app/Controllers/RestController.php(186): App\Libraries\vCard->__construct(false, 'https://congres...')
#1 /home/eventodigital/public_html/api_controlAccesos/system/CodeIgniter.php(832): App\Controllers\RestController->create()
#2 /home/eventodigital/public_html/api_controlAccesos/system/CodeIgniter.php(419): CodeIgniter\CodeIgniter->runController(Object(App\Controllers\RestController))
#3 /home/eventodigital/public_html/api_controlAccesos/system/CodeIgniter.php(326): CodeIgniter\CodeIgniter->handleRequest(NULL, Object(Config\Cache), false)
#4 /home/eventodigital/public_html/api_controlAccesos/public/index.php(37): CodeIgniter\CodeIgniter->run()
#5 {main}
CRITICAL - 2024-10-23 09:59:03 --> Class 'App\Libraries\Exception' not found
#0 /home/eventodigital/public_html/api_controlAccesos/app/Controllers/RestController.php(186): App\Libraries\vCard->__construct(false, 'https://congres...')
#1 /home/eventodigital/public_html/api_controlAccesos/system/CodeIgniter.php(832): App\Controllers\RestController->create()
#2 /home/eventodigital/public_html/api_controlAccesos/system/CodeIgniter.php(419): CodeIgniter\CodeIgniter->runController(Object(App\Controllers\RestController))
#3 /home/eventodigital/public_html/api_controlAccesos/system/CodeIgniter.php(326): CodeIgniter\CodeIgniter->handleRequest(NULL, Object(Config\Cache), false)
#4 /home/eventodigital/public_html/api_controlAccesos/public/index.php(37): CodeIgniter\CodeIgniter->run()
#5 {main}
CRITICAL - 2024-10-23 09:59:05 --> Class 'App\Libraries\Exception' not found
#0 /home/eventodigital/public_html/api_controlAccesos/app/Controllers/RestController.php(186): App\Libraries\vCard->__construct(false, 'https://congres...')
#1 /home/eventodigital/public_html/api_controlAccesos/system/CodeIgniter.php(832): App\Controllers\RestController->create()
#2 /home/eventodigital/public_html/api_controlAccesos/system/CodeIgniter.php(419): CodeIgniter\CodeIgniter->runController(Object(App\Controllers\RestController))
#3 /home/eventodigital/public_html/api_controlAccesos/system/CodeIgniter.php(326): CodeIgniter\CodeIgniter->handleRequest(NULL, Object(Config\Cache), false)
#4 /home/eventodigital/public_html/api_controlAccesos/public/index.php(37): CodeIgniter\CodeIgniter->run()
#5 {main}
CRITICAL - 2024-10-23 09:59:07 --> Class 'App\Libraries\Exception' not found
#0 /home/eventodigital/public_html/api_controlAccesos/app/Controllers/RestController.php(186): App\Libraries\vCard->__construct(false, 'https://congres...')
#1 /home/eventodigital/public_html/api_controlAccesos/system/CodeIgniter.php(832): App\Controllers\RestController->create()
#2 /home/eventodigital/public_html/api_controlAccesos/system/CodeIgniter.php(419): CodeIgniter\CodeIgniter->runController(Object(App\Controllers\RestController))
#3 /home/eventodigital/public_html/api_controlAccesos/system/CodeIgniter.php(326): CodeIgniter\CodeIgniter->handleRequest(NULL, Object(Config\Cache), false)
#4 /home/eventodigital/public_html/api_controlAccesos/public/index.php(37): CodeIgniter\CodeIgniter->run()
#5 {main}
CRITICAL - 2024-10-23 09:59:09 --> Class 'App\Libraries\Exception' not found
#0 /home/eventodigital/public_html/api_controlAccesos/app/Controllers/RestController.php(186): App\Libraries\vCard->__construct(false, 'https://congres...')
#1 /home/eventodigital/public_html/api_controlAccesos/system/CodeIgniter.php(832): App\Controllers\RestController->create()
#2 /home/eventodigital/public_html/api_controlAccesos/system/CodeIgniter.php(419): CodeIgniter\CodeIgniter->runController(Object(App\Controllers\RestController))
#3 /home/eventodigital/public_html/api_controlAccesos/system/CodeIgniter.php(326): CodeIgniter\CodeIgniter->handleRequest(NULL, Object(Config\Cache), false)
#4 /home/eventodigital/public_html/api_controlAccesos/public/index.php(37): CodeIgniter\CodeIgniter->run()
#5 {main}
CRITICAL - 2024-10-23 09:59:32 --> Class 'App\Libraries\Exception' not found
#0 /home/eventodigital/public_html/api_controlAccesos/app/Controllers/RestController.php(186): App\Libraries\vCard->__construct(false, 'https://congres...')
#1 /home/eventodigital/public_html/api_controlAccesos/system/CodeIgniter.php(832): App\Controllers\RestController->create()
#2 /home/eventodigital/public_html/api_controlAccesos/system/CodeIgniter.php(419): CodeIgniter\CodeIgniter->runController(Object(App\Controllers\RestController))
#3 /home/eventodigital/public_html/api_controlAccesos/system/CodeIgniter.php(326): CodeIgniter\CodeIgniter->handleRequest(NULL, Object(Config\Cache), false)
#4 /home/eventodigital/public_html/api_controlAccesos/public/index.php(37): CodeIgniter\CodeIgniter->run()
#5 {main}
CRITICAL - 2024-10-23 09:59:35 --> Class 'App\Libraries\Exception' not found
#0 /home/eventodigital/public_html/api_controlAccesos/app/Controllers/RestController.php(186): App\Libraries\vCard->__construct(false, 'https://congres...')
#1 /home/eventodigital/public_html/api_controlAccesos/system/CodeIgniter.php(832): App\Controllers\RestController->create()
#2 /home/eventodigital/public_html/api_controlAccesos/system/CodeIgniter.php(419): CodeIgniter\CodeIgniter->runController(Object(App\Controllers\RestController))
#3 /home/eventodigital/public_html/api_controlAccesos/system/CodeIgniter.php(326): CodeIgniter\CodeIgniter->handleRequest(NULL, Object(Config\Cache), false)
#4 /home/eventodigital/public_html/api_controlAccesos/public/index.php(37): CodeIgniter\CodeIgniter->run()
#5 {main}
CRITICAL - 2024-10-23 09:59:38 --> Class 'App\Libraries\Exception' not found
#0 /home/eventodigital/public_html/api_controlAccesos/app/Controllers/RestController.php(186): App\Libraries\vCard->__construct(false, 'https://congres...')
#1 /home/eventodigital/public_html/api_controlAccesos/system/CodeIgniter.php(832): App\Controllers\RestController->create()
#2 /home/eventodigital/public_html/api_controlAccesos/system/CodeIgniter.php(419): CodeIgniter\CodeIgniter->runController(Object(App\Controllers\RestController))
#3 /home/eventodigital/public_html/api_controlAccesos/system/CodeIgniter.php(326): CodeIgniter\CodeIgniter->handleRequest(NULL, Object(Config\Cache), false)
#4 /home/eventodigital/public_html/api_controlAccesos/public/index.php(37): CodeIgniter\CodeIgniter->run()
#5 {main}
ERROR - 2024-10-23 10:00:13 --> Column 'nombreCompleto' cannot be null
CRITICAL - 2024-10-23 10:03:38 --> Class 'App\Libraries\Exception' not found
#0 /home/eventodigital/public_html/api_controlAccesos/app/Controllers/RestController.php(186): App\Libraries\vCard->__construct(false, 'https://congres...')
#1 /home/eventodigital/public_html/api_controlAccesos/system/CodeIgniter.php(832): App\Controllers\RestController->create()
#2 /home/eventodigital/public_html/api_controlAccesos/system/CodeIgniter.php(419): CodeIgniter\CodeIgniter->runController(Object(App\Controllers\RestController))
#3 /home/eventodigital/public_html/api_controlAccesos/system/CodeIgniter.php(326): CodeIgniter\CodeIgniter->handleRequest(NULL, Object(Config\Cache), false)
#4 /home/eventodigital/public_html/api_controlAccesos/public/index.php(37): CodeIgniter\CodeIgniter->run()
#5 {main}
CRITICAL - 2024-10-23 10:03:40 --> Class 'App\Libraries\Exception' not found
#0 /home/eventodigital/public_html/api_controlAccesos/app/Controllers/RestController.php(186): App\Libraries\vCard->__construct(false, 'https://congres...')
#1 /home/eventodigital/public_html/api_controlAccesos/system/CodeIgniter.php(832): App\Controllers\RestController->create()
#2 /home/eventodigital/public_html/api_controlAccesos/system/CodeIgniter.php(419): CodeIgniter\CodeIgniter->runController(Object(App\Controllers\RestController))
#3 /home/eventodigital/public_html/api_controlAccesos/system/CodeIgniter.php(326): CodeIgniter\CodeIgniter->handleRequest(NULL, Object(Config\Cache), false)
#4 /home/eventodigital/public_html/api_controlAccesos/public/index.php(37): CodeIgniter\CodeIgniter->run()
#5 {main}
CRITICAL - 2024-10-23 10:03:43 --> Class 'App\Libraries\Exception' not found
#0 /home/eventodigital/public_html/api_controlAccesos/app/Controllers/RestController.php(186): App\Libraries\vCard->__construct(false, 'https://congres...')
#1 /home/eventodigital/public_html/api_controlAccesos/system/CodeIgniter.php(832): App\Controllers\RestController->create()
#2 /home/eventodigital/public_html/api_controlAccesos/system/CodeIgniter.php(419): CodeIgniter\CodeIgniter->runController(Object(App\Controllers\RestController))
#3 /home/eventodigital/public_html/api_controlAccesos/system/CodeIgniter.php(326): CodeIgniter\CodeIgniter->handleRequest(NULL, Object(Config\Cache), false)
#4 /home/eventodigital/public_html/api_controlAccesos/public/index.php(37): CodeIgniter\CodeIgniter->run()
#5 {main}
CRITICAL - 2024-10-23 10:03:46 --> Class 'App\Libraries\Exception' not found
#0 /home/eventodigital/public_html/api_controlAccesos/app/Controllers/RestController.php(186): App\Libraries\vCard->__construct(false, 'https://congres...')
#1 /home/eventodigital/public_html/api_controlAccesos/system/CodeIgniter.php(832): App\Controllers\RestController->create()
#2 /home/eventodigital/public_html/api_controlAccesos/system/CodeIgniter.php(419): CodeIgniter\CodeIgniter->runController(Object(App\Controllers\RestController))
#3 /home/eventodigital/public_html/api_controlAccesos/system/CodeIgniter.php(326): CodeIgniter\CodeIgniter->handleRequest(NULL, Object(Config\Cache), false)
#4 /home/eventodigital/public_html/api_controlAccesos/public/index.php(37): CodeIgniter\CodeIgniter->run()
#5 {main}
CRITICAL - 2024-10-23 10:04:34 --> Class 'App\Libraries\Exception' not found
#0 /home/eventodigital/public_html/api_controlAccesos/app/Controllers/RestController.php(186): App\Libraries\vCard->__construct(false, '16137737')
#1 /home/eventodigital/public_html/api_controlAccesos/system/CodeIgniter.php(832): App\Controllers\RestController->create()
#2 /home/eventodigital/public_html/api_controlAccesos/system/CodeIgniter.php(419): CodeIgniter\CodeIgniter->runController(Object(App\Controllers\RestController))
#3 /home/eventodigital/public_html/api_controlAccesos/system/CodeIgniter.php(326): CodeIgniter\CodeIgniter->handleRequest(NULL, Object(Config\Cache), false)
#4 /home/eventodigital/public_html/api_controlAccesos/public/index.php(37): CodeIgniter\CodeIgniter->run()
#5 {main}
CRITICAL - 2024-10-23 10:05:24 --> Class 'App\Libraries\Exception' not found
#0 /home/eventodigital/public_html/api_controlAccesos/app/Controllers/RestController.php(186): App\Libraries\vCard->__construct(false, 'https://congres...')
#1 /home/eventodigital/public_html/api_controlAccesos/system/CodeIgniter.php(832): App\Controllers\RestController->create()
#2 /home/eventodigital/public_html/api_controlAccesos/system/CodeIgniter.php(419): CodeIgniter\CodeIgniter->runController(Object(App\Controllers\RestController))
#3 /home/eventodigital/public_html/api_controlAccesos/system/CodeIgniter.php(326): CodeIgniter\CodeIgniter->handleRequest(NULL, Object(Config\Cache), false)
#4 /home/eventodigital/public_html/api_controlAccesos/public/index.php(37): CodeIgniter\CodeIgniter->run()
#5 {main}
CRITICAL - 2024-10-23 10:05:26 --> Class 'App\Libraries\Exception' not found
#0 /home/eventodigital/public_html/api_controlAccesos/app/Controllers/RestController.php(186): App\Libraries\vCard->__construct(false, '00766037')
#1 /home/eventodigital/public_html/api_controlAccesos/system/CodeIgniter.php(832): App\Controllers\RestController->create()
#2 /home/eventodigital/public_html/api_controlAccesos/system/CodeIgniter.php(419): CodeIgniter\CodeIgniter->runController(Object(App\Controllers\RestController))
#3 /home/eventodigital/public_html/api_controlAccesos/system/CodeIgniter.php(326): CodeIgniter\CodeIgniter->handleRequest(NULL, Object(Config\Cache), false)
#4 /home/eventodigital/public_html/api_controlAccesos/public/index.php(37): CodeIgniter\CodeIgniter->run()
#5 {main}
CRITICAL - 2024-10-23 10:06:44 --> Class 'App\Libraries\Exception' not found
#0 /home/eventodigital/public_html/api_controlAccesos/app/Controllers/RestController.php(186): App\Libraries\vCard->__construct(false, '09626433')
#1 /home/eventodigital/public_html/api_controlAccesos/system/CodeIgniter.php(832): App\Controllers\RestController->create()
#2 /home/eventodigital/public_html/api_controlAccesos/system/CodeIgniter.php(419): CodeIgniter\CodeIgniter->runController(Object(App\Controllers\RestController))
#3 /home/eventodigital/public_html/api_controlAccesos/system/CodeIgniter.php(326): CodeIgniter\CodeIgniter->handleRequest(NULL, Object(Config\Cache), false)
#4 /home/eventodigital/public_html/api_controlAccesos/public/index.php(37): CodeIgniter\CodeIgniter->run()
#5 {main}
CRITICAL - 2024-10-23 10:07:43 --> Class 'App\Libraries\Exception' not found
#0 /home/eventodigital/public_html/api_controlAccesos/app/Controllers/RestController.php(186): App\Libraries\vCard->__construct(false, '01299656')
#1 /home/eventodigital/public_html/api_controlAccesos/system/CodeIgniter.php(832): App\Controllers\RestController->create()
#2 /home/eventodigital/public_html/api_controlAccesos/system/CodeIgniter.php(419): CodeIgniter\CodeIgniter->runController(Object(App\Controllers\RestController))
#3 /home/eventodigital/public_html/api_controlAccesos/system/CodeIgniter.php(326): CodeIgniter\CodeIgniter->handleRequest(NULL, Object(Config\Cache), false)
#4 /home/eventodigital/public_html/api_controlAccesos/public/index.php(37): CodeIgniter\CodeIgniter->run()
#5 {main}
CRITICAL - 2024-10-23 10:07:57 --> Class 'App\Libraries\Exception' not found
#0 /home/eventodigital/public_html/api_controlAccesos/app/Controllers/RestController.php(186): App\Libraries\vCard->__construct(false, '16045042')
#1 /home/eventodigital/public_html/api_controlAccesos/system/CodeIgniter.php(832): App\Controllers\RestController->create()
#2 /home/eventodigital/public_html/api_controlAccesos/system/CodeIgniter.php(419): CodeIgniter\CodeIgniter->runController(Object(App\Controllers\RestController))
#3 /home/eventodigital/public_html/api_controlAccesos/system/CodeIgniter.php(326): CodeIgniter\CodeIgniter->handleRequest(NULL, Object(Config\Cache), false)
#4 /home/eventodigital/public_html/api_controlAccesos/public/index.php(37): CodeIgniter\CodeIgniter->run()
#5 {main}
CRITICAL - 2024-10-23 10:08:01 --> Class 'App\Libraries\Exception' not found
#0 /home/eventodigital/public_html/api_controlAccesos/app/Controllers/RestController.php(186): App\Libraries\vCard->__construct(false, '08803955')
#1 /home/eventodigital/public_html/api_controlAccesos/system/CodeIgniter.php(832): App\Controllers\RestController->create()
#2 /home/eventodigital/public_html/api_controlAccesos/system/CodeIgniter.php(419): CodeIgniter\CodeIgniter->runController(Object(App\Controllers\RestController))
#3 /home/eventodigital/public_html/api_controlAccesos/system/CodeIgniter.php(326): CodeIgniter\CodeIgniter->handleRequest(NULL, Object(Config\Cache), false)
#4 /home/eventodigital/public_html/api_controlAccesos/public/index.php(37): CodeIgniter\CodeIgniter->run()
#5 {main}
CRITICAL - 2024-10-23 10:08:13 --> Class 'App\Libraries\Exception' not found
#0 /home/eventodigital/public_html/api_controlAccesos/app/Controllers/RestController.php(186): App\Libraries\vCard->__construct(false, '10487632')
#1 /home/eventodigital/public_html/api_controlAccesos/system/CodeIgniter.php(832): App\Controllers\RestController->create()
#2 /home/eventodigital/public_html/api_controlAccesos/system/CodeIgniter.php(419): CodeIgniter\CodeIgniter->runController(Object(App\Controllers\RestController))
#3 /home/eventodigital/public_html/api_controlAccesos/system/CodeIgniter.php(326): CodeIgniter\CodeIgniter->handleRequest(NULL, Object(Config\Cache), false)
#4 /home/eventodigital/public_html/api_controlAccesos/public/index.php(37): CodeIgniter\CodeIgniter->run()
#5 {main}
CRITICAL - 2024-10-23 10:08:24 --> Class 'App\Libraries\Exception' not found
#0 /home/eventodigital/public_html/api_controlAccesos/app/Controllers/RestController.php(186): App\Libraries\vCard->__construct(false, '10267918')
#1 /home/eventodigital/public_html/api_controlAccesos/system/CodeIgniter.php(832): App\Controllers\RestController->create()
#2 /home/eventodigital/public_html/api_controlAccesos/system/CodeIgniter.php(419): CodeIgniter\CodeIgniter->runController(Object(App\Controllers\RestController))
#3 /home/eventodigital/public_html/api_controlAccesos/system/CodeIgniter.php(326): CodeIgniter\CodeIgniter->handleRequest(NULL, Object(Config\Cache), false)
#4 /home/eventodigital/public_html/api_controlAccesos/public/index.php(37): CodeIgniter\CodeIgniter->run()
#5 {main}
CRITICAL - 2024-10-23 10:09:11 --> Class 'App\Libraries\Exception' not found
#0 /home/eventodigital/public_html/api_controlAccesos/app/Controllers/RestController.php(186): App\Libraries\vCard->__construct(false, 'https://congres...')
#1 /home/eventodigital/public_html/api_controlAccesos/system/CodeIgniter.php(832): App\Controllers\RestController->create()
#2 /home/eventodigital/public_html/api_controlAccesos/system/CodeIgniter.php(419): CodeIgniter\CodeIgniter->runController(Object(App\Controllers\RestController))
#3 /home/eventodigital/public_html/api_controlAccesos/system/CodeIgniter.php(326): CodeIgniter\CodeIgniter->handleRequest(NULL, Object(Config\Cache), false)
#4 /home/eventodigital/public_html/api_controlAccesos/public/index.php(37): CodeIgniter\CodeIgniter->run()
#5 {main}
CRITICAL - 2024-10-23 10:10:36 --> Class 'App\Libraries\Exception' not found
#0 /home/eventodigital/public_html/api_controlAccesos/app/Controllers/RestController.php(186): App\Libraries\vCard->__construct(false, '00297967')
#1 /home/eventodigital/public_html/api_controlAccesos/system/CodeIgniter.php(832): App\Controllers\RestController->create()
#2 /home/eventodigital/public_html/api_controlAccesos/system/CodeIgniter.php(419): CodeIgniter\CodeIgniter->runController(Object(App\Controllers\RestController))
#3 /home/eventodigital/public_html/api_controlAccesos/system/CodeIgniter.php(326): CodeIgniter\CodeIgniter->handleRequest(NULL, Object(Config\Cache), false)
#4 /home/eventodigital/public_html/api_controlAccesos/public/index.php(37): CodeIgniter\CodeIgniter->run()
#5 {main}
CRITICAL - 2024-10-23 10:10:59 --> Class 'App\Libraries\Exception' not found
#0 /home/eventodigital/public_html/api_controlAccesos/app/Controllers/RestController.php(186): App\Libraries\vCard->__construct(false, '06961770')
#1 /home/eventodigital/public_html/api_controlAccesos/system/CodeIgniter.php(832): App\Controllers\RestController->create()
#2 /home/eventodigital/public_html/api_controlAccesos/system/CodeIgniter.php(419): CodeIgniter\CodeIgniter->runController(Object(App\Controllers\RestController))
#3 /home/eventodigital/public_html/api_controlAccesos/system/CodeIgniter.php(326): CodeIgniter\CodeIgniter->handleRequest(NULL, Object(Config\Cache), false)
#4 /home/eventodigital/public_html/api_controlAccesos/public/index.php(37): CodeIgniter\CodeIgniter->run()
#5 {main}
CRITICAL - 2024-10-23 10:11:14 --> Class 'App\Libraries\Exception' not found
#0 /home/eventodigital/public_html/api_controlAccesos/app/Controllers/RestController.php(186): App\Libraries\vCard->__construct(false, '03796313')
#1 /home/eventodigital/public_html/api_controlAccesos/system/CodeIgniter.php(832): App\Controllers\RestController->create()
#2 /home/eventodigital/public_html/api_controlAccesos/system/CodeIgniter.php(419): CodeIgniter\CodeIgniter->runController(Object(App\Controllers\RestController))
#3 /home/eventodigital/public_html/api_controlAccesos/system/CodeIgniter.php(326): CodeIgniter\CodeIgniter->handleRequest(NULL, Object(Config\Cache), false)
#4 /home/eventodigital/public_html/api_controlAccesos/public/index.php(37): CodeIgniter\CodeIgniter->run()
#5 {main}
CRITICAL - 2024-10-23 10:13:40 --> Class 'App\Libraries\Exception' not found
#0 /home/eventodigital/public_html/api_controlAccesos/app/Controllers/RestController.php(186): App\Libraries\vCard->__construct(false, '10326137')
#1 /home/eventodigital/public_html/api_controlAccesos/system/CodeIgniter.php(832): App\Controllers\RestController->create()
#2 /home/eventodigital/public_html/api_controlAccesos/system/CodeIgniter.php(419): CodeIgniter\CodeIgniter->runController(Object(App\Controllers\RestController))
#3 /home/eventodigital/public_html/api_controlAccesos/system/CodeIgniter.php(326): CodeIgniter\CodeIgniter->handleRequest(NULL, Object(Config\Cache), false)
#4 /home/eventodigital/public_html/api_controlAccesos/public/index.php(37): CodeIgniter\CodeIgniter->run()
#5 {main}
CRITICAL - 2024-10-23 10:14:01 --> Class 'App\Libraries\Exception' not found
#0 /home/eventodigital/public_html/api_controlAccesos/app/Controllers/RestController.php(186): App\Libraries\vCard->__construct(false, '03377598')
#1 /home/eventodigital/public_html/api_controlAccesos/system/CodeIgniter.php(832): App\Controllers\RestController->create()
#2 /home/eventodigital/public_html/api_controlAccesos/system/CodeIgniter.php(419): CodeIgniter\CodeIgniter->runController(Object(App\Controllers\RestController))
#3 /home/eventodigital/public_html/api_controlAccesos/system/CodeIgniter.php(326): CodeIgniter\CodeIgniter->handleRequest(NULL, Object(Config\Cache), false)
#4 /home/eventodigital/public_html/api_controlAccesos/public/index.php(37): CodeIgniter\CodeIgniter->run()
#5 {main}
CRITICAL - 2024-10-23 10:14:05 --> Class 'App\Libraries\Exception' not found
#0 /home/eventodigital/public_html/api_controlAccesos/app/Controllers/RestController.php(186): App\Libraries\vCard->__construct(false, 'https://congres...')
#1 /home/eventodigital/public_html/api_controlAccesos/system/CodeIgniter.php(832): App\Controllers\RestController->create()
#2 /home/eventodigital/public_html/api_controlAccesos/system/CodeIgniter.php(419): CodeIgniter\CodeIgniter->runController(Object(App\Controllers\RestController))
#3 /home/eventodigital/public_html/api_controlAccesos/system/CodeIgniter.php(326): CodeIgniter\CodeIgniter->handleRequest(NULL, Object(Config\Cache), false)
#4 /home/eventodigital/public_html/api_controlAccesos/public/index.php(37): CodeIgniter\CodeIgniter->run()
#5 {main}
CRITICAL - 2024-10-23 10:14:28 --> Class 'App\Libraries\Exception' not found
#0 /home/eventodigital/public_html/api_controlAccesos/app/Controllers/RestController.php(186): App\Libraries\vCard->__construct(false, '12847778')
#1 /home/eventodigital/public_html/api_controlAccesos/system/CodeIgniter.php(832): App\Controllers\RestController->create()
#2 /home/eventodigital/public_html/api_controlAccesos/system/CodeIgniter.php(419): CodeIgniter\CodeIgniter->runController(Object(App\Controllers\RestController))
#3 /home/eventodigital/public_html/api_controlAccesos/system/CodeIgniter.php(326): CodeIgniter\CodeIgniter->handleRequest(NULL, Object(Config\Cache), false)
#4 /home/eventodigital/public_html/api_controlAccesos/public/index.php(37): CodeIgniter\CodeIgniter->run()
#5 {main}
CRITICAL - 2024-10-23 10:15:05 --> Class 'App\Libraries\Exception' not found
#0 /home/eventodigital/public_html/api_controlAccesos/app/Controllers/RestController.php(186): App\Libraries\vCard->__construct(false, '13967673')
#1 /home/eventodigital/public_html/api_controlAccesos/system/CodeIgniter.php(832): App\Controllers\RestController->create()
#2 /home/eventodigital/public_html/api_controlAccesos/system/CodeIgniter.php(419): CodeIgniter\CodeIgniter->runController(Object(App\Controllers\RestController))
#3 /home/eventodigital/public_html/api_controlAccesos/system/CodeIgniter.php(326): CodeIgniter\CodeIgniter->handleRequest(NULL, Object(Config\Cache), false)
#4 /home/eventodigital/public_html/api_controlAccesos/public/index.php(37): CodeIgniter\CodeIgniter->run()
#5 {main}
CRITICAL - 2024-10-23 10:15:08 --> Class 'App\Libraries\Exception' not found
#0 /home/eventodigital/public_html/api_controlAccesos/app/Controllers/RestController.php(186): App\Libraries\vCard->__construct(false, '06130817')
#1 /home/eventodigital/public_html/api_controlAccesos/system/CodeIgniter.php(832): App\Controllers\RestController->create()
#2 /home/eventodigital/public_html/api_controlAccesos/system/CodeIgniter.php(419): CodeIgniter\CodeIgniter->runController(Object(App\Controllers\RestController))
#3 /home/eventodigital/public_html/api_controlAccesos/system/CodeIgniter.php(326): CodeIgniter\CodeIgniter->handleRequest(NULL, Object(Config\Cache), false)
#4 /home/eventodigital/public_html/api_controlAccesos/public/index.php(37): CodeIgniter\CodeIgniter->run()
#5 {main}
CRITICAL - 2024-10-23 10:15:27 --> Class 'App\Libraries\Exception' not found
#0 /home/eventodigital/public_html/api_controlAccesos/app/Controllers/RestController.php(186): App\Libraries\vCard->__construct(false, '01833799')
#1 /home/eventodigital/public_html/api_controlAccesos/system/CodeIgniter.php(832): App\Controllers\RestController->create()
#2 /home/eventodigital/public_html/api_controlAccesos/system/CodeIgniter.php(419): CodeIgniter\CodeIgniter->runController(Object(App\Controllers\RestController))
#3 /home/eventodigital/public_html/api_controlAccesos/system/CodeIgniter.php(326): CodeIgniter\CodeIgniter->handleRequest(NULL, Object(Config\Cache), false)
#4 /home/eventodigital/public_html/api_controlAccesos/public/index.php(37): CodeIgniter\CodeIgniter->run()
#5 {main}
CRITICAL - 2024-10-23 10:16:35 --> Class 'App\Libraries\Exception' not found
#0 /home/eventodigital/public_html/api_controlAccesos/app/Controllers/RestController.php(186): App\Libraries\vCard->__construct(false, '00517102')
#1 /home/eventodigital/public_html/api_controlAccesos/system/CodeIgniter.php(832): App\Controllers\RestController->create()
#2 /home/eventodigital/public_html/api_controlAccesos/system/CodeIgniter.php(419): CodeIgniter\CodeIgniter->runController(Object(App\Controllers\RestController))
#3 /home/eventodigital/public_html/api_controlAccesos/system/CodeIgniter.php(326): CodeIgniter\CodeIgniter->handleRequest(NULL, Object(Config\Cache), false)
#4 /home/eventodigital/public_html/api_controlAccesos/public/index.php(37): CodeIgniter\CodeIgniter->run()
#5 {main}
CRITICAL - 2024-10-23 10:17:01 --> Class 'App\Libraries\Exception' not found
#0 /home/eventodigital/public_html/api_controlAccesos/app/Controllers/RestController.php(186): App\Libraries\vCard->__construct(false, '12525980')
#1 /home/eventodigital/public_html/api_controlAccesos/system/CodeIgniter.php(832): App\Controllers\RestController->create()
#2 /home/eventodigital/public_html/api_controlAccesos/system/CodeIgniter.php(419): CodeIgniter\CodeIgniter->runController(Object(App\Controllers\RestController))
#3 /home/eventodigital/public_html/api_controlAccesos/system/CodeIgniter.php(326): CodeIgniter\CodeIgniter->handleRequest(NULL, Object(Config\Cache), false)
#4 /home/eventodigital/public_html/api_controlAccesos/public/index.php(37): CodeIgniter\CodeIgniter->run()
#5 {main}
CRITICAL - 2024-10-23 10:17:19 --> Class 'App\Libraries\Exception' not found
#0 /home/eventodigital/public_html/api_controlAccesos/app/Controllers/RestController.php(186): App\Libraries\vCard->__construct(false, '06263089')
#1 /home/eventodigital/public_html/api_controlAccesos/system/CodeIgniter.php(832): App\Controllers\RestController->create()
#2 /home/eventodigital/public_html/api_controlAccesos/system/CodeIgniter.php(419): CodeIgniter\CodeIgniter->runController(Object(App\Controllers\RestController))
#3 /home/eventodigital/public_html/api_controlAccesos/system/CodeIgniter.php(326): CodeIgniter\CodeIgniter->handleRequest(NULL, Object(Config\Cache), false)
#4 /home/eventodigital/public_html/api_controlAccesos/public/index.php(37): CodeIgniter\CodeIgniter->run()
#5 {main}
CRITICAL - 2024-10-23 10:17:42 --> Class 'App\Libraries\Exception' not found
#0 /home/eventodigital/public_html/api_controlAccesos/app/Controllers/RestController.php(186): App\Libraries\vCard->__construct(false, 'https://congres...')
#1 /home/eventodigital/public_html/api_controlAccesos/system/CodeIgniter.php(832): App\Controllers\RestController->create()
#2 /home/eventodigital/public_html/api_controlAccesos/system/CodeIgniter.php(419): CodeIgniter\CodeIgniter->runController(Object(App\Controllers\RestController))
#3 /home/eventodigital/public_html/api_controlAccesos/system/CodeIgniter.php(326): CodeIgniter\CodeIgniter->handleRequest(NULL, Object(Config\Cache), false)
#4 /home/eventodigital/public_html/api_controlAccesos/public/index.php(37): CodeIgniter\CodeIgniter->run()
#5 {main}
CRITICAL - 2024-10-23 10:18:31 --> Class 'App\Libraries\Exception' not found
#0 /home/eventodigital/public_html/api_controlAccesos/app/Controllers/RestController.php(186): App\Libraries\vCard->__construct(false, '91917836')
#1 /home/eventodigital/public_html/api_controlAccesos/system/CodeIgniter.php(832): App\Controllers\RestController->create()
#2 /home/eventodigital/public_html/api_controlAccesos/system/CodeIgniter.php(419): CodeIgniter\CodeIgniter->runController(Object(App\Controllers\RestController))
#3 /home/eventodigital/public_html/api_controlAccesos/system/CodeIgniter.php(326): CodeIgniter\CodeIgniter->handleRequest(NULL, Object(Config\Cache), false)
#4 /home/eventodigital/public_html/api_controlAccesos/public/index.php(37): CodeIgniter\CodeIgniter->run()
#5 {main}
CRITICAL - 2024-10-23 10:19:13 --> Class 'App\Libraries\Exception' not found
#0 /home/eventodigital/public_html/api_controlAccesos/app/Controllers/RestController.php(186): App\Libraries\vCard->__construct(false, '18761665')
#1 /home/eventodigital/public_html/api_controlAccesos/system/CodeIgniter.php(832): App\Controllers\RestController->create()
#2 /home/eventodigital/public_html/api_controlAccesos/system/CodeIgniter.php(419): CodeIgniter\CodeIgniter->runController(Object(App\Controllers\RestController))
#3 /home/eventodigital/public_html/api_controlAccesos/system/CodeIgniter.php(326): CodeIgniter\CodeIgniter->handleRequest(NULL, Object(Config\Cache), false)
#4 /home/eventodigital/public_html/api_controlAccesos/public/index.php(37): CodeIgniter\CodeIgniter->run()
#5 {main}
CRITICAL - 2024-10-23 10:19:41 --> Class 'App\Libraries\Exception' not found
#0 /home/eventodigital/public_html/api_controlAccesos/app/Controllers/RestController.php(186): App\Libraries\vCard->__construct(false, '02871752')
#1 /home/eventodigital/public_html/api_controlAccesos/system/CodeIgniter.php(832): App\Controllers\RestController->create()
#2 /home/eventodigital/public_html/api_controlAccesos/system/CodeIgniter.php(419): CodeIgniter\CodeIgniter->runController(Object(App\Controllers\RestController))
#3 /home/eventodigital/public_html/api_controlAccesos/system/CodeIgniter.php(326): CodeIgniter\CodeIgniter->handleRequest(NULL, Object(Config\Cache), false)
#4 /home/eventodigital/public_html/api_controlAccesos/public/index.php(37): CodeIgniter\CodeIgniter->run()
#5 {main}
CRITICAL - 2024-10-23 10:20:13 --> Class 'App\Libraries\Exception' not found
#0 /home/eventodigital/public_html/api_controlAccesos/app/Controllers/RestController.php(186): App\Libraries\vCard->__construct(false, '42284277')
#1 /home/eventodigital/public_html/api_controlAccesos/system/CodeIgniter.php(832): App\Controllers\RestController->create()
#2 /home/eventodigital/public_html/api_controlAccesos/system/CodeIgniter.php(419): CodeIgniter\CodeIgniter->runController(Object(App\Controllers\RestController))
#3 /home/eventodigital/public_html/api_controlAccesos/system/CodeIgniter.php(326): CodeIgniter\CodeIgniter->handleRequest(NULL, Object(Config\Cache), false)
#4 /home/eventodigital/public_html/api_controlAccesos/public/index.php(37): CodeIgniter\CodeIgniter->run()
#5 {main}
CRITICAL - 2024-10-23 10:20:24 --> Class 'App\Libraries\Exception' not found
#0 /home/eventodigital/public_html/api_controlAccesos/app/Controllers/RestController.php(186): App\Libraries\vCard->__construct(false, '11523659')
#1 /home/eventodigital/public_html/api_controlAccesos/system/CodeIgniter.php(832): App\Controllers\RestController->create()
#2 /home/eventodigital/public_html/api_controlAccesos/system/CodeIgniter.php(419): CodeIgniter\CodeIgniter->runController(Object(App\Controllers\RestController))
#3 /home/eventodigital/public_html/api_controlAccesos/system/CodeIgniter.php(326): CodeIgniter\CodeIgniter->handleRequest(NULL, Object(Config\Cache), false)
#4 /home/eventodigital/public_html/api_controlAccesos/public/index.php(37): CodeIgniter\CodeIgniter->run()
#5 {main}
CRITICAL - 2024-10-23 10:20:28 --> Class 'App\Libraries\Exception' not found
#0 /home/eventodigital/public_html/api_controlAccesos/app/Controllers/RestController.php(186): App\Libraries\vCard->__construct(false, '03810576')
#1 /home/eventodigital/public_html/api_controlAccesos/system/CodeIgniter.php(832): App\Controllers\RestController->create()
#2 /home/eventodigital/public_html/api_controlAccesos/system/CodeIgniter.php(419): CodeIgniter\CodeIgniter->runController(Object(App\Controllers\RestController))
#3 /home/eventodigital/public_html/api_controlAccesos/system/CodeIgniter.php(326): CodeIgniter\CodeIgniter->handleRequest(NULL, Object(Config\Cache), false)
#4 /home/eventodigital/public_html/api_controlAccesos/public/index.php(37): CodeIgniter\CodeIgniter->run()
#5 {main}
CRITICAL - 2024-10-23 10:20:49 --> Class 'App\Libraries\Exception' not found
#0 /home/eventodigital/public_html/api_controlAccesos/app/Controllers/RestController.php(186): App\Libraries\vCard->__construct(false, '02361055')
#1 /home/eventodigital/public_html/api_controlAccesos/system/CodeIgniter.php(832): App\Controllers\RestController->create()
#2 /home/eventodigital/public_html/api_controlAccesos/system/CodeIgniter.php(419): CodeIgniter\CodeIgniter->runController(Object(App\Controllers\RestController))
#3 /home/eventodigital/public_html/api_controlAccesos/system/CodeIgniter.php(326): CodeIgniter\CodeIgniter->handleRequest(NULL, Object(Config\Cache), false)
#4 /home/eventodigital/public_html/api_controlAccesos/public/index.php(37): CodeIgniter\CodeIgniter->run()
#5 {main}
CRITICAL - 2024-10-23 10:21:17 --> Class 'App\Libraries\Exception' not found
#0 /home/eventodigital/public_html/api_controlAccesos/app/Controllers/RestController.php(186): App\Libraries\vCard->__construct(false, '25306026')
#1 /home/eventodigital/public_html/api_controlAccesos/system/CodeIgniter.php(832): App\Controllers\RestController->create()
#2 /home/eventodigital/public_html/api_controlAccesos/system/CodeIgniter.php(419): CodeIgniter\CodeIgniter->runController(Object(App\Controllers\RestController))
#3 /home/eventodigital/public_html/api_controlAccesos/system/CodeIgniter.php(326): CodeIgniter\CodeIgniter->handleRequest(NULL, Object(Config\Cache), false)
#4 /home/eventodigital/public_html/api_controlAccesos/public/index.php(37): CodeIgniter\CodeIgniter->run()
#5 {main}
CRITICAL - 2024-10-23 10:21:36 --> Class 'App\Libraries\Exception' not found
#0 /home/eventodigital/public_html/api_controlAccesos/app/Controllers/RestController.php(186): App\Libraries\vCard->__construct(false, 'https://congres...')
#1 /home/eventodigital/public_html/api_controlAccesos/system/CodeIgniter.php(832): App\Controllers\RestController->create()
#2 /home/eventodigital/public_html/api_controlAccesos/system/CodeIgniter.php(419): CodeIgniter\CodeIgniter->runController(Object(App\Controllers\RestController))
#3 /home/eventodigital/public_html/api_controlAccesos/system/CodeIgniter.php(326): CodeIgniter\CodeIgniter->handleRequest(NULL, Object(Config\Cache), false)
#4 /home/eventodigital/public_html/api_controlAccesos/public/index.php(37): CodeIgniter\CodeIgniter->run()
#5 {main}
CRITICAL - 2024-10-23 10:21:39 --> Class 'App\Libraries\Exception' not found
#0 /home/eventodigital/public_html/api_controlAccesos/app/Controllers/RestController.php(186): App\Libraries\vCard->__construct(false, 'https://congres...')
#1 /home/eventodigital/public_html/api_controlAccesos/system/CodeIgniter.php(832): App\Controllers\RestController->create()
#2 /home/eventodigital/public_html/api_controlAccesos/system/CodeIgniter.php(419): CodeIgniter\CodeIgniter->runController(Object(App\Controllers\RestController))
#3 /home/eventodigital/public_html/api_controlAccesos/system/CodeIgniter.php(326): CodeIgniter\CodeIgniter->handleRequest(NULL, Object(Config\Cache), false)
#4 /home/eventodigital/public_html/api_controlAccesos/public/index.php(37): CodeIgniter\CodeIgniter->run()
#5 {main}
CRITICAL - 2024-10-23 10:21:50 --> Class 'App\Libraries\Exception' not found
#0 /home/eventodigital/public_html/api_controlAccesos/app/Controllers/RestController.php(186): App\Libraries\vCard->__construct(false, '14402203')
#1 /home/eventodigital/public_html/api_controlAccesos/system/CodeIgniter.php(832): App\Controllers\RestController->create()
#2 /home/eventodigital/public_html/api_controlAccesos/system/CodeIgniter.php(419): CodeIgniter\CodeIgniter->runController(Object(App\Controllers\RestController))
#3 /home/eventodigital/public_html/api_controlAccesos/system/CodeIgniter.php(326): CodeIgniter\CodeIgniter->handleRequest(NULL, Object(Config\Cache), false)
#4 /home/eventodigital/public_html/api_controlAccesos/public/index.php(37): CodeIgniter\CodeIgniter->run()
#5 {main}
CRITICAL - 2024-10-23 10:22:23 --> Class 'App\Libraries\Exception' not found
#0 /home/eventodigital/public_html/api_controlAccesos/app/Controllers/RestController.php(186): App\Libraries\vCard->__construct(false, '12806768')
#1 /home/eventodigital/public_html/api_controlAccesos/system/CodeIgniter.php(832): App\Controllers\RestController->create()
#2 /home/eventodigital/public_html/api_controlAccesos/system/CodeIgniter.php(419): CodeIgniter\CodeIgniter->runController(Object(App\Controllers\RestController))
#3 /home/eventodigital/public_html/api_controlAccesos/system/CodeIgniter.php(326): CodeIgniter\CodeIgniter->handleRequest(NULL, Object(Config\Cache), false)
#4 /home/eventodigital/public_html/api_controlAccesos/public/index.php(37): CodeIgniter\CodeIgniter->run()
#5 {main}
CRITICAL - 2024-10-23 10:23:55 --> Class 'App\Libraries\Exception' not found
#0 /home/eventodigital/public_html/api_controlAccesos/app/Controllers/RestController.php(186): App\Libraries\vCard->__construct(false, '01535488')
#1 /home/eventodigital/public_html/api_controlAccesos/system/CodeIgniter.php(832): App\Controllers\RestController->create()
#2 /home/eventodigital/public_html/api_controlAccesos/system/CodeIgniter.php(419): CodeIgniter\CodeIgniter->runController(Object(App\Controllers\RestController))
#3 /home/eventodigital/public_html/api_controlAccesos/system/CodeIgniter.php(326): CodeIgniter\CodeIgniter->handleRequest(NULL, Object(Config\Cache), false)
#4 /home/eventodigital/public_html/api_controlAccesos/public/index.php(37): CodeIgniter\CodeIgniter->run()
#5 {main}
CRITICAL - 2024-10-23 10:24:41 --> Class 'App\Libraries\Exception' not found
#0 /home/eventodigital/public_html/api_controlAccesos/app/Controllers/RestController.php(186): App\Libraries\vCard->__construct(false, 'https://www.lin...')
#1 /home/eventodigital/public_html/api_controlAccesos/system/CodeIgniter.php(832): App\Controllers\RestController->create()
#2 /home/eventodigital/public_html/api_controlAccesos/system/CodeIgniter.php(419): CodeIgniter\CodeIgniter->runController(Object(App\Controllers\RestController))
#3 /home/eventodigital/public_html/api_controlAccesos/system/CodeIgniter.php(326): CodeIgniter\CodeIgniter->handleRequest(NULL, Object(Config\Cache), false)
#4 /home/eventodigital/public_html/api_controlAccesos/public/index.php(37): CodeIgniter\CodeIgniter->run()
#5 {main}
CRITICAL - 2024-10-23 10:24:44 --> Class 'App\Libraries\Exception' not found
#0 /home/eventodigital/public_html/api_controlAccesos/app/Controllers/RestController.php(186): App\Libraries\vCard->__construct(false, '06677770')
#1 /home/eventodigital/public_html/api_controlAccesos/system/CodeIgniter.php(832): App\Controllers\RestController->create()
#2 /home/eventodigital/public_html/api_controlAccesos/system/CodeIgniter.php(419): CodeIgniter\CodeIgniter->runController(Object(App\Controllers\RestController))
#3 /home/eventodigital/public_html/api_controlAccesos/system/CodeIgniter.php(326): CodeIgniter\CodeIgniter->handleRequest(NULL, Object(Config\Cache), false)
#4 /home/eventodigital/public_html/api_controlAccesos/public/index.php(37): CodeIgniter\CodeIgniter->run()
#5 {main}
CRITICAL - 2024-10-23 10:25:02 --> Class 'App\Libraries\Exception' not found
#0 /home/eventodigital/public_html/api_controlAccesos/app/Controllers/RestController.php(186): App\Libraries\vCard->__construct(false, 'https://congres...')
#1 /home/eventodigital/public_html/api_controlAccesos/system/CodeIgniter.php(832): App\Controllers\RestController->create()
#2 /home/eventodigital/public_html/api_controlAccesos/system/CodeIgniter.php(419): CodeIgniter\CodeIgniter->runController(Object(App\Controllers\RestController))
#3 /home/eventodigital/public_html/api_controlAccesos/system/CodeIgniter.php(326): CodeIgniter\CodeIgniter->handleRequest(NULL, Object(Config\Cache), false)
#4 /home/eventodigital/public_html/api_controlAccesos/public/index.php(37): CodeIgniter\CodeIgniter->run()
#5 {main}
CRITICAL - 2024-10-23 10:25:48 --> Class 'App\Libraries\Exception' not found
#0 /home/eventodigital/public_html/api_controlAccesos/app/Controllers/RestController.php(186): App\Libraries\vCard->__construct(false, '14791659')
#1 /home/eventodigital/public_html/api_controlAccesos/system/CodeIgniter.php(832): App\Controllers\RestController->create()
#2 /home/eventodigital/public_html/api_controlAccesos/system/CodeIgniter.php(419): CodeIgniter\CodeIgniter->runController(Object(App\Controllers\RestController))
#3 /home/eventodigital/public_html/api_controlAccesos/system/CodeIgniter.php(326): CodeIgniter\CodeIgniter->handleRequest(NULL, Object(Config\Cache), false)
#4 /home/eventodigital/public_html/api_controlAccesos/public/index.php(37): CodeIgniter\CodeIgniter->run()
#5 {main}
CRITICAL - 2024-10-23 10:26:38 --> Class 'App\Libraries\Exception' not found
#0 /home/eventodigital/public_html/api_controlAccesos/app/Controllers/RestController.php(186): App\Libraries\vCard->__construct(false, '12323463')
#1 /home/eventodigital/public_html/api_controlAccesos/system/CodeIgniter.php(832): App\Controllers\RestController->create()
#2 /home/eventodigital/public_html/api_controlAccesos/system/CodeIgniter.php(419): CodeIgniter\CodeIgniter->runController(Object(App\Controllers\RestController))
#3 /home/eventodigital/public_html/api_controlAccesos/system/CodeIgniter.php(326): CodeIgniter\CodeIgniter->handleRequest(NULL, Object(Config\Cache), false)
#4 /home/eventodigital/public_html/api_controlAccesos/public/index.php(37): CodeIgniter\CodeIgniter->run()
#5 {main}
CRITICAL - 2024-10-23 10:27:23 --> Class 'App\Libraries\Exception' not found
#0 /home/eventodigital/public_html/api_controlAccesos/app/Controllers/RestController.php(186): App\Libraries\vCard->__construct(false, '15049650')
#1 /home/eventodigital/public_html/api_controlAccesos/system/CodeIgniter.php(832): App\Controllers\RestController->create()
#2 /home/eventodigital/public_html/api_controlAccesos/system/CodeIgniter.php(419): CodeIgniter\CodeIgniter->runController(Object(App\Controllers\RestController))
#3 /home/eventodigital/public_html/api_controlAccesos/system/CodeIgniter.php(326): CodeIgniter\CodeIgniter->handleRequest(NULL, Object(Config\Cache), false)
#4 /home/eventodigital/public_html/api_controlAccesos/public/index.php(37): CodeIgniter\CodeIgniter->run()
#5 {main}
CRITICAL - 2024-10-23 10:27:38 --> Class 'App\Libraries\Exception' not found
#0 /home/eventodigital/public_html/api_controlAccesos/app/Controllers/RestController.php(186): App\Libraries\vCard->__construct(false, '04082194')
#1 /home/eventodigital/public_html/api_controlAccesos/system/CodeIgniter.php(832): App\Controllers\RestController->create()
#2 /home/eventodigital/public_html/api_controlAccesos/system/CodeIgniter.php(419): CodeIgniter\CodeIgniter->runController(Object(App\Controllers\RestController))
#3 /home/eventodigital/public_html/api_controlAccesos/system/CodeIgniter.php(326): CodeIgniter\CodeIgniter->handleRequest(NULL, Object(Config\Cache), false)
#4 /home/eventodigital/public_html/api_controlAccesos/public/index.php(37): CodeIgniter\CodeIgniter->run()
#5 {main}
CRITICAL - 2024-10-23 10:28:00 --> Class 'App\Libraries\Exception' not found
#0 /home/eventodigital/public_html/api_controlAccesos/app/Controllers/RestController.php(186): App\Libraries\vCard->__construct(false, '06637590')
#1 /home/eventodigital/public_html/api_controlAccesos/system/CodeIgniter.php(832): App\Controllers\RestController->create()
#2 /home/eventodigital/public_html/api_controlAccesos/system/CodeIgniter.php(419): CodeIgniter\CodeIgniter->runController(Object(App\Controllers\RestController))
#3 /home/eventodigital/public_html/api_controlAccesos/system/CodeIgniter.php(326): CodeIgniter\CodeIgniter->handleRequest(NULL, Object(Config\Cache), false)
#4 /home/eventodigital/public_html/api_controlAccesos/public/index.php(37): CodeIgniter\CodeIgniter->run()
#5 {main}
CRITICAL - 2024-10-23 10:29:28 --> Class 'App\Libraries\Exception' not found
#0 /home/eventodigital/public_html/api_controlAccesos/app/Controllers/RestController.php(186): App\Libraries\vCard->__construct(false, '02352729')
#1 /home/eventodigital/public_html/api_controlAccesos/system/CodeIgniter.php(832): App\Controllers\RestController->create()
#2 /home/eventodigital/public_html/api_controlAccesos/system/CodeIgniter.php(419): CodeIgniter\CodeIgniter->runController(Object(App\Controllers\RestController))
#3 /home/eventodigital/public_html/api_controlAccesos/system/CodeIgniter.php(326): CodeIgniter\CodeIgniter->handleRequest(NULL, Object(Config\Cache), false)
#4 /home/eventodigital/public_html/api_controlAccesos/public/index.php(37): CodeIgniter\CodeIgniter->run()
#5 {main}
CRITICAL - 2024-10-23 10:29:51 --> Class 'App\Libraries\Exception' not found
#0 /home/eventodigital/public_html/api_controlAccesos/app/Controllers/RestController.php(186): App\Libraries\vCard->__construct(false, 'https://congres...')
#1 /home/eventodigital/public_html/api_controlAccesos/system/CodeIgniter.php(832): App\Controllers\RestController->create()
#2 /home/eventodigital/public_html/api_controlAccesos/system/CodeIgniter.php(419): CodeIgniter\CodeIgniter->runController(Object(App\Controllers\RestController))
#3 /home/eventodigital/public_html/api_controlAccesos/system/CodeIgniter.php(326): CodeIgniter\CodeIgniter->handleRequest(NULL, Object(Config\Cache), false)
#4 /home/eventodigital/public_html/api_controlAccesos/public/index.php(37): CodeIgniter\CodeIgniter->run()
#5 {main}
CRITICAL - 2024-10-23 10:30:19 --> Class 'App\Libraries\Exception' not found
#0 /home/eventodigital/public_html/api_controlAccesos/app/Controllers/RestController.php(186): App\Libraries\vCard->__construct(false, '03339349')
#1 /home/eventodigital/public_html/api_controlAccesos/system/CodeIgniter.php(832): App\Controllers\RestController->create()
#2 /home/eventodigital/public_html/api_controlAccesos/system/CodeIgniter.php(419): CodeIgniter\CodeIgniter->runController(Object(App\Controllers\RestController))
#3 /home/eventodigital/public_html/api_controlAccesos/system/CodeIgniter.php(326): CodeIgniter\CodeIgniter->handleRequest(NULL, Object(Config\Cache), false)
#4 /home/eventodigital/public_html/api_controlAccesos/public/index.php(37): CodeIgniter\CodeIgniter->run()
#5 {main}
CRITICAL - 2024-10-23 10:30:42 --> Class 'App\Libraries\Exception' not found
#0 /home/eventodigital/public_html/api_controlAccesos/app/Controllers/RestController.php(186): App\Libraries\vCard->__construct(false, '06544676')
#1 /home/eventodigital/public_html/api_controlAccesos/system/CodeIgniter.php(832): App\Controllers\RestController->create()
#2 /home/eventodigital/public_html/api_controlAccesos/system/CodeIgniter.php(419): CodeIgniter\CodeIgniter->runController(Object(App\Controllers\RestController))
#3 /home/eventodigital/public_html/api_controlAccesos/system/CodeIgniter.php(326): CodeIgniter\CodeIgniter->handleRequest(NULL, Object(Config\Cache), false)
#4 /home/eventodigital/public_html/api_controlAccesos/public/index.php(37): CodeIgniter\CodeIgniter->run()
#5 {main}
CRITICAL - 2024-10-23 10:31:23 --> Class 'App\Libraries\Exception' not found
#0 /home/eventodigital/public_html/api_controlAccesos/app/Controllers/RestController.php(186): App\Libraries\vCard->__construct(false, '06304157')
#1 /home/eventodigital/public_html/api_controlAccesos/system/CodeIgniter.php(832): App\Controllers\RestController->create()
#2 /home/eventodigital/public_html/api_controlAccesos/system/CodeIgniter.php(419): CodeIgniter\CodeIgniter->runController(Object(App\Controllers\RestController))
#3 /home/eventodigital/public_html/api_controlAccesos/system/CodeIgniter.php(326): CodeIgniter\CodeIgniter->handleRequest(NULL, Object(Config\Cache), false)
#4 /home/eventodigital/public_html/api_controlAccesos/public/index.php(37): CodeIgniter\CodeIgniter->run()
#5 {main}
CRITICAL - 2024-10-23 10:32:24 --> Class 'App\Libraries\Exception' not found
#0 /home/eventodigital/public_html/api_controlAccesos/app/Controllers/RestController.php(186): App\Libraries\vCard->__construct(false, '09026575')
#1 /home/eventodigital/public_html/api_controlAccesos/system/CodeIgniter.php(832): App\Controllers\RestController->create()
#2 /home/eventodigital/public_html/api_controlAccesos/system/CodeIgniter.php(419): CodeIgniter\CodeIgniter->runController(Object(App\Controllers\RestController))
#3 /home/eventodigital/public_html/api_controlAccesos/system/CodeIgniter.php(326): CodeIgniter\CodeIgniter->handleRequest(NULL, Object(Config\Cache), false)
#4 /home/eventodigital/public_html/api_controlAccesos/public/index.php(37): CodeIgniter\CodeIgniter->run()
#5 {main}
CRITICAL - 2024-10-23 10:32:49 --> Class 'App\Libraries\Exception' not found
#0 /home/eventodigital/public_html/api_controlAccesos/app/Controllers/RestController.php(186): App\Libraries\vCard->__construct(false, '19523232')
#1 /home/eventodigital/public_html/api_controlAccesos/system/CodeIgniter.php(832): App\Controllers\RestController->create()
#2 /home/eventodigital/public_html/api_controlAccesos/system/CodeIgniter.php(419): CodeIgniter\CodeIgniter->runController(Object(App\Controllers\RestController))
#3 /home/eventodigital/public_html/api_controlAccesos/system/CodeIgniter.php(326): CodeIgniter\CodeIgniter->handleRequest(NULL, Object(Config\Cache), false)
#4 /home/eventodigital/public_html/api_controlAccesos/public/index.php(37): CodeIgniter\CodeIgniter->run()
#5 {main}
CRITICAL - 2024-10-23 10:33:27 --> Class 'App\Libraries\Exception' not found
#0 /home/eventodigital/public_html/api_controlAccesos/app/Controllers/RestController.php(186): App\Libraries\vCard->__construct(false, '10226237')
#1 /home/eventodigital/public_html/api_controlAccesos/system/CodeIgniter.php(832): App\Controllers\RestController->create()
#2 /home/eventodigital/public_html/api_controlAccesos/system/CodeIgniter.php(419): CodeIgniter\CodeIgniter->runController(Object(App\Controllers\RestController))
#3 /home/eventodigital/public_html/api_controlAccesos/system/CodeIgniter.php(326): CodeIgniter\CodeIgniter->handleRequest(NULL, Object(Config\Cache), false)
#4 /home/eventodigital/public_html/api_controlAccesos/public/index.php(37): CodeIgniter\CodeIgniter->run()
#5 {main}
CRITICAL - 2024-10-23 10:33:35 --> Class 'App\Libraries\Exception' not found
#0 /home/eventodigital/public_html/api_controlAccesos/app/Controllers/RestController.php(186): App\Libraries\vCard->__construct(false, '14723623')
#1 /home/eventodigital/public_html/api_controlAccesos/system/CodeIgniter.php(832): App\Controllers\RestController->create()
#2 /home/eventodigital/public_html/api_controlAccesos/system/CodeIgniter.php(419): CodeIgniter\CodeIgniter->runController(Object(App\Controllers\RestController))
#3 /home/eventodigital/public_html/api_controlAccesos/system/CodeIgniter.php(326): CodeIgniter\CodeIgniter->handleRequest(NULL, Object(Config\Cache), false)
#4 /home/eventodigital/public_html/api_controlAccesos/public/index.php(37): CodeIgniter\CodeIgniter->run()
#5 {main}
CRITICAL - 2024-10-23 10:34:05 --> Class 'App\Libraries\Exception' not found
#0 /home/eventodigital/public_html/api_controlAccesos/app/Controllers/RestController.php(186): App\Libraries\vCard->__construct(false, '09176584')
#1 /home/eventodigital/public_html/api_controlAccesos/system/CodeIgniter.php(832): App\Controllers\RestController->create()
#2 /home/eventodigital/public_html/api_controlAccesos/system/CodeIgniter.php(419): CodeIgniter\CodeIgniter->runController(Object(App\Controllers\RestController))
#3 /home/eventodigital/public_html/api_controlAccesos/system/CodeIgniter.php(326): CodeIgniter\CodeIgniter->handleRequest(NULL, Object(Config\Cache), false)
#4 /home/eventodigital/public_html/api_controlAccesos/public/index.php(37): CodeIgniter\CodeIgniter->run()
#5 {main}
CRITICAL - 2024-10-23 10:34:25 --> Class 'App\Libraries\Exception' not found
#0 /home/eventodigital/public_html/api_controlAccesos/app/Controllers/RestController.php(186): App\Libraries\vCard->__construct(false, '03420726')
#1 /home/eventodigital/public_html/api_controlAccesos/system/CodeIgniter.php(832): App\Controllers\RestController->create()
#2 /home/eventodigital/public_html/api_controlAccesos/system/CodeIgniter.php(419): CodeIgniter\CodeIgniter->runController(Object(App\Controllers\RestController))
#3 /home/eventodigital/public_html/api_controlAccesos/system/CodeIgniter.php(326): CodeIgniter\CodeIgniter->handleRequest(NULL, Object(Config\Cache), false)
#4 /home/eventodigital/public_html/api_controlAccesos/public/index.php(37): CodeIgniter\CodeIgniter->run()
#5 {main}
CRITICAL - 2024-10-23 10:34:34 --> Class 'App\Libraries\Exception' not found
#0 /home/eventodigital/public_html/api_controlAccesos/app/Controllers/RestController.php(186): App\Libraries\vCard->__construct(false, '07829963')
#1 /home/eventodigital/public_html/api_controlAccesos/system/CodeIgniter.php(832): App\Controllers\RestController->create()
#2 /home/eventodigital/public_html/api_controlAccesos/system/CodeIgniter.php(419): CodeIgniter\CodeIgniter->runController(Object(App\Controllers\RestController))
#3 /home/eventodigital/public_html/api_controlAccesos/system/CodeIgniter.php(326): CodeIgniter\CodeIgniter->handleRequest(NULL, Object(Config\Cache), false)
#4 /home/eventodigital/public_html/api_controlAccesos/public/index.php(37): CodeIgniter\CodeIgniter->run()
#5 {main}
CRITICAL - 2024-10-23 10:34:39 --> Class 'App\Libraries\Exception' not found
#0 /home/eventodigital/public_html/api_controlAccesos/app/Controllers/RestController.php(186): App\Libraries\vCard->__construct(false, '\xEF\xBB\xBFBEGIN:VCARD\n...')
#1 /home/eventodigital/public_html/api_controlAccesos/system/CodeIgniter.php(832): App\Controllers\RestController->create()
#2 /home/eventodigital/public_html/api_controlAccesos/system/CodeIgniter.php(419): CodeIgniter\CodeIgniter->runController(Object(App\Controllers\RestController))
#3 /home/eventodigital/public_html/api_controlAccesos/system/CodeIgniter.php(326): CodeIgniter\CodeIgniter->handleRequest(NULL, Object(Config\Cache), false)
#4 /home/eventodigital/public_html/api_controlAccesos/public/index.php(37): CodeIgniter\CodeIgniter->run()
#5 {main}
CRITICAL - 2024-10-23 10:35:05 --> Class 'App\Libraries\Exception' not found
#0 /home/eventodigital/public_html/api_controlAccesos/app/Controllers/RestController.php(186): App\Libraries\vCard->__construct(false, '11917618')
#1 /home/eventodigital/public_html/api_controlAccesos/system/CodeIgniter.php(832): App\Controllers\RestController->create()
#2 /home/eventodigital/public_html/api_controlAccesos/system/CodeIgniter.php(419): CodeIgniter\CodeIgniter->runController(Object(App\Controllers\RestController))
#3 /home/eventodigital/public_html/api_controlAccesos/system/CodeIgniter.php(326): CodeIgniter\CodeIgniter->handleRequest(NULL, Object(Config\Cache), false)
#4 /home/eventodigital/public_html/api_controlAccesos/public/index.php(37): CodeIgniter\CodeIgniter->run()
#5 {main}
CRITICAL - 2024-10-23 10:35:16 --> Class 'App\Libraries\Exception' not found
#0 /home/eventodigital/public_html/api_controlAccesos/app/Controllers/RestController.php(186): App\Libraries\vCard->__construct(false, '17409872')
#1 /home/eventodigital/public_html/api_controlAccesos/system/CodeIgniter.php(832): App\Controllers\RestController->create()
#2 /home/eventodigital/public_html/api_controlAccesos/system/CodeIgniter.php(419): CodeIgniter\CodeIgniter->runController(Object(App\Controllers\RestController))
#3 /home/eventodigital/public_html/api_controlAccesos/system/CodeIgniter.php(326): CodeIgniter\CodeIgniter->handleRequest(NULL, Object(Config\Cache), false)
#4 /home/eventodigital/public_html/api_controlAccesos/public/index.php(37): CodeIgniter\CodeIgniter->run()
#5 {main}
CRITICAL - 2024-10-23 10:35:47 --> Class 'App\Libraries\Exception' not found
#0 /home/eventodigital/public_html/api_controlAccesos/app/Controllers/RestController.php(186): App\Libraries\vCard->__construct(false, '04619802')
#1 /home/eventodigital/public_html/api_controlAccesos/system/CodeIgniter.php(832): App\Controllers\RestController->create()
#2 /home/eventodigital/public_html/api_controlAccesos/system/CodeIgniter.php(419): CodeIgniter\CodeIgniter->runController(Object(App\Controllers\RestController))
#3 /home/eventodigital/public_html/api_controlAccesos/system/CodeIgniter.php(326): CodeIgniter\CodeIgniter->handleRequest(NULL, Object(Config\Cache), false)
#4 /home/eventodigital/public_html/api_controlAccesos/public/index.php(37): CodeIgniter\CodeIgniter->run()
#5 {main}
CRITICAL - 2024-10-23 10:36:35 --> Class 'App\Libraries\Exception' not found
#0 /home/eventodigital/public_html/api_controlAccesos/app/Controllers/RestController.php(186): App\Libraries\vCard->__construct(false, '16565661')
#1 /home/eventodigital/public_html/api_controlAccesos/system/CodeIgniter.php(832): App\Controllers\RestController->create()
#2 /home/eventodigital/public_html/api_controlAccesos/system/CodeIgniter.php(419): CodeIgniter\CodeIgniter->runController(Object(App\Controllers\RestController))
#3 /home/eventodigital/public_html/api_controlAccesos/system/CodeIgniter.php(326): CodeIgniter\CodeIgniter->handleRequest(NULL, Object(Config\Cache), false)
#4 /home/eventodigital/public_html/api_controlAccesos/public/index.php(37): CodeIgniter\CodeIgniter->run()
#5 {main}
CRITICAL - 2024-10-23 10:37:13 --> Class 'App\Libraries\Exception' not found
#0 /home/eventodigital/public_html/api_controlAccesos/app/Controllers/RestController.php(186): App\Libraries\vCard->__construct(false, '08462000')
#1 /home/eventodigital/public_html/api_controlAccesos/system/CodeIgniter.php(832): App\Controllers\RestController->create()
#2 /home/eventodigital/public_html/api_controlAccesos/system/CodeIgniter.php(419): CodeIgniter\CodeIgniter->runController(Object(App\Controllers\RestController))
#3 /home/eventodigital/public_html/api_controlAccesos/system/CodeIgniter.php(326): CodeIgniter\CodeIgniter->handleRequest(NULL, Object(Config\Cache), false)
#4 /home/eventodigital/public_html/api_controlAccesos/public/index.php(37): CodeIgniter\CodeIgniter->run()
#5 {main}
CRITICAL - 2024-10-23 10:37:15 --> Class 'App\Libraries\Exception' not found
#0 /home/eventodigital/public_html/api_controlAccesos/app/Controllers/RestController.php(186): App\Libraries\vCard->__construct(false, '16334035')
#1 /home/eventodigital/public_html/api_controlAccesos/system/CodeIgniter.php(832): App\Controllers\RestController->create()
#2 /home/eventodigital/public_html/api_controlAccesos/system/CodeIgniter.php(419): CodeIgniter\CodeIgniter->runController(Object(App\Controllers\RestController))
#3 /home/eventodigital/public_html/api_controlAccesos/system/CodeIgniter.php(326): CodeIgniter\CodeIgniter->handleRequest(NULL, Object(Config\Cache), false)
#4 /home/eventodigital/public_html/api_controlAccesos/public/index.php(37): CodeIgniter\CodeIgniter->run()
#5 {main}
ERROR - 2024-10-23 10:37:19 --> Column 'nombreCompleto' cannot be null
CRITICAL - 2024-10-23 10:37:32 --> Class 'App\Libraries\Exception' not found
#0 /home/eventodigital/public_html/api_controlAccesos/app/Controllers/RestController.php(186): App\Libraries\vCard->__construct(false, '14662485')
#1 /home/eventodigital/public_html/api_controlAccesos/system/CodeIgniter.php(832): App\Controllers\RestController->create()
#2 /home/eventodigital/public_html/api_controlAccesos/system/CodeIgniter.php(419): CodeIgniter\CodeIgniter->runController(Object(App\Controllers\RestController))
#3 /home/eventodigital/public_html/api_controlAccesos/system/CodeIgniter.php(326): CodeIgniter\CodeIgniter->handleRequest(NULL, Object(Config\Cache), false)
#4 /home/eventodigital/public_html/api_controlAccesos/public/index.php(37): CodeIgniter\CodeIgniter->run()
#5 {main}
CRITICAL - 2024-10-23 10:38:07 --> Class 'App\Libraries\Exception' not found
#0 /home/eventodigital/public_html/api_controlAccesos/app/Controllers/RestController.php(186): App\Libraries\vCard->__construct(false, '17713580')
#1 /home/eventodigital/public_html/api_controlAccesos/system/CodeIgniter.php(832): App\Controllers\RestController->create()
#2 /home/eventodigital/public_html/api_controlAccesos/system/CodeIgniter.php(419): CodeIgniter\CodeIgniter->runController(Object(App\Controllers\RestController))
#3 /home/eventodigital/public_html/api_controlAccesos/system/CodeIgniter.php(326): CodeIgniter\CodeIgniter->handleRequest(NULL, Object(Config\Cache), false)
#4 /home/eventodigital/public_html/api_controlAccesos/public/index.php(37): CodeIgniter\CodeIgniter->run()
#5 {main}
CRITICAL - 2024-10-23 10:38:57 --> Class 'App\Libraries\Exception' not found
#0 /home/eventodigital/public_html/api_controlAccesos/app/Controllers/RestController.php(186): App\Libraries\vCard->__construct(false, '06527877')
#1 /home/eventodigital/public_html/api_controlAccesos/system/CodeIgniter.php(832): App\Controllers\RestController->create()
#2 /home/eventodigital/public_html/api_controlAccesos/system/CodeIgniter.php(419): CodeIgniter\CodeIgniter->runController(Object(App\Controllers\RestController))
#3 /home/eventodigital/public_html/api_controlAccesos/system/CodeIgniter.php(326): CodeIgniter\CodeIgniter->handleRequest(NULL, Object(Config\Cache), false)
#4 /home/eventodigital/public_html/api_controlAccesos/public/index.php(37): CodeIgniter\CodeIgniter->run()
#5 {main}
CRITICAL - 2024-10-23 10:39:01 --> Class 'App\Libraries\Exception' not found
#0 /home/eventodigital/public_html/api_controlAccesos/app/Controllers/RestController.php(186): App\Libraries\vCard->__construct(false, '14103780')
#1 /home/eventodigital/public_html/api_controlAccesos/system/CodeIgniter.php(832): App\Controllers\RestController->create()
#2 /home/eventodigital/public_html/api_controlAccesos/system/CodeIgniter.php(419): CodeIgniter\CodeIgniter->runController(Object(App\Controllers\RestController))
#3 /home/eventodigital/public_html/api_controlAccesos/system/CodeIgniter.php(326): CodeIgniter\CodeIgniter->handleRequest(NULL, Object(Config\Cache), false)
#4 /home/eventodigital/public_html/api_controlAccesos/public/index.php(37): CodeIgniter\CodeIgniter->run()
#5 {main}
CRITICAL - 2024-10-23 10:39:01 --> Class 'App\Libraries\Exception' not found
#0 /home/eventodigital/public_html/api_controlAccesos/app/Controllers/RestController.php(186): App\Libraries\vCard->__construct(false, '\xEF\xBB\xBFBEGIN:VCARD\n...')
#1 /home/eventodigital/public_html/api_controlAccesos/system/CodeIgniter.php(832): App\Controllers\RestController->create()
#2 /home/eventodigital/public_html/api_controlAccesos/system/CodeIgniter.php(419): CodeIgniter\CodeIgniter->runController(Object(App\Controllers\RestController))
#3 /home/eventodigital/public_html/api_controlAccesos/system/CodeIgniter.php(326): CodeIgniter\CodeIgniter->handleRequest(NULL, Object(Config\Cache), false)
#4 /home/eventodigital/public_html/api_controlAccesos/public/index.php(37): CodeIgniter\CodeIgniter->run()
#5 {main}
CRITICAL - 2024-10-23 10:39:08 --> Class 'App\Libraries\Exception' not found
#0 /home/eventodigital/public_html/api_controlAccesos/app/Controllers/RestController.php(186): App\Libraries\vCard->__construct(false, '\xEF\xBB\xBFBEGIN:VCARD\n...')
#1 /home/eventodigital/public_html/api_controlAccesos/system/CodeIgniter.php(832): App\Controllers\RestController->create()
#2 /home/eventodigital/public_html/api_controlAccesos/system/CodeIgniter.php(419): CodeIgniter\CodeIgniter->runController(Object(App\Controllers\RestController))
#3 /home/eventodigital/public_html/api_controlAccesos/system/CodeIgniter.php(326): CodeIgniter\CodeIgniter->handleRequest(NULL, Object(Config\Cache), false)
#4 /home/eventodigital/public_html/api_controlAccesos/public/index.php(37): CodeIgniter\CodeIgniter->run()
#5 {main}
CRITICAL - 2024-10-23 10:39:16 --> Class 'App\Libraries\Exception' not found
#0 /home/eventodigital/public_html/api_controlAccesos/app/Controllers/RestController.php(186): App\Libraries\vCard->__construct(false, '\xEF\xBB\xBFBEGIN:VCARD\n...')
#1 /home/eventodigital/public_html/api_controlAccesos/system/CodeIgniter.php(832): App\Controllers\RestController->create()
#2 /home/eventodigital/public_html/api_controlAccesos/system/CodeIgniter.php(419): CodeIgniter\CodeIgniter->runController(Object(App\Controllers\RestController))
#3 /home/eventodigital/public_html/api_controlAccesos/system/CodeIgniter.php(326): CodeIgniter\CodeIgniter->handleRequest(NULL, Object(Config\Cache), false)
#4 /home/eventodigital/public_html/api_controlAccesos/public/index.php(37): CodeIgniter\CodeIgniter->run()
#5 {main}
CRITICAL - 2024-10-23 10:39:26 --> Class 'App\Libraries\Exception' not found
#0 /home/eventodigital/public_html/api_controlAccesos/app/Controllers/RestController.php(186): App\Libraries\vCard->__construct(false, '06391270')
#1 /home/eventodigital/public_html/api_controlAccesos/system/CodeIgniter.php(832): App\Controllers\RestController->create()
#2 /home/eventodigital/public_html/api_controlAccesos/system/CodeIgniter.php(419): CodeIgniter\CodeIgniter->runController(Object(App\Controllers\RestController))
#3 /home/eventodigital/public_html/api_controlAccesos/system/CodeIgniter.php(326): CodeIgniter\CodeIgniter->handleRequest(NULL, Object(Config\Cache), false)
#4 /home/eventodigital/public_html/api_controlAccesos/public/index.php(37): CodeIgniter\CodeIgniter->run()
#5 {main}
CRITICAL - 2024-10-23 10:39:28 --> Class 'App\Libraries\Exception' not found
#0 /home/eventodigital/public_html/api_controlAccesos/app/Controllers/RestController.php(186): App\Libraries\vCard->__construct(false, '\xEF\xBB\xBFBEGIN:VCARD\n...')
#1 /home/eventodigital/public_html/api_controlAccesos/system/CodeIgniter.php(832): App\Controllers\RestController->create()
#2 /home/eventodigital/public_html/api_controlAccesos/system/CodeIgniter.php(419): CodeIgniter\CodeIgniter->runController(Object(App\Controllers\RestController))
#3 /home/eventodigital/public_html/api_controlAccesos/system/CodeIgniter.php(326): CodeIgniter\CodeIgniter->handleRequest(NULL, Object(Config\Cache), false)
#4 /home/eventodigital/public_html/api_controlAccesos/public/index.php(37): CodeIgniter\CodeIgniter->run()
#5 {main}
CRITICAL - 2024-10-23 10:39:38 --> Class 'App\Libraries\Exception' not found
#0 /home/eventodigital/public_html/api_controlAccesos/app/Controllers/RestController.php(186): App\Libraries\vCard->__construct(false, '\xEF\xBB\xBFBEGIN:VCARD\n...')
#1 /home/eventodigital/public_html/api_controlAccesos/system/CodeIgniter.php(832): App\Controllers\RestController->create()
#2 /home/eventodigital/public_html/api_controlAccesos/system/CodeIgniter.php(419): CodeIgniter\CodeIgniter->runController(Object(App\Controllers\RestController))
#3 /home/eventodigital/public_html/api_controlAccesos/system/CodeIgniter.php(326): CodeIgniter\CodeIgniter->handleRequest(NULL, Object(Config\Cache), false)
#4 /home/eventodigital/public_html/api_controlAccesos/public/index.php(37): CodeIgniter\CodeIgniter->run()
#5 {main}
CRITICAL - 2024-10-23 10:39:59 --> Class 'App\Libraries\Exception' not found
#0 /home/eventodigital/public_html/api_controlAccesos/app/Controllers/RestController.php(186): App\Libraries\vCard->__construct(false, '\xEF\xBB\xBFBEGIN:VCARD\n...')
#1 /home/eventodigital/public_html/api_controlAccesos/system/CodeIgniter.php(832): App\Controllers\RestController->create()
#2 /home/eventodigital/public_html/api_controlAccesos/system/CodeIgniter.php(419): CodeIgniter\CodeIgniter->runController(Object(App\Controllers\RestController))
#3 /home/eventodigital/public_html/api_controlAccesos/system/CodeIgniter.php(326): CodeIgniter\CodeIgniter->handleRequest(NULL, Object(Config\Cache), false)
#4 /home/eventodigital/public_html/api_controlAccesos/public/index.php(37): CodeIgniter\CodeIgniter->run()
#5 {main}
CRITICAL - 2024-10-23 10:40:07 --> Class 'App\Libraries\Exception' not found
#0 /home/eventodigital/public_html/api_controlAccesos/app/Controllers/RestController.php(186): App\Libraries\vCard->__construct(false, '18659134')
#1 /home/eventodigital/public_html/api_controlAccesos/system/CodeIgniter.php(832): App\Controllers\RestController->create()
#2 /home/eventodigital/public_html/api_controlAccesos/system/CodeIgniter.php(419): CodeIgniter\CodeIgniter->runController(Object(App\Controllers\RestController))
#3 /home/eventodigital/public_html/api_controlAccesos/system/CodeIgniter.php(326): CodeIgniter\CodeIgniter->handleRequest(NULL, Object(Config\Cache), false)
#4 /home/eventodigital/public_html/api_controlAccesos/public/index.php(37): CodeIgniter\CodeIgniter->run()
#5 {main}
CRITICAL - 2024-10-23 10:40:10 --> Class 'App\Libraries\Exception' not found
#0 /home/eventodigital/public_html/api_controlAccesos/app/Controllers/RestController.php(186): App\Libraries\vCard->__construct(false, '01216653')
#1 /home/eventodigital/public_html/api_controlAccesos/system/CodeIgniter.php(832): App\Controllers\RestController->create()
#2 /home/eventodigital/public_html/api_controlAccesos/system/CodeIgniter.php(419): CodeIgniter\CodeIgniter->runController(Object(App\Controllers\RestController))
#3 /home/eventodigital/public_html/api_controlAccesos/system/CodeIgniter.php(326): CodeIgniter\CodeIgniter->handleRequest(NULL, Object(Config\Cache), false)
#4 /home/eventodigital/public_html/api_controlAccesos/public/index.php(37): CodeIgniter\CodeIgniter->run()
#5 {main}
CRITICAL - 2024-10-23 10:40:12 --> Class 'App\Libraries\Exception' not found
#0 /home/eventodigital/public_html/api_controlAccesos/app/Controllers/RestController.php(186): App\Libraries\vCard->__construct(false, '-3')
#1 /home/eventodigital/public_html/api_controlAccesos/system/CodeIgniter.php(832): App\Controllers\RestController->create()
#2 /home/eventodigital/public_html/api_controlAccesos/system/CodeIgniter.php(419): CodeIgniter\CodeIgniter->runController(Object(App\Controllers\RestController))
#3 /home/eventodigital/public_html/api_controlAccesos/system/CodeIgniter.php(326): CodeIgniter\CodeIgniter->handleRequest(NULL, Object(Config\Cache), false)
#4 /home/eventodigital/public_html/api_controlAccesos/public/index.php(37): CodeIgniter\CodeIgniter->run()
#5 {main}
CRITICAL - 2024-10-23 10:40:16 --> Class 'App\Libraries\Exception' not found
#0 /home/eventodigital/public_html/api_controlAccesos/app/Controllers/RestController.php(186): App\Libraries\vCard->__construct(false, '\xEF\xBB\xBFBEGIN:VCARD\n...')
#1 /home/eventodigital/public_html/api_controlAccesos/system/CodeIgniter.php(832): App\Controllers\RestController->create()
#2 /home/eventodigital/public_html/api_controlAccesos/system/CodeIgniter.php(419): CodeIgniter\CodeIgniter->runController(Object(App\Controllers\RestController))
#3 /home/eventodigital/public_html/api_controlAccesos/system/CodeIgniter.php(326): CodeIgniter\CodeIgniter->handleRequest(NULL, Object(Config\Cache), false)
#4 /home/eventodigital/public_html/api_controlAccesos/public/index.php(37): CodeIgniter\CodeIgniter->run()
#5 {main}
CRITICAL - 2024-10-23 10:41:32 --> Class 'App\Libraries\Exception' not found
#0 /home/eventodigital/public_html/api_controlAccesos/app/Controllers/RestController.php(186): App\Libraries\vCard->__construct(false, '11462170')
#1 /home/eventodigital/public_html/api_controlAccesos/system/CodeIgniter.php(832): App\Controllers\RestController->create()
#2 /home/eventodigital/public_html/api_controlAccesos/system/CodeIgniter.php(419): CodeIgniter\CodeIgniter->runController(Object(App\Controllers\RestController))
#3 /home/eventodigital/public_html/api_controlAccesos/system/CodeIgniter.php(326): CodeIgniter\CodeIgniter->handleRequest(NULL, Object(Config\Cache), false)
#4 /home/eventodigital/public_html/api_controlAccesos/public/index.php(37): CodeIgniter\CodeIgniter->run()
#5 {main}
CRITICAL - 2024-10-23 10:41:54 --> Class 'App\Libraries\Exception' not found
#0 /home/eventodigital/public_html/api_controlAccesos/app/Controllers/RestController.php(186): App\Libraries\vCard->__construct(false, '12032925')
#1 /home/eventodigital/public_html/api_controlAccesos/system/CodeIgniter.php(832): App\Controllers\RestController->create()
#2 /home/eventodigital/public_html/api_controlAccesos/system/CodeIgniter.php(419): CodeIgniter\CodeIgniter->runController(Object(App\Controllers\RestController))
#3 /home/eventodigital/public_html/api_controlAccesos/system/CodeIgniter.php(326): CodeIgniter\CodeIgniter->handleRequest(NULL, Object(Config\Cache), false)
#4 /home/eventodigital/public_html/api_controlAccesos/public/index.php(37): CodeIgniter\CodeIgniter->run()
#5 {main}
CRITICAL - 2024-10-23 10:42:34 --> Class 'App\Libraries\Exception' not found
#0 /home/eventodigital/public_html/api_controlAccesos/app/Controllers/RestController.php(186): App\Libraries\vCard->__construct(false, '06253677')
#1 /home/eventodigital/public_html/api_controlAccesos/system/CodeIgniter.php(832): App\Controllers\RestController->create()
#2 /home/eventodigital/public_html/api_controlAccesos/system/CodeIgniter.php(419): CodeIgniter\CodeIgniter->runController(Object(App\Controllers\RestController))
#3 /home/eventodigital/public_html/api_controlAccesos/system/CodeIgniter.php(326): CodeIgniter\CodeIgniter->handleRequest(NULL, Object(Config\Cache), false)
#4 /home/eventodigital/public_html/api_controlAccesos/public/index.php(37): CodeIgniter\CodeIgniter->run()
#5 {main}
CRITICAL - 2024-10-23 10:42:35 --> Class 'App\Libraries\Exception' not found
#0 /home/eventodigital/public_html/api_controlAccesos/app/Controllers/RestController.php(186): App\Libraries\vCard->__construct(false, '08343531')
#1 /home/eventodigital/public_html/api_controlAccesos/system/CodeIgniter.php(832): App\Controllers\RestController->create()
#2 /home/eventodigital/public_html/api_controlAccesos/system/CodeIgniter.php(419): CodeIgniter\CodeIgniter->runController(Object(App\Controllers\RestController))
#3 /home/eventodigital/public_html/api_controlAccesos/system/CodeIgniter.php(326): CodeIgniter\CodeIgniter->handleRequest(NULL, Object(Config\Cache), false)
#4 /home/eventodigital/public_html/api_controlAccesos/public/index.php(37): CodeIgniter\CodeIgniter->run()
#5 {main}
CRITICAL - 2024-10-23 10:42:36 --> Class 'App\Libraries\Exception' not found
#0 /home/eventodigital/public_html/api_controlAccesos/app/Controllers/RestController.php(186): App\Libraries\vCard->__construct(false, '06249326')
#1 /home/eventodigital/public_html/api_controlAccesos/system/CodeIgniter.php(832): App\Controllers\RestController->create()
#2 /home/eventodigital/public_html/api_controlAccesos/system/CodeIgniter.php(419): CodeIgniter\CodeIgniter->runController(Object(App\Controllers\RestController))
#3 /home/eventodigital/public_html/api_controlAccesos/system/CodeIgniter.php(326): CodeIgniter\CodeIgniter->handleRequest(NULL, Object(Config\Cache), false)
#4 /home/eventodigital/public_html/api_controlAccesos/public/index.php(37): CodeIgniter\CodeIgniter->run()
#5 {main}
CRITICAL - 2024-10-23 10:42:45 --> Class 'App\Libraries\Exception' not found
#0 /home/eventodigital/public_html/api_controlAccesos/app/Controllers/RestController.php(186): App\Libraries\vCard->__construct(false, '06312053')
#1 /home/eventodigital/public_html/api_controlAccesos/system/CodeIgniter.php(832): App\Controllers\RestController->create()
#2 /home/eventodigital/public_html/api_controlAccesos/system/CodeIgniter.php(419): CodeIgniter\CodeIgniter->runController(Object(App\Controllers\RestController))
#3 /home/eventodigital/public_html/api_controlAccesos/system/CodeIgniter.php(326): CodeIgniter\CodeIgniter->handleRequest(NULL, Object(Config\Cache), false)
#4 /home/eventodigital/public_html/api_controlAccesos/public/index.php(37): CodeIgniter\CodeIgniter->run()
#5 {main}
CRITICAL - 2024-10-23 10:43:06 --> Class 'App\Libraries\Exception' not found
#0 /home/eventodigital/public_html/api_controlAccesos/app/Controllers/RestController.php(186): App\Libraries\vCard->__construct(false, '08324580')
#1 /home/eventodigital/public_html/api_controlAccesos/system/CodeIgniter.php(832): App\Controllers\RestController->create()
#2 /home/eventodigital/public_html/api_controlAccesos/system/CodeIgniter.php(419): CodeIgniter\CodeIgniter->runController(Object(App\Controllers\RestController))
#3 /home/eventodigital/public_html/api_controlAccesos/system/CodeIgniter.php(326): CodeIgniter\CodeIgniter->handleRequest(NULL, Object(Config\Cache), false)
#4 /home/eventodigital/public_html/api_controlAccesos/public/index.php(37): CodeIgniter\CodeIgniter->run()
#5 {main}
CRITICAL - 2024-10-23 10:43:12 --> Class 'App\Libraries\Exception' not found
#0 /home/eventodigital/public_html/api_controlAccesos/app/Controllers/RestController.php(186): App\Libraries\vCard->__construct(false, '15486462')
#1 /home/eventodigital/public_html/api_controlAccesos/system/CodeIgniter.php(832): App\Controllers\RestController->create()
#2 /home/eventodigital/public_html/api_controlAccesos/system/CodeIgniter.php(419): CodeIgniter\CodeIgniter->runController(Object(App\Controllers\RestController))
#3 /home/eventodigital/public_html/api_controlAccesos/system/CodeIgniter.php(326): CodeIgniter\CodeIgniter->handleRequest(NULL, Object(Config\Cache), false)
#4 /home/eventodigital/public_html/api_controlAccesos/public/index.php(37): CodeIgniter\CodeIgniter->run()
#5 {main}
CRITICAL - 2024-10-23 10:43:33 --> Class 'App\Libraries\Exception' not found
#0 /home/eventodigital/public_html/api_controlAccesos/app/Controllers/RestController.php(186): App\Libraries\vCard->__construct(false, 'https://congres...')
#1 /home/eventodigital/public_html/api_controlAccesos/system/CodeIgniter.php(832): App\Controllers\RestController->create()
#2 /home/eventodigital/public_html/api_controlAccesos/system/CodeIgniter.php(419): CodeIgniter\CodeIgniter->runController(Object(App\Controllers\RestController))
#3 /home/eventodigital/public_html/api_controlAccesos/system/CodeIgniter.php(326): CodeIgniter\CodeIgniter->handleRequest(NULL, Object(Config\Cache), false)
#4 /home/eventodigital/public_html/api_controlAccesos/public/index.php(37): CodeIgniter\CodeIgniter->run()
#5 {main}
CRITICAL - 2024-10-23 10:44:09 --> Class 'App\Libraries\Exception' not found
#0 /home/eventodigital/public_html/api_controlAccesos/app/Controllers/RestController.php(186): App\Libraries\vCard->__construct(false, 'https://congres...')
#1 /home/eventodigital/public_html/api_controlAccesos/system/CodeIgniter.php(832): App\Controllers\RestController->create()
#2 /home/eventodigital/public_html/api_controlAccesos/system/CodeIgniter.php(419): CodeIgniter\CodeIgniter->runController(Object(App\Controllers\RestController))
#3 /home/eventodigital/public_html/api_controlAccesos/system/CodeIgniter.php(326): CodeIgniter\CodeIgniter->handleRequest(NULL, Object(Config\Cache), false)
#4 /home/eventodigital/public_html/api_controlAccesos/public/index.php(37): CodeIgniter\CodeIgniter->run()
#5 {main}
CRITICAL - 2024-10-23 10:44:47 --> Class 'App\Libraries\Exception' not found
#0 /home/eventodigital/public_html/api_controlAccesos/app/Controllers/RestController.php(186): App\Libraries\vCard->__construct(false, '00984111')
#1 /home/eventodigital/public_html/api_controlAccesos/system/CodeIgniter.php(832): App\Controllers\RestController->create()
#2 /home/eventodigital/public_html/api_controlAccesos/system/CodeIgniter.php(419): CodeIgniter\CodeIgniter->runController(Object(App\Controllers\RestController))
#3 /home/eventodigital/public_html/api_controlAccesos/system/CodeIgniter.php(326): CodeIgniter\CodeIgniter->handleRequest(NULL, Object(Config\Cache), false)
#4 /home/eventodigital/public_html/api_controlAccesos/public/index.php(37): CodeIgniter\CodeIgniter->run()
#5 {main}
CRITICAL - 2024-10-23 10:44:51 --> Class 'App\Libraries\Exception' not found
#0 /home/eventodigital/public_html/api_controlAccesos/app/Controllers/RestController.php(186): App\Libraries\vCard->__construct(false, '11533845')
#1 /home/eventodigital/public_html/api_controlAccesos/system/CodeIgniter.php(832): App\Controllers\RestController->create()
#2 /home/eventodigital/public_html/api_controlAccesos/system/CodeIgniter.php(419): CodeIgniter\CodeIgniter->runController(Object(App\Controllers\RestController))
#3 /home/eventodigital/public_html/api_controlAccesos/system/CodeIgniter.php(326): CodeIgniter\CodeIgniter->handleRequest(NULL, Object(Config\Cache), false)
#4 /home/eventodigital/public_html/api_controlAccesos/public/index.php(37): CodeIgniter\CodeIgniter->run()
#5 {main}
CRITICAL - 2024-10-23 10:44:54 --> Class 'App\Libraries\Exception' not found
#0 /home/eventodigital/public_html/api_controlAccesos/app/Controllers/RestController.php(186): App\Libraries\vCard->__construct(false, '11877592')
#1 /home/eventodigital/public_html/api_controlAccesos/system/CodeIgniter.php(832): App\Controllers\RestController->create()
#2 /home/eventodigital/public_html/api_controlAccesos/system/CodeIgniter.php(419): CodeIgniter\CodeIgniter->runController(Object(App\Controllers\RestController))
#3 /home/eventodigital/public_html/api_controlAccesos/system/CodeIgniter.php(326): CodeIgniter\CodeIgniter->handleRequest(NULL, Object(Config\Cache), false)
#4 /home/eventodigital/public_html/api_controlAccesos/public/index.php(37): CodeIgniter\CodeIgniter->run()
#5 {main}
CRITICAL - 2024-10-23 10:45:56 --> Class 'App\Libraries\Exception' not found
#0 /home/eventodigital/public_html/api_controlAccesos/app/Controllers/RestController.php(186): App\Libraries\vCard->__construct(false, '02421384')
#1 /home/eventodigital/public_html/api_controlAccesos/system/CodeIgniter.php(832): App\Controllers\RestController->create()
#2 /home/eventodigital/public_html/api_controlAccesos/system/CodeIgniter.php(419): CodeIgniter\CodeIgniter->runController(Object(App\Controllers\RestController))
#3 /home/eventodigital/public_html/api_controlAccesos/system/CodeIgniter.php(326): CodeIgniter\CodeIgniter->handleRequest(NULL, Object(Config\Cache), false)
#4 /home/eventodigital/public_html/api_controlAccesos/public/index.php(37): CodeIgniter\CodeIgniter->run()
#5 {main}
CRITICAL - 2024-10-23 10:46:27 --> Class 'App\Libraries\Exception' not found
#0 /home/eventodigital/public_html/api_controlAccesos/app/Controllers/RestController.php(186): App\Libraries\vCard->__construct(false, '17378337')
#1 /home/eventodigital/public_html/api_controlAccesos/system/CodeIgniter.php(832): App\Controllers\RestController->create()
#2 /home/eventodigital/public_html/api_controlAccesos/system/CodeIgniter.php(419): CodeIgniter\CodeIgniter->runController(Object(App\Controllers\RestController))
#3 /home/eventodigital/public_html/api_controlAccesos/system/CodeIgniter.php(326): CodeIgniter\CodeIgniter->handleRequest(NULL, Object(Config\Cache), false)
#4 /home/eventodigital/public_html/api_controlAccesos/public/index.php(37): CodeIgniter\CodeIgniter->run()
#5 {main}
CRITICAL - 2024-10-23 10:46:43 --> Class 'App\Libraries\Exception' not found
#0 /home/eventodigital/public_html/api_controlAccesos/app/Controllers/RestController.php(186): App\Libraries\vCard->__construct(false, '15998741')
#1 /home/eventodigital/public_html/api_controlAccesos/system/CodeIgniter.php(832): App\Controllers\RestController->create()
#2 /home/eventodigital/public_html/api_controlAccesos/system/CodeIgniter.php(419): CodeIgniter\CodeIgniter->runController(Object(App\Controllers\RestController))
#3 /home/eventodigital/public_html/api_controlAccesos/system/CodeIgniter.php(326): CodeIgniter\CodeIgniter->handleRequest(NULL, Object(Config\Cache), false)
#4 /home/eventodigital/public_html/api_controlAccesos/public/index.php(37): CodeIgniter\CodeIgniter->run()
#5 {main}
CRITICAL - 2024-10-23 10:47:47 --> Class 'App\Libraries\Exception' not found
#0 /home/eventodigital/public_html/api_controlAccesos/app/Controllers/RestController.php(186): App\Libraries\vCard->__construct(false, '06963989')
#1 /home/eventodigital/public_html/api_controlAccesos/system/CodeIgniter.php(832): App\Controllers\RestController->create()
#2 /home/eventodigital/public_html/api_controlAccesos/system/CodeIgniter.php(419): CodeIgniter\CodeIgniter->runController(Object(App\Controllers\RestController))
#3 /home/eventodigital/public_html/api_controlAccesos/system/CodeIgniter.php(326): CodeIgniter\CodeIgniter->handleRequest(NULL, Object(Config\Cache), false)
#4 /home/eventodigital/public_html/api_controlAccesos/public/index.php(37): CodeIgniter\CodeIgniter->run()
#5 {main}
CRITICAL - 2024-10-23 10:47:49 --> Class 'App\Libraries\Exception' not found
#0 /home/eventodigital/public_html/api_controlAccesos/app/Controllers/RestController.php(186): App\Libraries\vCard->__construct(false, '00247315')
#1 /home/eventodigital/public_html/api_controlAccesos/system/CodeIgniter.php(832): App\Controllers\RestController->create()
#2 /home/eventodigital/public_html/api_controlAccesos/system/CodeIgniter.php(419): CodeIgniter\CodeIgniter->runController(Object(App\Controllers\RestController))
#3 /home/eventodigital/public_html/api_controlAccesos/system/CodeIgniter.php(326): CodeIgniter\CodeIgniter->handleRequest(NULL, Object(Config\Cache), false)
#4 /home/eventodigital/public_html/api_controlAccesos/public/index.php(37): CodeIgniter\CodeIgniter->run()
#5 {main}
CRITICAL - 2024-10-23 10:48:06 --> Class 'App\Libraries\Exception' not found
#0 /home/eventodigital/public_html/api_controlAccesos/app/Controllers/RestController.php(186): App\Libraries\vCard->__construct(false, '10593196')
#1 /home/eventodigital/public_html/api_controlAccesos/system/CodeIgniter.php(832): App\Controllers\RestController->create()
#2 /home/eventodigital/public_html/api_controlAccesos/system/CodeIgniter.php(419): CodeIgniter\CodeIgniter->runController(Object(App\Controllers\RestController))
#3 /home/eventodigital/public_html/api_controlAccesos/system/CodeIgniter.php(326): CodeIgniter\CodeIgniter->handleRequest(NULL, Object(Config\Cache), false)
#4 /home/eventodigital/public_html/api_controlAccesos/public/index.php(37): CodeIgniter\CodeIgniter->run()
#5 {main}
CRITICAL - 2024-10-23 10:48:12 --> Class 'App\Libraries\Exception' not found
#0 /home/eventodigital/public_html/api_controlAccesos/app/Controllers/RestController.php(186): App\Libraries\vCard->__construct(false, '18843931')
#1 /home/eventodigital/public_html/api_controlAccesos/system/CodeIgniter.php(832): App\Controllers\RestController->create()
#2 /home/eventodigital/public_html/api_controlAccesos/system/CodeIgniter.php(419): CodeIgniter\CodeIgniter->runController(Object(App\Controllers\RestController))
#3 /home/eventodigital/public_html/api_controlAccesos/system/CodeIgniter.php(326): CodeIgniter\CodeIgniter->handleRequest(NULL, Object(Config\Cache), false)
#4 /home/eventodigital/public_html/api_controlAccesos/public/index.php(37): CodeIgniter\CodeIgniter->run()
#5 {main}
CRITICAL - 2024-10-23 10:48:53 --> Class 'App\Libraries\Exception' not found
#0 /home/eventodigital/public_html/api_controlAccesos/app/Controllers/RestController.php(186): App\Libraries\vCard->__construct(false, '11884798')
#1 /home/eventodigital/public_html/api_controlAccesos/system/CodeIgniter.php(832): App\Controllers\RestController->create()
#2 /home/eventodigital/public_html/api_controlAccesos/system/CodeIgniter.php(419): CodeIgniter\CodeIgniter->runController(Object(App\Controllers\RestController))
#3 /home/eventodigital/public_html/api_controlAccesos/system/CodeIgniter.php(326): CodeIgniter\CodeIgniter->handleRequest(NULL, Object(Config\Cache), false)
#4 /home/eventodigital/public_html/api_controlAccesos/public/index.php(37): CodeIgniter\CodeIgniter->run()
#5 {main}
CRITICAL - 2024-10-23 10:49:04 --> Class 'App\Libraries\Exception' not found
#0 /home/eventodigital/public_html/api_controlAccesos/app/Controllers/RestController.php(186): App\Libraries\vCard->__construct(false, '15066466')
#1 /home/eventodigital/public_html/api_controlAccesos/system/CodeIgniter.php(832): App\Controllers\RestController->create()
#2 /home/eventodigital/public_html/api_controlAccesos/system/CodeIgniter.php(419): CodeIgniter\CodeIgniter->runController(Object(App\Controllers\RestController))
#3 /home/eventodigital/public_html/api_controlAccesos/system/CodeIgniter.php(326): CodeIgniter\CodeIgniter->handleRequest(NULL, Object(Config\Cache), false)
#4 /home/eventodigital/public_html/api_controlAccesos/public/index.php(37): CodeIgniter\CodeIgniter->run()
#5 {main}
CRITICAL - 2024-10-23 10:49:39 --> Class 'App\Libraries\Exception' not found
#0 /home/eventodigital/public_html/api_controlAccesos/app/Controllers/RestController.php(186): App\Libraries\vCard->__construct(false, '18810066')
#1 /home/eventodigital/public_html/api_controlAccesos/system/CodeIgniter.php(832): App\Controllers\RestController->create()
#2 /home/eventodigital/public_html/api_controlAccesos/system/CodeIgniter.php(419): CodeIgniter\CodeIgniter->runController(Object(App\Controllers\RestController))
#3 /home/eventodigital/public_html/api_controlAccesos/system/CodeIgniter.php(326): CodeIgniter\CodeIgniter->handleRequest(NULL, Object(Config\Cache), false)
#4 /home/eventodigital/public_html/api_controlAccesos/public/index.php(37): CodeIgniter\CodeIgniter->run()
#5 {main}
CRITICAL - 2024-10-23 10:49:52 --> Class 'App\Libraries\Exception' not found
#0 /home/eventodigital/public_html/api_controlAccesos/app/Controllers/RestController.php(186): App\Libraries\vCard->__construct(false, '00912983')
#1 /home/eventodigital/public_html/api_controlAccesos/system/CodeIgniter.php(832): App\Controllers\RestController->create()
#2 /home/eventodigital/public_html/api_controlAccesos/system/CodeIgniter.php(419): CodeIgniter\CodeIgniter->runController(Object(App\Controllers\RestController))
#3 /home/eventodigital/public_html/api_controlAccesos/system/CodeIgniter.php(326): CodeIgniter\CodeIgniter->handleRequest(NULL, Object(Config\Cache), false)
#4 /home/eventodigital/public_html/api_controlAccesos/public/index.php(37): CodeIgniter\CodeIgniter->run()
#5 {main}
CRITICAL - 2024-10-23 10:50:10 --> Class 'App\Libraries\Exception' not found
#0 /home/eventodigital/public_html/api_controlAccesos/app/Controllers/RestController.php(186): App\Libraries\vCard->__construct(false, '02066271')
#1 /home/eventodigital/public_html/api_controlAccesos/system/CodeIgniter.php(832): App\Controllers\RestController->create()
#2 /home/eventodigital/public_html/api_controlAccesos/system/CodeIgniter.php(419): CodeIgniter\CodeIgniter->runController(Object(App\Controllers\RestController))
#3 /home/eventodigital/public_html/api_controlAccesos/system/CodeIgniter.php(326): CodeIgniter\CodeIgniter->handleRequest(NULL, Object(Config\Cache), false)
#4 /home/eventodigital/public_html/api_controlAccesos/public/index.php(37): CodeIgniter\CodeIgniter->run()
#5 {main}
CRITICAL - 2024-10-23 10:50:16 --> Class 'App\Libraries\Exception' not found
#0 /home/eventodigital/public_html/api_controlAccesos/app/Controllers/RestController.php(186): App\Libraries\vCard->__construct(false, '13792402')
#1 /home/eventodigital/public_html/api_controlAccesos/system/CodeIgniter.php(832): App\Controllers\RestController->create()
#2 /home/eventodigital/public_html/api_controlAccesos/system/CodeIgniter.php(419): CodeIgniter\CodeIgniter->runController(Object(App\Controllers\RestController))
#3 /home/eventodigital/public_html/api_controlAccesos/system/CodeIgniter.php(326): CodeIgniter\CodeIgniter->handleRequest(NULL, Object(Config\Cache), false)
#4 /home/eventodigital/public_html/api_controlAccesos/public/index.php(37): CodeIgniter\CodeIgniter->run()
#5 {main}
CRITICAL - 2024-10-23 10:51:12 --> Class 'App\Libraries\Exception' not found
#0 /home/eventodigital/public_html/api_controlAccesos/app/Controllers/RestController.php(186): App\Libraries\vCard->__construct(false, '17328777')
#1 /home/eventodigital/public_html/api_controlAccesos/system/CodeIgniter.php(832): App\Controllers\RestController->create()
#2 /home/eventodigital/public_html/api_controlAccesos/system/CodeIgniter.php(419): CodeIgniter\CodeIgniter->runController(Object(App\Controllers\RestController))
#3 /home/eventodigital/public_html/api_controlAccesos/system/CodeIgniter.php(326): CodeIgniter\CodeIgniter->handleRequest(NULL, Object(Config\Cache), false)
#4 /home/eventodigital/public_html/api_controlAccesos/public/index.php(37): CodeIgniter\CodeIgniter->run()
#5 {main}
CRITICAL - 2024-10-23 10:51:37 --> Class 'App\Libraries\Exception' not found
#0 /home/eventodigital/public_html/api_controlAccesos/app/Controllers/RestController.php(186): App\Libraries\vCard->__construct(false, '11813095')
#1 /home/eventodigital/public_html/api_controlAccesos/system/CodeIgniter.php(832): App\Controllers\RestController->create()
#2 /home/eventodigital/public_html/api_controlAccesos/system/CodeIgniter.php(419): CodeIgniter\CodeIgniter->runController(Object(App\Controllers\RestController))
#3 /home/eventodigital/public_html/api_controlAccesos/system/CodeIgniter.php(326): CodeIgniter\CodeIgniter->handleRequest(NULL, Object(Config\Cache), false)
#4 /home/eventodigital/public_html/api_controlAccesos/public/index.php(37): CodeIgniter\CodeIgniter->run()
#5 {main}
CRITICAL - 2024-10-23 10:51:47 --> Class 'App\Libraries\Exception' not found
#0 /home/eventodigital/public_html/api_controlAccesos/app/Controllers/RestController.php(186): App\Libraries\vCard->__construct(false, '07587474')
#1 /home/eventodigital/public_html/api_controlAccesos/system/CodeIgniter.php(832): App\Controllers\RestController->create()
#2 /home/eventodigital/public_html/api_controlAccesos/system/CodeIgniter.php(419): CodeIgniter\CodeIgniter->runController(Object(App\Controllers\RestController))
#3 /home/eventodigital/public_html/api_controlAccesos/system/CodeIgniter.php(326): CodeIgniter\CodeIgniter->handleRequest(NULL, Object(Config\Cache), false)
#4 /home/eventodigital/public_html/api_controlAccesos/public/index.php(37): CodeIgniter\CodeIgniter->run()
#5 {main}
CRITICAL - 2024-10-23 10:51:49 --> Class 'App\Libraries\Exception' not found
#0 /home/eventodigital/public_html/api_controlAccesos/app/Controllers/RestController.php(186): App\Libraries\vCard->__construct(false, '06923495')
#1 /home/eventodigital/public_html/api_controlAccesos/system/CodeIgniter.php(832): App\Controllers\RestController->create()
#2 /home/eventodigital/public_html/api_controlAccesos/system/CodeIgniter.php(419): CodeIgniter\CodeIgniter->runController(Object(App\Controllers\RestController))
#3 /home/eventodigital/public_html/api_controlAccesos/system/CodeIgniter.php(326): CodeIgniter\CodeIgniter->handleRequest(NULL, Object(Config\Cache), false)
#4 /home/eventodigital/public_html/api_controlAccesos/public/index.php(37): CodeIgniter\CodeIgniter->run()
#5 {main}
CRITICAL - 2024-10-23 10:52:28 --> Class 'App\Libraries\Exception' not found
#0 /home/eventodigital/public_html/api_controlAccesos/app/Controllers/RestController.php(186): App\Libraries\vCard->__construct(false, '12956122')
#1 /home/eventodigital/public_html/api_controlAccesos/system/CodeIgniter.php(832): App\Controllers\RestController->create()
#2 /home/eventodigital/public_html/api_controlAccesos/system/CodeIgniter.php(419): CodeIgniter\CodeIgniter->runController(Object(App\Controllers\RestController))
#3 /home/eventodigital/public_html/api_controlAccesos/system/CodeIgniter.php(326): CodeIgniter\CodeIgniter->handleRequest(NULL, Object(Config\Cache), false)
#4 /home/eventodigital/public_html/api_controlAccesos/public/index.php(37): CodeIgniter\CodeIgniter->run()
#5 {main}
CRITICAL - 2024-10-23 10:52:39 --> Class 'App\Libraries\Exception' not found
#0 /home/eventodigital/public_html/api_controlAccesos/app/Controllers/RestController.php(186): App\Libraries\vCard->__construct(false, '11963026')
#1 /home/eventodigital/public_html/api_controlAccesos/system/CodeIgniter.php(832): App\Controllers\RestController->create()
#2 /home/eventodigital/public_html/api_controlAccesos/system/CodeIgniter.php(419): CodeIgniter\CodeIgniter->runController(Object(App\Controllers\RestController))
#3 /home/eventodigital/public_html/api_controlAccesos/system/CodeIgniter.php(326): CodeIgniter\CodeIgniter->handleRequest(NULL, Object(Config\Cache), false)
#4 /home/eventodigital/public_html/api_controlAccesos/public/index.php(37): CodeIgniter\CodeIgniter->run()
#5 {main}
CRITICAL - 2024-10-23 10:52:52 --> Class 'App\Libraries\Exception' not found
#0 /home/eventodigital/public_html/api_controlAccesos/app/Controllers/RestController.php(186): App\Libraries\vCard->__construct(false, '19305967')
#1 /home/eventodigital/public_html/api_controlAccesos/system/CodeIgniter.php(832): App\Controllers\RestController->create()
#2 /home/eventodigital/public_html/api_controlAccesos/system/CodeIgniter.php(419): CodeIgniter\CodeIgniter->runController(Object(App\Controllers\RestController))
#3 /home/eventodigital/public_html/api_controlAccesos/system/CodeIgniter.php(326): CodeIgniter\CodeIgniter->handleRequest(NULL, Object(Config\Cache), false)
#4 /home/eventodigital/public_html/api_controlAccesos/public/index.php(37): CodeIgniter\CodeIgniter->run()
#5 {main}
CRITICAL - 2024-10-23 10:53:24 --> Class 'App\Libraries\Exception' not found
#0 /home/eventodigital/public_html/api_controlAccesos/app/Controllers/RestController.php(186): App\Libraries\vCard->__construct(false, '03339514')
#1 /home/eventodigital/public_html/api_controlAccesos/system/CodeIgniter.php(832): App\Controllers\RestController->create()
#2 /home/eventodigital/public_html/api_controlAccesos/system/CodeIgniter.php(419): CodeIgniter\CodeIgniter->runController(Object(App\Controllers\RestController))
#3 /home/eventodigital/public_html/api_controlAccesos/system/CodeIgniter.php(326): CodeIgniter\CodeIgniter->handleRequest(NULL, Object(Config\Cache), false)
#4 /home/eventodigital/public_html/api_controlAccesos/public/index.php(37): CodeIgniter\CodeIgniter->run()
#5 {main}
CRITICAL - 2024-10-23 10:54:04 --> Class 'App\Libraries\Exception' not found
#0 /home/eventodigital/public_html/api_controlAccesos/app/Controllers/RestController.php(186): App\Libraries\vCard->__construct(false, 'https://congres...')
#1 /home/eventodigital/public_html/api_controlAccesos/system/CodeIgniter.php(832): App\Controllers\RestController->create()
#2 /home/eventodigital/public_html/api_controlAccesos/system/CodeIgniter.php(419): CodeIgniter\CodeIgniter->runController(Object(App\Controllers\RestController))
#3 /home/eventodigital/public_html/api_controlAccesos/system/CodeIgniter.php(326): CodeIgniter\CodeIgniter->handleRequest(NULL, Object(Config\Cache), false)
#4 /home/eventodigital/public_html/api_controlAccesos/public/index.php(37): CodeIgniter\CodeIgniter->run()
#5 {main}
CRITICAL - 2024-10-23 10:54:14 --> Class 'App\Libraries\Exception' not found
#0 /home/eventodigital/public_html/api_controlAccesos/app/Controllers/RestController.php(186): App\Libraries\vCard->__construct(false, '02492698')
#1 /home/eventodigital/public_html/api_controlAccesos/system/CodeIgniter.php(832): App\Controllers\RestController->create()
#2 /home/eventodigital/public_html/api_controlAccesos/system/CodeIgniter.php(419): CodeIgniter\CodeIgniter->runController(Object(App\Controllers\RestController))
#3 /home/eventodigital/public_html/api_controlAccesos/system/CodeIgniter.php(326): CodeIgniter\CodeIgniter->handleRequest(NULL, Object(Config\Cache), false)
#4 /home/eventodigital/public_html/api_controlAccesos/public/index.php(37): CodeIgniter\CodeIgniter->run()
#5 {main}
CRITICAL - 2024-10-23 10:54:16 --> Class 'App\Libraries\Exception' not found
#0 /home/eventodigital/public_html/api_controlAccesos/app/Controllers/RestController.php(186): App\Libraries\vCard->__construct(false, '11124429')
#1 /home/eventodigital/public_html/api_controlAccesos/system/CodeIgniter.php(832): App\Controllers\RestController->create()
#2 /home/eventodigital/public_html/api_controlAccesos/system/CodeIgniter.php(419): CodeIgniter\CodeIgniter->runController(Object(App\Controllers\RestController))
#3 /home/eventodigital/public_html/api_controlAccesos/system/CodeIgniter.php(326): CodeIgniter\CodeIgniter->handleRequest(NULL, Object(Config\Cache), false)
#4 /home/eventodigital/public_html/api_controlAccesos/public/index.php(37): CodeIgniter\CodeIgniter->run()
#5 {main}
CRITICAL - 2024-10-23 10:54:20 --> Class 'App\Libraries\Exception' not found
#0 /home/eventodigital/public_html/api_controlAccesos/app/Controllers/RestController.php(186): App\Libraries\vCard->__construct(false, '76266331')
#1 /home/eventodigital/public_html/api_controlAccesos/system/CodeIgniter.php(832): App\Controllers\RestController->create()
#2 /home/eventodigital/public_html/api_controlAccesos/system/CodeIgniter.php(419): CodeIgniter\CodeIgniter->runController(Object(App\Controllers\RestController))
#3 /home/eventodigital/public_html/api_controlAccesos/system/CodeIgniter.php(326): CodeIgniter\CodeIgniter->handleRequest(NULL, Object(Config\Cache), false)
#4 /home/eventodigital/public_html/api_controlAccesos/public/index.php(37): CodeIgniter\CodeIgniter->run()
#5 {main}
CRITICAL - 2024-10-23 10:54:28 --> Class 'App\Libraries\Exception' not found
#0 /home/eventodigital/public_html/api_controlAccesos/app/Controllers/RestController.php(186): App\Libraries\vCard->__construct(false, '11717898')
#1 /home/eventodigital/public_html/api_controlAccesos/system/CodeIgniter.php(832): App\Controllers\RestController->create()
#2 /home/eventodigital/public_html/api_controlAccesos/system/CodeIgniter.php(419): CodeIgniter\CodeIgniter->runController(Object(App\Controllers\RestController))
#3 /home/eventodigital/public_html/api_controlAccesos/system/CodeIgniter.php(326): CodeIgniter\CodeIgniter->handleRequest(NULL, Object(Config\Cache), false)
#4 /home/eventodigital/public_html/api_controlAccesos/public/index.php(37): CodeIgniter\CodeIgniter->run()
#5 {main}
CRITICAL - 2024-10-23 10:54:47 --> Class 'App\Libraries\Exception' not found
#0 /home/eventodigital/public_html/api_controlAccesos/app/Controllers/RestController.php(186): App\Libraries\vCard->__construct(false, '09757899')
#1 /home/eventodigital/public_html/api_controlAccesos/system/CodeIgniter.php(832): App\Controllers\RestController->create()
#2 /home/eventodigital/public_html/api_controlAccesos/system/CodeIgniter.php(419): CodeIgniter\CodeIgniter->runController(Object(App\Controllers\RestController))
#3 /home/eventodigital/public_html/api_controlAccesos/system/CodeIgniter.php(326): CodeIgniter\CodeIgniter->handleRequest(NULL, Object(Config\Cache), false)
#4 /home/eventodigital/public_html/api_controlAccesos/public/index.php(37): CodeIgniter\CodeIgniter->run()
#5 {main}
CRITICAL - 2024-10-23 10:55:01 --> Class 'App\Libraries\Exception' not found
#0 /home/eventodigital/public_html/api_controlAccesos/app/Controllers/RestController.php(186): App\Libraries\vCard->__construct(false, '16313354')
#1 /home/eventodigital/public_html/api_controlAccesos/system/CodeIgniter.php(832): App\Controllers\RestController->create()
#2 /home/eventodigital/public_html/api_controlAccesos/system/CodeIgniter.php(419): CodeIgniter\CodeIgniter->runController(Object(App\Controllers\RestController))
#3 /home/eventodigital/public_html/api_controlAccesos/system/CodeIgniter.php(326): CodeIgniter\CodeIgniter->handleRequest(NULL, Object(Config\Cache), false)
#4 /home/eventodigital/public_html/api_controlAccesos/public/index.php(37): CodeIgniter\CodeIgniter->run()
#5 {main}
CRITICAL - 2024-10-23 10:55:20 --> Class 'App\Libraries\Exception' not found
#0 /home/eventodigital/public_html/api_controlAccesos/app/Controllers/RestController.php(186): App\Libraries\vCard->__construct(false, '09125104')
#1 /home/eventodigital/public_html/api_controlAccesos/system/CodeIgniter.php(832): App\Controllers\RestController->create()
#2 /home/eventodigital/public_html/api_controlAccesos/system/CodeIgniter.php(419): CodeIgniter\CodeIgniter->runController(Object(App\Controllers\RestController))
#3 /home/eventodigital/public_html/api_controlAccesos/system/CodeIgniter.php(326): CodeIgniter\CodeIgniter->handleRequest(NULL, Object(Config\Cache), false)
#4 /home/eventodigital/public_html/api_controlAccesos/public/index.php(37): CodeIgniter\CodeIgniter->run()
#5 {main}
CRITICAL - 2024-10-23 10:56:06 --> Class 'App\Libraries\Exception' not found
#0 /home/eventodigital/public_html/api_controlAccesos/app/Controllers/RestController.php(186): App\Libraries\vCard->__construct(false, '91631541')
#1 /home/eventodigital/public_html/api_controlAccesos/system/CodeIgniter.php(832): App\Controllers\RestController->create()
#2 /home/eventodigital/public_html/api_controlAccesos/system/CodeIgniter.php(419): CodeIgniter\CodeIgniter->runController(Object(App\Controllers\RestController))
#3 /home/eventodigital/public_html/api_controlAccesos/system/CodeIgniter.php(326): CodeIgniter\CodeIgniter->handleRequest(NULL, Object(Config\Cache), false)
#4 /home/eventodigital/public_html/api_controlAccesos/public/index.php(37): CodeIgniter\CodeIgniter->run()
#5 {main}
CRITICAL - 2024-10-23 10:56:11 --> Class 'App\Libraries\Exception' not found
#0 /home/eventodigital/public_html/api_controlAccesos/app/Controllers/RestController.php(186): App\Libraries\vCard->__construct(false, '06730606')
#1 /home/eventodigital/public_html/api_controlAccesos/system/CodeIgniter.php(832): App\Controllers\RestController->create()
#2 /home/eventodigital/public_html/api_controlAccesos/system/CodeIgniter.php(419): CodeIgniter\CodeIgniter->runController(Object(App\Controllers\RestController))
#3 /home/eventodigital/public_html/api_controlAccesos/system/CodeIgniter.php(326): CodeIgniter\CodeIgniter->handleRequest(NULL, Object(Config\Cache), false)
#4 /home/eventodigital/public_html/api_controlAccesos/public/index.php(37): CodeIgniter\CodeIgniter->run()
#5 {main}
CRITICAL - 2024-10-23 10:56:21 --> Class 'App\Libraries\Exception' not found
#0 /home/eventodigital/public_html/api_controlAccesos/app/Controllers/RestController.php(186): App\Libraries\vCard->__construct(false, '17079808')
#1 /home/eventodigital/public_html/api_controlAccesos/system/CodeIgniter.php(832): App\Controllers\RestController->create()
#2 /home/eventodigital/public_html/api_controlAccesos/system/CodeIgniter.php(419): CodeIgniter\CodeIgniter->runController(Object(App\Controllers\RestController))
#3 /home/eventodigital/public_html/api_controlAccesos/system/CodeIgniter.php(326): CodeIgniter\CodeIgniter->handleRequest(NULL, Object(Config\Cache), false)
#4 /home/eventodigital/public_html/api_controlAccesos/public/index.php(37): CodeIgniter\CodeIgniter->run()
#5 {main}
CRITICAL - 2024-10-23 10:56:34 --> Class 'App\Libraries\Exception' not found
#0 /home/eventodigital/public_html/api_controlAccesos/app/Controllers/RestController.php(186): App\Libraries\vCard->__construct(false, '16110250')
#1 /home/eventodigital/public_html/api_controlAccesos/system/CodeIgniter.php(832): App\Controllers\RestController->create()
#2 /home/eventodigital/public_html/api_controlAccesos/system/CodeIgniter.php(419): CodeIgniter\CodeIgniter->runController(Object(App\Controllers\RestController))
#3 /home/eventodigital/public_html/api_controlAccesos/system/CodeIgniter.php(326): CodeIgniter\CodeIgniter->handleRequest(NULL, Object(Config\Cache), false)
#4 /home/eventodigital/public_html/api_controlAccesos/public/index.php(37): CodeIgniter\CodeIgniter->run()
#5 {main}
CRITICAL - 2024-10-23 10:56:46 --> Class 'App\Libraries\Exception' not found
#0 /home/eventodigital/public_html/api_controlAccesos/app/Controllers/RestController.php(186): App\Libraries\vCard->__construct(false, '03563001')
#1 /home/eventodigital/public_html/api_controlAccesos/system/CodeIgniter.php(832): App\Controllers\RestController->create()
#2 /home/eventodigital/public_html/api_controlAccesos/system/CodeIgniter.php(419): CodeIgniter\CodeIgniter->runController(Object(App\Controllers\RestController))
#3 /home/eventodigital/public_html/api_controlAccesos/system/CodeIgniter.php(326): CodeIgniter\CodeIgniter->handleRequest(NULL, Object(Config\Cache), false)
#4 /home/eventodigital/public_html/api_controlAccesos/public/index.php(37): CodeIgniter\CodeIgniter->run()
#5 {main}
CRITICAL - 2024-10-23 10:57:01 --> Class 'App\Libraries\Exception' not found
#0 /home/eventodigital/public_html/api_controlAccesos/app/Controllers/RestController.php(186): App\Libraries\vCard->__construct(false, '06465717')
#1 /home/eventodigital/public_html/api_controlAccesos/system/CodeIgniter.php(832): App\Controllers\RestController->create()
#2 /home/eventodigital/public_html/api_controlAccesos/system/CodeIgniter.php(419): CodeIgniter\CodeIgniter->runController(Object(App\Controllers\RestController))
#3 /home/eventodigital/public_html/api_controlAccesos/system/CodeIgniter.php(326): CodeIgniter\CodeIgniter->handleRequest(NULL, Object(Config\Cache), false)
#4 /home/eventodigital/public_html/api_controlAccesos/public/index.php(37): CodeIgniter\CodeIgniter->run()
#5 {main}
CRITICAL - 2024-10-23 10:57:02 --> Class 'App\Libraries\Exception' not found
#0 /home/eventodigital/public_html/api_controlAccesos/app/Controllers/RestController.php(186): App\Libraries\vCard->__construct(false, '03731617')
#1 /home/eventodigital/public_html/api_controlAccesos/system/CodeIgniter.php(832): App\Controllers\RestController->create()
#2 /home/eventodigital/public_html/api_controlAccesos/system/CodeIgniter.php(419): CodeIgniter\CodeIgniter->runController(Object(App\Controllers\RestController))
#3 /home/eventodigital/public_html/api_controlAccesos/system/CodeIgniter.php(326): CodeIgniter\CodeIgniter->handleRequest(NULL, Object(Config\Cache), false)
#4 /home/eventodigital/public_html/api_controlAccesos/public/index.php(37): CodeIgniter\CodeIgniter->run()
#5 {main}
CRITICAL - 2024-10-23 10:57:14 --> Class 'App\Libraries\Exception' not found
#0 /home/eventodigital/public_html/api_controlAccesos/app/Controllers/RestController.php(186): App\Libraries\vCard->__construct(false, '06422578')
#1 /home/eventodigital/public_html/api_controlAccesos/system/CodeIgniter.php(832): App\Controllers\RestController->create()
#2 /home/eventodigital/public_html/api_controlAccesos/system/CodeIgniter.php(419): CodeIgniter\CodeIgniter->runController(Object(App\Controllers\RestController))
#3 /home/eventodigital/public_html/api_controlAccesos/system/CodeIgniter.php(326): CodeIgniter\CodeIgniter->handleRequest(NULL, Object(Config\Cache), false)
#4 /home/eventodigital/public_html/api_controlAccesos/public/index.php(37): CodeIgniter\CodeIgniter->run()
#5 {main}
CRITICAL - 2024-10-23 10:57:26 --> Class 'App\Libraries\Exception' not found
#0 /home/eventodigital/public_html/api_controlAccesos/app/Controllers/RestController.php(186): App\Libraries\vCard->__construct(false, '02898353')
#1 /home/eventodigital/public_html/api_controlAccesos/system/CodeIgniter.php(832): App\Controllers\RestController->create()
#2 /home/eventodigital/public_html/api_controlAccesos/system/CodeIgniter.php(419): CodeIgniter\CodeIgniter->runController(Object(App\Controllers\RestController))
#3 /home/eventodigital/public_html/api_controlAccesos/system/CodeIgniter.php(326): CodeIgniter\CodeIgniter->handleRequest(NULL, Object(Config\Cache), false)
#4 /home/eventodigital/public_html/api_controlAccesos/public/index.php(37): CodeIgniter\CodeIgniter->run()
#5 {main}
CRITICAL - 2024-10-23 10:57:53 --> Class 'App\Libraries\Exception' not found
#0 /home/eventodigital/public_html/api_controlAccesos/app/Controllers/RestController.php(186): App\Libraries\vCard->__construct(false, 'https://congres...')
#1 /home/eventodigital/public_html/api_controlAccesos/system/CodeIgniter.php(832): App\Controllers\RestController->create()
#2 /home/eventodigital/public_html/api_controlAccesos/system/CodeIgniter.php(419): CodeIgniter\CodeIgniter->runController(Object(App\Controllers\RestController))
#3 /home/eventodigital/public_html/api_controlAccesos/system/CodeIgniter.php(326): CodeIgniter\CodeIgniter->handleRequest(NULL, Object(Config\Cache), false)
#4 /home/eventodigital/public_html/api_controlAccesos/public/index.php(37): CodeIgniter\CodeIgniter->run()
#5 {main}
CRITICAL - 2024-10-23 10:58:38 --> Class 'App\Libraries\Exception' not found
#0 /home/eventodigital/public_html/api_controlAccesos/app/Controllers/RestController.php(186): App\Libraries\vCard->__construct(false, '19056784')
#1 /home/eventodigital/public_html/api_controlAccesos/system/CodeIgniter.php(832): App\Controllers\RestController->create()
#2 /home/eventodigital/public_html/api_controlAccesos/system/CodeIgniter.php(419): CodeIgniter\CodeIgniter->runController(Object(App\Controllers\RestController))
#3 /home/eventodigital/public_html/api_controlAccesos/system/CodeIgniter.php(326): CodeIgniter\CodeIgniter->handleRequest(NULL, Object(Config\Cache), false)
#4 /home/eventodigital/public_html/api_controlAccesos/public/index.php(37): CodeIgniter\CodeIgniter->run()
#5 {main}
CRITICAL - 2024-10-23 10:58:45 --> Class 'App\Libraries\Exception' not found
#0 /home/eventodigital/public_html/api_controlAccesos/app/Controllers/RestController.php(186): App\Libraries\vCard->__construct(false, '05241219')
#1 /home/eventodigital/public_html/api_controlAccesos/system/CodeIgniter.php(832): App\Controllers\RestController->create()
#2 /home/eventodigital/public_html/api_controlAccesos/system/CodeIgniter.php(419): CodeIgniter\CodeIgniter->runController(Object(App\Controllers\RestController))
#3 /home/eventodigital/public_html/api_controlAccesos/system/CodeIgniter.php(326): CodeIgniter\CodeIgniter->handleRequest(NULL, Object(Config\Cache), false)
#4 /home/eventodigital/public_html/api_controlAccesos/public/index.php(37): CodeIgniter\CodeIgniter->run()
#5 {main}
CRITICAL - 2024-10-23 10:59:13 --> Class 'App\Libraries\Exception' not found
#0 /home/eventodigital/public_html/api_controlAccesos/app/Controllers/RestController.php(186): App\Libraries\vCard->__construct(false, '17967745')
#1 /home/eventodigital/public_html/api_controlAccesos/system/CodeIgniter.php(832): App\Controllers\RestController->create()
#2 /home/eventodigital/public_html/api_controlAccesos/system/CodeIgniter.php(419): CodeIgniter\CodeIgniter->runController(Object(App\Controllers\RestController))
#3 /home/eventodigital/public_html/api_controlAccesos/system/CodeIgniter.php(326): CodeIgniter\CodeIgniter->handleRequest(NULL, Object(Config\Cache), false)
#4 /home/eventodigital/public_html/api_controlAccesos/public/index.php(37): CodeIgniter\CodeIgniter->run()
#5 {main}
CRITICAL - 2024-10-23 10:59:13 --> Class 'App\Libraries\Exception' not found
#0 /home/eventodigital/public_html/api_controlAccesos/app/Controllers/RestController.php(186): App\Libraries\vCard->__construct(false, '14581571')
#1 /home/eventodigital/public_html/api_controlAccesos/system/CodeIgniter.php(832): App\Controllers\RestController->create()
#2 /home/eventodigital/public_html/api_controlAccesos/system/CodeIgniter.php(419): CodeIgniter\CodeIgniter->runController(Object(App\Controllers\RestController))
#3 /home/eventodigital/public_html/api_controlAccesos/system/CodeIgniter.php(326): CodeIgniter\CodeIgniter->handleRequest(NULL, Object(Config\Cache), false)
#4 /home/eventodigital/public_html/api_controlAccesos/public/index.php(37): CodeIgniter\CodeIgniter->run()
#5 {main}
CRITICAL - 2024-10-23 10:59:31 --> Class 'App\Libraries\Exception' not found
#0 /home/eventodigital/public_html/api_controlAccesos/app/Controllers/RestController.php(186): App\Libraries\vCard->__construct(false, '07254789')
#1 /home/eventodigital/public_html/api_controlAccesos/system/CodeIgniter.php(832): App\Controllers\RestController->create()
#2 /home/eventodigital/public_html/api_controlAccesos/system/CodeIgniter.php(419): CodeIgniter\CodeIgniter->runController(Object(App\Controllers\RestController))
#3 /home/eventodigital/public_html/api_controlAccesos/system/CodeIgniter.php(326): CodeIgniter\CodeIgniter->handleRequest(NULL, Object(Config\Cache), false)
#4 /home/eventodigital/public_html/api_controlAccesos/public/index.php(37): CodeIgniter\CodeIgniter->run()
#5 {main}
CRITICAL - 2024-10-23 10:59:42 --> Class 'App\Libraries\Exception' not found
#0 /home/eventodigital/public_html/api_controlAccesos/app/Controllers/RestController.php(186): App\Libraries\vCard->__construct(false, '56766387')
#1 /home/eventodigital/public_html/api_controlAccesos/system/CodeIgniter.php(832): App\Controllers\RestController->create()
#2 /home/eventodigital/public_html/api_controlAccesos/system/CodeIgniter.php(419): CodeIgniter\CodeIgniter->runController(Object(App\Controllers\RestController))
#3 /home/eventodigital/public_html/api_controlAccesos/system/CodeIgniter.php(326): CodeIgniter\CodeIgniter->handleRequest(NULL, Object(Config\Cache), false)
#4 /home/eventodigital/public_html/api_controlAccesos/public/index.php(37): CodeIgniter\CodeIgniter->run()
#5 {main}
CRITICAL - 2024-10-23 10:59:50 --> Class 'App\Libraries\Exception' not found
#0 /home/eventodigital/public_html/api_controlAccesos/app/Controllers/RestController.php(186): App\Libraries\vCard->__construct(false, 'https://congres...')
#1 /home/eventodigital/public_html/api_controlAccesos/system/CodeIgniter.php(832): App\Controllers\RestController->create()
#2 /home/eventodigital/public_html/api_controlAccesos/system/CodeIgniter.php(419): CodeIgniter\CodeIgniter->runController(Object(App\Controllers\RestController))
#3 /home/eventodigital/public_html/api_controlAccesos/system/CodeIgniter.php(326): CodeIgniter\CodeIgniter->handleRequest(NULL, Object(Config\Cache), false)
#4 /home/eventodigital/public_html/api_controlAccesos/public/index.php(37): CodeIgniter\CodeIgniter->run()
#5 {main}
CRITICAL - 2024-10-23 11:00:37 --> Class 'App\Libraries\Exception' not found
#0 /home/eventodigital/public_html/api_controlAccesos/app/Controllers/RestController.php(186): App\Libraries\vCard->__construct(false, '14318637')
#1 /home/eventodigital/public_html/api_controlAccesos/system/CodeIgniter.php(832): App\Controllers\RestController->create()
#2 /home/eventodigital/public_html/api_controlAccesos/system/CodeIgniter.php(419): CodeIgniter\CodeIgniter->runController(Object(App\Controllers\RestController))
#3 /home/eventodigital/public_html/api_controlAccesos/system/CodeIgniter.php(326): CodeIgniter\CodeIgniter->handleRequest(NULL, Object(Config\Cache), false)
#4 /home/eventodigital/public_html/api_controlAccesos/public/index.php(37): CodeIgniter\CodeIgniter->run()
#5 {main}
CRITICAL - 2024-10-23 11:01:09 --> Class 'App\Libraries\Exception' not found
#0 /home/eventodigital/public_html/api_controlAccesos/app/Controllers/RestController.php(186): App\Libraries\vCard->__construct(false, '17916080')
#1 /home/eventodigital/public_html/api_controlAccesos/system/CodeIgniter.php(832): App\Controllers\RestController->create()
#2 /home/eventodigital/public_html/api_controlAccesos/system/CodeIgniter.php(419): CodeIgniter\CodeIgniter->runController(Object(App\Controllers\RestController))
#3 /home/eventodigital/public_html/api_controlAccesos/system/CodeIgniter.php(326): CodeIgniter\CodeIgniter->handleRequest(NULL, Object(Config\Cache), false)
#4 /home/eventodigital/public_html/api_controlAccesos/public/index.php(37): CodeIgniter\CodeIgniter->run()
#5 {main}
CRITICAL - 2024-10-23 11:01:17 --> Class 'App\Libraries\Exception' not found
#0 /home/eventodigital/public_html/api_controlAccesos/app/Controllers/RestController.php(186): App\Libraries\vCard->__construct(false, '18502671')
#1 /home/eventodigital/public_html/api_controlAccesos/system/CodeIgniter.php(832): App\Controllers\RestController->create()
#2 /home/eventodigital/public_html/api_controlAccesos/system/CodeIgniter.php(419): CodeIgniter\CodeIgniter->runController(Object(App\Controllers\RestController))
#3 /home/eventodigital/public_html/api_controlAccesos/system/CodeIgniter.php(326): CodeIgniter\CodeIgniter->handleRequest(NULL, Object(Config\Cache), false)
#4 /home/eventodigital/public_html/api_controlAccesos/public/index.php(37): CodeIgniter\CodeIgniter->run()
#5 {main}
CRITICAL - 2024-10-23 11:02:42 --> Class 'App\Libraries\Exception' not found
#0 /home/eventodigital/public_html/api_controlAccesos/app/Controllers/RestController.php(186): App\Libraries\vCard->__construct(false, '12315475')
#1 /home/eventodigital/public_html/api_controlAccesos/system/CodeIgniter.php(832): App\Controllers\RestController->create()
#2 /home/eventodigital/public_html/api_controlAccesos/system/CodeIgniter.php(419): CodeIgniter\CodeIgniter->runController(Object(App\Controllers\RestController))
#3 /home/eventodigital/public_html/api_controlAccesos/system/CodeIgniter.php(326): CodeIgniter\CodeIgniter->handleRequest(NULL, Object(Config\Cache), false)
#4 /home/eventodigital/public_html/api_controlAccesos/public/index.php(37): CodeIgniter\CodeIgniter->run()
#5 {main}
CRITICAL - 2024-10-23 11:02:56 --> Class 'App\Libraries\Exception' not found
#0 /home/eventodigital/public_html/api_controlAccesos/app/Controllers/RestController.php(186): App\Libraries\vCard->__construct(false, 'https://congres...')
#1 /home/eventodigital/public_html/api_controlAccesos/system/CodeIgniter.php(832): App\Controllers\RestController->create()
#2 /home/eventodigital/public_html/api_controlAccesos/system/CodeIgniter.php(419): CodeIgniter\CodeIgniter->runController(Object(App\Controllers\RestController))
#3 /home/eventodigital/public_html/api_controlAccesos/system/CodeIgniter.php(326): CodeIgniter\CodeIgniter->handleRequest(NULL, Object(Config\Cache), false)
#4 /home/eventodigital/public_html/api_controlAccesos/public/index.php(37): CodeIgniter\CodeIgniter->run()
#5 {main}
CRITICAL - 2024-10-23 11:03:28 --> Class 'App\Libraries\Exception' not found
#0 /home/eventodigital/public_html/api_controlAccesos/app/Controllers/RestController.php(186): App\Libraries\vCard->__construct(false, '11657798')
#1 /home/eventodigital/public_html/api_controlAccesos/system/CodeIgniter.php(832): App\Controllers\RestController->create()
#2 /home/eventodigital/public_html/api_controlAccesos/system/CodeIgniter.php(419): CodeIgniter\CodeIgniter->runController(Object(App\Controllers\RestController))
#3 /home/eventodigital/public_html/api_controlAccesos/system/CodeIgniter.php(326): CodeIgniter\CodeIgniter->handleRequest(NULL, Object(Config\Cache), false)
#4 /home/eventodigital/public_html/api_controlAccesos/public/index.php(37): CodeIgniter\CodeIgniter->run()
#5 {main}
CRITICAL - 2024-10-23 11:04:06 --> Class 'App\Libraries\Exception' not found
#0 /home/eventodigital/public_html/api_controlAccesos/app/Controllers/RestController.php(186): App\Libraries\vCard->__construct(false, '11645764')
#1 /home/eventodigital/public_html/api_controlAccesos/system/CodeIgniter.php(832): App\Controllers\RestController->create()
#2 /home/eventodigital/public_html/api_controlAccesos/system/CodeIgniter.php(419): CodeIgniter\CodeIgniter->runController(Object(App\Controllers\RestController))
#3 /home/eventodigital/public_html/api_controlAccesos/system/CodeIgniter.php(326): CodeIgniter\CodeIgniter->handleRequest(NULL, Object(Config\Cache), false)
#4 /home/eventodigital/public_html/api_controlAccesos/public/index.php(37): CodeIgniter\CodeIgniter->run()
#5 {main}
CRITICAL - 2024-10-23 11:04:38 --> Class 'App\Libraries\Exception' not found
#0 /home/eventodigital/public_html/api_controlAccesos/app/Controllers/RestController.php(186): App\Libraries\vCard->__construct(false, '18585575')
#1 /home/eventodigital/public_html/api_controlAccesos/system/CodeIgniter.php(832): App\Controllers\RestController->create()
#2 /home/eventodigital/public_html/api_controlAccesos/system/CodeIgniter.php(419): CodeIgniter\CodeIgniter->runController(Object(App\Controllers\RestController))
#3 /home/eventodigital/public_html/api_controlAccesos/system/CodeIgniter.php(326): CodeIgniter\CodeIgniter->handleRequest(NULL, Object(Config\Cache), false)
#4 /home/eventodigital/public_html/api_controlAccesos/public/index.php(37): CodeIgniter\CodeIgniter->run()
#5 {main}
CRITICAL - 2024-10-23 11:04:39 --> Class 'App\Libraries\Exception' not found
#0 /home/eventodigital/public_html/api_controlAccesos/app/Controllers/RestController.php(186): App\Libraries\vCard->__construct(false, '19623665')
#1 /home/eventodigital/public_html/api_controlAccesos/system/CodeIgniter.php(832): App\Controllers\RestController->create()
#2 /home/eventodigital/public_html/api_controlAccesos/system/CodeIgniter.php(419): CodeIgniter\CodeIgniter->runController(Object(App\Controllers\RestController))
#3 /home/eventodigital/public_html/api_controlAccesos/system/CodeIgniter.php(326): CodeIgniter\CodeIgniter->handleRequest(NULL, Object(Config\Cache), false)
#4 /home/eventodigital/public_html/api_controlAccesos/public/index.php(37): CodeIgniter\CodeIgniter->run()
#5 {main}
CRITICAL - 2024-10-23 11:05:29 --> Class 'App\Libraries\Exception' not found
#0 /home/eventodigital/public_html/api_controlAccesos/app/Controllers/RestController.php(186): App\Libraries\vCard->__construct(false, '04133179')
#1 /home/eventodigital/public_html/api_controlAccesos/system/CodeIgniter.php(832): App\Controllers\RestController->create()
#2 /home/eventodigital/public_html/api_controlAccesos/system/CodeIgniter.php(419): CodeIgniter\CodeIgniter->runController(Object(App\Controllers\RestController))
#3 /home/eventodigital/public_html/api_controlAccesos/system/CodeIgniter.php(326): CodeIgniter\CodeIgniter->handleRequest(NULL, Object(Config\Cache), false)
#4 /home/eventodigital/public_html/api_controlAccesos/public/index.php(37): CodeIgniter\CodeIgniter->run()
#5 {main}
CRITICAL - 2024-10-23 11:05:48 --> Class 'App\Libraries\Exception' not found
#0 /home/eventodigital/public_html/api_controlAccesos/app/Controllers/RestController.php(186): App\Libraries\vCard->__construct(false, '05181900')
#1 /home/eventodigital/public_html/api_controlAccesos/system/CodeIgniter.php(832): App\Controllers\RestController->create()
#2 /home/eventodigital/public_html/api_controlAccesos/system/CodeIgniter.php(419): CodeIgniter\CodeIgniter->runController(Object(App\Controllers\RestController))
#3 /home/eventodigital/public_html/api_controlAccesos/system/CodeIgniter.php(326): CodeIgniter\CodeIgniter->handleRequest(NULL, Object(Config\Cache), false)
#4 /home/eventodigital/public_html/api_controlAccesos/public/index.php(37): CodeIgniter\CodeIgniter->run()
#5 {main}
ERROR - 2024-10-23 11:05:52 --> Column 'nombreCompleto' cannot be null
CRITICAL - 2024-10-23 11:06:37 --> Class 'App\Libraries\Exception' not found
#0 /home/eventodigital/public_html/api_controlAccesos/app/Controllers/RestController.php(186): App\Libraries\vCard->__construct(false, '03480458')
#1 /home/eventodigital/public_html/api_controlAccesos/system/CodeIgniter.php(832): App\Controllers\RestController->create()
#2 /home/eventodigital/public_html/api_controlAccesos/system/CodeIgniter.php(419): CodeIgniter\CodeIgniter->runController(Object(App\Controllers\RestController))
#3 /home/eventodigital/public_html/api_controlAccesos/system/CodeIgniter.php(326): CodeIgniter\CodeIgniter->handleRequest(NULL, Object(Config\Cache), false)
#4 /home/eventodigital/public_html/api_controlAccesos/public/index.php(37): CodeIgniter\CodeIgniter->run()
#5 {main}
CRITICAL - 2024-10-23 11:06:49 --> Class 'App\Libraries\Exception' not found
#0 /home/eventodigital/public_html/api_controlAccesos/app/Controllers/RestController.php(186): App\Libraries\vCard->__construct(false, '11446095')
#1 /home/eventodigital/public_html/api_controlAccesos/system/CodeIgniter.php(832): App\Controllers\RestController->create()
#2 /home/eventodigital/public_html/api_controlAccesos/system/CodeIgniter.php(419): CodeIgniter\CodeIgniter->runController(Object(App\Controllers\RestController))
#3 /home/eventodigital/public_html/api_controlAccesos/system/CodeIgniter.php(326): CodeIgniter\CodeIgniter->handleRequest(NULL, Object(Config\Cache), false)
#4 /home/eventodigital/public_html/api_controlAccesos/public/index.php(37): CodeIgniter\CodeIgniter->run()
#5 {main}
CRITICAL - 2024-10-23 11:07:38 --> Class 'App\Libraries\Exception' not found
#0 /home/eventodigital/public_html/api_controlAccesos/app/Controllers/RestController.php(186): App\Libraries\vCard->__construct(false, '18631744')
#1 /home/eventodigital/public_html/api_controlAccesos/system/CodeIgniter.php(832): App\Controllers\RestController->create()
#2 /home/eventodigital/public_html/api_controlAccesos/system/CodeIgniter.php(419): CodeIgniter\CodeIgniter->runController(Object(App\Controllers\RestController))
#3 /home/eventodigital/public_html/api_controlAccesos/system/CodeIgniter.php(326): CodeIgniter\CodeIgniter->handleRequest(NULL, Object(Config\Cache), false)
#4 /home/eventodigital/public_html/api_controlAccesos/public/index.php(37): CodeIgniter\CodeIgniter->run()
#5 {main}
CRITICAL - 2024-10-23 11:07:47 --> Class 'App\Libraries\Exception' not found
#0 /home/eventodigital/public_html/api_controlAccesos/app/Controllers/RestController.php(186): App\Libraries\vCard->__construct(false, '07830792')
#1 /home/eventodigital/public_html/api_controlAccesos/system/CodeIgniter.php(832): App\Controllers\RestController->create()
#2 /home/eventodigital/public_html/api_controlAccesos/system/CodeIgniter.php(419): CodeIgniter\CodeIgniter->runController(Object(App\Controllers\RestController))
#3 /home/eventodigital/public_html/api_controlAccesos/system/CodeIgniter.php(326): CodeIgniter\CodeIgniter->handleRequest(NULL, Object(Config\Cache), false)
#4 /home/eventodigital/public_html/api_controlAccesos/public/index.php(37): CodeIgniter\CodeIgniter->run()
#5 {main}
CRITICAL - 2024-10-23 11:08:03 --> Class 'App\Libraries\Exception' not found
#0 /home/eventodigital/public_html/api_controlAccesos/app/Controllers/RestController.php(186): App\Libraries\vCard->__construct(false, '17198739')
#1 /home/eventodigital/public_html/api_controlAccesos/system/CodeIgniter.php(832): App\Controllers\RestController->create()
#2 /home/eventodigital/public_html/api_controlAccesos/system/CodeIgniter.php(419): CodeIgniter\CodeIgniter->runController(Object(App\Controllers\RestController))
#3 /home/eventodigital/public_html/api_controlAccesos/system/CodeIgniter.php(326): CodeIgniter\CodeIgniter->handleRequest(NULL, Object(Config\Cache), false)
#4 /home/eventodigital/public_html/api_controlAccesos/public/index.php(37): CodeIgniter\CodeIgniter->run()
#5 {main}
CRITICAL - 2024-10-23 11:10:02 --> Class 'App\Libraries\Exception' not found
#0 /home/eventodigital/public_html/api_controlAccesos/app/Controllers/RestController.php(186): App\Libraries\vCard->__construct(false, 'https://congres...')
#1 /home/eventodigital/public_html/api_controlAccesos/system/CodeIgniter.php(832): App\Controllers\RestController->create()
#2 /home/eventodigital/public_html/api_controlAccesos/system/CodeIgniter.php(419): CodeIgniter\CodeIgniter->runController(Object(App\Controllers\RestController))
#3 /home/eventodigital/public_html/api_controlAccesos/system/CodeIgniter.php(326): CodeIgniter\CodeIgniter->handleRequest(NULL, Object(Config\Cache), false)
#4 /home/eventodigital/public_html/api_controlAccesos/public/index.php(37): CodeIgniter\CodeIgniter->run()
#5 {main}
CRITICAL - 2024-10-23 11:10:09 --> Class 'App\Libraries\Exception' not found
#0 /home/eventodigital/public_html/api_controlAccesos/app/Controllers/RestController.php(186): App\Libraries\vCard->__construct(false, '16446542')
#1 /home/eventodigital/public_html/api_controlAccesos/system/CodeIgniter.php(832): App\Controllers\RestController->create()
#2 /home/eventodigital/public_html/api_controlAccesos/system/CodeIgniter.php(419): CodeIgniter\CodeIgniter->runController(Object(App\Controllers\RestController))
#3 /home/eventodigital/public_html/api_controlAccesos/system/CodeIgniter.php(326): CodeIgniter\CodeIgniter->handleRequest(NULL, Object(Config\Cache), false)
#4 /home/eventodigital/public_html/api_controlAccesos/public/index.php(37): CodeIgniter\CodeIgniter->run()
#5 {main}
CRITICAL - 2024-10-23 11:10:09 --> Class 'App\Libraries\Exception' not found
#0 /home/eventodigital/public_html/api_controlAccesos/app/Controllers/RestController.php(186): App\Libraries\vCard->__construct(false, '10368169')
#1 /home/eventodigital/public_html/api_controlAccesos/system/CodeIgniter.php(832): App\Controllers\RestController->create()
#2 /home/eventodigital/public_html/api_controlAccesos/system/CodeIgniter.php(419): CodeIgniter\CodeIgniter->runController(Object(App\Controllers\RestController))
#3 /home/eventodigital/public_html/api_controlAccesos/system/CodeIgniter.php(326): CodeIgniter\CodeIgniter->handleRequest(NULL, Object(Config\Cache), false)
#4 /home/eventodigital/public_html/api_controlAccesos/public/index.php(37): CodeIgniter\CodeIgniter->run()
#5 {main}
CRITICAL - 2024-10-23 11:10:20 --> Class 'App\Libraries\Exception' not found
#0 /home/eventodigital/public_html/api_controlAccesos/app/Controllers/RestController.php(186): App\Libraries\vCard->__construct(false, '14419730')
#1 /home/eventodigital/public_html/api_controlAccesos/system/CodeIgniter.php(832): App\Controllers\RestController->create()
#2 /home/eventodigital/public_html/api_controlAccesos/system/CodeIgniter.php(419): CodeIgniter\CodeIgniter->runController(Object(App\Controllers\RestController))
#3 /home/eventodigital/public_html/api_controlAccesos/system/CodeIgniter.php(326): CodeIgniter\CodeIgniter->handleRequest(NULL, Object(Config\Cache), false)
#4 /home/eventodigital/public_html/api_controlAccesos/public/index.php(37): CodeIgniter\CodeIgniter->run()
#5 {main}
CRITICAL - 2024-10-23 11:10:56 --> Class 'App\Libraries\Exception' not found
#0 /home/eventodigital/public_html/api_controlAccesos/app/Controllers/RestController.php(186): App\Libraries\vCard->__construct(false, '05')
#1 /home/eventodigital/public_html/api_controlAccesos/system/CodeIgniter.php(832): App\Controllers\RestController->create()
#2 /home/eventodigital/public_html/api_controlAccesos/system/CodeIgniter.php(419): CodeIgniter\CodeIgniter->runController(Object(App\Controllers\RestController))
#3 /home/eventodigital/public_html/api_controlAccesos/system/CodeIgniter.php(326): CodeIgniter\CodeIgniter->handleRequest(NULL, Object(Config\Cache), false)
#4 /home/eventodigital/public_html/api_controlAccesos/public/index.php(37): CodeIgniter\CodeIgniter->run()
#5 {main}
CRITICAL - 2024-10-23 11:11:56 --> Class 'App\Libraries\Exception' not found
#0 /home/eventodigital/public_html/api_controlAccesos/app/Controllers/RestController.php(186): App\Libraries\vCard->__construct(false, '10568361')
#1 /home/eventodigital/public_html/api_controlAccesos/system/CodeIgniter.php(832): App\Controllers\RestController->create()
#2 /home/eventodigital/public_html/api_controlAccesos/system/CodeIgniter.php(419): CodeIgniter\CodeIgniter->runController(Object(App\Controllers\RestController))
#3 /home/eventodigital/public_html/api_controlAccesos/system/CodeIgniter.php(326): CodeIgniter\CodeIgniter->handleRequest(NULL, Object(Config\Cache), false)
#4 /home/eventodigital/public_html/api_controlAccesos/public/index.php(37): CodeIgniter\CodeIgniter->run()
#5 {main}
CRITICAL - 2024-10-23 11:12:55 --> Class 'App\Libraries\Exception' not found
#0 /home/eventodigital/public_html/api_controlAccesos/app/Controllers/RestController.php(186): App\Libraries\vCard->__construct(false, '96712627')
#1 /home/eventodigital/public_html/api_controlAccesos/system/CodeIgniter.php(832): App\Controllers\RestController->create()
#2 /home/eventodigital/public_html/api_controlAccesos/system/CodeIgniter.php(419): CodeIgniter\CodeIgniter->runController(Object(App\Controllers\RestController))
#3 /home/eventodigital/public_html/api_controlAccesos/system/CodeIgniter.php(326): CodeIgniter\CodeIgniter->handleRequest(NULL, Object(Config\Cache), false)
#4 /home/eventodigital/public_html/api_controlAccesos/public/index.php(37): CodeIgniter\CodeIgniter->run()
#5 {main}
CRITICAL - 2024-10-23 11:13:15 --> Class 'App\Libraries\Exception' not found
#0 /home/eventodigital/public_html/api_controlAccesos/app/Controllers/RestController.php(186): App\Libraries\vCard->__construct(false, '19440361')
#1 /home/eventodigital/public_html/api_controlAccesos/system/CodeIgniter.php(832): App\Controllers\RestController->create()
#2 /home/eventodigital/public_html/api_controlAccesos/system/CodeIgniter.php(419): CodeIgniter\CodeIgniter->runController(Object(App\Controllers\RestController))
#3 /home/eventodigital/public_html/api_controlAccesos/system/CodeIgniter.php(326): CodeIgniter\CodeIgniter->handleRequest(NULL, Object(Config\Cache), false)
#4 /home/eventodigital/public_html/api_controlAccesos/public/index.php(37): CodeIgniter\CodeIgniter->run()
#5 {main}
CRITICAL - 2024-10-23 11:13:25 --> Class 'App\Libraries\Exception' not found
#0 /home/eventodigital/public_html/api_controlAccesos/app/Controllers/RestController.php(186): App\Libraries\vCard->__construct(false, '11737319')
#1 /home/eventodigital/public_html/api_controlAccesos/system/CodeIgniter.php(832): App\Controllers\RestController->create()
#2 /home/eventodigital/public_html/api_controlAccesos/system/CodeIgniter.php(419): CodeIgniter\CodeIgniter->runController(Object(App\Controllers\RestController))
#3 /home/eventodigital/public_html/api_controlAccesos/system/CodeIgniter.php(326): CodeIgniter\CodeIgniter->handleRequest(NULL, Object(Config\Cache), false)
#4 /home/eventodigital/public_html/api_controlAccesos/public/index.php(37): CodeIgniter\CodeIgniter->run()
#5 {main}
CRITICAL - 2024-10-23 11:13:57 --> Class 'App\Libraries\Exception' not found
#0 /home/eventodigital/public_html/api_controlAccesos/app/Controllers/RestController.php(186): App\Libraries\vCard->__construct(false, '01985340')
#1 /home/eventodigital/public_html/api_controlAccesos/system/CodeIgniter.php(832): App\Controllers\RestController->create()
#2 /home/eventodigital/public_html/api_controlAccesos/system/CodeIgniter.php(419): CodeIgniter\CodeIgniter->runController(Object(App\Controllers\RestController))
#3 /home/eventodigital/public_html/api_controlAccesos/system/CodeIgniter.php(326): CodeIgniter\CodeIgniter->handleRequest(NULL, Object(Config\Cache), false)
#4 /home/eventodigital/public_html/api_controlAccesos/public/index.php(37): CodeIgniter\CodeIgniter->run()
#5 {main}
CRITICAL - 2024-10-23 11:14:26 --> Class 'App\Libraries\Exception' not found
#0 /home/eventodigital/public_html/api_controlAccesos/app/Controllers/RestController.php(186): App\Libraries\vCard->__construct(false, '18771015')
#1 /home/eventodigital/public_html/api_controlAccesos/system/CodeIgniter.php(832): App\Controllers\RestController->create()
#2 /home/eventodigital/public_html/api_controlAccesos/system/CodeIgniter.php(419): CodeIgniter\CodeIgniter->runController(Object(App\Controllers\RestController))
#3 /home/eventodigital/public_html/api_controlAccesos/system/CodeIgniter.php(326): CodeIgniter\CodeIgniter->handleRequest(NULL, Object(Config\Cache), false)
#4 /home/eventodigital/public_html/api_controlAccesos/public/index.php(37): CodeIgniter\CodeIgniter->run()
#5 {main}
CRITICAL - 2024-10-23 11:14:30 --> Class 'App\Libraries\Exception' not found
#0 /home/eventodigital/public_html/api_controlAccesos/app/Controllers/RestController.php(186): App\Libraries\vCard->__construct(false, '10007181')
#1 /home/eventodigital/public_html/api_controlAccesos/system/CodeIgniter.php(832): App\Controllers\RestController->create()
#2 /home/eventodigital/public_html/api_controlAccesos/system/CodeIgniter.php(419): CodeIgniter\CodeIgniter->runController(Object(App\Controllers\RestController))
#3 /home/eventodigital/public_html/api_controlAccesos/system/CodeIgniter.php(326): CodeIgniter\CodeIgniter->handleRequest(NULL, Object(Config\Cache), false)
#4 /home/eventodigital/public_html/api_controlAccesos/public/index.php(37): CodeIgniter\CodeIgniter->run()
#5 {main}
CRITICAL - 2024-10-23 11:14:38 --> Class 'App\Libraries\Exception' not found
#0 /home/eventodigital/public_html/api_controlAccesos/app/Controllers/RestController.php(186): App\Libraries\vCard->__construct(false, '04828792')
#1 /home/eventodigital/public_html/api_controlAccesos/system/CodeIgniter.php(832): App\Controllers\RestController->create()
#2 /home/eventodigital/public_html/api_controlAccesos/system/CodeIgniter.php(419): CodeIgniter\CodeIgniter->runController(Object(App\Controllers\RestController))
#3 /home/eventodigital/public_html/api_controlAccesos/system/CodeIgniter.php(326): CodeIgniter\CodeIgniter->handleRequest(NULL, Object(Config\Cache), false)
#4 /home/eventodigital/public_html/api_controlAccesos/public/index.php(37): CodeIgniter\CodeIgniter->run()
#5 {main}
CRITICAL - 2024-10-23 11:15:18 --> Class 'App\Libraries\Exception' not found
#0 /home/eventodigital/public_html/api_controlAccesos/app/Controllers/RestController.php(186): App\Libraries\vCard->__construct(false, '09722798')
#1 /home/eventodigital/public_html/api_controlAccesos/system/CodeIgniter.php(832): App\Controllers\RestController->create()
#2 /home/eventodigital/public_html/api_controlAccesos/system/CodeIgniter.php(419): CodeIgniter\CodeIgniter->runController(Object(App\Controllers\RestController))
#3 /home/eventodigital/public_html/api_controlAccesos/system/CodeIgniter.php(326): CodeIgniter\CodeIgniter->handleRequest(NULL, Object(Config\Cache), false)
#4 /home/eventodigital/public_html/api_controlAccesos/public/index.php(37): CodeIgniter\CodeIgniter->run()
#5 {main}
ERROR - 2024-10-23 11:15:32 --> Column 'nombreCompleto' cannot be null
CRITICAL - 2024-10-23 11:15:48 --> Class 'App\Libraries\Exception' not found
#0 /home/eventodigital/public_html/api_controlAccesos/app/Controllers/RestController.php(186): App\Libraries\vCard->__construct(false, '02178413')
#1 /home/eventodigital/public_html/api_controlAccesos/system/CodeIgniter.php(832): App\Controllers\RestController->create()
#2 /home/eventodigital/public_html/api_controlAccesos/system/CodeIgniter.php(419): CodeIgniter\CodeIgniter->runController(Object(App\Controllers\RestController))
#3 /home/eventodigital/public_html/api_controlAccesos/system/CodeIgniter.php(326): CodeIgniter\CodeIgniter->handleRequest(NULL, Object(Config\Cache), false)
#4 /home/eventodigital/public_html/api_controlAccesos/public/index.php(37): CodeIgniter\CodeIgniter->run()
#5 {main}
CRITICAL - 2024-10-23 11:16:24 --> Class 'App\Libraries\Exception' not found
#0 /home/eventodigital/public_html/api_controlAccesos/app/Controllers/RestController.php(186): App\Libraries\vCard->__construct(false, '12838101')
#1 /home/eventodigital/public_html/api_controlAccesos/system/CodeIgniter.php(832): App\Controllers\RestController->create()
#2 /home/eventodigital/public_html/api_controlAccesos/system/CodeIgniter.php(419): CodeIgniter\CodeIgniter->runController(Object(App\Controllers\RestController))
#3 /home/eventodigital/public_html/api_controlAccesos/system/CodeIgniter.php(326): CodeIgniter\CodeIgniter->handleRequest(NULL, Object(Config\Cache), false)
#4 /home/eventodigital/public_html/api_controlAccesos/public/index.php(37): CodeIgniter\CodeIgniter->run()
#5 {main}
CRITICAL - 2024-10-23 11:17:08 --> Class 'App\Libraries\Exception' not found
#0 /home/eventodigital/public_html/api_controlAccesos/app/Controllers/RestController.php(186): App\Libraries\vCard->__construct(false, '00847872')
#1 /home/eventodigital/public_html/api_controlAccesos/system/CodeIgniter.php(832): App\Controllers\RestController->create()
#2 /home/eventodigital/public_html/api_controlAccesos/system/CodeIgniter.php(419): CodeIgniter\CodeIgniter->runController(Object(App\Controllers\RestController))
#3 /home/eventodigital/public_html/api_controlAccesos/system/CodeIgniter.php(326): CodeIgniter\CodeIgniter->handleRequest(NULL, Object(Config\Cache), false)
#4 /home/eventodigital/public_html/api_controlAccesos/public/index.php(37): CodeIgniter\CodeIgniter->run()
#5 {main}
CRITICAL - 2024-10-23 11:18:01 --> Class 'App\Libraries\Exception' not found
#0 /home/eventodigital/public_html/api_controlAccesos/app/Controllers/RestController.php(186): App\Libraries\vCard->__construct(false, '14316037')
#1 /home/eventodigital/public_html/api_controlAccesos/system/CodeIgniter.php(832): App\Controllers\RestController->create()
#2 /home/eventodigital/public_html/api_controlAccesos/system/CodeIgniter.php(419): CodeIgniter\CodeIgniter->runController(Object(App\Controllers\RestController))
#3 /home/eventodigital/public_html/api_controlAccesos/system/CodeIgniter.php(326): CodeIgniter\CodeIgniter->handleRequest(NULL, Object(Config\Cache), false)
#4 /home/eventodigital/public_html/api_controlAccesos/public/index.php(37): CodeIgniter\CodeIgniter->run()
#5 {main}
CRITICAL - 2024-10-23 11:18:14 --> Class 'App\Libraries\Exception' not found
#0 /home/eventodigital/public_html/api_controlAccesos/app/Controllers/RestController.php(186): App\Libraries\vCard->__construct(false, '16764170')
#1 /home/eventodigital/public_html/api_controlAccesos/system/CodeIgniter.php(832): App\Controllers\RestController->create()
#2 /home/eventodigital/public_html/api_controlAccesos/system/CodeIgniter.php(419): CodeIgniter\CodeIgniter->runController(Object(App\Controllers\RestController))
#3 /home/eventodigital/public_html/api_controlAccesos/system/CodeIgniter.php(326): CodeIgniter\CodeIgniter->handleRequest(NULL, Object(Config\Cache), false)
#4 /home/eventodigital/public_html/api_controlAccesos/public/index.php(37): CodeIgniter\CodeIgniter->run()
#5 {main}
ERROR - 2024-10-23 11:18:18 --> Column 'nombreCompleto' cannot be null
CRITICAL - 2024-10-23 11:19:02 --> Class 'App\Libraries\Exception' not found
#0 /home/eventodigital/public_html/api_controlAccesos/app/Controllers/RestController.php(186): App\Libraries\vCard->__construct(false, '09664728')
#1 /home/eventodigital/public_html/api_controlAccesos/system/CodeIgniter.php(832): App\Controllers\RestController->create()
#2 /home/eventodigital/public_html/api_controlAccesos/system/CodeIgniter.php(419): CodeIgniter\CodeIgniter->runController(Object(App\Controllers\RestController))
#3 /home/eventodigital/public_html/api_controlAccesos/system/CodeIgniter.php(326): CodeIgniter\CodeIgniter->handleRequest(NULL, Object(Config\Cache), false)
#4 /home/eventodigital/public_html/api_controlAccesos/public/index.php(37): CodeIgniter\CodeIgniter->run()
#5 {main}
CRITICAL - 2024-10-23 11:19:06 --> Class 'App\Libraries\Exception' not found
#0 /home/eventodigital/public_html/api_controlAccesos/app/Controllers/RestController.php(186): App\Libraries\vCard->__construct(false, '02327501')
#1 /home/eventodigital/public_html/api_controlAccesos/system/CodeIgniter.php(832): App\Controllers\RestController->create()
#2 /home/eventodigital/public_html/api_controlAccesos/system/CodeIgniter.php(419): CodeIgniter\CodeIgniter->runController(Object(App\Controllers\RestController))
#3 /home/eventodigital/public_html/api_controlAccesos/system/CodeIgniter.php(326): CodeIgniter\CodeIgniter->handleRequest(NULL, Object(Config\Cache), false)
#4 /home/eventodigital/public_html/api_controlAccesos/public/index.php(37): CodeIgniter\CodeIgniter->run()
#5 {main}
CRITICAL - 2024-10-23 11:20:28 --> Class 'App\Libraries\Exception' not found
#0 /home/eventodigital/public_html/api_controlAccesos/app/Controllers/RestController.php(186): App\Libraries\vCard->__construct(false, '17660314')
#1 /home/eventodigital/public_html/api_controlAccesos/system/CodeIgniter.php(832): App\Controllers\RestController->create()
#2 /home/eventodigital/public_html/api_controlAccesos/system/CodeIgniter.php(419): CodeIgniter\CodeIgniter->runController(Object(App\Controllers\RestController))
#3 /home/eventodigital/public_html/api_controlAccesos/system/CodeIgniter.php(326): CodeIgniter\CodeIgniter->handleRequest(NULL, Object(Config\Cache), false)
#4 /home/eventodigital/public_html/api_controlAccesos/public/index.php(37): CodeIgniter\CodeIgniter->run()
#5 {main}
CRITICAL - 2024-10-23 11:20:32 --> Class 'App\Libraries\Exception' not found
#0 /home/eventodigital/public_html/api_controlAccesos/app/Controllers/RestController.php(186): App\Libraries\vCard->__construct(false, 'https://congres...')
#1 /home/eventodigital/public_html/api_controlAccesos/system/CodeIgniter.php(832): App\Controllers\RestController->create()
#2 /home/eventodigital/public_html/api_controlAccesos/system/CodeIgniter.php(419): CodeIgniter\CodeIgniter->runController(Object(App\Controllers\RestController))
#3 /home/eventodigital/public_html/api_controlAccesos/system/CodeIgniter.php(326): CodeIgniter\CodeIgniter->handleRequest(NULL, Object(Config\Cache), false)
#4 /home/eventodigital/public_html/api_controlAccesos/public/index.php(37): CodeIgniter\CodeIgniter->run()
#5 {main}
CRITICAL - 2024-10-23 11:21:41 --> Class 'App\Libraries\Exception' not found
#0 /home/eventodigital/public_html/api_controlAccesos/app/Controllers/RestController.php(186): App\Libraries\vCard->__construct(false, '04574866')
#1 /home/eventodigital/public_html/api_controlAccesos/system/CodeIgniter.php(832): App\Controllers\RestController->create()
#2 /home/eventodigital/public_html/api_controlAccesos/system/CodeIgniter.php(419): CodeIgniter\CodeIgniter->runController(Object(App\Controllers\RestController))
#3 /home/eventodigital/public_html/api_controlAccesos/system/CodeIgniter.php(326): CodeIgniter\CodeIgniter->handleRequest(NULL, Object(Config\Cache), false)
#4 /home/eventodigital/public_html/api_controlAccesos/public/index.php(37): CodeIgniter\CodeIgniter->run()
#5 {main}
CRITICAL - 2024-10-23 11:22:19 --> Class 'App\Libraries\Exception' not found
#0 /home/eventodigital/public_html/api_controlAccesos/app/Controllers/RestController.php(186): App\Libraries\vCard->__construct(false, '03611784')
#1 /home/eventodigital/public_html/api_controlAccesos/system/CodeIgniter.php(832): App\Controllers\RestController->create()
#2 /home/eventodigital/public_html/api_controlAccesos/system/CodeIgniter.php(419): CodeIgniter\CodeIgniter->runController(Object(App\Controllers\RestController))
#3 /home/eventodigital/public_html/api_controlAccesos/system/CodeIgniter.php(326): CodeIgniter\CodeIgniter->handleRequest(NULL, Object(Config\Cache), false)
#4 /home/eventodigital/public_html/api_controlAccesos/public/index.php(37): CodeIgniter\CodeIgniter->run()
#5 {main}
CRITICAL - 2024-10-23 11:22:23 --> Class 'App\Libraries\Exception' not found
#0 /home/eventodigital/public_html/api_controlAccesos/app/Controllers/RestController.php(186): App\Libraries\vCard->__construct(false, '13387739')
#1 /home/eventodigital/public_html/api_controlAccesos/system/CodeIgniter.php(832): App\Controllers\RestController->create()
#2 /home/eventodigital/public_html/api_controlAccesos/system/CodeIgniter.php(419): CodeIgniter\CodeIgniter->runController(Object(App\Controllers\RestController))
#3 /home/eventodigital/public_html/api_controlAccesos/system/CodeIgniter.php(326): CodeIgniter\CodeIgniter->handleRequest(NULL, Object(Config\Cache), false)
#4 /home/eventodigital/public_html/api_controlAccesos/public/index.php(37): CodeIgniter\CodeIgniter->run()
#5 {main}
CRITICAL - 2024-10-23 11:23:23 --> Class 'App\Libraries\Exception' not found
#0 /home/eventodigital/public_html/api_controlAccesos/app/Controllers/RestController.php(186): App\Libraries\vCard->__construct(false, '04748069')
#1 /home/eventodigital/public_html/api_controlAccesos/system/CodeIgniter.php(832): App\Controllers\RestController->create()
#2 /home/eventodigital/public_html/api_controlAccesos/system/CodeIgniter.php(419): CodeIgniter\CodeIgniter->runController(Object(App\Controllers\RestController))
#3 /home/eventodigital/public_html/api_controlAccesos/system/CodeIgniter.php(326): CodeIgniter\CodeIgniter->handleRequest(NULL, Object(Config\Cache), false)
#4 /home/eventodigital/public_html/api_controlAccesos/public/index.php(37): CodeIgniter\CodeIgniter->run()
#5 {main}
CRITICAL - 2024-10-23 11:23:42 --> Class 'App\Libraries\Exception' not found
#0 /home/eventodigital/public_html/api_controlAccesos/app/Controllers/RestController.php(186): App\Libraries\vCard->__construct(false, '08682895')
#1 /home/eventodigital/public_html/api_controlAccesos/system/CodeIgniter.php(832): App\Controllers\RestController->create()
#2 /home/eventodigital/public_html/api_controlAccesos/system/CodeIgniter.php(419): CodeIgniter\CodeIgniter->runController(Object(App\Controllers\RestController))
#3 /home/eventodigital/public_html/api_controlAccesos/system/CodeIgniter.php(326): CodeIgniter\CodeIgniter->handleRequest(NULL, Object(Config\Cache), false)
#4 /home/eventodigital/public_html/api_controlAccesos/public/index.php(37): CodeIgniter\CodeIgniter->run()
#5 {main}
CRITICAL - 2024-10-23 11:24:24 --> Class 'App\Libraries\Exception' not found
#0 /home/eventodigital/public_html/api_controlAccesos/app/Controllers/RestController.php(186): App\Libraries\vCard->__construct(false, '38')
#1 /home/eventodigital/public_html/api_controlAccesos/system/CodeIgniter.php(832): App\Controllers\RestController->create()
#2 /home/eventodigital/public_html/api_controlAccesos/system/CodeIgniter.php(419): CodeIgniter\CodeIgniter->runController(Object(App\Controllers\RestController))
#3 /home/eventodigital/public_html/api_controlAccesos/system/CodeIgniter.php(326): CodeIgniter\CodeIgniter->handleRequest(NULL, Object(Config\Cache), false)
#4 /home/eventodigital/public_html/api_controlAccesos/public/index.php(37): CodeIgniter\CodeIgniter->run()
#5 {main}
CRITICAL - 2024-10-23 11:24:45 --> Class 'App\Libraries\Exception' not found
#0 /home/eventodigital/public_html/api_controlAccesos/app/Controllers/RestController.php(186): App\Libraries\vCard->__construct(false, '00700243')
#1 /home/eventodigital/public_html/api_controlAccesos/system/CodeIgniter.php(832): App\Controllers\RestController->create()
#2 /home/eventodigital/public_html/api_controlAccesos/system/CodeIgniter.php(419): CodeIgniter\CodeIgniter->runController(Object(App\Controllers\RestController))
#3 /home/eventodigital/public_html/api_controlAccesos/system/CodeIgniter.php(326): CodeIgniter\CodeIgniter->handleRequest(NULL, Object(Config\Cache), false)
#4 /home/eventodigital/public_html/api_controlAccesos/public/index.php(37): CodeIgniter\CodeIgniter->run()
#5 {main}
CRITICAL - 2024-10-23 11:24:51 --> Class 'App\Libraries\Exception' not found
#0 /home/eventodigital/public_html/api_controlAccesos/app/Controllers/RestController.php(186): App\Libraries\vCard->__construct(false, '9551990239396')
#1 /home/eventodigital/public_html/api_controlAccesos/system/CodeIgniter.php(832): App\Controllers\RestController->create()
#2 /home/eventodigital/public_html/api_controlAccesos/system/CodeIgniter.php(419): CodeIgniter\CodeIgniter->runController(Object(App\Controllers\RestController))
#3 /home/eventodigital/public_html/api_controlAccesos/system/CodeIgniter.php(326): CodeIgniter\CodeIgniter->handleRequest(NULL, Object(Config\Cache), false)
#4 /home/eventodigital/public_html/api_controlAccesos/public/index.php(37): CodeIgniter\CodeIgniter->run()
#5 {main}
CRITICAL - 2024-10-23 11:25:37 --> Class 'App\Libraries\Exception' not found
#0 /home/eventodigital/public_html/api_controlAccesos/app/Controllers/RestController.php(186): App\Libraries\vCard->__construct(false, '07866528')
#1 /home/eventodigital/public_html/api_controlAccesos/system/CodeIgniter.php(832): App\Controllers\RestController->create()
#2 /home/eventodigital/public_html/api_controlAccesos/system/CodeIgniter.php(419): CodeIgniter\CodeIgniter->runController(Object(App\Controllers\RestController))
#3 /home/eventodigital/public_html/api_controlAccesos/system/CodeIgniter.php(326): CodeIgniter\CodeIgniter->handleRequest(NULL, Object(Config\Cache), false)
#4 /home/eventodigital/public_html/api_controlAccesos/public/index.php(37): CodeIgniter\CodeIgniter->run()
#5 {main}
CRITICAL - 2024-10-23 11:28:24 --> Class 'App\Libraries\Exception' not found
#0 /home/eventodigital/public_html/api_controlAccesos/app/Controllers/RestController.php(186): App\Libraries\vCard->__construct(false, '07012929')
#1 /home/eventodigital/public_html/api_controlAccesos/system/CodeIgniter.php(832): App\Controllers\RestController->create()
#2 /home/eventodigital/public_html/api_controlAccesos/system/CodeIgniter.php(419): CodeIgniter\CodeIgniter->runController(Object(App\Controllers\RestController))
#3 /home/eventodigital/public_html/api_controlAccesos/system/CodeIgniter.php(326): CodeIgniter\CodeIgniter->handleRequest(NULL, Object(Config\Cache), false)
#4 /home/eventodigital/public_html/api_controlAccesos/public/index.php(37): CodeIgniter\CodeIgniter->run()
#5 {main}
CRITICAL - 2024-10-23 11:28:55 --> Class 'App\Libraries\Exception' not found
#0 /home/eventodigital/public_html/api_controlAccesos/app/Controllers/RestController.php(186): App\Libraries\vCard->__construct(false, '02271611')
#1 /home/eventodigital/public_html/api_controlAccesos/system/CodeIgniter.php(832): App\Controllers\RestController->create()
#2 /home/eventodigital/public_html/api_controlAccesos/system/CodeIgniter.php(419): CodeIgniter\CodeIgniter->runController(Object(App\Controllers\RestController))
#3 /home/eventodigital/public_html/api_controlAccesos/system/CodeIgniter.php(326): CodeIgniter\CodeIgniter->handleRequest(NULL, Object(Config\Cache), false)
#4 /home/eventodigital/public_html/api_controlAccesos/public/index.php(37): CodeIgniter\CodeIgniter->run()
#5 {main}
ERROR - 2024-10-23 11:29:35 --> Column 'nombreCompleto' cannot be null
CRITICAL - 2024-10-23 11:30:40 --> Class 'App\Libraries\Exception' not found
#0 /home/eventodigital/public_html/api_controlAccesos/app/Controllers/RestController.php(186): App\Libraries\vCard->__construct(false, '06832971')
#1 /home/eventodigital/public_html/api_controlAccesos/system/CodeIgniter.php(832): App\Controllers\RestController->create()
#2 /home/eventodigital/public_html/api_controlAccesos/system/CodeIgniter.php(419): CodeIgniter\CodeIgniter->runController(Object(App\Controllers\RestController))
#3 /home/eventodigital/public_html/api_controlAccesos/system/CodeIgniter.php(326): CodeIgniter\CodeIgniter->handleRequest(NULL, Object(Config\Cache), false)
#4 /home/eventodigital/public_html/api_controlAccesos/public/index.php(37): CodeIgniter\CodeIgniter->run()
#5 {main}
CRITICAL - 2024-10-23 11:30:52 --> Class 'App\Libraries\Exception' not found
#0 /home/eventodigital/public_html/api_controlAccesos/app/Controllers/RestController.php(186): App\Libraries\vCard->__construct(false, '19163482')
#1 /home/eventodigital/public_html/api_controlAccesos/system/CodeIgniter.php(832): App\Controllers\RestController->create()
#2 /home/eventodigital/public_html/api_controlAccesos/system/CodeIgniter.php(419): CodeIgniter\CodeIgniter->runController(Object(App\Controllers\RestController))
#3 /home/eventodigital/public_html/api_controlAccesos/system/CodeIgniter.php(326): CodeIgniter\CodeIgniter->handleRequest(NULL, Object(Config\Cache), false)
#4 /home/eventodigital/public_html/api_controlAccesos/public/index.php(37): CodeIgniter\CodeIgniter->run()
#5 {main}
CRITICAL - 2024-10-23 11:31:00 --> Class 'App\Libraries\Exception' not found
#0 /home/eventodigital/public_html/api_controlAccesos/app/Controllers/RestController.php(186): App\Libraries\vCard->__construct(false, '09214569')
#1 /home/eventodigital/public_html/api_controlAccesos/system/CodeIgniter.php(832): App\Controllers\RestController->create()
#2 /home/eventodigital/public_html/api_controlAccesos/system/CodeIgniter.php(419): CodeIgniter\CodeIgniter->runController(Object(App\Controllers\RestController))
#3 /home/eventodigital/public_html/api_controlAccesos/system/CodeIgniter.php(326): CodeIgniter\CodeIgniter->handleRequest(NULL, Object(Config\Cache), false)
#4 /home/eventodigital/public_html/api_controlAccesos/public/index.php(37): CodeIgniter\CodeIgniter->run()
#5 {main}
CRITICAL - 2024-10-23 11:31:30 --> Class 'App\Libraries\Exception' not found
#0 /home/eventodigital/public_html/api_controlAccesos/app/Controllers/RestController.php(186): App\Libraries\vCard->__construct(false, 'https://congres...')
#1 /home/eventodigital/public_html/api_controlAccesos/system/CodeIgniter.php(832): App\Controllers\RestController->create()
#2 /home/eventodigital/public_html/api_controlAccesos/system/CodeIgniter.php(419): CodeIgniter\CodeIgniter->runController(Object(App\Controllers\RestController))
#3 /home/eventodigital/public_html/api_controlAccesos/system/CodeIgniter.php(326): CodeIgniter\CodeIgniter->handleRequest(NULL, Object(Config\Cache), false)
#4 /home/eventodigital/public_html/api_controlAccesos/public/index.php(37): CodeIgniter\CodeIgniter->run()
#5 {main}
CRITICAL - 2024-10-23 11:32:52 --> Class 'App\Libraries\Exception' not found
#0 /home/eventodigital/public_html/api_controlAccesos/app/Controllers/RestController.php(186): App\Libraries\vCard->__construct(false, '00674140')
#1 /home/eventodigital/public_html/api_controlAccesos/system/CodeIgniter.php(832): App\Controllers\RestController->create()
#2 /home/eventodigital/public_html/api_controlAccesos/system/CodeIgniter.php(419): CodeIgniter\CodeIgniter->runController(Object(App\Controllers\RestController))
#3 /home/eventodigital/public_html/api_controlAccesos/system/CodeIgniter.php(326): CodeIgniter\CodeIgniter->handleRequest(NULL, Object(Config\Cache), false)
#4 /home/eventodigital/public_html/api_controlAccesos/public/index.php(37): CodeIgniter\CodeIgniter->run()
#5 {main}
CRITICAL - 2024-10-23 11:33:09 --> Class 'App\Libraries\Exception' not found
#0 /home/eventodigital/public_html/api_controlAccesos/app/Controllers/RestController.php(186): App\Libraries\vCard->__construct(false, '10163623')
#1 /home/eventodigital/public_html/api_controlAccesos/system/CodeIgniter.php(832): App\Controllers\RestController->create()
#2 /home/eventodigital/public_html/api_controlAccesos/system/CodeIgniter.php(419): CodeIgniter\CodeIgniter->runController(Object(App\Controllers\RestController))
#3 /home/eventodigital/public_html/api_controlAccesos/system/CodeIgniter.php(326): CodeIgniter\CodeIgniter->handleRequest(NULL, Object(Config\Cache), false)
#4 /home/eventodigital/public_html/api_controlAccesos/public/index.php(37): CodeIgniter\CodeIgniter->run()
#5 {main}
ERROR - 2024-10-23 11:35:20 --> Column 'nombreCompleto' cannot be null
CRITICAL - 2024-10-23 11:35:23 --> Class 'App\Libraries\Exception' not found
#0 /home/eventodigital/public_html/api_controlAccesos/app/Controllers/RestController.php(186): App\Libraries\vCard->__construct(false, 'https://congres...')
#1 /home/eventodigital/public_html/api_controlAccesos/system/CodeIgniter.php(832): App\Controllers\RestController->create()
#2 /home/eventodigital/public_html/api_controlAccesos/system/CodeIgniter.php(419): CodeIgniter\CodeIgniter->runController(Object(App\Controllers\RestController))
#3 /home/eventodigital/public_html/api_controlAccesos/system/CodeIgniter.php(326): CodeIgniter\CodeIgniter->handleRequest(NULL, Object(Config\Cache), false)
#4 /home/eventodigital/public_html/api_controlAccesos/public/index.php(37): CodeIgniter\CodeIgniter->run()
#5 {main}
CRITICAL - 2024-10-23 11:38:30 --> Class 'App\Libraries\Exception' not found
#0 /home/eventodigital/public_html/api_controlAccesos/app/Controllers/RestController.php(186): App\Libraries\vCard->__construct(false, 'https://congres...')
#1 /home/eventodigital/public_html/api_controlAccesos/system/CodeIgniter.php(832): App\Controllers\RestController->create()
#2 /home/eventodigital/public_html/api_controlAccesos/system/CodeIgniter.php(419): CodeIgniter\CodeIgniter->runController(Object(App\Controllers\RestController))
#3 /home/eventodigital/public_html/api_controlAccesos/system/CodeIgniter.php(326): CodeIgniter\CodeIgniter->handleRequest(NULL, Object(Config\Cache), false)
#4 /home/eventodigital/public_html/api_controlAccesos/public/index.php(37): CodeIgniter\CodeIgniter->run()
#5 {main}
CRITICAL - 2024-10-23 11:38:36 --> Class 'App\Libraries\Exception' not found
#0 /home/eventodigital/public_html/api_controlAccesos/app/Controllers/RestController.php(186): App\Libraries\vCard->__construct(false, '02890968')
#1 /home/eventodigital/public_html/api_controlAccesos/system/CodeIgniter.php(832): App\Controllers\RestController->create()
#2 /home/eventodigital/public_html/api_controlAccesos/system/CodeIgniter.php(419): CodeIgniter\CodeIgniter->runController(Object(App\Controllers\RestController))
#3 /home/eventodigital/public_html/api_controlAccesos/system/CodeIgniter.php(326): CodeIgniter\CodeIgniter->handleRequest(NULL, Object(Config\Cache), false)
#4 /home/eventodigital/public_html/api_controlAccesos/public/index.php(37): CodeIgniter\CodeIgniter->run()
#5 {main}
CRITICAL - 2024-10-23 11:39:11 --> Class 'App\Libraries\Exception' not found
#0 /home/eventodigital/public_html/api_controlAccesos/app/Controllers/RestController.php(186): App\Libraries\vCard->__construct(false, '08389230')
#1 /home/eventodigital/public_html/api_controlAccesos/system/CodeIgniter.php(832): App\Controllers\RestController->create()
#2 /home/eventodigital/public_html/api_controlAccesos/system/CodeIgniter.php(419): CodeIgniter\CodeIgniter->runController(Object(App\Controllers\RestController))
#3 /home/eventodigital/public_html/api_controlAccesos/system/CodeIgniter.php(326): CodeIgniter\CodeIgniter->handleRequest(NULL, Object(Config\Cache), false)
#4 /home/eventodigital/public_html/api_controlAccesos/public/index.php(37): CodeIgniter\CodeIgniter->run()
#5 {main}
CRITICAL - 2024-10-23 11:40:39 --> Class 'App\Libraries\Exception' not found
#0 /home/eventodigital/public_html/api_controlAccesos/app/Controllers/RestController.php(186): App\Libraries\vCard->__construct(false, '11134381')
#1 /home/eventodigital/public_html/api_controlAccesos/system/CodeIgniter.php(832): App\Controllers\RestController->create()
#2 /home/eventodigital/public_html/api_controlAccesos/system/CodeIgniter.php(419): CodeIgniter\CodeIgniter->runController(Object(App\Controllers\RestController))
#3 /home/eventodigital/public_html/api_controlAccesos/system/CodeIgniter.php(326): CodeIgniter\CodeIgniter->handleRequest(NULL, Object(Config\Cache), false)
#4 /home/eventodigital/public_html/api_controlAccesos/public/index.php(37): CodeIgniter\CodeIgniter->run()
#5 {main}
CRITICAL - 2024-10-23 11:40:45 --> Class 'App\Libraries\Exception' not found
#0 /home/eventodigital/public_html/api_controlAccesos/app/Controllers/RestController.php(186): App\Libraries\vCard->__construct(false, '08711233')
#1 /home/eventodigital/public_html/api_controlAccesos/system/CodeIgniter.php(832): App\Controllers\RestController->create()
#2 /home/eventodigital/public_html/api_controlAccesos/system/CodeIgniter.php(419): CodeIgniter\CodeIgniter->runController(Object(App\Controllers\RestController))
#3 /home/eventodigital/public_html/api_controlAccesos/system/CodeIgniter.php(326): CodeIgniter\CodeIgniter->handleRequest(NULL, Object(Config\Cache), false)
#4 /home/eventodigital/public_html/api_controlAccesos/public/index.php(37): CodeIgniter\CodeIgniter->run()
#5 {main}
CRITICAL - 2024-10-23 11:41:27 --> Class 'App\Libraries\Exception' not found
#0 /home/eventodigital/public_html/api_controlAccesos/app/Controllers/RestController.php(186): App\Libraries\vCard->__construct(false, '00882125')
#1 /home/eventodigital/public_html/api_controlAccesos/system/CodeIgniter.php(832): App\Controllers\RestController->create()
#2 /home/eventodigital/public_html/api_controlAccesos/system/CodeIgniter.php(419): CodeIgniter\CodeIgniter->runController(Object(App\Controllers\RestController))
#3 /home/eventodigital/public_html/api_controlAccesos/system/CodeIgniter.php(326): CodeIgniter\CodeIgniter->handleRequest(NULL, Object(Config\Cache), false)
#4 /home/eventodigital/public_html/api_controlAccesos/public/index.php(37): CodeIgniter\CodeIgniter->run()
#5 {main}
CRITICAL - 2024-10-23 11:41:34 --> Class 'App\Libraries\Exception' not found
#0 /home/eventodigital/public_html/api_controlAccesos/app/Controllers/RestController.php(186): App\Libraries\vCard->__construct(false, '04866739')
#1 /home/eventodigital/public_html/api_controlAccesos/system/CodeIgniter.php(832): App\Controllers\RestController->create()
#2 /home/eventodigital/public_html/api_controlAccesos/system/CodeIgniter.php(419): CodeIgniter\CodeIgniter->runController(Object(App\Controllers\RestController))
#3 /home/eventodigital/public_html/api_controlAccesos/system/CodeIgniter.php(326): CodeIgniter\CodeIgniter->handleRequest(NULL, Object(Config\Cache), false)
#4 /home/eventodigital/public_html/api_controlAccesos/public/index.php(37): CodeIgniter\CodeIgniter->run()
#5 {main}
CRITICAL - 2024-10-23 11:42:48 --> Class 'App\Libraries\Exception' not found
#0 /home/eventodigital/public_html/api_controlAccesos/app/Controllers/RestController.php(186): App\Libraries\vCard->__construct(false, '10107414')
#1 /home/eventodigital/public_html/api_controlAccesos/system/CodeIgniter.php(832): App\Controllers\RestController->create()
#2 /home/eventodigital/public_html/api_controlAccesos/system/CodeIgniter.php(419): CodeIgniter\CodeIgniter->runController(Object(App\Controllers\RestController))
#3 /home/eventodigital/public_html/api_controlAccesos/system/CodeIgniter.php(326): CodeIgniter\CodeIgniter->handleRequest(NULL, Object(Config\Cache), false)
#4 /home/eventodigital/public_html/api_controlAccesos/public/index.php(37): CodeIgniter\CodeIgniter->run()
#5 {main}
CRITICAL - 2024-10-23 11:43:03 --> Class 'App\Libraries\Exception' not found
#0 /home/eventodigital/public_html/api_controlAccesos/app/Controllers/RestController.php(186): App\Libraries\vCard->__construct(false, '43')
#1 /home/eventodigital/public_html/api_controlAccesos/system/CodeIgniter.php(832): App\Controllers\RestController->create()
#2 /home/eventodigital/public_html/api_controlAccesos/system/CodeIgniter.php(419): CodeIgniter\CodeIgniter->runController(Object(App\Controllers\RestController))
#3 /home/eventodigital/public_html/api_controlAccesos/system/CodeIgniter.php(326): CodeIgniter\CodeIgniter->handleRequest(NULL, Object(Config\Cache), false)
#4 /home/eventodigital/public_html/api_controlAccesos/public/index.php(37): CodeIgniter\CodeIgniter->run()
#5 {main}
CRITICAL - 2024-10-23 11:43:05 --> Class 'App\Libraries\Exception' not found
#0 /home/eventodigital/public_html/api_controlAccesos/app/Controllers/RestController.php(186): App\Libraries\vCard->__construct(false, '06128803')
#1 /home/eventodigital/public_html/api_controlAccesos/system/CodeIgniter.php(832): App\Controllers\RestController->create()
#2 /home/eventodigital/public_html/api_controlAccesos/system/CodeIgniter.php(419): CodeIgniter\CodeIgniter->runController(Object(App\Controllers\RestController))
#3 /home/eventodigital/public_html/api_controlAccesos/system/CodeIgniter.php(326): CodeIgniter\CodeIgniter->handleRequest(NULL, Object(Config\Cache), false)
#4 /home/eventodigital/public_html/api_controlAccesos/public/index.php(37): CodeIgniter\CodeIgniter->run()
#5 {main}
CRITICAL - 2024-10-23 11:43:06 --> Class 'App\Libraries\Exception' not found
#0 /home/eventodigital/public_html/api_controlAccesos/app/Controllers/RestController.php(186): App\Libraries\vCard->__construct(false, '16312180')
#1 /home/eventodigital/public_html/api_controlAccesos/system/CodeIgniter.php(832): App\Controllers\RestController->create()
#2 /home/eventodigital/public_html/api_controlAccesos/system/CodeIgniter.php(419): CodeIgniter\CodeIgniter->runController(Object(App\Controllers\RestController))
#3 /home/eventodigital/public_html/api_controlAccesos/system/CodeIgniter.php(326): CodeIgniter\CodeIgniter->handleRequest(NULL, Object(Config\Cache), false)
#4 /home/eventodigital/public_html/api_controlAccesos/public/index.php(37): CodeIgniter\CodeIgniter->run()
#5 {main}
CRITICAL - 2024-10-23 11:43:45 --> Class 'App\Libraries\Exception' not found
#0 /home/eventodigital/public_html/api_controlAccesos/app/Controllers/RestController.php(186): App\Libraries\vCard->__construct(false, '17353076')
#1 /home/eventodigital/public_html/api_controlAccesos/system/CodeIgniter.php(832): App\Controllers\RestController->create()
#2 /home/eventodigital/public_html/api_controlAccesos/system/CodeIgniter.php(419): CodeIgniter\CodeIgniter->runController(Object(App\Controllers\RestController))
#3 /home/eventodigital/public_html/api_controlAccesos/system/CodeIgniter.php(326): CodeIgniter\CodeIgniter->handleRequest(NULL, Object(Config\Cache), false)
#4 /home/eventodigital/public_html/api_controlAccesos/public/index.php(37): CodeIgniter\CodeIgniter->run()
#5 {main}
CRITICAL - 2024-10-23 11:44:19 --> Class 'App\Libraries\Exception' not found
#0 /home/eventodigital/public_html/api_controlAccesos/app/Controllers/RestController.php(186): App\Libraries\vCard->__construct(false, '19780795')
#1 /home/eventodigital/public_html/api_controlAccesos/system/CodeIgniter.php(832): App\Controllers\RestController->create()
#2 /home/eventodigital/public_html/api_controlAccesos/system/CodeIgniter.php(419): CodeIgniter\CodeIgniter->runController(Object(App\Controllers\RestController))
#3 /home/eventodigital/public_html/api_controlAccesos/system/CodeIgniter.php(326): CodeIgniter\CodeIgniter->handleRequest(NULL, Object(Config\Cache), false)
#4 /home/eventodigital/public_html/api_controlAccesos/public/index.php(37): CodeIgniter\CodeIgniter->run()
#5 {main}
CRITICAL - 2024-10-23 11:45:27 --> Class 'App\Libraries\Exception' not found
#0 /home/eventodigital/public_html/api_controlAccesos/app/Controllers/RestController.php(186): App\Libraries\vCard->__construct(false, '01059656')
#1 /home/eventodigital/public_html/api_controlAccesos/system/CodeIgniter.php(832): App\Controllers\RestController->create()
#2 /home/eventodigital/public_html/api_controlAccesos/system/CodeIgniter.php(419): CodeIgniter\CodeIgniter->runController(Object(App\Controllers\RestController))
#3 /home/eventodigital/public_html/api_controlAccesos/system/CodeIgniter.php(326): CodeIgniter\CodeIgniter->handleRequest(NULL, Object(Config\Cache), false)
#4 /home/eventodigital/public_html/api_controlAccesos/public/index.php(37): CodeIgniter\CodeIgniter->run()
#5 {main}
ERROR - 2024-10-23 11:45:29 --> Column 'nombreCompleto' cannot be null
CRITICAL - 2024-10-23 11:47:20 --> Class 'App\Libraries\Exception' not found
#0 /home/eventodigital/public_html/api_controlAccesos/app/Controllers/RestController.php(186): App\Libraries\vCard->__construct(false, '14643477')
#1 /home/eventodigital/public_html/api_controlAccesos/system/CodeIgniter.php(832): App\Controllers\RestController->create()
#2 /home/eventodigital/public_html/api_controlAccesos/system/CodeIgniter.php(419): CodeIgniter\CodeIgniter->runController(Object(App\Controllers\RestController))
#3 /home/eventodigital/public_html/api_controlAccesos/system/CodeIgniter.php(326): CodeIgniter\CodeIgniter->handleRequest(NULL, Object(Config\Cache), false)
#4 /home/eventodigital/public_html/api_controlAccesos/public/index.php(37): CodeIgniter\CodeIgniter->run()
#5 {main}
CRITICAL - 2024-10-23 11:47:27 --> Class 'App\Libraries\Exception' not found
#0 /home/eventodigital/public_html/api_controlAccesos/app/Controllers/RestController.php(186): App\Libraries\vCard->__construct(false, '03354582')
#1 /home/eventodigital/public_html/api_controlAccesos/system/CodeIgniter.php(832): App\Controllers\RestController->create()
#2 /home/eventodigital/public_html/api_controlAccesos/system/CodeIgniter.php(419): CodeIgniter\CodeIgniter->runController(Object(App\Controllers\RestController))
#3 /home/eventodigital/public_html/api_controlAccesos/system/CodeIgniter.php(326): CodeIgniter\CodeIgniter->handleRequest(NULL, Object(Config\Cache), false)
#4 /home/eventodigital/public_html/api_controlAccesos/public/index.php(37): CodeIgniter\CodeIgniter->run()
#5 {main}
CRITICAL - 2024-10-23 11:47:39 --> Class 'App\Libraries\Exception' not found
#0 /home/eventodigital/public_html/api_controlAccesos/app/Controllers/RestController.php(186): App\Libraries\vCard->__construct(false, 'https://congres...')
#1 /home/eventodigital/public_html/api_controlAccesos/system/CodeIgniter.php(832): App\Controllers\RestController->create()
#2 /home/eventodigital/public_html/api_controlAccesos/system/CodeIgniter.php(419): CodeIgniter\CodeIgniter->runController(Object(App\Controllers\RestController))
#3 /home/eventodigital/public_html/api_controlAccesos/system/CodeIgniter.php(326): CodeIgniter\CodeIgniter->handleRequest(NULL, Object(Config\Cache), false)
#4 /home/eventodigital/public_html/api_controlAccesos/public/index.php(37): CodeIgniter\CodeIgniter->run()
#5 {main}
CRITICAL - 2024-10-23 11:48:49 --> Class 'App\Libraries\Exception' not found
#0 /home/eventodigital/public_html/api_controlAccesos/app/Controllers/RestController.php(186): App\Libraries\vCard->__construct(false, '06591922')
#1 /home/eventodigital/public_html/api_controlAccesos/system/CodeIgniter.php(832): App\Controllers\RestController->create()
#2 /home/eventodigital/public_html/api_controlAccesos/system/CodeIgniter.php(419): CodeIgniter\CodeIgniter->runController(Object(App\Controllers\RestController))
#3 /home/eventodigital/public_html/api_controlAccesos/system/CodeIgniter.php(326): CodeIgniter\CodeIgniter->handleRequest(NULL, Object(Config\Cache), false)
#4 /home/eventodigital/public_html/api_controlAccesos/public/index.php(37): CodeIgniter\CodeIgniter->run()
#5 {main}
CRITICAL - 2024-10-23 11:49:36 --> Class 'App\Libraries\Exception' not found
#0 /home/eventodigital/public_html/api_controlAccesos/app/Controllers/RestController.php(186): App\Libraries\vCard->__construct(false, 'https://congres...')
#1 /home/eventodigital/public_html/api_controlAccesos/system/CodeIgniter.php(832): App\Controllers\RestController->create()
#2 /home/eventodigital/public_html/api_controlAccesos/system/CodeIgniter.php(419): CodeIgniter\CodeIgniter->runController(Object(App\Controllers\RestController))
#3 /home/eventodigital/public_html/api_controlAccesos/system/CodeIgniter.php(326): CodeIgniter\CodeIgniter->handleRequest(NULL, Object(Config\Cache), false)
#4 /home/eventodigital/public_html/api_controlAccesos/public/index.php(37): CodeIgniter\CodeIgniter->run()
#5 {main}
CRITICAL - 2024-10-23 11:50:41 --> Class 'App\Libraries\Exception' not found
#0 /home/eventodigital/public_html/api_controlAccesos/app/Controllers/RestController.php(186): App\Libraries\vCard->__construct(false, '08511751')
#1 /home/eventodigital/public_html/api_controlAccesos/system/CodeIgniter.php(832): App\Controllers\RestController->create()
#2 /home/eventodigital/public_html/api_controlAccesos/system/CodeIgniter.php(419): CodeIgniter\CodeIgniter->runController(Object(App\Controllers\RestController))
#3 /home/eventodigital/public_html/api_controlAccesos/system/CodeIgniter.php(326): CodeIgniter\CodeIgniter->handleRequest(NULL, Object(Config\Cache), false)
#4 /home/eventodigital/public_html/api_controlAccesos/public/index.php(37): CodeIgniter\CodeIgniter->run()
#5 {main}
ERROR - 2024-10-23 11:50:46 --> Column 'nombreCompleto' cannot be null
CRITICAL - 2024-10-23 11:51:39 --> Class 'App\Libraries\Exception' not found
#0 /home/eventodigital/public_html/api_controlAccesos/app/Controllers/RestController.php(186): App\Libraries\vCard->__construct(false, '02618717')
#1 /home/eventodigital/public_html/api_controlAccesos/system/CodeIgniter.php(832): App\Controllers\RestController->create()
#2 /home/eventodigital/public_html/api_controlAccesos/system/CodeIgniter.php(419): CodeIgniter\CodeIgniter->runController(Object(App\Controllers\RestController))
#3 /home/eventodigital/public_html/api_controlAccesos/system/CodeIgniter.php(326): CodeIgniter\CodeIgniter->handleRequest(NULL, Object(Config\Cache), false)
#4 /home/eventodigital/public_html/api_controlAccesos/public/index.php(37): CodeIgniter\CodeIgniter->run()
#5 {main}
CRITICAL - 2024-10-23 11:51:49 --> Class 'App\Libraries\Exception' not found
#0 /home/eventodigital/public_html/api_controlAccesos/app/Controllers/RestController.php(186): App\Libraries\vCard->__construct(false, '01720587')
#1 /home/eventodigital/public_html/api_controlAccesos/system/CodeIgniter.php(832): App\Controllers\RestController->create()
#2 /home/eventodigital/public_html/api_controlAccesos/system/CodeIgniter.php(419): CodeIgniter\CodeIgniter->runController(Object(App\Controllers\RestController))
#3 /home/eventodigital/public_html/api_controlAccesos/system/CodeIgniter.php(326): CodeIgniter\CodeIgniter->handleRequest(NULL, Object(Config\Cache), false)
#4 /home/eventodigital/public_html/api_controlAccesos/public/index.php(37): CodeIgniter\CodeIgniter->run()
#5 {main}
CRITICAL - 2024-10-23 11:52:16 --> Class 'App\Libraries\Exception' not found
#0 /home/eventodigital/public_html/api_controlAccesos/app/Controllers/RestController.php(186): App\Libraries\vCard->__construct(false, '19559278')
#1 /home/eventodigital/public_html/api_controlAccesos/system/CodeIgniter.php(832): App\Controllers\RestController->create()
#2 /home/eventodigital/public_html/api_controlAccesos/system/CodeIgniter.php(419): CodeIgniter\CodeIgniter->runController(Object(App\Controllers\RestController))
#3 /home/eventodigital/public_html/api_controlAccesos/system/CodeIgniter.php(326): CodeIgniter\CodeIgniter->handleRequest(NULL, Object(Config\Cache), false)
#4 /home/eventodigital/public_html/api_controlAccesos/public/index.php(37): CodeIgniter\CodeIgniter->run()
#5 {main}
CRITICAL - 2024-10-23 11:53:42 --> Class 'App\Libraries\Exception' not found
#0 /home/eventodigital/public_html/api_controlAccesos/app/Controllers/RestController.php(186): App\Libraries\vCard->__construct(false, '12475568')
#1 /home/eventodigital/public_html/api_controlAccesos/system/CodeIgniter.php(832): App\Controllers\RestController->create()
#2 /home/eventodigital/public_html/api_controlAccesos/system/CodeIgniter.php(419): CodeIgniter\CodeIgniter->runController(Object(App\Controllers\RestController))
#3 /home/eventodigital/public_html/api_controlAccesos/system/CodeIgniter.php(326): CodeIgniter\CodeIgniter->handleRequest(NULL, Object(Config\Cache), false)
#4 /home/eventodigital/public_html/api_controlAccesos/public/index.php(37): CodeIgniter\CodeIgniter->run()
#5 {main}
CRITICAL - 2024-10-23 11:55:14 --> Class 'App\Libraries\Exception' not found
#0 /home/eventodigital/public_html/api_controlAccesos/app/Controllers/RestController.php(186): App\Libraries\vCard->__construct(false, '14415142')
#1 /home/eventodigital/public_html/api_controlAccesos/system/CodeIgniter.php(832): App\Controllers\RestController->create()
#2 /home/eventodigital/public_html/api_controlAccesos/system/CodeIgniter.php(419): CodeIgniter\CodeIgniter->runController(Object(App\Controllers\RestController))
#3 /home/eventodigital/public_html/api_controlAccesos/system/CodeIgniter.php(326): CodeIgniter\CodeIgniter->handleRequest(NULL, Object(Config\Cache), false)
#4 /home/eventodigital/public_html/api_controlAccesos/public/index.php(37): CodeIgniter\CodeIgniter->run()
#5 {main}
ERROR - 2024-10-23 11:55:28 --> Column 'nombreCompleto' cannot be null
CRITICAL - 2024-10-23 11:55:44 --> Class 'App\Libraries\Exception' not found
#0 /home/eventodigital/public_html/api_controlAccesos/app/Controllers/RestController.php(186): App\Libraries\vCard->__construct(false, '15668503')
#1 /home/eventodigital/public_html/api_controlAccesos/system/CodeIgniter.php(832): App\Controllers\RestController->create()
#2 /home/eventodigital/public_html/api_controlAccesos/system/CodeIgniter.php(419): CodeIgniter\CodeIgniter->runController(Object(App\Controllers\RestController))
#3 /home/eventodigital/public_html/api_controlAccesos/system/CodeIgniter.php(326): CodeIgniter\CodeIgniter->handleRequest(NULL, Object(Config\Cache), false)
#4 /home/eventodigital/public_html/api_controlAccesos/public/index.php(37): CodeIgniter\CodeIgniter->run()
#5 {main}
CRITICAL - 2024-10-23 11:56:34 --> Class 'App\Libraries\Exception' not found
#0 /home/eventodigital/public_html/api_controlAccesos/app/Controllers/RestController.php(186): App\Libraries\vCard->__construct(false, '07002439')
#1 /home/eventodigital/public_html/api_controlAccesos/system/CodeIgniter.php(832): App\Controllers\RestController->create()
#2 /home/eventodigital/public_html/api_controlAccesos/system/CodeIgniter.php(419): CodeIgniter\CodeIgniter->runController(Object(App\Controllers\RestController))
#3 /home/eventodigital/public_html/api_controlAccesos/system/CodeIgniter.php(326): CodeIgniter\CodeIgniter->handleRequest(NULL, Object(Config\Cache), false)
#4 /home/eventodigital/public_html/api_controlAccesos/public/index.php(37): CodeIgniter\CodeIgniter->run()
#5 {main}
CRITICAL - 2024-10-23 11:56:35 --> Class 'App\Libraries\Exception' not found
#0 /home/eventodigital/public_html/api_controlAccesos/app/Controllers/RestController.php(186): App\Libraries\vCard->__construct(false, '03926628')
#1 /home/eventodigital/public_html/api_controlAccesos/system/CodeIgniter.php(832): App\Controllers\RestController->create()
#2 /home/eventodigital/public_html/api_controlAccesos/system/CodeIgniter.php(419): CodeIgniter\CodeIgniter->runController(Object(App\Controllers\RestController))
#3 /home/eventodigital/public_html/api_controlAccesos/system/CodeIgniter.php(326): CodeIgniter\CodeIgniter->handleRequest(NULL, Object(Config\Cache), false)
#4 /home/eventodigital/public_html/api_controlAccesos/public/index.php(37): CodeIgniter\CodeIgniter->run()
#5 {main}
ERROR - 2024-10-23 11:56:38 --> Column 'nombreCompleto' cannot be null
CRITICAL - 2024-10-23 11:58:00 --> Class 'App\Libraries\Exception' not found
#0 /home/eventodigital/public_html/api_controlAccesos/app/Controllers/RestController.php(186): App\Libraries\vCard->__construct(false, '01027234')
#1 /home/eventodigital/public_html/api_controlAccesos/system/CodeIgniter.php(832): App\Controllers\RestController->create()
#2 /home/eventodigital/public_html/api_controlAccesos/system/CodeIgniter.php(419): CodeIgniter\CodeIgniter->runController(Object(App\Controllers\RestController))
#3 /home/eventodigital/public_html/api_controlAccesos/system/CodeIgniter.php(326): CodeIgniter\CodeIgniter->handleRequest(NULL, Object(Config\Cache), false)
#4 /home/eventodigital/public_html/api_controlAccesos/public/index.php(37): CodeIgniter\CodeIgniter->run()
#5 {main}
CRITICAL - 2024-10-23 11:58:32 --> Class 'App\Libraries\Exception' not found
#0 /home/eventodigital/public_html/api_controlAccesos/app/Controllers/RestController.php(186): App\Libraries\vCard->__construct(false, '59')
#1 /home/eventodigital/public_html/api_controlAccesos/system/CodeIgniter.php(832): App\Controllers\RestController->create()
#2 /home/eventodigital/public_html/api_controlAccesos/system/CodeIgniter.php(419): CodeIgniter\CodeIgniter->runController(Object(App\Controllers\RestController))
#3 /home/eventodigital/public_html/api_controlAccesos/system/CodeIgniter.php(326): CodeIgniter\CodeIgniter->handleRequest(NULL, Object(Config\Cache), false)
#4 /home/eventodigital/public_html/api_controlAccesos/public/index.php(37): CodeIgniter\CodeIgniter->run()
#5 {main}
CRITICAL - 2024-10-23 11:59:15 --> Class 'App\Libraries\Exception' not found
#0 /home/eventodigital/public_html/api_controlAccesos/app/Controllers/RestController.php(186): App\Libraries\vCard->__construct(false, '02018478')
#1 /home/eventodigital/public_html/api_controlAccesos/system/CodeIgniter.php(832): App\Controllers\RestController->create()
#2 /home/eventodigital/public_html/api_controlAccesos/system/CodeIgniter.php(419): CodeIgniter\CodeIgniter->runController(Object(App\Controllers\RestController))
#3 /home/eventodigital/public_html/api_controlAccesos/system/CodeIgniter.php(326): CodeIgniter\CodeIgniter->handleRequest(NULL, Object(Config\Cache), false)
#4 /home/eventodigital/public_html/api_controlAccesos/public/index.php(37): CodeIgniter\CodeIgniter->run()
#5 {main}
CRITICAL - 2024-10-23 11:59:15 --> Class 'App\Libraries\Exception' not found
#0 /home/eventodigital/public_html/api_controlAccesos/app/Controllers/RestController.php(186): App\Libraries\vCard->__construct(false, '18081747')
#1 /home/eventodigital/public_html/api_controlAccesos/system/CodeIgniter.php(832): App\Controllers\RestController->create()
#2 /home/eventodigital/public_html/api_controlAccesos/system/CodeIgniter.php(419): CodeIgniter\CodeIgniter->runController(Object(App\Controllers\RestController))
#3 /home/eventodigital/public_html/api_controlAccesos/system/CodeIgniter.php(326): CodeIgniter\CodeIgniter->handleRequest(NULL, Object(Config\Cache), false)
#4 /home/eventodigital/public_html/api_controlAccesos/public/index.php(37): CodeIgniter\CodeIgniter->run()
#5 {main}
ERROR - 2024-10-23 11:59:18 --> Column 'nombreCompleto' cannot be null
ERROR - 2024-10-23 11:59:22 --> Column 'nombreCompleto' cannot be null
CRITICAL - 2024-10-23 11:59:41 --> Class 'App\Libraries\Exception' not found
#0 /home/eventodigital/public_html/api_controlAccesos/app/Controllers/RestController.php(186): App\Libraries\vCard->__construct(false, '00764631')
#1 /home/eventodigital/public_html/api_controlAccesos/system/CodeIgniter.php(832): App\Controllers\RestController->create()
#2 /home/eventodigital/public_html/api_controlAccesos/system/CodeIgniter.php(419): CodeIgniter\CodeIgniter->runController(Object(App\Controllers\RestController))
#3 /home/eventodigital/public_html/api_controlAccesos/system/CodeIgniter.php(326): CodeIgniter\CodeIgniter->handleRequest(NULL, Object(Config\Cache), false)
#4 /home/eventodigital/public_html/api_controlAccesos/public/index.php(37): CodeIgniter\CodeIgniter->run()
#5 {main}
ERROR - 2024-10-23 11:59:48 --> Column 'nombreCompleto' cannot be null
CRITICAL - 2024-10-23 12:00:18 --> Class 'App\Libraries\Exception' not found
#0 /home/eventodigital/public_html/api_controlAccesos/app/Controllers/RestController.php(186): App\Libraries\vCard->__construct(false, '\xEF\xBB\xBFBEGIN:VCARD\n...')
#1 /home/eventodigital/public_html/api_controlAccesos/system/CodeIgniter.php(832): App\Controllers\RestController->create()
#2 /home/eventodigital/public_html/api_controlAccesos/system/CodeIgniter.php(419): CodeIgniter\CodeIgniter->runController(Object(App\Controllers\RestController))
#3 /home/eventodigital/public_html/api_controlAccesos/system/CodeIgniter.php(326): CodeIgniter\CodeIgniter->handleRequest(NULL, Object(Config\Cache), false)
#4 /home/eventodigital/public_html/api_controlAccesos/public/index.php(37): CodeIgniter\CodeIgniter->run()
#5 {main}
CRITICAL - 2024-10-23 12:00:25 --> Class 'App\Libraries\Exception' not found
#0 /home/eventodigital/public_html/api_controlAccesos/app/Controllers/RestController.php(186): App\Libraries\vCard->__construct(false, '03968939')
#1 /home/eventodigital/public_html/api_controlAccesos/system/CodeIgniter.php(832): App\Controllers\RestController->create()
#2 /home/eventodigital/public_html/api_controlAccesos/system/CodeIgniter.php(419): CodeIgniter\CodeIgniter->runController(Object(App\Controllers\RestController))
#3 /home/eventodigital/public_html/api_controlAccesos/system/CodeIgniter.php(326): CodeIgniter\CodeIgniter->handleRequest(NULL, Object(Config\Cache), false)
#4 /home/eventodigital/public_html/api_controlAccesos/public/index.php(37): CodeIgniter\CodeIgniter->run()
#5 {main}
CRITICAL - 2024-10-23 12:00:49 --> Class 'App\Libraries\Exception' not found
#0 /home/eventodigital/public_html/api_controlAccesos/app/Controllers/RestController.php(186): App\Libraries\vCard->__construct(false, '10365736')
#1 /home/eventodigital/public_html/api_controlAccesos/system/CodeIgniter.php(832): App\Controllers\RestController->create()
#2 /home/eventodigital/public_html/api_controlAccesos/system/CodeIgniter.php(419): CodeIgniter\CodeIgniter->runController(Object(App\Controllers\RestController))
#3 /home/eventodigital/public_html/api_controlAccesos/system/CodeIgniter.php(326): CodeIgniter\CodeIgniter->handleRequest(NULL, Object(Config\Cache), false)
#4 /home/eventodigital/public_html/api_controlAccesos/public/index.php(37): CodeIgniter\CodeIgniter->run()
#5 {main}
ERROR - 2024-10-23 12:00:51 --> Column 'nombreCompleto' cannot be null
CRITICAL - 2024-10-23 12:02:16 --> Class 'App\Libraries\Exception' not found
#0 /home/eventodigital/public_html/api_controlAccesos/app/Controllers/RestController.php(186): App\Libraries\vCard->__construct(false, '06711375')
#1 /home/eventodigital/public_html/api_controlAccesos/system/CodeIgniter.php(832): App\Controllers\RestController->create()
#2 /home/eventodigital/public_html/api_controlAccesos/system/CodeIgniter.php(419): CodeIgniter\CodeIgniter->runController(Object(App\Controllers\RestController))
#3 /home/eventodigital/public_html/api_controlAccesos/system/CodeIgniter.php(326): CodeIgniter\CodeIgniter->handleRequest(NULL, Object(Config\Cache), false)
#4 /home/eventodigital/public_html/api_controlAccesos/public/index.php(37): CodeIgniter\CodeIgniter->run()
#5 {main}
CRITICAL - 2024-10-23 12:02:55 --> Class 'App\Libraries\Exception' not found
#0 /home/eventodigital/public_html/api_controlAccesos/app/Controllers/RestController.php(186): App\Libraries\vCard->__construct(false, '13712853')
#1 /home/eventodigital/public_html/api_controlAccesos/system/CodeIgniter.php(832): App\Controllers\RestController->create()
#2 /home/eventodigital/public_html/api_controlAccesos/system/CodeIgniter.php(419): CodeIgniter\CodeIgniter->runController(Object(App\Controllers\RestController))
#3 /home/eventodigital/public_html/api_controlAccesos/system/CodeIgniter.php(326): CodeIgniter\CodeIgniter->handleRequest(NULL, Object(Config\Cache), false)
#4 /home/eventodigital/public_html/api_controlAccesos/public/index.php(37): CodeIgniter\CodeIgniter->run()
#5 {main}
CRITICAL - 2024-10-23 12:02:55 --> Class 'App\Libraries\Exception' not found
#0 /home/eventodigital/public_html/api_controlAccesos/app/Controllers/RestController.php(186): App\Libraries\vCard->__construct(false, '02218465')
#1 /home/eventodigital/public_html/api_controlAccesos/system/CodeIgniter.php(832): App\Controllers\RestController->create()
#2 /home/eventodigital/public_html/api_controlAccesos/system/CodeIgniter.php(419): CodeIgniter\CodeIgniter->runController(Object(App\Controllers\RestController))
#3 /home/eventodigital/public_html/api_controlAccesos/system/CodeIgniter.php(326): CodeIgniter\CodeIgniter->handleRequest(NULL, Object(Config\Cache), false)
#4 /home/eventodigital/public_html/api_controlAccesos/public/index.php(37): CodeIgniter\CodeIgniter->run()
#5 {main}
CRITICAL - 2024-10-23 12:03:04 --> Class 'App\Libraries\Exception' not found
#0 /home/eventodigital/public_html/api_controlAccesos/app/Controllers/RestController.php(186): App\Libraries\vCard->__construct(false, '00594101')
#1 /home/eventodigital/public_html/api_controlAccesos/system/CodeIgniter.php(832): App\Controllers\RestController->create()
#2 /home/eventodigital/public_html/api_controlAccesos/system/CodeIgniter.php(419): CodeIgniter\CodeIgniter->runController(Object(App\Controllers\RestController))
#3 /home/eventodigital/public_html/api_controlAccesos/system/CodeIgniter.php(326): CodeIgniter\CodeIgniter->handleRequest(NULL, Object(Config\Cache), false)
#4 /home/eventodigital/public_html/api_controlAccesos/public/index.php(37): CodeIgniter\CodeIgniter->run()
#5 {main}
CRITICAL - 2024-10-23 12:04:21 --> Class 'App\Libraries\Exception' not found
#0 /home/eventodigital/public_html/api_controlAccesos/app/Controllers/RestController.php(186): App\Libraries\vCard->__construct(false, '06947547')
#1 /home/eventodigital/public_html/api_controlAccesos/system/CodeIgniter.php(832): App\Controllers\RestController->create()
#2 /home/eventodigital/public_html/api_controlAccesos/system/CodeIgniter.php(419): CodeIgniter\CodeIgniter->runController(Object(App\Controllers\RestController))
#3 /home/eventodigital/public_html/api_controlAccesos/system/CodeIgniter.php(326): CodeIgniter\CodeIgniter->handleRequest(NULL, Object(Config\Cache), false)
#4 /home/eventodigital/public_html/api_controlAccesos/public/index.php(37): CodeIgniter\CodeIgniter->run()
#5 {main}
CRITICAL - 2024-10-23 12:04:37 --> Class 'App\Libraries\Exception' not found
#0 /home/eventodigital/public_html/api_controlAccesos/app/Controllers/RestController.php(186): App\Libraries\vCard->__construct(false, '35549666')
#1 /home/eventodigital/public_html/api_controlAccesos/system/CodeIgniter.php(832): App\Controllers\RestController->create()
#2 /home/eventodigital/public_html/api_controlAccesos/system/CodeIgniter.php(419): CodeIgniter\CodeIgniter->runController(Object(App\Controllers\RestController))
#3 /home/eventodigital/public_html/api_controlAccesos/system/CodeIgniter.php(326): CodeIgniter\CodeIgniter->handleRequest(NULL, Object(Config\Cache), false)
#4 /home/eventodigital/public_html/api_controlAccesos/public/index.php(37): CodeIgniter\CodeIgniter->run()
#5 {main}
CRITICAL - 2024-10-23 12:04:43 --> Class 'App\Libraries\Exception' not found
#0 /home/eventodigital/public_html/api_controlAccesos/app/Controllers/RestController.php(186): App\Libraries\vCard->__construct(false, '08452711')
#1 /home/eventodigital/public_html/api_controlAccesos/system/CodeIgniter.php(832): App\Controllers\RestController->create()
#2 /home/eventodigital/public_html/api_controlAccesos/system/CodeIgniter.php(419): CodeIgniter\CodeIgniter->runController(Object(App\Controllers\RestController))
#3 /home/eventodigital/public_html/api_controlAccesos/system/CodeIgniter.php(326): CodeIgniter\CodeIgniter->handleRequest(NULL, Object(Config\Cache), false)
#4 /home/eventodigital/public_html/api_controlAccesos/public/index.php(37): CodeIgniter\CodeIgniter->run()
#5 {main}
CRITICAL - 2024-10-23 12:04:53 --> Class 'App\Libraries\Exception' not found
#0 /home/eventodigital/public_html/api_controlAccesos/app/Controllers/RestController.php(186): App\Libraries\vCard->__construct(false, '03374672')
#1 /home/eventodigital/public_html/api_controlAccesos/system/CodeIgniter.php(832): App\Controllers\RestController->create()
#2 /home/eventodigital/public_html/api_controlAccesos/system/CodeIgniter.php(419): CodeIgniter\CodeIgniter->runController(Object(App\Controllers\RestController))
#3 /home/eventodigital/public_html/api_controlAccesos/system/CodeIgniter.php(326): CodeIgniter\CodeIgniter->handleRequest(NULL, Object(Config\Cache), false)
#4 /home/eventodigital/public_html/api_controlAccesos/public/index.php(37): CodeIgniter\CodeIgniter->run()
#5 {main}
CRITICAL - 2024-10-23 12:05:06 --> Class 'App\Libraries\Exception' not found
#0 /home/eventodigital/public_html/api_controlAccesos/app/Controllers/RestController.php(186): App\Libraries\vCard->__construct(false, '03236024')
#1 /home/eventodigital/public_html/api_controlAccesos/system/CodeIgniter.php(832): App\Controllers\RestController->create()
#2 /home/eventodigital/public_html/api_controlAccesos/system/CodeIgniter.php(419): CodeIgniter\CodeIgniter->runController(Object(App\Controllers\RestController))
#3 /home/eventodigital/public_html/api_controlAccesos/system/CodeIgniter.php(326): CodeIgniter\CodeIgniter->handleRequest(NULL, Object(Config\Cache), false)
#4 /home/eventodigital/public_html/api_controlAccesos/public/index.php(37): CodeIgniter\CodeIgniter->run()
#5 {main}
CRITICAL - 2024-10-23 12:05:13 --> Class 'App\Libraries\Exception' not found
#0 /home/eventodigital/public_html/api_controlAccesos/app/Controllers/RestController.php(186): App\Libraries\vCard->__construct(false, '11743576')
#1 /home/eventodigital/public_html/api_controlAccesos/system/CodeIgniter.php(832): App\Controllers\RestController->create()
#2 /home/eventodigital/public_html/api_controlAccesos/system/CodeIgniter.php(419): CodeIgniter\CodeIgniter->runController(Object(App\Controllers\RestController))
#3 /home/eventodigital/public_html/api_controlAccesos/system/CodeIgniter.php(326): CodeIgniter\CodeIgniter->handleRequest(NULL, Object(Config\Cache), false)
#4 /home/eventodigital/public_html/api_controlAccesos/public/index.php(37): CodeIgniter\CodeIgniter->run()
#5 {main}
CRITICAL - 2024-10-23 12:05:27 --> Class 'App\Libraries\Exception' not found
#0 /home/eventodigital/public_html/api_controlAccesos/app/Controllers/RestController.php(186): App\Libraries\vCard->__construct(false, '08328221')
#1 /home/eventodigital/public_html/api_controlAccesos/system/CodeIgniter.php(832): App\Controllers\RestController->create()
#2 /home/eventodigital/public_html/api_controlAccesos/system/CodeIgniter.php(419): CodeIgniter\CodeIgniter->runController(Object(App\Controllers\RestController))
#3 /home/eventodigital/public_html/api_controlAccesos/system/CodeIgniter.php(326): CodeIgniter\CodeIgniter->handleRequest(NULL, Object(Config\Cache), false)
#4 /home/eventodigital/public_html/api_controlAccesos/public/index.php(37): CodeIgniter\CodeIgniter->run()
#5 {main}
CRITICAL - 2024-10-23 12:06:01 --> Class 'App\Libraries\Exception' not found
#0 /home/eventodigital/public_html/api_controlAccesos/app/Controllers/RestController.php(186): App\Libraries\vCard->__construct(false, 'https://congres...')
#1 /home/eventodigital/public_html/api_controlAccesos/system/CodeIgniter.php(832): App\Controllers\RestController->create()
#2 /home/eventodigital/public_html/api_controlAccesos/system/CodeIgniter.php(419): CodeIgniter\CodeIgniter->runController(Object(App\Controllers\RestController))
#3 /home/eventodigital/public_html/api_controlAccesos/system/CodeIgniter.php(326): CodeIgniter\CodeIgniter->handleRequest(NULL, Object(Config\Cache), false)
#4 /home/eventodigital/public_html/api_controlAccesos/public/index.php(37): CodeIgniter\CodeIgniter->run()
#5 {main}
CRITICAL - 2024-10-23 12:06:07 --> Class 'App\Libraries\Exception' not found
#0 /home/eventodigital/public_html/api_controlAccesos/app/Controllers/RestController.php(186): App\Libraries\vCard->__construct(false, '03523056')
#1 /home/eventodigital/public_html/api_controlAccesos/system/CodeIgniter.php(832): App\Controllers\RestController->create()
#2 /home/eventodigital/public_html/api_controlAccesos/system/CodeIgniter.php(419): CodeIgniter\CodeIgniter->runController(Object(App\Controllers\RestController))
#3 /home/eventodigital/public_html/api_controlAccesos/system/CodeIgniter.php(326): CodeIgniter\CodeIgniter->handleRequest(NULL, Object(Config\Cache), false)
#4 /home/eventodigital/public_html/api_controlAccesos/public/index.php(37): CodeIgniter\CodeIgniter->run()
#5 {main}
CRITICAL - 2024-10-23 12:08:17 --> Class 'App\Libraries\Exception' not found
#0 /home/eventodigital/public_html/api_controlAccesos/app/Controllers/RestController.php(186): App\Libraries\vCard->__construct(false, '15857337')
#1 /home/eventodigital/public_html/api_controlAccesos/system/CodeIgniter.php(832): App\Controllers\RestController->create()
#2 /home/eventodigital/public_html/api_controlAccesos/system/CodeIgniter.php(419): CodeIgniter\CodeIgniter->runController(Object(App\Controllers\RestController))
#3 /home/eventodigital/public_html/api_controlAccesos/system/CodeIgniter.php(326): CodeIgniter\CodeIgniter->handleRequest(NULL, Object(Config\Cache), false)
#4 /home/eventodigital/public_html/api_controlAccesos/public/index.php(37): CodeIgniter\CodeIgniter->run()
#5 {main}
CRITICAL - 2024-10-23 12:08:30 --> Class 'App\Libraries\Exception' not found
#0 /home/eventodigital/public_html/api_controlAccesos/app/Controllers/RestController.php(186): App\Libraries\vCard->__construct(false, '12617272')
#1 /home/eventodigital/public_html/api_controlAccesos/system/CodeIgniter.php(832): App\Controllers\RestController->create()
#2 /home/eventodigital/public_html/api_controlAccesos/system/CodeIgniter.php(419): CodeIgniter\CodeIgniter->runController(Object(App\Controllers\RestController))
#3 /home/eventodigital/public_html/api_controlAccesos/system/CodeIgniter.php(326): CodeIgniter\CodeIgniter->handleRequest(NULL, Object(Config\Cache), false)
#4 /home/eventodigital/public_html/api_controlAccesos/public/index.php(37): CodeIgniter\CodeIgniter->run()
#5 {main}
CRITICAL - 2024-10-23 12:08:41 --> Class 'App\Libraries\Exception' not found
#0 /home/eventodigital/public_html/api_controlAccesos/app/Controllers/RestController.php(186): App\Libraries\vCard->__construct(false, '04880080')
#1 /home/eventodigital/public_html/api_controlAccesos/system/CodeIgniter.php(832): App\Controllers\RestController->create()
#2 /home/eventodigital/public_html/api_controlAccesos/system/CodeIgniter.php(419): CodeIgniter\CodeIgniter->runController(Object(App\Controllers\RestController))
#3 /home/eventodigital/public_html/api_controlAccesos/system/CodeIgniter.php(326): CodeIgniter\CodeIgniter->handleRequest(NULL, Object(Config\Cache), false)
#4 /home/eventodigital/public_html/api_controlAccesos/public/index.php(37): CodeIgniter\CodeIgniter->run()
#5 {main}
CRITICAL - 2024-10-23 12:09:28 --> Class 'App\Libraries\Exception' not found
#0 /home/eventodigital/public_html/api_controlAccesos/app/Controllers/RestController.php(186): App\Libraries\vCard->__construct(false, 'https://congres...')
#1 /home/eventodigital/public_html/api_controlAccesos/system/CodeIgniter.php(832): App\Controllers\RestController->create()
#2 /home/eventodigital/public_html/api_controlAccesos/system/CodeIgniter.php(419): CodeIgniter\CodeIgniter->runController(Object(App\Controllers\RestController))
#3 /home/eventodigital/public_html/api_controlAccesos/system/CodeIgniter.php(326): CodeIgniter\CodeIgniter->handleRequest(NULL, Object(Config\Cache), false)
#4 /home/eventodigital/public_html/api_controlAccesos/public/index.php(37): CodeIgniter\CodeIgniter->run()
#5 {main}
ERROR - 2024-10-23 12:11:41 --> Column 'nombreCompleto' cannot be null
CRITICAL - 2024-10-23 12:12:03 --> Class 'App\Libraries\Exception' not found
#0 /home/eventodigital/public_html/api_controlAccesos/app/Controllers/RestController.php(186): App\Libraries\vCard->__construct(false, '03336702')
#1 /home/eventodigital/public_html/api_controlAccesos/system/CodeIgniter.php(832): App\Controllers\RestController->create()
#2 /home/eventodigital/public_html/api_controlAccesos/system/CodeIgniter.php(419): CodeIgniter\CodeIgniter->runController(Object(App\Controllers\RestController))
#3 /home/eventodigital/public_html/api_controlAccesos/system/CodeIgniter.php(326): CodeIgniter\CodeIgniter->handleRequest(NULL, Object(Config\Cache), false)
#4 /home/eventodigital/public_html/api_controlAccesos/public/index.php(37): CodeIgniter\CodeIgniter->run()
#5 {main}
CRITICAL - 2024-10-23 12:12:16 --> Class 'App\Libraries\Exception' not found
#0 /home/eventodigital/public_html/api_controlAccesos/app/Controllers/RestController.php(186): App\Libraries\vCard->__construct(false, '00449928')
#1 /home/eventodigital/public_html/api_controlAccesos/system/CodeIgniter.php(832): App\Controllers\RestController->create()
#2 /home/eventodigital/public_html/api_controlAccesos/system/CodeIgniter.php(419): CodeIgniter\CodeIgniter->runController(Object(App\Controllers\RestController))
#3 /home/eventodigital/public_html/api_controlAccesos/system/CodeIgniter.php(326): CodeIgniter\CodeIgniter->handleRequest(NULL, Object(Config\Cache), false)
#4 /home/eventodigital/public_html/api_controlAccesos/public/index.php(37): CodeIgniter\CodeIgniter->run()
#5 {main}
CRITICAL - 2024-10-23 12:13:21 --> Class 'App\Libraries\Exception' not found
#0 /home/eventodigital/public_html/api_controlAccesos/app/Controllers/RestController.php(186): App\Libraries\vCard->__construct(false, '02271071')
#1 /home/eventodigital/public_html/api_controlAccesos/system/CodeIgniter.php(832): App\Controllers\RestController->create()
#2 /home/eventodigital/public_html/api_controlAccesos/system/CodeIgniter.php(419): CodeIgniter\CodeIgniter->runController(Object(App\Controllers\RestController))
#3 /home/eventodigital/public_html/api_controlAccesos/system/CodeIgniter.php(326): CodeIgniter\CodeIgniter->handleRequest(NULL, Object(Config\Cache), false)
#4 /home/eventodigital/public_html/api_controlAccesos/public/index.php(37): CodeIgniter\CodeIgniter->run()
#5 {main}
CRITICAL - 2024-10-23 12:13:41 --> Class 'App\Libraries\Exception' not found
#0 /home/eventodigital/public_html/api_controlAccesos/app/Controllers/RestController.php(186): App\Libraries\vCard->__construct(false, '10923418')
#1 /home/eventodigital/public_html/api_controlAccesos/system/CodeIgniter.php(832): App\Controllers\RestController->create()
#2 /home/eventodigital/public_html/api_controlAccesos/system/CodeIgniter.php(419): CodeIgniter\CodeIgniter->runController(Object(App\Controllers\RestController))
#3 /home/eventodigital/public_html/api_controlAccesos/system/CodeIgniter.php(326): CodeIgniter\CodeIgniter->handleRequest(NULL, Object(Config\Cache), false)
#4 /home/eventodigital/public_html/api_controlAccesos/public/index.php(37): CodeIgniter\CodeIgniter->run()
#5 {main}
CRITICAL - 2024-10-23 12:14:59 --> Class 'App\Libraries\Exception' not found
#0 /home/eventodigital/public_html/api_controlAccesos/app/Controllers/RestController.php(186): App\Libraries\vCard->__construct(false, '13328658')
#1 /home/eventodigital/public_html/api_controlAccesos/system/CodeIgniter.php(832): App\Controllers\RestController->create()
#2 /home/eventodigital/public_html/api_controlAccesos/system/CodeIgniter.php(419): CodeIgniter\CodeIgniter->runController(Object(App\Controllers\RestController))
#3 /home/eventodigital/public_html/api_controlAccesos/system/CodeIgniter.php(326): CodeIgniter\CodeIgniter->handleRequest(NULL, Object(Config\Cache), false)
#4 /home/eventodigital/public_html/api_controlAccesos/public/index.php(37): CodeIgniter\CodeIgniter->run()
#5 {main}
CRITICAL - 2024-10-23 12:15:19 --> Class 'App\Libraries\Exception' not found
#0 /home/eventodigital/public_html/api_controlAccesos/app/Controllers/RestController.php(186): App\Libraries\vCard->__construct(false, '00380430')
#1 /home/eventodigital/public_html/api_controlAccesos/system/CodeIgniter.php(832): App\Controllers\RestController->create()
#2 /home/eventodigital/public_html/api_controlAccesos/system/CodeIgniter.php(419): CodeIgniter\CodeIgniter->runController(Object(App\Controllers\RestController))
#3 /home/eventodigital/public_html/api_controlAccesos/system/CodeIgniter.php(326): CodeIgniter\CodeIgniter->handleRequest(NULL, Object(Config\Cache), false)
#4 /home/eventodigital/public_html/api_controlAccesos/public/index.php(37): CodeIgniter\CodeIgniter->run()
#5 {main}
CRITICAL - 2024-10-23 12:17:34 --> Class 'App\Libraries\Exception' not found
#0 /home/eventodigital/public_html/api_controlAccesos/app/Controllers/RestController.php(186): App\Libraries\vCard->__construct(false, 'V')
#1 /home/eventodigital/public_html/api_controlAccesos/system/CodeIgniter.php(832): App\Controllers\RestController->create()
#2 /home/eventodigital/public_html/api_controlAccesos/system/CodeIgniter.php(419): CodeIgniter\CodeIgniter->runController(Object(App\Controllers\RestController))
#3 /home/eventodigital/public_html/api_controlAccesos/system/CodeIgniter.php(326): CodeIgniter\CodeIgniter->handleRequest(NULL, Object(Config\Cache), false)
#4 /home/eventodigital/public_html/api_controlAccesos/public/index.php(37): CodeIgniter\CodeIgniter->run()
#5 {main}
ERROR - 2024-10-23 12:17:47 --> Column 'nombreCompleto' cannot be null
ERROR - 2024-10-23 12:17:57 --> Column 'nombreCompleto' cannot be null
CRITICAL - 2024-10-23 12:18:02 --> Class 'App\Libraries\Exception' not found
#0 /home/eventodigital/public_html/api_controlAccesos/app/Controllers/RestController.php(186): App\Libraries\vCard->__construct(false, '01209828')
#1 /home/eventodigital/public_html/api_controlAccesos/system/CodeIgniter.php(832): App\Controllers\RestController->create()
#2 /home/eventodigital/public_html/api_controlAccesos/system/CodeIgniter.php(419): CodeIgniter\CodeIgniter->runController(Object(App\Controllers\RestController))
#3 /home/eventodigital/public_html/api_controlAccesos/system/CodeIgniter.php(326): CodeIgniter\CodeIgniter->handleRequest(NULL, Object(Config\Cache), false)
#4 /home/eventodigital/public_html/api_controlAccesos/public/index.php(37): CodeIgniter\CodeIgniter->run()
#5 {main}
CRITICAL - 2024-10-23 12:18:06 --> Class 'App\Libraries\Exception' not found
#0 /home/eventodigital/public_html/api_controlAccesos/app/Controllers/RestController.php(186): App\Libraries\vCard->__construct(false, 'https://congres...')
#1 /home/eventodigital/public_html/api_controlAccesos/system/CodeIgniter.php(832): App\Controllers\RestController->create()
#2 /home/eventodigital/public_html/api_controlAccesos/system/CodeIgniter.php(419): CodeIgniter\CodeIgniter->runController(Object(App\Controllers\RestController))
#3 /home/eventodigital/public_html/api_controlAccesos/system/CodeIgniter.php(326): CodeIgniter\CodeIgniter->handleRequest(NULL, Object(Config\Cache), false)
#4 /home/eventodigital/public_html/api_controlAccesos/public/index.php(37): CodeIgniter\CodeIgniter->run()
#5 {main}
CRITICAL - 2024-10-23 12:18:17 --> Class 'App\Libraries\Exception' not found
#0 /home/eventodigital/public_html/api_controlAccesos/app/Controllers/RestController.php(186): App\Libraries\vCard->__construct(false, '06302401')
#1 /home/eventodigital/public_html/api_controlAccesos/system/CodeIgniter.php(832): App\Controllers\RestController->create()
#2 /home/eventodigital/public_html/api_controlAccesos/system/CodeIgniter.php(419): CodeIgniter\CodeIgniter->runController(Object(App\Controllers\RestController))
#3 /home/eventodigital/public_html/api_controlAccesos/system/CodeIgniter.php(326): CodeIgniter\CodeIgniter->handleRequest(NULL, Object(Config\Cache), false)
#4 /home/eventodigital/public_html/api_controlAccesos/public/index.php(37): CodeIgniter\CodeIgniter->run()
#5 {main}
CRITICAL - 2024-10-23 12:18:47 --> Class 'App\Libraries\Exception' not found
#0 /home/eventodigital/public_html/api_controlAccesos/app/Controllers/RestController.php(186): App\Libraries\vCard->__construct(false, '18634266')
#1 /home/eventodigital/public_html/api_controlAccesos/system/CodeIgniter.php(832): App\Controllers\RestController->create()
#2 /home/eventodigital/public_html/api_controlAccesos/system/CodeIgniter.php(419): CodeIgniter\CodeIgniter->runController(Object(App\Controllers\RestController))
#3 /home/eventodigital/public_html/api_controlAccesos/system/CodeIgniter.php(326): CodeIgniter\CodeIgniter->handleRequest(NULL, Object(Config\Cache), false)
#4 /home/eventodigital/public_html/api_controlAccesos/public/index.php(37): CodeIgniter\CodeIgniter->run()
#5 {main}
CRITICAL - 2024-10-23 12:19:25 --> Class 'App\Libraries\Exception' not found
#0 /home/eventodigital/public_html/api_controlAccesos/app/Controllers/RestController.php(186): App\Libraries\vCard->__construct(false, '11221982')
#1 /home/eventodigital/public_html/api_controlAccesos/system/CodeIgniter.php(832): App\Controllers\RestController->create()
#2 /home/eventodigital/public_html/api_controlAccesos/system/CodeIgniter.php(419): CodeIgniter\CodeIgniter->runController(Object(App\Controllers\RestController))
#3 /home/eventodigital/public_html/api_controlAccesos/system/CodeIgniter.php(326): CodeIgniter\CodeIgniter->handleRequest(NULL, Object(Config\Cache), false)
#4 /home/eventodigital/public_html/api_controlAccesos/public/index.php(37): CodeIgniter\CodeIgniter->run()
#5 {main}
CRITICAL - 2024-10-23 12:23:37 --> Class 'App\Libraries\Exception' not found
#0 /home/eventodigital/public_html/api_controlAccesos/app/Controllers/RestController.php(186): App\Libraries\vCard->__construct(false, '19044343')
#1 /home/eventodigital/public_html/api_controlAccesos/system/CodeIgniter.php(832): App\Controllers\RestController->create()
#2 /home/eventodigital/public_html/api_controlAccesos/system/CodeIgniter.php(419): CodeIgniter\CodeIgniter->runController(Object(App\Controllers\RestController))
#3 /home/eventodigital/public_html/api_controlAccesos/system/CodeIgniter.php(326): CodeIgniter\CodeIgniter->handleRequest(NULL, Object(Config\Cache), false)
#4 /home/eventodigital/public_html/api_controlAccesos/public/index.php(37): CodeIgniter\CodeIgniter->run()
#5 {main}
CRITICAL - 2024-10-23 12:23:43 --> Class 'App\Libraries\Exception' not found
#0 /home/eventodigital/public_html/api_controlAccesos/app/Controllers/RestController.php(186): App\Libraries\vCard->__construct(false, '15817198')
#1 /home/eventodigital/public_html/api_controlAccesos/system/CodeIgniter.php(832): App\Controllers\RestController->create()
#2 /home/eventodigital/public_html/api_controlAccesos/system/CodeIgniter.php(419): CodeIgniter\CodeIgniter->runController(Object(App\Controllers\RestController))
#3 /home/eventodigital/public_html/api_controlAccesos/system/CodeIgniter.php(326): CodeIgniter\CodeIgniter->handleRequest(NULL, Object(Config\Cache), false)
#4 /home/eventodigital/public_html/api_controlAccesos/public/index.php(37): CodeIgniter\CodeIgniter->run()
#5 {main}
CRITICAL - 2024-10-23 12:24:04 --> Class 'App\Libraries\Exception' not found
#0 /home/eventodigital/public_html/api_controlAccesos/app/Controllers/RestController.php(186): App\Libraries\vCard->__construct(false, '11085609')
#1 /home/eventodigital/public_html/api_controlAccesos/system/CodeIgniter.php(832): App\Controllers\RestController->create()
#2 /home/eventodigital/public_html/api_controlAccesos/system/CodeIgniter.php(419): CodeIgniter\CodeIgniter->runController(Object(App\Controllers\RestController))
#3 /home/eventodigital/public_html/api_controlAccesos/system/CodeIgniter.php(326): CodeIgniter\CodeIgniter->handleRequest(NULL, Object(Config\Cache), false)
#4 /home/eventodigital/public_html/api_controlAccesos/public/index.php(37): CodeIgniter\CodeIgniter->run()
#5 {main}
CRITICAL - 2024-10-23 12:24:07 --> Class 'App\Libraries\Exception' not found
#0 /home/eventodigital/public_html/api_controlAccesos/app/Controllers/RestController.php(186): App\Libraries\vCard->__construct(false, '11673232')
#1 /home/eventodigital/public_html/api_controlAccesos/system/CodeIgniter.php(832): App\Controllers\RestController->create()
#2 /home/eventodigital/public_html/api_controlAccesos/system/CodeIgniter.php(419): CodeIgniter\CodeIgniter->runController(Object(App\Controllers\RestController))
#3 /home/eventodigital/public_html/api_controlAccesos/system/CodeIgniter.php(326): CodeIgniter\CodeIgniter->handleRequest(NULL, Object(Config\Cache), false)
#4 /home/eventodigital/public_html/api_controlAccesos/public/index.php(37): CodeIgniter\CodeIgniter->run()
#5 {main}
CRITICAL - 2024-10-23 12:24:16 --> Class 'App\Libraries\Exception' not found
#0 /home/eventodigital/public_html/api_controlAccesos/app/Controllers/RestController.php(186): App\Libraries\vCard->__construct(false, 'https://congres...')
#1 /home/eventodigital/public_html/api_controlAccesos/system/CodeIgniter.php(832): App\Controllers\RestController->create()
#2 /home/eventodigital/public_html/api_controlAccesos/system/CodeIgniter.php(419): CodeIgniter\CodeIgniter->runController(Object(App\Controllers\RestController))
#3 /home/eventodigital/public_html/api_controlAccesos/system/CodeIgniter.php(326): CodeIgniter\CodeIgniter->handleRequest(NULL, Object(Config\Cache), false)
#4 /home/eventodigital/public_html/api_controlAccesos/public/index.php(37): CodeIgniter\CodeIgniter->run()
#5 {main}
CRITICAL - 2024-10-23 12:24:17 --> Class 'App\Libraries\Exception' not found
#0 /home/eventodigital/public_html/api_controlAccesos/app/Controllers/RestController.php(186): App\Libraries\vCard->__construct(false, 'https://congres...')
#1 /home/eventodigital/public_html/api_controlAccesos/system/CodeIgniter.php(832): App\Controllers\RestController->create()
#2 /home/eventodigital/public_html/api_controlAccesos/system/CodeIgniter.php(419): CodeIgniter\CodeIgniter->runController(Object(App\Controllers\RestController))
#3 /home/eventodigital/public_html/api_controlAccesos/system/CodeIgniter.php(326): CodeIgniter\CodeIgniter->handleRequest(NULL, Object(Config\Cache), false)
#4 /home/eventodigital/public_html/api_controlAccesos/public/index.php(37): CodeIgniter\CodeIgniter->run()
#5 {main}
CRITICAL - 2024-10-23 12:24:49 --> Class 'App\Libraries\Exception' not found
#0 /home/eventodigital/public_html/api_controlAccesos/app/Controllers/RestController.php(186): App\Libraries\vCard->__construct(false, '13906719')
#1 /home/eventodigital/public_html/api_controlAccesos/system/CodeIgniter.php(832): App\Controllers\RestController->create()
#2 /home/eventodigital/public_html/api_controlAccesos/system/CodeIgniter.php(419): CodeIgniter\CodeIgniter->runController(Object(App\Controllers\RestController))
#3 /home/eventodigital/public_html/api_controlAccesos/system/CodeIgniter.php(326): CodeIgniter\CodeIgniter->handleRequest(NULL, Object(Config\Cache), false)
#4 /home/eventodigital/public_html/api_controlAccesos/public/index.php(37): CodeIgniter\CodeIgniter->run()
#5 {main}
ERROR - 2024-10-23 12:25:22 --> Column 'nombreCompleto' cannot be null
CRITICAL - 2024-10-23 12:26:09 --> Class 'App\Libraries\Exception' not found
#0 /home/eventodigital/public_html/api_controlAccesos/app/Controllers/RestController.php(186): App\Libraries\vCard->__construct(false, '03604530')
#1 /home/eventodigital/public_html/api_controlAccesos/system/CodeIgniter.php(832): App\Controllers\RestController->create()
#2 /home/eventodigital/public_html/api_controlAccesos/system/CodeIgniter.php(419): CodeIgniter\CodeIgniter->runController(Object(App\Controllers\RestController))
#3 /home/eventodigital/public_html/api_controlAccesos/system/CodeIgniter.php(326): CodeIgniter\CodeIgniter->handleRequest(NULL, Object(Config\Cache), false)
#4 /home/eventodigital/public_html/api_controlAccesos/public/index.php(37): CodeIgniter\CodeIgniter->run()
#5 {main}
CRITICAL - 2024-10-23 12:27:20 --> Class 'App\Libraries\Exception' not found
#0 /home/eventodigital/public_html/api_controlAccesos/app/Controllers/RestController.php(186): App\Libraries\vCard->__construct(false, '09640738')
#1 /home/eventodigital/public_html/api_controlAccesos/system/CodeIgniter.php(832): App\Controllers\RestController->create()
#2 /home/eventodigital/public_html/api_controlAccesos/system/CodeIgniter.php(419): CodeIgniter\CodeIgniter->runController(Object(App\Controllers\RestController))
#3 /home/eventodigital/public_html/api_controlAccesos/system/CodeIgniter.php(326): CodeIgniter\CodeIgniter->handleRequest(NULL, Object(Config\Cache), false)
#4 /home/eventodigital/public_html/api_controlAccesos/public/index.php(37): CodeIgniter\CodeIgniter->run()
#5 {main}
CRITICAL - 2024-10-23 12:28:23 --> Class 'App\Libraries\Exception' not found
#0 /home/eventodigital/public_html/api_controlAccesos/app/Controllers/RestController.php(186): App\Libraries\vCard->__construct(false, '66052852')
#1 /home/eventodigital/public_html/api_controlAccesos/system/CodeIgniter.php(832): App\Controllers\RestController->create()
#2 /home/eventodigital/public_html/api_controlAccesos/system/CodeIgniter.php(419): CodeIgniter\CodeIgniter->runController(Object(App\Controllers\RestController))
#3 /home/eventodigital/public_html/api_controlAccesos/system/CodeIgniter.php(326): CodeIgniter\CodeIgniter->handleRequest(NULL, Object(Config\Cache), false)
#4 /home/eventodigital/public_html/api_controlAccesos/public/index.php(37): CodeIgniter\CodeIgniter->run()
#5 {main}
CRITICAL - 2024-10-23 12:28:36 --> Class 'App\Libraries\Exception' not found
#0 /home/eventodigital/public_html/api_controlAccesos/app/Controllers/RestController.php(186): App\Libraries\vCard->__construct(false, '07411326')
#1 /home/eventodigital/public_html/api_controlAccesos/system/CodeIgniter.php(832): App\Controllers\RestController->create()
#2 /home/eventodigital/public_html/api_controlAccesos/system/CodeIgniter.php(419): CodeIgniter\CodeIgniter->runController(Object(App\Controllers\RestController))
#3 /home/eventodigital/public_html/api_controlAccesos/system/CodeIgniter.php(326): CodeIgniter\CodeIgniter->handleRequest(NULL, Object(Config\Cache), false)
#4 /home/eventodigital/public_html/api_controlAccesos/public/index.php(37): CodeIgniter\CodeIgniter->run()
#5 {main}
CRITICAL - 2024-10-23 12:29:33 --> Class 'App\Libraries\Exception' not found
#0 /home/eventodigital/public_html/api_controlAccesos/app/Controllers/RestController.php(186): App\Libraries\vCard->__construct(false, '12247417')
#1 /home/eventodigital/public_html/api_controlAccesos/system/CodeIgniter.php(832): App\Controllers\RestController->create()
#2 /home/eventodigital/public_html/api_controlAccesos/system/CodeIgniter.php(419): CodeIgniter\CodeIgniter->runController(Object(App\Controllers\RestController))
#3 /home/eventodigital/public_html/api_controlAccesos/system/CodeIgniter.php(326): CodeIgniter\CodeIgniter->handleRequest(NULL, Object(Config\Cache), false)
#4 /home/eventodigital/public_html/api_controlAccesos/public/index.php(37): CodeIgniter\CodeIgniter->run()
#5 {main}
CRITICAL - 2024-10-23 12:30:00 --> Class 'App\Libraries\Exception' not found
#0 /home/eventodigital/public_html/api_controlAccesos/app/Controllers/RestController.php(186): App\Libraries\vCard->__construct(false, '12718788')
#1 /home/eventodigital/public_html/api_controlAccesos/system/CodeIgniter.php(832): App\Controllers\RestController->create()
#2 /home/eventodigital/public_html/api_controlAccesos/system/CodeIgniter.php(419): CodeIgniter\CodeIgniter->runController(Object(App\Controllers\RestController))
#3 /home/eventodigital/public_html/api_controlAccesos/system/CodeIgniter.php(326): CodeIgniter\CodeIgniter->handleRequest(NULL, Object(Config\Cache), false)
#4 /home/eventodigital/public_html/api_controlAccesos/public/index.php(37): CodeIgniter\CodeIgniter->run()
#5 {main}
CRITICAL - 2024-10-23 12:30:02 --> Class 'App\Libraries\Exception' not found
#0 /home/eventodigital/public_html/api_controlAccesos/app/Controllers/RestController.php(186): App\Libraries\vCard->__construct(false, 'https://congres...')
#1 /home/eventodigital/public_html/api_controlAccesos/system/CodeIgniter.php(832): App\Controllers\RestController->create()
#2 /home/eventodigital/public_html/api_controlAccesos/system/CodeIgniter.php(419): CodeIgniter\CodeIgniter->runController(Object(App\Controllers\RestController))
#3 /home/eventodigital/public_html/api_controlAccesos/system/CodeIgniter.php(326): CodeIgniter\CodeIgniter->handleRequest(NULL, Object(Config\Cache), false)
#4 /home/eventodigital/public_html/api_controlAccesos/public/index.php(37): CodeIgniter\CodeIgniter->run()
#5 {main}
CRITICAL - 2024-10-23 12:30:06 --> Class 'App\Libraries\Exception' not found
#0 /home/eventodigital/public_html/api_controlAccesos/app/Controllers/RestController.php(186): App\Libraries\vCard->__construct(false, '03300091')
#1 /home/eventodigital/public_html/api_controlAccesos/system/CodeIgniter.php(832): App\Controllers\RestController->create()
#2 /home/eventodigital/public_html/api_controlAccesos/system/CodeIgniter.php(419): CodeIgniter\CodeIgniter->runController(Object(App\Controllers\RestController))
#3 /home/eventodigital/public_html/api_controlAccesos/system/CodeIgniter.php(326): CodeIgniter\CodeIgniter->handleRequest(NULL, Object(Config\Cache), false)
#4 /home/eventodigital/public_html/api_controlAccesos/public/index.php(37): CodeIgniter\CodeIgniter->run()
#5 {main}
CRITICAL - 2024-10-23 12:30:11 --> Class 'App\Libraries\Exception' not found
#0 /home/eventodigital/public_html/api_controlAccesos/app/Controllers/RestController.php(186): App\Libraries\vCard->__construct(false, '05474114')
#1 /home/eventodigital/public_html/api_controlAccesos/system/CodeIgniter.php(832): App\Controllers\RestController->create()
#2 /home/eventodigital/public_html/api_controlAccesos/system/CodeIgniter.php(419): CodeIgniter\CodeIgniter->runController(Object(App\Controllers\RestController))
#3 /home/eventodigital/public_html/api_controlAccesos/system/CodeIgniter.php(326): CodeIgniter\CodeIgniter->handleRequest(NULL, Object(Config\Cache), false)
#4 /home/eventodigital/public_html/api_controlAccesos/public/index.php(37): CodeIgniter\CodeIgniter->run()
#5 {main}
CRITICAL - 2024-10-23 12:31:17 --> Class 'App\Libraries\Exception' not found
#0 /home/eventodigital/public_html/api_controlAccesos/app/Controllers/RestController.php(186): App\Libraries\vCard->__construct(false, '17756358')
#1 /home/eventodigital/public_html/api_controlAccesos/system/CodeIgniter.php(832): App\Controllers\RestController->create()
#2 /home/eventodigital/public_html/api_controlAccesos/system/CodeIgniter.php(419): CodeIgniter\CodeIgniter->runController(Object(App\Controllers\RestController))
#3 /home/eventodigital/public_html/api_controlAccesos/system/CodeIgniter.php(326): CodeIgniter\CodeIgniter->handleRequest(NULL, Object(Config\Cache), false)
#4 /home/eventodigital/public_html/api_controlAccesos/public/index.php(37): CodeIgniter\CodeIgniter->run()
#5 {main}
CRITICAL - 2024-10-23 12:31:20 --> Class 'App\Libraries\Exception' not found
#0 /home/eventodigital/public_html/api_controlAccesos/app/Controllers/RestController.php(186): App\Libraries\vCard->__construct(false, '02537724')
#1 /home/eventodigital/public_html/api_controlAccesos/system/CodeIgniter.php(832): App\Controllers\RestController->create()
#2 /home/eventodigital/public_html/api_controlAccesos/system/CodeIgniter.php(419): CodeIgniter\CodeIgniter->runController(Object(App\Controllers\RestController))
#3 /home/eventodigital/public_html/api_controlAccesos/system/CodeIgniter.php(326): CodeIgniter\CodeIgniter->handleRequest(NULL, Object(Config\Cache), false)
#4 /home/eventodigital/public_html/api_controlAccesos/public/index.php(37): CodeIgniter\CodeIgniter->run()
#5 {main}
CRITICAL - 2024-10-23 12:31:29 --> Class 'App\Libraries\Exception' not found
#0 /home/eventodigital/public_html/api_controlAccesos/app/Controllers/RestController.php(186): App\Libraries\vCard->__construct(false, '02096780')
#1 /home/eventodigital/public_html/api_controlAccesos/system/CodeIgniter.php(832): App\Controllers\RestController->create()
#2 /home/eventodigital/public_html/api_controlAccesos/system/CodeIgniter.php(419): CodeIgniter\CodeIgniter->runController(Object(App\Controllers\RestController))
#3 /home/eventodigital/public_html/api_controlAccesos/system/CodeIgniter.php(326): CodeIgniter\CodeIgniter->handleRequest(NULL, Object(Config\Cache), false)
#4 /home/eventodigital/public_html/api_controlAccesos/public/index.php(37): CodeIgniter\CodeIgniter->run()
#5 {main}
CRITICAL - 2024-10-23 12:32:08 --> Class 'App\Libraries\Exception' not found
#0 /home/eventodigital/public_html/api_controlAccesos/app/Controllers/RestController.php(186): App\Libraries\vCard->__construct(false, '05151103')
#1 /home/eventodigital/public_html/api_controlAccesos/system/CodeIgniter.php(832): App\Controllers\RestController->create()
#2 /home/eventodigital/public_html/api_controlAccesos/system/CodeIgniter.php(419): CodeIgniter\CodeIgniter->runController(Object(App\Controllers\RestController))
#3 /home/eventodigital/public_html/api_controlAccesos/system/CodeIgniter.php(326): CodeIgniter\CodeIgniter->handleRequest(NULL, Object(Config\Cache), false)
#4 /home/eventodigital/public_html/api_controlAccesos/public/index.php(37): CodeIgniter\CodeIgniter->run()
#5 {main}
ERROR - 2024-10-23 12:32:48 --> Column 'nombreCompleto' cannot be null
CRITICAL - 2024-10-23 12:33:49 --> Class 'App\Libraries\Exception' not found
#0 /home/eventodigital/public_html/api_controlAccesos/app/Controllers/RestController.php(186): App\Libraries\vCard->__construct(false, '5-')
#1 /home/eventodigital/public_html/api_controlAccesos/system/CodeIgniter.php(832): App\Controllers\RestController->create()
#2 /home/eventodigital/public_html/api_controlAccesos/system/CodeIgniter.php(419): CodeIgniter\CodeIgniter->runController(Object(App\Controllers\RestController))
#3 /home/eventodigital/public_html/api_controlAccesos/system/CodeIgniter.php(326): CodeIgniter\CodeIgniter->handleRequest(NULL, Object(Config\Cache), false)
#4 /home/eventodigital/public_html/api_controlAccesos/public/index.php(37): CodeIgniter\CodeIgniter->run()
#5 {main}
CRITICAL - 2024-10-23 12:34:04 --> Class 'App\Libraries\Exception' not found
#0 /home/eventodigital/public_html/api_controlAccesos/app/Controllers/RestController.php(186): App\Libraries\vCard->__construct(false, '08937179')
#1 /home/eventodigital/public_html/api_controlAccesos/system/CodeIgniter.php(832): App\Controllers\RestController->create()
#2 /home/eventodigital/public_html/api_controlAccesos/system/CodeIgniter.php(419): CodeIgniter\CodeIgniter->runController(Object(App\Controllers\RestController))
#3 /home/eventodigital/public_html/api_controlAccesos/system/CodeIgniter.php(326): CodeIgniter\CodeIgniter->handleRequest(NULL, Object(Config\Cache), false)
#4 /home/eventodigital/public_html/api_controlAccesos/public/index.php(37): CodeIgniter\CodeIgniter->run()
#5 {main}
CRITICAL - 2024-10-23 12:34:15 --> Class 'App\Libraries\Exception' not found
#0 /home/eventodigital/public_html/api_controlAccesos/app/Controllers/RestController.php(186): App\Libraries\vCard->__construct(false, '11801536')
#1 /home/eventodigital/public_html/api_controlAccesos/system/CodeIgniter.php(832): App\Controllers\RestController->create()
#2 /home/eventodigital/public_html/api_controlAccesos/system/CodeIgniter.php(419): CodeIgniter\CodeIgniter->runController(Object(App\Controllers\RestController))
#3 /home/eventodigital/public_html/api_controlAccesos/system/CodeIgniter.php(326): CodeIgniter\CodeIgniter->handleRequest(NULL, Object(Config\Cache), false)
#4 /home/eventodigital/public_html/api_controlAccesos/public/index.php(37): CodeIgniter\CodeIgniter->run()
#5 {main}
CRITICAL - 2024-10-23 12:34:29 --> Class 'App\Libraries\Exception' not found
#0 /home/eventodigital/public_html/api_controlAccesos/app/Controllers/RestController.php(186): App\Libraries\vCard->__construct(false, '19048178')
#1 /home/eventodigital/public_html/api_controlAccesos/system/CodeIgniter.php(832): App\Controllers\RestController->create()
#2 /home/eventodigital/public_html/api_controlAccesos/system/CodeIgniter.php(419): CodeIgniter\CodeIgniter->runController(Object(App\Controllers\RestController))
#3 /home/eventodigital/public_html/api_controlAccesos/system/CodeIgniter.php(326): CodeIgniter\CodeIgniter->handleRequest(NULL, Object(Config\Cache), false)
#4 /home/eventodigital/public_html/api_controlAccesos/public/index.php(37): CodeIgniter\CodeIgniter->run()
#5 {main}
CRITICAL - 2024-10-23 12:37:06 --> Class 'App\Libraries\Exception' not found
#0 /home/eventodigital/public_html/api_controlAccesos/app/Controllers/RestController.php(186): App\Libraries\vCard->__construct(false, '10774409')
#1 /home/eventodigital/public_html/api_controlAccesos/system/CodeIgniter.php(832): App\Controllers\RestController->create()
#2 /home/eventodigital/public_html/api_controlAccesos/system/CodeIgniter.php(419): CodeIgniter\CodeIgniter->runController(Object(App\Controllers\RestController))
#3 /home/eventodigital/public_html/api_controlAccesos/system/CodeIgniter.php(326): CodeIgniter\CodeIgniter->handleRequest(NULL, Object(Config\Cache), false)
#4 /home/eventodigital/public_html/api_controlAccesos/public/index.php(37): CodeIgniter\CodeIgniter->run()
#5 {main}
CRITICAL - 2024-10-23 12:37:53 --> Class 'App\Libraries\Exception' not found
#0 /home/eventodigital/public_html/api_controlAccesos/app/Controllers/RestController.php(186): App\Libraries\vCard->__construct(false, 'UUID-1729658425...')
#1 /home/eventodigital/public_html/api_controlAccesos/system/CodeIgniter.php(832): App\Controllers\RestController->create()
#2 /home/eventodigital/public_html/api_controlAccesos/system/CodeIgniter.php(419): CodeIgniter\CodeIgniter->runController(Object(App\Controllers\RestController))
#3 /home/eventodigital/public_html/api_controlAccesos/system/CodeIgniter.php(326): CodeIgniter\CodeIgniter->handleRequest(NULL, Object(Config\Cache), false)
#4 /home/eventodigital/public_html/api_controlAccesos/public/index.php(37): CodeIgniter\CodeIgniter->run()
#5 {main}
CRITICAL - 2024-10-23 12:37:55 --> Class 'App\Libraries\Exception' not found
#0 /home/eventodigital/public_html/api_controlAccesos/app/Controllers/RestController.php(186): App\Libraries\vCard->__construct(false, 'UUID-1729658425...')
#1 /home/eventodigital/public_html/api_controlAccesos/system/CodeIgniter.php(832): App\Controllers\RestController->create()
#2 /home/eventodigital/public_html/api_controlAccesos/system/CodeIgniter.php(419): CodeIgniter\CodeIgniter->runController(Object(App\Controllers\RestController))
#3 /home/eventodigital/public_html/api_controlAccesos/system/CodeIgniter.php(326): CodeIgniter\CodeIgniter->handleRequest(NULL, Object(Config\Cache), false)
#4 /home/eventodigital/public_html/api_controlAccesos/public/index.php(37): CodeIgniter\CodeIgniter->run()
#5 {main}
CRITICAL - 2024-10-23 12:38:08 --> Class 'App\Libraries\Exception' not found
#0 /home/eventodigital/public_html/api_controlAccesos/app/Controllers/RestController.php(186): App\Libraries\vCard->__construct(false, '11179225')
#1 /home/eventodigital/public_html/api_controlAccesos/system/CodeIgniter.php(832): App\Controllers\RestController->create()
#2 /home/eventodigital/public_html/api_controlAccesos/system/CodeIgniter.php(419): CodeIgniter\CodeIgniter->runController(Object(App\Controllers\RestController))
#3 /home/eventodigital/public_html/api_controlAccesos/system/CodeIgniter.php(326): CodeIgniter\CodeIgniter->handleRequest(NULL, Object(Config\Cache), false)
#4 /home/eventodigital/public_html/api_controlAccesos/public/index.php(37): CodeIgniter\CodeIgniter->run()
#5 {main}
CRITICAL - 2024-10-23 12:38:29 --> Class 'App\Libraries\Exception' not found
#0 /home/eventodigital/public_html/api_controlAccesos/app/Controllers/RestController.php(186): App\Libraries\vCard->__construct(false, '12127870')
#1 /home/eventodigital/public_html/api_controlAccesos/system/CodeIgniter.php(832): App\Controllers\RestController->create()
#2 /home/eventodigital/public_html/api_controlAccesos/system/CodeIgniter.php(419): CodeIgniter\CodeIgniter->runController(Object(App\Controllers\RestController))
#3 /home/eventodigital/public_html/api_controlAccesos/system/CodeIgniter.php(326): CodeIgniter\CodeIgniter->handleRequest(NULL, Object(Config\Cache), false)
#4 /home/eventodigital/public_html/api_controlAccesos/public/index.php(37): CodeIgniter\CodeIgniter->run()
#5 {main}
ERROR - 2024-10-23 12:38:47 --> Column 'nombreCompleto' cannot be null
CRITICAL - 2024-10-23 12:40:32 --> Class 'App\Libraries\Exception' not found
#0 /home/eventodigital/public_html/api_controlAccesos/app/Controllers/RestController.php(186): App\Libraries\vCard->__construct(false, '02772059')
#1 /home/eventodigital/public_html/api_controlAccesos/system/CodeIgniter.php(832): App\Controllers\RestController->create()
#2 /home/eventodigital/public_html/api_controlAccesos/system/CodeIgniter.php(419): CodeIgniter\CodeIgniter->runController(Object(App\Controllers\RestController))
#3 /home/eventodigital/public_html/api_controlAccesos/system/CodeIgniter.php(326): CodeIgniter\CodeIgniter->handleRequest(NULL, Object(Config\Cache), false)
#4 /home/eventodigital/public_html/api_controlAccesos/public/index.php(37): CodeIgniter\CodeIgniter->run()
#5 {main}
CRITICAL - 2024-10-23 12:40:57 --> Class 'App\Libraries\Exception' not found
#0 /home/eventodigital/public_html/api_controlAccesos/app/Controllers/RestController.php(186): App\Libraries\vCard->__construct(false, '03075777')
#1 /home/eventodigital/public_html/api_controlAccesos/system/CodeIgniter.php(832): App\Controllers\RestController->create()
#2 /home/eventodigital/public_html/api_controlAccesos/system/CodeIgniter.php(419): CodeIgniter\CodeIgniter->runController(Object(App\Controllers\RestController))
#3 /home/eventodigital/public_html/api_controlAccesos/system/CodeIgniter.php(326): CodeIgniter\CodeIgniter->handleRequest(NULL, Object(Config\Cache), false)
#4 /home/eventodigital/public_html/api_controlAccesos/public/index.php(37): CodeIgniter\CodeIgniter->run()
#5 {main}
ERROR - 2024-10-23 12:41:28 --> Column 'nombreCompleto' cannot be null
CRITICAL - 2024-10-23 12:43:05 --> Class 'App\Libraries\Exception' not found
#0 /home/eventodigital/public_html/api_controlAccesos/app/Controllers/RestController.php(186): App\Libraries\vCard->__construct(false, '-7')
#1 /home/eventodigital/public_html/api_controlAccesos/system/CodeIgniter.php(832): App\Controllers\RestController->create()
#2 /home/eventodigital/public_html/api_controlAccesos/system/CodeIgniter.php(419): CodeIgniter\CodeIgniter->runController(Object(App\Controllers\RestController))
#3 /home/eventodigital/public_html/api_controlAccesos/system/CodeIgniter.php(326): CodeIgniter\CodeIgniter->handleRequest(NULL, Object(Config\Cache), false)
#4 /home/eventodigital/public_html/api_controlAccesos/public/index.php(37): CodeIgniter\CodeIgniter->run()
#5 {main}
CRITICAL - 2024-10-23 12:43:20 --> Class 'App\Libraries\Exception' not found
#0 /home/eventodigital/public_html/api_controlAccesos/app/Controllers/RestController.php(186): App\Libraries\vCard->__construct(false, '03232107')
#1 /home/eventodigital/public_html/api_controlAccesos/system/CodeIgniter.php(832): App\Controllers\RestController->create()
#2 /home/eventodigital/public_html/api_controlAccesos/system/CodeIgniter.php(419): CodeIgniter\CodeIgniter->runController(Object(App\Controllers\RestController))
#3 /home/eventodigital/public_html/api_controlAccesos/system/CodeIgniter.php(326): CodeIgniter\CodeIgniter->handleRequest(NULL, Object(Config\Cache), false)
#4 /home/eventodigital/public_html/api_controlAccesos/public/index.php(37): CodeIgniter\CodeIgniter->run()
#5 {main}
CRITICAL - 2024-10-23 12:45:41 --> Class 'App\Libraries\Exception' not found
#0 /home/eventodigital/public_html/api_controlAccesos/app/Controllers/RestController.php(186): App\Libraries\vCard->__construct(false, 'https://congres...')
#1 /home/eventodigital/public_html/api_controlAccesos/system/CodeIgniter.php(832): App\Controllers\RestController->create()
#2 /home/eventodigital/public_html/api_controlAccesos/system/CodeIgniter.php(419): CodeIgniter\CodeIgniter->runController(Object(App\Controllers\RestController))
#3 /home/eventodigital/public_html/api_controlAccesos/system/CodeIgniter.php(326): CodeIgniter\CodeIgniter->handleRequest(NULL, Object(Config\Cache), false)
#4 /home/eventodigital/public_html/api_controlAccesos/public/index.php(37): CodeIgniter\CodeIgniter->run()
#5 {main}
CRITICAL - 2024-10-23 12:46:20 --> Class 'App\Libraries\Exception' not found
#0 /home/eventodigital/public_html/api_controlAccesos/app/Controllers/RestController.php(186): App\Libraries\vCard->__construct(false, '13450175')
#1 /home/eventodigital/public_html/api_controlAccesos/system/CodeIgniter.php(832): App\Controllers\RestController->create()
#2 /home/eventodigital/public_html/api_controlAccesos/system/CodeIgniter.php(419): CodeIgniter\CodeIgniter->runController(Object(App\Controllers\RestController))
#3 /home/eventodigital/public_html/api_controlAccesos/system/CodeIgniter.php(326): CodeIgniter\CodeIgniter->handleRequest(NULL, Object(Config\Cache), false)
#4 /home/eventodigital/public_html/api_controlAccesos/public/index.php(37): CodeIgniter\CodeIgniter->run()
#5 {main}
CRITICAL - 2024-10-23 12:46:48 --> Class 'App\Libraries\Exception' not found
#0 /home/eventodigital/public_html/api_controlAccesos/app/Controllers/RestController.php(186): App\Libraries\vCard->__construct(false, '12119370')
#1 /home/eventodigital/public_html/api_controlAccesos/system/CodeIgniter.php(832): App\Controllers\RestController->create()
#2 /home/eventodigital/public_html/api_controlAccesos/system/CodeIgniter.php(419): CodeIgniter\CodeIgniter->runController(Object(App\Controllers\RestController))
#3 /home/eventodigital/public_html/api_controlAccesos/system/CodeIgniter.php(326): CodeIgniter\CodeIgniter->handleRequest(NULL, Object(Config\Cache), false)
#4 /home/eventodigital/public_html/api_controlAccesos/public/index.php(37): CodeIgniter\CodeIgniter->run()
#5 {main}
CRITICAL - 2024-10-23 12:48:02 --> Class 'App\Libraries\Exception' not found
#0 /home/eventodigital/public_html/api_controlAccesos/app/Controllers/RestController.php(186): App\Libraries\vCard->__construct(false, '14354132')
#1 /home/eventodigital/public_html/api_controlAccesos/system/CodeIgniter.php(832): App\Controllers\RestController->create()
#2 /home/eventodigital/public_html/api_controlAccesos/system/CodeIgniter.php(419): CodeIgniter\CodeIgniter->runController(Object(App\Controllers\RestController))
#3 /home/eventodigital/public_html/api_controlAccesos/system/CodeIgniter.php(326): CodeIgniter\CodeIgniter->handleRequest(NULL, Object(Config\Cache), false)
#4 /home/eventodigital/public_html/api_controlAccesos/public/index.php(37): CodeIgniter\CodeIgniter->run()
#5 {main}
CRITICAL - 2024-10-23 12:48:18 --> Class 'App\Libraries\Exception' not found
#0 /home/eventodigital/public_html/api_controlAccesos/app/Controllers/RestController.php(186): App\Libraries\vCard->__construct(false, '07538971')
#1 /home/eventodigital/public_html/api_controlAccesos/system/CodeIgniter.php(832): App\Controllers\RestController->create()
#2 /home/eventodigital/public_html/api_controlAccesos/system/CodeIgniter.php(419): CodeIgniter\CodeIgniter->runController(Object(App\Controllers\RestController))
#3 /home/eventodigital/public_html/api_controlAccesos/system/CodeIgniter.php(326): CodeIgniter\CodeIgniter->handleRequest(NULL, Object(Config\Cache), false)
#4 /home/eventodigital/public_html/api_controlAccesos/public/index.php(37): CodeIgniter\CodeIgniter->run()
#5 {main}
CRITICAL - 2024-10-23 12:48:45 --> Class 'App\Libraries\Exception' not found
#0 /home/eventodigital/public_html/api_controlAccesos/app/Controllers/RestController.php(186): App\Libraries\vCard->__construct(false, '$0')
#1 /home/eventodigital/public_html/api_controlAccesos/system/CodeIgniter.php(832): App\Controllers\RestController->create()
#2 /home/eventodigital/public_html/api_controlAccesos/system/CodeIgniter.php(419): CodeIgniter\CodeIgniter->runController(Object(App\Controllers\RestController))
#3 /home/eventodigital/public_html/api_controlAccesos/system/CodeIgniter.php(326): CodeIgniter\CodeIgniter->handleRequest(NULL, Object(Config\Cache), false)
#4 /home/eventodigital/public_html/api_controlAccesos/public/index.php(37): CodeIgniter\CodeIgniter->run()
#5 {main}
CRITICAL - 2024-10-23 12:49:05 --> Class 'App\Libraries\Exception' not found
#0 /home/eventodigital/public_html/api_controlAccesos/app/Controllers/RestController.php(186): App\Libraries\vCard->__construct(false, '03814789')
#1 /home/eventodigital/public_html/api_controlAccesos/system/CodeIgniter.php(832): App\Controllers\RestController->create()
#2 /home/eventodigital/public_html/api_controlAccesos/system/CodeIgniter.php(419): CodeIgniter\CodeIgniter->runController(Object(App\Controllers\RestController))
#3 /home/eventodigital/public_html/api_controlAccesos/system/CodeIgniter.php(326): CodeIgniter\CodeIgniter->handleRequest(NULL, Object(Config\Cache), false)
#4 /home/eventodigital/public_html/api_controlAccesos/public/index.php(37): CodeIgniter\CodeIgniter->run()
#5 {main}
CRITICAL - 2024-10-23 12:49:11 --> Class 'App\Libraries\Exception' not found
#0 /home/eventodigital/public_html/api_controlAccesos/app/Controllers/RestController.php(186): App\Libraries\vCard->__construct(false, '9-')
#1 /home/eventodigital/public_html/api_controlAccesos/system/CodeIgniter.php(832): App\Controllers\RestController->create()
#2 /home/eventodigital/public_html/api_controlAccesos/system/CodeIgniter.php(419): CodeIgniter\CodeIgniter->runController(Object(App\Controllers\RestController))
#3 /home/eventodigital/public_html/api_controlAccesos/system/CodeIgniter.php(326): CodeIgniter\CodeIgniter->handleRequest(NULL, Object(Config\Cache), false)
#4 /home/eventodigital/public_html/api_controlAccesos/public/index.php(37): CodeIgniter\CodeIgniter->run()
#5 {main}
CRITICAL - 2024-10-23 12:50:42 --> Class 'App\Libraries\Exception' not found
#0 /home/eventodigital/public_html/api_controlAccesos/app/Controllers/RestController.php(186): App\Libraries\vCard->__construct(false, '00287809')
#1 /home/eventodigital/public_html/api_controlAccesos/system/CodeIgniter.php(832): App\Controllers\RestController->create()
#2 /home/eventodigital/public_html/api_controlAccesos/system/CodeIgniter.php(419): CodeIgniter\CodeIgniter->runController(Object(App\Controllers\RestController))
#3 /home/eventodigital/public_html/api_controlAccesos/system/CodeIgniter.php(326): CodeIgniter\CodeIgniter->handleRequest(NULL, Object(Config\Cache), false)
#4 /home/eventodigital/public_html/api_controlAccesos/public/index.php(37): CodeIgniter\CodeIgniter->run()
#5 {main}
CRITICAL - 2024-10-23 12:51:28 --> Class 'App\Libraries\Exception' not found
#0 /home/eventodigital/public_html/api_controlAccesos/app/Controllers/RestController.php(186): App\Libraries\vCard->__construct(false, '05352692')
#1 /home/eventodigital/public_html/api_controlAccesos/system/CodeIgniter.php(832): App\Controllers\RestController->create()
#2 /home/eventodigital/public_html/api_controlAccesos/system/CodeIgniter.php(419): CodeIgniter\CodeIgniter->runController(Object(App\Controllers\RestController))
#3 /home/eventodigital/public_html/api_controlAccesos/system/CodeIgniter.php(326): CodeIgniter\CodeIgniter->handleRequest(NULL, Object(Config\Cache), false)
#4 /home/eventodigital/public_html/api_controlAccesos/public/index.php(37): CodeIgniter\CodeIgniter->run()
#5 {main}
ERROR - 2024-10-23 12:51:41 --> Column 'nombreCompleto' cannot be null
CRITICAL - 2024-10-23 12:52:01 --> Class 'App\Libraries\Exception' not found
#0 /home/eventodigital/public_html/api_controlAccesos/app/Controllers/RestController.php(186): App\Libraries\vCard->__construct(false, '06136154')
#1 /home/eventodigital/public_html/api_controlAccesos/system/CodeIgniter.php(832): App\Controllers\RestController->create()
#2 /home/eventodigital/public_html/api_controlAccesos/system/CodeIgniter.php(419): CodeIgniter\CodeIgniter->runController(Object(App\Controllers\RestController))
#3 /home/eventodigital/public_html/api_controlAccesos/system/CodeIgniter.php(326): CodeIgniter\CodeIgniter->handleRequest(NULL, Object(Config\Cache), false)
#4 /home/eventodigital/public_html/api_controlAccesos/public/index.php(37): CodeIgniter\CodeIgniter->run()
#5 {main}
CRITICAL - 2024-10-23 12:52:52 --> Class 'App\Libraries\Exception' not found
#0 /home/eventodigital/public_html/api_controlAccesos/app/Controllers/RestController.php(186): App\Libraries\vCard->__construct(false, '14863592')
#1 /home/eventodigital/public_html/api_controlAccesos/system/CodeIgniter.php(832): App\Controllers\RestController->create()
#2 /home/eventodigital/public_html/api_controlAccesos/system/CodeIgniter.php(419): CodeIgniter\CodeIgniter->runController(Object(App\Controllers\RestController))
#3 /home/eventodigital/public_html/api_controlAccesos/system/CodeIgniter.php(326): CodeIgniter\CodeIgniter->handleRequest(NULL, Object(Config\Cache), false)
#4 /home/eventodigital/public_html/api_controlAccesos/public/index.php(37): CodeIgniter\CodeIgniter->run()
#5 {main}
CRITICAL - 2024-10-23 12:53:08 --> Class 'App\Libraries\Exception' not found
#0 /home/eventodigital/public_html/api_controlAccesos/app/Controllers/RestController.php(186): App\Libraries\vCard->__construct(false, '14888940')
#1 /home/eventodigital/public_html/api_controlAccesos/system/CodeIgniter.php(832): App\Controllers\RestController->create()
#2 /home/eventodigital/public_html/api_controlAccesos/system/CodeIgniter.php(419): CodeIgniter\CodeIgniter->runController(Object(App\Controllers\RestController))
#3 /home/eventodigital/public_html/api_controlAccesos/system/CodeIgniter.php(326): CodeIgniter\CodeIgniter->handleRequest(NULL, Object(Config\Cache), false)
#4 /home/eventodigital/public_html/api_controlAccesos/public/index.php(37): CodeIgniter\CodeIgniter->run()
#5 {main}
CRITICAL - 2024-10-23 12:53:49 --> Class 'App\Libraries\Exception' not found
#0 /home/eventodigital/public_html/api_controlAccesos/app/Controllers/RestController.php(186): App\Libraries\vCard->__construct(false, '01320176')
#1 /home/eventodigital/public_html/api_controlAccesos/system/CodeIgniter.php(832): App\Controllers\RestController->create()
#2 /home/eventodigital/public_html/api_controlAccesos/system/CodeIgniter.php(419): CodeIgniter\CodeIgniter->runController(Object(App\Controllers\RestController))
#3 /home/eventodigital/public_html/api_controlAccesos/system/CodeIgniter.php(326): CodeIgniter\CodeIgniter->handleRequest(NULL, Object(Config\Cache), false)
#4 /home/eventodigital/public_html/api_controlAccesos/public/index.php(37): CodeIgniter\CodeIgniter->run()
#5 {main}
CRITICAL - 2024-10-23 12:53:49 --> Class 'App\Libraries\Exception' not found
#0 /home/eventodigital/public_html/api_controlAccesos/app/Controllers/RestController.php(186): App\Libraries\vCard->__construct(false, 'https://congres...')
#1 /home/eventodigital/public_html/api_controlAccesos/system/CodeIgniter.php(832): App\Controllers\RestController->create()
#2 /home/eventodigital/public_html/api_controlAccesos/system/CodeIgniter.php(419): CodeIgniter\CodeIgniter->runController(Object(App\Controllers\RestController))
#3 /home/eventodigital/public_html/api_controlAccesos/system/CodeIgniter.php(326): CodeIgniter\CodeIgniter->handleRequest(NULL, Object(Config\Cache), false)
#4 /home/eventodigital/public_html/api_controlAccesos/public/index.php(37): CodeIgniter\CodeIgniter->run()
#5 {main}
CRITICAL - 2024-10-23 12:54:46 --> Class 'App\Libraries\Exception' not found
#0 /home/eventodigital/public_html/api_controlAccesos/app/Controllers/RestController.php(186): App\Libraries\vCard->__construct(false, '-7')
#1 /home/eventodigital/public_html/api_controlAccesos/system/CodeIgniter.php(832): App\Controllers\RestController->create()
#2 /home/eventodigital/public_html/api_controlAccesos/system/CodeIgniter.php(419): CodeIgniter\CodeIgniter->runController(Object(App\Controllers\RestController))
#3 /home/eventodigital/public_html/api_controlAccesos/system/CodeIgniter.php(326): CodeIgniter\CodeIgniter->handleRequest(NULL, Object(Config\Cache), false)
#4 /home/eventodigital/public_html/api_controlAccesos/public/index.php(37): CodeIgniter\CodeIgniter->run()
#5 {main}
CRITICAL - 2024-10-23 12:55:14 --> Class 'App\Libraries\Exception' not found
#0 /home/eventodigital/public_html/api_controlAccesos/app/Controllers/RestController.php(186): App\Libraries\vCard->__construct(false, '03253711')
#1 /home/eventodigital/public_html/api_controlAccesos/system/CodeIgniter.php(832): App\Controllers\RestController->create()
#2 /home/eventodigital/public_html/api_controlAccesos/system/CodeIgniter.php(419): CodeIgniter\CodeIgniter->runController(Object(App\Controllers\RestController))
#3 /home/eventodigital/public_html/api_controlAccesos/system/CodeIgniter.php(326): CodeIgniter\CodeIgniter->handleRequest(NULL, Object(Config\Cache), false)
#4 /home/eventodigital/public_html/api_controlAccesos/public/index.php(37): CodeIgniter\CodeIgniter->run()
#5 {main}
CRITICAL - 2024-10-23 12:55:15 --> Class 'App\Libraries\Exception' not found
#0 /home/eventodigital/public_html/api_controlAccesos/app/Controllers/RestController.php(186): App\Libraries\vCard->__construct(false, '01996760')
#1 /home/eventodigital/public_html/api_controlAccesos/system/CodeIgniter.php(832): App\Controllers\RestController->create()
#2 /home/eventodigital/public_html/api_controlAccesos/system/CodeIgniter.php(419): CodeIgniter\CodeIgniter->runController(Object(App\Controllers\RestController))
#3 /home/eventodigital/public_html/api_controlAccesos/system/CodeIgniter.php(326): CodeIgniter\CodeIgniter->handleRequest(NULL, Object(Config\Cache), false)
#4 /home/eventodigital/public_html/api_controlAccesos/public/index.php(37): CodeIgniter\CodeIgniter->run()
#5 {main}
CRITICAL - 2024-10-23 12:55:43 --> Class 'App\Libraries\Exception' not found
#0 /home/eventodigital/public_html/api_controlAccesos/app/Controllers/RestController.php(186): App\Libraries\vCard->__construct(false, 'https://congres...')
#1 /home/eventodigital/public_html/api_controlAccesos/system/CodeIgniter.php(832): App\Controllers\RestController->create()
#2 /home/eventodigital/public_html/api_controlAccesos/system/CodeIgniter.php(419): CodeIgniter\CodeIgniter->runController(Object(App\Controllers\RestController))
#3 /home/eventodigital/public_html/api_controlAccesos/system/CodeIgniter.php(326): CodeIgniter\CodeIgniter->handleRequest(NULL, Object(Config\Cache), false)
#4 /home/eventodigital/public_html/api_controlAccesos/public/index.php(37): CodeIgniter\CodeIgniter->run()
#5 {main}
CRITICAL - 2024-10-23 12:55:52 --> Class 'App\Libraries\Exception' not found
#0 /home/eventodigital/public_html/api_controlAccesos/app/Controllers/RestController.php(186): App\Libraries\vCard->__construct(false, '14773017')
#1 /home/eventodigital/public_html/api_controlAccesos/system/CodeIgniter.php(832): App\Controllers\RestController->create()
#2 /home/eventodigital/public_html/api_controlAccesos/system/CodeIgniter.php(419): CodeIgniter\CodeIgniter->runController(Object(App\Controllers\RestController))
#3 /home/eventodigital/public_html/api_controlAccesos/system/CodeIgniter.php(326): CodeIgniter\CodeIgniter->handleRequest(NULL, Object(Config\Cache), false)
#4 /home/eventodigital/public_html/api_controlAccesos/public/index.php(37): CodeIgniter\CodeIgniter->run()
#5 {main}
CRITICAL - 2024-10-23 12:56:08 --> Class 'App\Libraries\Exception' not found
#0 /home/eventodigital/public_html/api_controlAccesos/app/Controllers/RestController.php(186): App\Libraries\vCard->__construct(false, '15374059')
#1 /home/eventodigital/public_html/api_controlAccesos/system/CodeIgniter.php(832): App\Controllers\RestController->create()
#2 /home/eventodigital/public_html/api_controlAccesos/system/CodeIgniter.php(419): CodeIgniter\CodeIgniter->runController(Object(App\Controllers\RestController))
#3 /home/eventodigital/public_html/api_controlAccesos/system/CodeIgniter.php(326): CodeIgniter\CodeIgniter->handleRequest(NULL, Object(Config\Cache), false)
#4 /home/eventodigital/public_html/api_controlAccesos/public/index.php(37): CodeIgniter\CodeIgniter->run()
#5 {main}
CRITICAL - 2024-10-23 12:56:33 --> Class 'App\Libraries\Exception' not found
#0 /home/eventodigital/public_html/api_controlAccesos/app/Controllers/RestController.php(186): App\Libraries\vCard->__construct(false, '\xEF\xBB\xBFBEGIN:VCARD\n...')
#1 /home/eventodigital/public_html/api_controlAccesos/system/CodeIgniter.php(832): App\Controllers\RestController->create()
#2 /home/eventodigital/public_html/api_controlAccesos/system/CodeIgniter.php(419): CodeIgniter\CodeIgniter->runController(Object(App\Controllers\RestController))
#3 /home/eventodigital/public_html/api_controlAccesos/system/CodeIgniter.php(326): CodeIgniter\CodeIgniter->handleRequest(NULL, Object(Config\Cache), false)
#4 /home/eventodigital/public_html/api_controlAccesos/public/index.php(37): CodeIgniter\CodeIgniter->run()
#5 {main}
CRITICAL - 2024-10-23 12:56:41 --> Class 'App\Libraries\Exception' not found
#0 /home/eventodigital/public_html/api_controlAccesos/app/Controllers/RestController.php(186): App\Libraries\vCard->__construct(false, '12619639')
#1 /home/eventodigital/public_html/api_controlAccesos/system/CodeIgniter.php(832): App\Controllers\RestController->create()
#2 /home/eventodigital/public_html/api_controlAccesos/system/CodeIgniter.php(419): CodeIgniter\CodeIgniter->runController(Object(App\Controllers\RestController))
#3 /home/eventodigital/public_html/api_controlAccesos/system/CodeIgniter.php(326): CodeIgniter\CodeIgniter->handleRequest(NULL, Object(Config\Cache), false)
#4 /home/eventodigital/public_html/api_controlAccesos/public/index.php(37): CodeIgniter\CodeIgniter->run()
#5 {main}
CRITICAL - 2024-10-23 12:56:51 --> Class 'App\Libraries\Exception' not found
#0 /home/eventodigital/public_html/api_controlAccesos/app/Controllers/RestController.php(186): App\Libraries\vCard->__construct(false, '14290408')
#1 /home/eventodigital/public_html/api_controlAccesos/system/CodeIgniter.php(832): App\Controllers\RestController->create()
#2 /home/eventodigital/public_html/api_controlAccesos/system/CodeIgniter.php(419): CodeIgniter\CodeIgniter->runController(Object(App\Controllers\RestController))
#3 /home/eventodigital/public_html/api_controlAccesos/system/CodeIgniter.php(326): CodeIgniter\CodeIgniter->handleRequest(NULL, Object(Config\Cache), false)
#4 /home/eventodigital/public_html/api_controlAccesos/public/index.php(37): CodeIgniter\CodeIgniter->run()
#5 {main}
CRITICAL - 2024-10-23 12:57:28 --> Class 'App\Libraries\Exception' not found
#0 /home/eventodigital/public_html/api_controlAccesos/app/Controllers/RestController.php(186): App\Libraries\vCard->__construct(false, '10187388')
#1 /home/eventodigital/public_html/api_controlAccesos/system/CodeIgniter.php(832): App\Controllers\RestController->create()
#2 /home/eventodigital/public_html/api_controlAccesos/system/CodeIgniter.php(419): CodeIgniter\CodeIgniter->runController(Object(App\Controllers\RestController))
#3 /home/eventodigital/public_html/api_controlAccesos/system/CodeIgniter.php(326): CodeIgniter\CodeIgniter->handleRequest(NULL, Object(Config\Cache), false)
#4 /home/eventodigital/public_html/api_controlAccesos/public/index.php(37): CodeIgniter\CodeIgniter->run()
#5 {main}
CRITICAL - 2024-10-23 12:57:48 --> Class 'App\Libraries\Exception' not found
#0 /home/eventodigital/public_html/api_controlAccesos/app/Controllers/RestController.php(186): App\Libraries\vCard->__construct(false, 'https://congres...')
#1 /home/eventodigital/public_html/api_controlAccesos/system/CodeIgniter.php(832): App\Controllers\RestController->create()
#2 /home/eventodigital/public_html/api_controlAccesos/system/CodeIgniter.php(419): CodeIgniter\CodeIgniter->runController(Object(App\Controllers\RestController))
#3 /home/eventodigital/public_html/api_controlAccesos/system/CodeIgniter.php(326): CodeIgniter\CodeIgniter->handleRequest(NULL, Object(Config\Cache), false)
#4 /home/eventodigital/public_html/api_controlAccesos/public/index.php(37): CodeIgniter\CodeIgniter->run()
#5 {main}
CRITICAL - 2024-10-23 12:58:03 --> Class 'App\Libraries\Exception' not found
#0 /home/eventodigital/public_html/api_controlAccesos/app/Controllers/RestController.php(186): App\Libraries\vCard->__construct(false, '17515290')
#1 /home/eventodigital/public_html/api_controlAccesos/system/CodeIgniter.php(832): App\Controllers\RestController->create()
#2 /home/eventodigital/public_html/api_controlAccesos/system/CodeIgniter.php(419): CodeIgniter\CodeIgniter->runController(Object(App\Controllers\RestController))
#3 /home/eventodigital/public_html/api_controlAccesos/system/CodeIgniter.php(326): CodeIgniter\CodeIgniter->handleRequest(NULL, Object(Config\Cache), false)
#4 /home/eventodigital/public_html/api_controlAccesos/public/index.php(37): CodeIgniter\CodeIgniter->run()
#5 {main}
CRITICAL - 2024-10-23 12:58:50 --> Class 'App\Libraries\Exception' not found
#0 /home/eventodigital/public_html/api_controlAccesos/app/Controllers/RestController.php(186): App\Libraries\vCard->__construct(false, '10901330')
#1 /home/eventodigital/public_html/api_controlAccesos/system/CodeIgniter.php(832): App\Controllers\RestController->create()
#2 /home/eventodigital/public_html/api_controlAccesos/system/CodeIgniter.php(419): CodeIgniter\CodeIgniter->runController(Object(App\Controllers\RestController))
#3 /home/eventodigital/public_html/api_controlAccesos/system/CodeIgniter.php(326): CodeIgniter\CodeIgniter->handleRequest(NULL, Object(Config\Cache), false)
#4 /home/eventodigital/public_html/api_controlAccesos/public/index.php(37): CodeIgniter\CodeIgniter->run()
#5 {main}
CRITICAL - 2024-10-23 12:59:21 --> Class 'App\Libraries\Exception' not found
#0 /home/eventodigital/public_html/api_controlAccesos/app/Controllers/RestController.php(186): App\Libraries\vCard->__construct(false, '13592585')
#1 /home/eventodigital/public_html/api_controlAccesos/system/CodeIgniter.php(832): App\Controllers\RestController->create()
#2 /home/eventodigital/public_html/api_controlAccesos/system/CodeIgniter.php(419): CodeIgniter\CodeIgniter->runController(Object(App\Controllers\RestController))
#3 /home/eventodigital/public_html/api_controlAccesos/system/CodeIgniter.php(326): CodeIgniter\CodeIgniter->handleRequest(NULL, Object(Config\Cache), false)
#4 /home/eventodigital/public_html/api_controlAccesos/public/index.php(37): CodeIgniter\CodeIgniter->run()
#5 {main}
CRITICAL - 2024-10-23 12:59:25 --> Class 'App\Libraries\Exception' not found
#0 /home/eventodigital/public_html/api_controlAccesos/app/Controllers/RestController.php(186): App\Libraries\vCard->__construct(false, '03738658')
#1 /home/eventodigital/public_html/api_controlAccesos/system/CodeIgniter.php(832): App\Controllers\RestController->create()
#2 /home/eventodigital/public_html/api_controlAccesos/system/CodeIgniter.php(419): CodeIgniter\CodeIgniter->runController(Object(App\Controllers\RestController))
#3 /home/eventodigital/public_html/api_controlAccesos/system/CodeIgniter.php(326): CodeIgniter\CodeIgniter->handleRequest(NULL, Object(Config\Cache), false)
#4 /home/eventodigital/public_html/api_controlAccesos/public/index.php(37): CodeIgniter\CodeIgniter->run()
#5 {main}
CRITICAL - 2024-10-23 13:01:22 --> Class 'App\Libraries\Exception' not found
#0 /home/eventodigital/public_html/api_controlAccesos/app/Controllers/RestController.php(186): App\Libraries\vCard->__construct(false, '15037763')
#1 /home/eventodigital/public_html/api_controlAccesos/system/CodeIgniter.php(832): App\Controllers\RestController->create()
#2 /home/eventodigital/public_html/api_controlAccesos/system/CodeIgniter.php(419): CodeIgniter\CodeIgniter->runController(Object(App\Controllers\RestController))
#3 /home/eventodigital/public_html/api_controlAccesos/system/CodeIgniter.php(326): CodeIgniter\CodeIgniter->handleRequest(NULL, Object(Config\Cache), false)
#4 /home/eventodigital/public_html/api_controlAccesos/public/index.php(37): CodeIgniter\CodeIgniter->run()
#5 {main}
CRITICAL - 2024-10-23 13:04:35 --> Class 'App\Libraries\Exception' not found
#0 /home/eventodigital/public_html/api_controlAccesos/app/Controllers/RestController.php(186): App\Libraries\vCard->__construct(false, 'https://congres...')
#1 /home/eventodigital/public_html/api_controlAccesos/system/CodeIgniter.php(832): App\Controllers\RestController->create()
#2 /home/eventodigital/public_html/api_controlAccesos/system/CodeIgniter.php(419): CodeIgniter\CodeIgniter->runController(Object(App\Controllers\RestController))
#3 /home/eventodigital/public_html/api_controlAccesos/system/CodeIgniter.php(326): CodeIgniter\CodeIgniter->handleRequest(NULL, Object(Config\Cache), false)
#4 /home/eventodigital/public_html/api_controlAccesos/public/index.php(37): CodeIgniter\CodeIgniter->run()
#5 {main}
CRITICAL - 2024-10-23 13:04:59 --> Class 'App\Libraries\Exception' not found
#0 /home/eventodigital/public_html/api_controlAccesos/app/Controllers/RestController.php(186): App\Libraries\vCard->__construct(false, '16470699')
#1 /home/eventodigital/public_html/api_controlAccesos/system/CodeIgniter.php(832): App\Controllers\RestController->create()
#2 /home/eventodigital/public_html/api_controlAccesos/system/CodeIgniter.php(419): CodeIgniter\CodeIgniter->runController(Object(App\Controllers\RestController))
#3 /home/eventodigital/public_html/api_controlAccesos/system/CodeIgniter.php(326): CodeIgniter\CodeIgniter->handleRequest(NULL, Object(Config\Cache), false)
#4 /home/eventodigital/public_html/api_controlAccesos/public/index.php(37): CodeIgniter\CodeIgniter->run()
#5 {main}
CRITICAL - 2024-10-23 13:04:59 --> Class 'App\Libraries\Exception' not found
#0 /home/eventodigital/public_html/api_controlAccesos/app/Controllers/RestController.php(186): App\Libraries\vCard->__construct(false, '11818977')
#1 /home/eventodigital/public_html/api_controlAccesos/system/CodeIgniter.php(832): App\Controllers\RestController->create()
#2 /home/eventodigital/public_html/api_controlAccesos/system/CodeIgniter.php(419): CodeIgniter\CodeIgniter->runController(Object(App\Controllers\RestController))
#3 /home/eventodigital/public_html/api_controlAccesos/system/CodeIgniter.php(326): CodeIgniter\CodeIgniter->handleRequest(NULL, Object(Config\Cache), false)
#4 /home/eventodigital/public_html/api_controlAccesos/public/index.php(37): CodeIgniter\CodeIgniter->run()
#5 {main}
CRITICAL - 2024-10-23 13:09:28 --> Class 'App\Libraries\Exception' not found
#0 /home/eventodigital/public_html/api_controlAccesos/app/Controllers/RestController.php(186): App\Libraries\vCard->__construct(false, '18141818')
#1 /home/eventodigital/public_html/api_controlAccesos/system/CodeIgniter.php(832): App\Controllers\RestController->create()
#2 /home/eventodigital/public_html/api_controlAccesos/system/CodeIgniter.php(419): CodeIgniter\CodeIgniter->runController(Object(App\Controllers\RestController))
#3 /home/eventodigital/public_html/api_controlAccesos/system/CodeIgniter.php(326): CodeIgniter\CodeIgniter->handleRequest(NULL, Object(Config\Cache), false)
#4 /home/eventodigital/public_html/api_controlAccesos/public/index.php(37): CodeIgniter\CodeIgniter->run()
#5 {main}
CRITICAL - 2024-10-23 13:09:33 --> Class 'App\Libraries\Exception' not found
#0 /home/eventodigital/public_html/api_controlAccesos/app/Controllers/RestController.php(186): App\Libraries\vCard->__construct(false, '07863114')
#1 /home/eventodigital/public_html/api_controlAccesos/system/CodeIgniter.php(832): App\Controllers\RestController->create()
#2 /home/eventodigital/public_html/api_controlAccesos/system/CodeIgniter.php(419): CodeIgniter\CodeIgniter->runController(Object(App\Controllers\RestController))
#3 /home/eventodigital/public_html/api_controlAccesos/system/CodeIgniter.php(326): CodeIgniter\CodeIgniter->handleRequest(NULL, Object(Config\Cache), false)
#4 /home/eventodigital/public_html/api_controlAccesos/public/index.php(37): CodeIgniter\CodeIgniter->run()
#5 {main}
CRITICAL - 2024-10-23 13:10:35 --> Class 'App\Libraries\Exception' not found
#0 /home/eventodigital/public_html/api_controlAccesos/app/Controllers/RestController.php(186): App\Libraries\vCard->__construct(false, '38')
#1 /home/eventodigital/public_html/api_controlAccesos/system/CodeIgniter.php(832): App\Controllers\RestController->create()
#2 /home/eventodigital/public_html/api_controlAccesos/system/CodeIgniter.php(419): CodeIgniter\CodeIgniter->runController(Object(App\Controllers\RestController))
#3 /home/eventodigital/public_html/api_controlAccesos/system/CodeIgniter.php(326): CodeIgniter\CodeIgniter->handleRequest(NULL, Object(Config\Cache), false)
#4 /home/eventodigital/public_html/api_controlAccesos/public/index.php(37): CodeIgniter\CodeIgniter->run()
#5 {main}
CRITICAL - 2024-10-23 13:11:31 --> Class 'App\Libraries\Exception' not found
#0 /home/eventodigital/public_html/api_controlAccesos/app/Controllers/RestController.php(186): App\Libraries\vCard->__construct(false, '12992874')
#1 /home/eventodigital/public_html/api_controlAccesos/system/CodeIgniter.php(832): App\Controllers\RestController->create()
#2 /home/eventodigital/public_html/api_controlAccesos/system/CodeIgniter.php(419): CodeIgniter\CodeIgniter->runController(Object(App\Controllers\RestController))
#3 /home/eventodigital/public_html/api_controlAccesos/system/CodeIgniter.php(326): CodeIgniter\CodeIgniter->handleRequest(NULL, Object(Config\Cache), false)
#4 /home/eventodigital/public_html/api_controlAccesos/public/index.php(37): CodeIgniter\CodeIgniter->run()
#5 {main}
CRITICAL - 2024-10-23 13:12:03 --> Class 'App\Libraries\Exception' not found
#0 /home/eventodigital/public_html/api_controlAccesos/app/Controllers/RestController.php(186): App\Libraries\vCard->__construct(false, '15222537')
#1 /home/eventodigital/public_html/api_controlAccesos/system/CodeIgniter.php(832): App\Controllers\RestController->create()
#2 /home/eventodigital/public_html/api_controlAccesos/system/CodeIgniter.php(419): CodeIgniter\CodeIgniter->runController(Object(App\Controllers\RestController))
#3 /home/eventodigital/public_html/api_controlAccesos/system/CodeIgniter.php(326): CodeIgniter\CodeIgniter->handleRequest(NULL, Object(Config\Cache), false)
#4 /home/eventodigital/public_html/api_controlAccesos/public/index.php(37): CodeIgniter\CodeIgniter->run()
#5 {main}
ERROR - 2024-10-23 13:13:52 --> Column 'nombreCompleto' cannot be null
CRITICAL - 2024-10-23 13:14:01 --> Class 'App\Libraries\Exception' not found
#0 /home/eventodigital/public_html/api_controlAccesos/app/Controllers/RestController.php(186): App\Libraries\vCard->__construct(false, '06517489')
#1 /home/eventodigital/public_html/api_controlAccesos/system/CodeIgniter.php(832): App\Controllers\RestController->create()
#2 /home/eventodigital/public_html/api_controlAccesos/system/CodeIgniter.php(419): CodeIgniter\CodeIgniter->runController(Object(App\Controllers\RestController))
#3 /home/eventodigital/public_html/api_controlAccesos/system/CodeIgniter.php(326): CodeIgniter\CodeIgniter->handleRequest(NULL, Object(Config\Cache), false)
#4 /home/eventodigital/public_html/api_controlAccesos/public/index.php(37): CodeIgniter\CodeIgniter->run()
#5 {main}
CRITICAL - 2024-10-23 13:14:30 --> Class 'App\Libraries\Exception' not found
#0 /home/eventodigital/public_html/api_controlAccesos/app/Controllers/RestController.php(186): App\Libraries\vCard->__construct(false, '17279871')
#1 /home/eventodigital/public_html/api_controlAccesos/system/CodeIgniter.php(832): App\Controllers\RestController->create()
#2 /home/eventodigital/public_html/api_controlAccesos/system/CodeIgniter.php(419): CodeIgniter\CodeIgniter->runController(Object(App\Controllers\RestController))
#3 /home/eventodigital/public_html/api_controlAccesos/system/CodeIgniter.php(326): CodeIgniter\CodeIgniter->handleRequest(NULL, Object(Config\Cache), false)
#4 /home/eventodigital/public_html/api_controlAccesos/public/index.php(37): CodeIgniter\CodeIgniter->run()
#5 {main}
CRITICAL - 2024-10-23 13:16:02 --> Class 'App\Libraries\Exception' not found
#0 /home/eventodigital/public_html/api_controlAccesos/app/Controllers/RestController.php(186): App\Libraries\vCard->__construct(false, '16672079')
#1 /home/eventodigital/public_html/api_controlAccesos/system/CodeIgniter.php(832): App\Controllers\RestController->create()
#2 /home/eventodigital/public_html/api_controlAccesos/system/CodeIgniter.php(419): CodeIgniter\CodeIgniter->runController(Object(App\Controllers\RestController))
#3 /home/eventodigital/public_html/api_controlAccesos/system/CodeIgniter.php(326): CodeIgniter\CodeIgniter->handleRequest(NULL, Object(Config\Cache), false)
#4 /home/eventodigital/public_html/api_controlAccesos/public/index.php(37): CodeIgniter\CodeIgniter->run()
#5 {main}
CRITICAL - 2024-10-23 13:17:27 --> Class 'App\Libraries\Exception' not found
#0 /home/eventodigital/public_html/api_controlAccesos/app/Controllers/RestController.php(186): App\Libraries\vCard->__construct(false, '14284814')
#1 /home/eventodigital/public_html/api_controlAccesos/system/CodeIgniter.php(832): App\Controllers\RestController->create()
#2 /home/eventodigital/public_html/api_controlAccesos/system/CodeIgniter.php(419): CodeIgniter\CodeIgniter->runController(Object(App\Controllers\RestController))
#3 /home/eventodigital/public_html/api_controlAccesos/system/CodeIgniter.php(326): CodeIgniter\CodeIgniter->handleRequest(NULL, Object(Config\Cache), false)
#4 /home/eventodigital/public_html/api_controlAccesos/public/index.php(37): CodeIgniter\CodeIgniter->run()
#5 {main}
CRITICAL - 2024-10-23 13:18:30 --> Class 'App\Libraries\Exception' not found
#0 /home/eventodigital/public_html/api_controlAccesos/app/Controllers/RestController.php(186): App\Libraries\vCard->__construct(false, '13458652')
#1 /home/eventodigital/public_html/api_controlAccesos/system/CodeIgniter.php(832): App\Controllers\RestController->create()
#2 /home/eventodigital/public_html/api_controlAccesos/system/CodeIgniter.php(419): CodeIgniter\CodeIgniter->runController(Object(App\Controllers\RestController))
#3 /home/eventodigital/public_html/api_controlAccesos/system/CodeIgniter.php(326): CodeIgniter\CodeIgniter->handleRequest(NULL, Object(Config\Cache), false)
#4 /home/eventodigital/public_html/api_controlAccesos/public/index.php(37): CodeIgniter\CodeIgniter->run()
#5 {main}
CRITICAL - 2024-10-23 13:19:06 --> Class 'App\Libraries\Exception' not found
#0 /home/eventodigital/public_html/api_controlAccesos/app/Controllers/RestController.php(186): App\Libraries\vCard->__construct(false, '06044466')
#1 /home/eventodigital/public_html/api_controlAccesos/system/CodeIgniter.php(832): App\Controllers\RestController->create()
#2 /home/eventodigital/public_html/api_controlAccesos/system/CodeIgniter.php(419): CodeIgniter\CodeIgniter->runController(Object(App\Controllers\RestController))
#3 /home/eventodigital/public_html/api_controlAccesos/system/CodeIgniter.php(326): CodeIgniter\CodeIgniter->handleRequest(NULL, Object(Config\Cache), false)
#4 /home/eventodigital/public_html/api_controlAccesos/public/index.php(37): CodeIgniter\CodeIgniter->run()
#5 {main}
CRITICAL - 2024-10-23 13:19:25 --> Class 'App\Libraries\Exception' not found
#0 /home/eventodigital/public_html/api_controlAccesos/app/Controllers/RestController.php(186): App\Libraries\vCard->__construct(false, '06690746')
#1 /home/eventodigital/public_html/api_controlAccesos/system/CodeIgniter.php(832): App\Controllers\RestController->create()
#2 /home/eventodigital/public_html/api_controlAccesos/system/CodeIgniter.php(419): CodeIgniter\CodeIgniter->runController(Object(App\Controllers\RestController))
#3 /home/eventodigital/public_html/api_controlAccesos/system/CodeIgniter.php(326): CodeIgniter\CodeIgniter->handleRequest(NULL, Object(Config\Cache), false)
#4 /home/eventodigital/public_html/api_controlAccesos/public/index.php(37): CodeIgniter\CodeIgniter->run()
#5 {main}
CRITICAL - 2024-10-23 13:19:53 --> Class 'App\Libraries\Exception' not found
#0 /home/eventodigital/public_html/api_controlAccesos/app/Controllers/RestController.php(186): App\Libraries\vCard->__construct(false, '08660886')
#1 /home/eventodigital/public_html/api_controlAccesos/system/CodeIgniter.php(832): App\Controllers\RestController->create()
#2 /home/eventodigital/public_html/api_controlAccesos/system/CodeIgniter.php(419): CodeIgniter\CodeIgniter->runController(Object(App\Controllers\RestController))
#3 /home/eventodigital/public_html/api_controlAccesos/system/CodeIgniter.php(326): CodeIgniter\CodeIgniter->handleRequest(NULL, Object(Config\Cache), false)
#4 /home/eventodigital/public_html/api_controlAccesos/public/index.php(37): CodeIgniter\CodeIgniter->run()
#5 {main}
CRITICAL - 2024-10-23 13:21:08 --> Class 'App\Libraries\Exception' not found
#0 /home/eventodigital/public_html/api_controlAccesos/app/Controllers/RestController.php(186): App\Libraries\vCard->__construct(false, '17512844')
#1 /home/eventodigital/public_html/api_controlAccesos/system/CodeIgniter.php(832): App\Controllers\RestController->create()
#2 /home/eventodigital/public_html/api_controlAccesos/system/CodeIgniter.php(419): CodeIgniter\CodeIgniter->runController(Object(App\Controllers\RestController))
#3 /home/eventodigital/public_html/api_controlAccesos/system/CodeIgniter.php(326): CodeIgniter\CodeIgniter->handleRequest(NULL, Object(Config\Cache), false)
#4 /home/eventodigital/public_html/api_controlAccesos/public/index.php(37): CodeIgniter\CodeIgniter->run()
#5 {main}
CRITICAL - 2024-10-23 13:22:31 --> Class 'App\Libraries\Exception' not found
#0 /home/eventodigital/public_html/api_controlAccesos/app/Controllers/RestController.php(186): App\Libraries\vCard->__construct(false, '02799254')
#1 /home/eventodigital/public_html/api_controlAccesos/system/CodeIgniter.php(832): App\Controllers\RestController->create()
#2 /home/eventodigital/public_html/api_controlAccesos/system/CodeIgniter.php(419): CodeIgniter\CodeIgniter->runController(Object(App\Controllers\RestController))
#3 /home/eventodigital/public_html/api_controlAccesos/system/CodeIgniter.php(326): CodeIgniter\CodeIgniter->handleRequest(NULL, Object(Config\Cache), false)
#4 /home/eventodigital/public_html/api_controlAccesos/public/index.php(37): CodeIgniter\CodeIgniter->run()
#5 {main}
CRITICAL - 2024-10-23 13:24:02 --> Class 'App\Libraries\Exception' not found
#0 /home/eventodigital/public_html/api_controlAccesos/app/Controllers/RestController.php(186): App\Libraries\vCard->__construct(false, 'https://congres...')
#1 /home/eventodigital/public_html/api_controlAccesos/system/CodeIgniter.php(832): App\Controllers\RestController->create()
#2 /home/eventodigital/public_html/api_controlAccesos/system/CodeIgniter.php(419): CodeIgniter\CodeIgniter->runController(Object(App\Controllers\RestController))
#3 /home/eventodigital/public_html/api_controlAccesos/system/CodeIgniter.php(326): CodeIgniter\CodeIgniter->handleRequest(NULL, Object(Config\Cache), false)
#4 /home/eventodigital/public_html/api_controlAccesos/public/index.php(37): CodeIgniter\CodeIgniter->run()
#5 {main}
CRITICAL - 2024-10-23 13:25:06 --> Class 'App\Libraries\Exception' not found
#0 /home/eventodigital/public_html/api_controlAccesos/app/Controllers/RestController.php(186): App\Libraries\vCard->__construct(false, '15123862')
#1 /home/eventodigital/public_html/api_controlAccesos/system/CodeIgniter.php(832): App\Controllers\RestController->create()
#2 /home/eventodigital/public_html/api_controlAccesos/system/CodeIgniter.php(419): CodeIgniter\CodeIgniter->runController(Object(App\Controllers\RestController))
#3 /home/eventodigital/public_html/api_controlAccesos/system/CodeIgniter.php(326): CodeIgniter\CodeIgniter->handleRequest(NULL, Object(Config\Cache), false)
#4 /home/eventodigital/public_html/api_controlAccesos/public/index.php(37): CodeIgniter\CodeIgniter->run()
#5 {main}
CRITICAL - 2024-10-23 13:25:38 --> Class 'App\Libraries\Exception' not found
#0 /home/eventodigital/public_html/api_controlAccesos/app/Controllers/RestController.php(186): App\Libraries\vCard->__construct(false, '07254376')
#1 /home/eventodigital/public_html/api_controlAccesos/system/CodeIgniter.php(832): App\Controllers\RestController->create()
#2 /home/eventodigital/public_html/api_controlAccesos/system/CodeIgniter.php(419): CodeIgniter\CodeIgniter->runController(Object(App\Controllers\RestController))
#3 /home/eventodigital/public_html/api_controlAccesos/system/CodeIgniter.php(326): CodeIgniter\CodeIgniter->handleRequest(NULL, Object(Config\Cache), false)
#4 /home/eventodigital/public_html/api_controlAccesos/public/index.php(37): CodeIgniter\CodeIgniter->run()
#5 {main}
CRITICAL - 2024-10-23 13:25:53 --> Class 'App\Libraries\Exception' not found
#0 /home/eventodigital/public_html/api_controlAccesos/app/Controllers/RestController.php(186): App\Libraries\vCard->__construct(false, '09884076')
#1 /home/eventodigital/public_html/api_controlAccesos/system/CodeIgniter.php(832): App\Controllers\RestController->create()
#2 /home/eventodigital/public_html/api_controlAccesos/system/CodeIgniter.php(419): CodeIgniter\CodeIgniter->runController(Object(App\Controllers\RestController))
#3 /home/eventodigital/public_html/api_controlAccesos/system/CodeIgniter.php(326): CodeIgniter\CodeIgniter->handleRequest(NULL, Object(Config\Cache), false)
#4 /home/eventodigital/public_html/api_controlAccesos/public/index.php(37): CodeIgniter\CodeIgniter->run()
#5 {main}
CRITICAL - 2024-10-23 13:25:54 --> Class 'App\Libraries\Exception' not found
#0 /home/eventodigital/public_html/api_controlAccesos/app/Controllers/RestController.php(186): App\Libraries\vCard->__construct(false, '05354559')
#1 /home/eventodigital/public_html/api_controlAccesos/system/CodeIgniter.php(832): App\Controllers\RestController->create()
#2 /home/eventodigital/public_html/api_controlAccesos/system/CodeIgniter.php(419): CodeIgniter\CodeIgniter->runController(Object(App\Controllers\RestController))
#3 /home/eventodigital/public_html/api_controlAccesos/system/CodeIgniter.php(326): CodeIgniter\CodeIgniter->handleRequest(NULL, Object(Config\Cache), false)
#4 /home/eventodigital/public_html/api_controlAccesos/public/index.php(37): CodeIgniter\CodeIgniter->run()
#5 {main}
CRITICAL - 2024-10-23 13:26:09 --> Class 'App\Libraries\Exception' not found
#0 /home/eventodigital/public_html/api_controlAccesos/app/Controllers/RestController.php(186): App\Libraries\vCard->__construct(false, '08821433')
#1 /home/eventodigital/public_html/api_controlAccesos/system/CodeIgniter.php(832): App\Controllers\RestController->create()
#2 /home/eventodigital/public_html/api_controlAccesos/system/CodeIgniter.php(419): CodeIgniter\CodeIgniter->runController(Object(App\Controllers\RestController))
#3 /home/eventodigital/public_html/api_controlAccesos/system/CodeIgniter.php(326): CodeIgniter\CodeIgniter->handleRequest(NULL, Object(Config\Cache), false)
#4 /home/eventodigital/public_html/api_controlAccesos/public/index.php(37): CodeIgniter\CodeIgniter->run()
#5 {main}
CRITICAL - 2024-10-23 13:27:19 --> Class 'App\Libraries\Exception' not found
#0 /home/eventodigital/public_html/api_controlAccesos/app/Controllers/RestController.php(186): App\Libraries\vCard->__construct(false, '18766196')
#1 /home/eventodigital/public_html/api_controlAccesos/system/CodeIgniter.php(832): App\Controllers\RestController->create()
#2 /home/eventodigital/public_html/api_controlAccesos/system/CodeIgniter.php(419): CodeIgniter\CodeIgniter->runController(Object(App\Controllers\RestController))
#3 /home/eventodigital/public_html/api_controlAccesos/system/CodeIgniter.php(326): CodeIgniter\CodeIgniter->handleRequest(NULL, Object(Config\Cache), false)
#4 /home/eventodigital/public_html/api_controlAccesos/public/index.php(37): CodeIgniter\CodeIgniter->run()
#5 {main}
CRITICAL - 2024-10-23 13:27:48 --> Class 'App\Libraries\Exception' not found
#0 /home/eventodigital/public_html/api_controlAccesos/app/Controllers/RestController.php(186): App\Libraries\vCard->__construct(false, '03895049')
#1 /home/eventodigital/public_html/api_controlAccesos/system/CodeIgniter.php(832): App\Controllers\RestController->create()
#2 /home/eventodigital/public_html/api_controlAccesos/system/CodeIgniter.php(419): CodeIgniter\CodeIgniter->runController(Object(App\Controllers\RestController))
#3 /home/eventodigital/public_html/api_controlAccesos/system/CodeIgniter.php(326): CodeIgniter\CodeIgniter->handleRequest(NULL, Object(Config\Cache), false)
#4 /home/eventodigital/public_html/api_controlAccesos/public/index.php(37): CodeIgniter\CodeIgniter->run()
#5 {main}
CRITICAL - 2024-10-23 13:28:57 --> Class 'App\Libraries\Exception' not found
#0 /home/eventodigital/public_html/api_controlAccesos/app/Controllers/RestController.php(186): App\Libraries\vCard->__construct(false, '14602614')
#1 /home/eventodigital/public_html/api_controlAccesos/system/CodeIgniter.php(832): App\Controllers\RestController->create()
#2 /home/eventodigital/public_html/api_controlAccesos/system/CodeIgniter.php(419): CodeIgniter\CodeIgniter->runController(Object(App\Controllers\RestController))
#3 /home/eventodigital/public_html/api_controlAccesos/system/CodeIgniter.php(326): CodeIgniter\CodeIgniter->handleRequest(NULL, Object(Config\Cache), false)
#4 /home/eventodigital/public_html/api_controlAccesos/public/index.php(37): CodeIgniter\CodeIgniter->run()
#5 {main}
CRITICAL - 2024-10-23 13:30:02 --> Class 'App\Libraries\Exception' not found
#0 /home/eventodigital/public_html/api_controlAccesos/app/Controllers/RestController.php(186): App\Libraries\vCard->__construct(false, '06703752')
#1 /home/eventodigital/public_html/api_controlAccesos/system/CodeIgniter.php(832): App\Controllers\RestController->create()
#2 /home/eventodigital/public_html/api_controlAccesos/system/CodeIgniter.php(419): CodeIgniter\CodeIgniter->runController(Object(App\Controllers\RestController))
#3 /home/eventodigital/public_html/api_controlAccesos/system/CodeIgniter.php(326): CodeIgniter\CodeIgniter->handleRequest(NULL, Object(Config\Cache), false)
#4 /home/eventodigital/public_html/api_controlAccesos/public/index.php(37): CodeIgniter\CodeIgniter->run()
#5 {main}
CRITICAL - 2024-10-23 13:30:12 --> Class 'App\Libraries\Exception' not found
#0 /home/eventodigital/public_html/api_controlAccesos/app/Controllers/RestController.php(186): App\Libraries\vCard->__construct(false, '15770868')
#1 /home/eventodigital/public_html/api_controlAccesos/system/CodeIgniter.php(832): App\Controllers\RestController->create()
#2 /home/eventodigital/public_html/api_controlAccesos/system/CodeIgniter.php(419): CodeIgniter\CodeIgniter->runController(Object(App\Controllers\RestController))
#3 /home/eventodigital/public_html/api_controlAccesos/system/CodeIgniter.php(326): CodeIgniter\CodeIgniter->handleRequest(NULL, Object(Config\Cache), false)
#4 /home/eventodigital/public_html/api_controlAccesos/public/index.php(37): CodeIgniter\CodeIgniter->run()
#5 {main}
CRITICAL - 2024-10-23 13:31:36 --> Class 'App\Libraries\Exception' not found
#0 /home/eventodigital/public_html/api_controlAccesos/app/Controllers/RestController.php(186): App\Libraries\vCard->__construct(false, '11411824')
#1 /home/eventodigital/public_html/api_controlAccesos/system/CodeIgniter.php(832): App\Controllers\RestController->create()
#2 /home/eventodigital/public_html/api_controlAccesos/system/CodeIgniter.php(419): CodeIgniter\CodeIgniter->runController(Object(App\Controllers\RestController))
#3 /home/eventodigital/public_html/api_controlAccesos/system/CodeIgniter.php(326): CodeIgniter\CodeIgniter->handleRequest(NULL, Object(Config\Cache), false)
#4 /home/eventodigital/public_html/api_controlAccesos/public/index.php(37): CodeIgniter\CodeIgniter->run()
#5 {main}
CRITICAL - 2024-10-23 13:31:46 --> Class 'App\Libraries\Exception' not found
#0 /home/eventodigital/public_html/api_controlAccesos/app/Controllers/RestController.php(186): App\Libraries\vCard->__construct(false, '14648917')
#1 /home/eventodigital/public_html/api_controlAccesos/system/CodeIgniter.php(832): App\Controllers\RestController->create()
#2 /home/eventodigital/public_html/api_controlAccesos/system/CodeIgniter.php(419): CodeIgniter\CodeIgniter->runController(Object(App\Controllers\RestController))
#3 /home/eventodigital/public_html/api_controlAccesos/system/CodeIgniter.php(326): CodeIgniter\CodeIgniter->handleRequest(NULL, Object(Config\Cache), false)
#4 /home/eventodigital/public_html/api_controlAccesos/public/index.php(37): CodeIgniter\CodeIgniter->run()
#5 {main}
CRITICAL - 2024-10-23 13:32:03 --> Class 'App\Libraries\Exception' not found
#0 /home/eventodigital/public_html/api_controlAccesos/app/Controllers/RestController.php(186): App\Libraries\vCard->__construct(false, '02654108')
#1 /home/eventodigital/public_html/api_controlAccesos/system/CodeIgniter.php(832): App\Controllers\RestController->create()
#2 /home/eventodigital/public_html/api_controlAccesos/system/CodeIgniter.php(419): CodeIgniter\CodeIgniter->runController(Object(App\Controllers\RestController))
#3 /home/eventodigital/public_html/api_controlAccesos/system/CodeIgniter.php(326): CodeIgniter\CodeIgniter->handleRequest(NULL, Object(Config\Cache), false)
#4 /home/eventodigital/public_html/api_controlAccesos/public/index.php(37): CodeIgniter\CodeIgniter->run()
#5 {main}
CRITICAL - 2024-10-23 13:32:32 --> Class 'App\Libraries\Exception' not found
#0 /home/eventodigital/public_html/api_controlAccesos/app/Controllers/RestController.php(186): App\Libraries\vCard->__construct(false, '15587893')
#1 /home/eventodigital/public_html/api_controlAccesos/system/CodeIgniter.php(832): App\Controllers\RestController->create()
#2 /home/eventodigital/public_html/api_controlAccesos/system/CodeIgniter.php(419): CodeIgniter\CodeIgniter->runController(Object(App\Controllers\RestController))
#3 /home/eventodigital/public_html/api_controlAccesos/system/CodeIgniter.php(326): CodeIgniter\CodeIgniter->handleRequest(NULL, Object(Config\Cache), false)
#4 /home/eventodigital/public_html/api_controlAccesos/public/index.php(37): CodeIgniter\CodeIgniter->run()
#5 {main}
CRITICAL - 2024-10-23 13:33:39 --> Class 'App\Libraries\Exception' not found
#0 /home/eventodigital/public_html/api_controlAccesos/app/Controllers/RestController.php(186): App\Libraries\vCard->__construct(false, '16188877')
#1 /home/eventodigital/public_html/api_controlAccesos/system/CodeIgniter.php(832): App\Controllers\RestController->create()
#2 /home/eventodigital/public_html/api_controlAccesos/system/CodeIgniter.php(419): CodeIgniter\CodeIgniter->runController(Object(App\Controllers\RestController))
#3 /home/eventodigital/public_html/api_controlAccesos/system/CodeIgniter.php(326): CodeIgniter\CodeIgniter->handleRequest(NULL, Object(Config\Cache), false)
#4 /home/eventodigital/public_html/api_controlAccesos/public/index.php(37): CodeIgniter\CodeIgniter->run()
#5 {main}
CRITICAL - 2024-10-23 13:33:47 --> Class 'App\Libraries\Exception' not found
#0 /home/eventodigital/public_html/api_controlAccesos/app/Controllers/RestController.php(186): App\Libraries\vCard->__construct(false, '08842217')
#1 /home/eventodigital/public_html/api_controlAccesos/system/CodeIgniter.php(832): App\Controllers\RestController->create()
#2 /home/eventodigital/public_html/api_controlAccesos/system/CodeIgniter.php(419): CodeIgniter\CodeIgniter->runController(Object(App\Controllers\RestController))
#3 /home/eventodigital/public_html/api_controlAccesos/system/CodeIgniter.php(326): CodeIgniter\CodeIgniter->handleRequest(NULL, Object(Config\Cache), false)
#4 /home/eventodigital/public_html/api_controlAccesos/public/index.php(37): CodeIgniter\CodeIgniter->run()
#5 {main}
CRITICAL - 2024-10-23 13:35:24 --> Class 'App\Libraries\Exception' not found
#0 /home/eventodigital/public_html/api_controlAccesos/app/Controllers/RestController.php(186): App\Libraries\vCard->__construct(false, '12759019')
#1 /home/eventodigital/public_html/api_controlAccesos/system/CodeIgniter.php(832): App\Controllers\RestController->create()
#2 /home/eventodigital/public_html/api_controlAccesos/system/CodeIgniter.php(419): CodeIgniter\CodeIgniter->runController(Object(App\Controllers\RestController))
#3 /home/eventodigital/public_html/api_controlAccesos/system/CodeIgniter.php(326): CodeIgniter\CodeIgniter->handleRequest(NULL, Object(Config\Cache), false)
#4 /home/eventodigital/public_html/api_controlAccesos/public/index.php(37): CodeIgniter\CodeIgniter->run()
#5 {main}
CRITICAL - 2024-10-23 13:36:19 --> Class 'App\Libraries\Exception' not found
#0 /home/eventodigital/public_html/api_controlAccesos/app/Controllers/RestController.php(186): App\Libraries\vCard->__construct(false, '08918796')
#1 /home/eventodigital/public_html/api_controlAccesos/system/CodeIgniter.php(832): App\Controllers\RestController->create()
#2 /home/eventodigital/public_html/api_controlAccesos/system/CodeIgniter.php(419): CodeIgniter\CodeIgniter->runController(Object(App\Controllers\RestController))
#3 /home/eventodigital/public_html/api_controlAccesos/system/CodeIgniter.php(326): CodeIgniter\CodeIgniter->handleRequest(NULL, Object(Config\Cache), false)
#4 /home/eventodigital/public_html/api_controlAccesos/public/index.php(37): CodeIgniter\CodeIgniter->run()
#5 {main}
CRITICAL - 2024-10-23 13:36:41 --> Class 'App\Libraries\Exception' not found
#0 /home/eventodigital/public_html/api_controlAccesos/app/Controllers/RestController.php(186): App\Libraries\vCard->__construct(false, '03258114')
#1 /home/eventodigital/public_html/api_controlAccesos/system/CodeIgniter.php(832): App\Controllers\RestController->create()
#2 /home/eventodigital/public_html/api_controlAccesos/system/CodeIgniter.php(419): CodeIgniter\CodeIgniter->runController(Object(App\Controllers\RestController))
#3 /home/eventodigital/public_html/api_controlAccesos/system/CodeIgniter.php(326): CodeIgniter\CodeIgniter->handleRequest(NULL, Object(Config\Cache), false)
#4 /home/eventodigital/public_html/api_controlAccesos/public/index.php(37): CodeIgniter\CodeIgniter->run()
#5 {main}
CRITICAL - 2024-10-23 13:37:00 --> Class 'App\Libraries\Exception' not found
#0 /home/eventodigital/public_html/api_controlAccesos/app/Controllers/RestController.php(186): App\Libraries\vCard->__construct(false, '08786982')
#1 /home/eventodigital/public_html/api_controlAccesos/system/CodeIgniter.php(832): App\Controllers\RestController->create()
#2 /home/eventodigital/public_html/api_controlAccesos/system/CodeIgniter.php(419): CodeIgniter\CodeIgniter->runController(Object(App\Controllers\RestController))
#3 /home/eventodigital/public_html/api_controlAccesos/system/CodeIgniter.php(326): CodeIgniter\CodeIgniter->handleRequest(NULL, Object(Config\Cache), false)
#4 /home/eventodigital/public_html/api_controlAccesos/public/index.php(37): CodeIgniter\CodeIgniter->run()
#5 {main}
CRITICAL - 2024-10-23 13:37:12 --> Class 'App\Libraries\Exception' not found
#0 /home/eventodigital/public_html/api_controlAccesos/app/Controllers/RestController.php(186): App\Libraries\vCard->__construct(false, '17853628')
#1 /home/eventodigital/public_html/api_controlAccesos/system/CodeIgniter.php(832): App\Controllers\RestController->create()
#2 /home/eventodigital/public_html/api_controlAccesos/system/CodeIgniter.php(419): CodeIgniter\CodeIgniter->runController(Object(App\Controllers\RestController))
#3 /home/eventodigital/public_html/api_controlAccesos/system/CodeIgniter.php(326): CodeIgniter\CodeIgniter->handleRequest(NULL, Object(Config\Cache), false)
#4 /home/eventodigital/public_html/api_controlAccesos/public/index.php(37): CodeIgniter\CodeIgniter->run()
#5 {main}
CRITICAL - 2024-10-23 13:37:40 --> Class 'App\Libraries\Exception' not found
#0 /home/eventodigital/public_html/api_controlAccesos/app/Controllers/RestController.php(186): App\Libraries\vCard->__construct(false, '79284400')
#1 /home/eventodigital/public_html/api_controlAccesos/system/CodeIgniter.php(832): App\Controllers\RestController->create()
#2 /home/eventodigital/public_html/api_controlAccesos/system/CodeIgniter.php(419): CodeIgniter\CodeIgniter->runController(Object(App\Controllers\RestController))
#3 /home/eventodigital/public_html/api_controlAccesos/system/CodeIgniter.php(326): CodeIgniter\CodeIgniter->handleRequest(NULL, Object(Config\Cache), false)
#4 /home/eventodigital/public_html/api_controlAccesos/public/index.php(37): CodeIgniter\CodeIgniter->run()
#5 {main}
CRITICAL - 2024-10-23 13:38:08 --> Class 'App\Libraries\Exception' not found
#0 /home/eventodigital/public_html/api_controlAccesos/app/Controllers/RestController.php(186): App\Libraries\vCard->__construct(false, '14754296')
#1 /home/eventodigital/public_html/api_controlAccesos/system/CodeIgniter.php(832): App\Controllers\RestController->create()
#2 /home/eventodigital/public_html/api_controlAccesos/system/CodeIgniter.php(419): CodeIgniter\CodeIgniter->runController(Object(App\Controllers\RestController))
#3 /home/eventodigital/public_html/api_controlAccesos/system/CodeIgniter.php(326): CodeIgniter\CodeIgniter->handleRequest(NULL, Object(Config\Cache), false)
#4 /home/eventodigital/public_html/api_controlAccesos/public/index.php(37): CodeIgniter\CodeIgniter->run()
#5 {main}
CRITICAL - 2024-10-23 13:38:44 --> Class 'App\Libraries\Exception' not found
#0 /home/eventodigital/public_html/api_controlAccesos/app/Controllers/RestController.php(186): App\Libraries\vCard->__construct(false, '10163672')
#1 /home/eventodigital/public_html/api_controlAccesos/system/CodeIgniter.php(832): App\Controllers\RestController->create()
#2 /home/eventodigital/public_html/api_controlAccesos/system/CodeIgniter.php(419): CodeIgniter\CodeIgniter->runController(Object(App\Controllers\RestController))
#3 /home/eventodigital/public_html/api_controlAccesos/system/CodeIgniter.php(326): CodeIgniter\CodeIgniter->handleRequest(NULL, Object(Config\Cache), false)
#4 /home/eventodigital/public_html/api_controlAccesos/public/index.php(37): CodeIgniter\CodeIgniter->run()
#5 {main}
CRITICAL - 2024-10-23 13:39:14 --> Class 'App\Libraries\Exception' not found
#0 /home/eventodigital/public_html/api_controlAccesos/app/Controllers/RestController.php(186): App\Libraries\vCard->__construct(false, '13654405')
#1 /home/eventodigital/public_html/api_controlAccesos/system/CodeIgniter.php(832): App\Controllers\RestController->create()
#2 /home/eventodigital/public_html/api_controlAccesos/system/CodeIgniter.php(419): CodeIgniter\CodeIgniter->runController(Object(App\Controllers\RestController))
#3 /home/eventodigital/public_html/api_controlAccesos/system/CodeIgniter.php(326): CodeIgniter\CodeIgniter->handleRequest(NULL, Object(Config\Cache), false)
#4 /home/eventodigital/public_html/api_controlAccesos/public/index.php(37): CodeIgniter\CodeIgniter->run()
#5 {main}
CRITICAL - 2024-10-23 13:40:05 --> Class 'App\Libraries\Exception' not found
#0 /home/eventodigital/public_html/api_controlAccesos/app/Controllers/RestController.php(186): App\Libraries\vCard->__construct(false, '17117618')
#1 /home/eventodigital/public_html/api_controlAccesos/system/CodeIgniter.php(832): App\Controllers\RestController->create()
#2 /home/eventodigital/public_html/api_controlAccesos/system/CodeIgniter.php(419): CodeIgniter\CodeIgniter->runController(Object(App\Controllers\RestController))
#3 /home/eventodigital/public_html/api_controlAccesos/system/CodeIgniter.php(326): CodeIgniter\CodeIgniter->handleRequest(NULL, Object(Config\Cache), false)
#4 /home/eventodigital/public_html/api_controlAccesos/public/index.php(37): CodeIgniter\CodeIgniter->run()
#5 {main}
CRITICAL - 2024-10-23 13:40:29 --> Class 'App\Libraries\Exception' not found
#0 /home/eventodigital/public_html/api_controlAccesos/app/Controllers/RestController.php(186): App\Libraries\vCard->__construct(false, '07722712')
#1 /home/eventodigital/public_html/api_controlAccesos/system/CodeIgniter.php(832): App\Controllers\RestController->create()
#2 /home/eventodigital/public_html/api_controlAccesos/system/CodeIgniter.php(419): CodeIgniter\CodeIgniter->runController(Object(App\Controllers\RestController))
#3 /home/eventodigital/public_html/api_controlAccesos/system/CodeIgniter.php(326): CodeIgniter\CodeIgniter->handleRequest(NULL, Object(Config\Cache), false)
#4 /home/eventodigital/public_html/api_controlAccesos/public/index.php(37): CodeIgniter\CodeIgniter->run()
#5 {main}
CRITICAL - 2024-10-23 13:42:05 --> Class 'App\Libraries\Exception' not found
#0 /home/eventodigital/public_html/api_controlAccesos/app/Controllers/RestController.php(186): App\Libraries\vCard->__construct(false, '08712121')
#1 /home/eventodigital/public_html/api_controlAccesos/system/CodeIgniter.php(832): App\Controllers\RestController->create()
#2 /home/eventodigital/public_html/api_controlAccesos/system/CodeIgniter.php(419): CodeIgniter\CodeIgniter->runController(Object(App\Controllers\RestController))
#3 /home/eventodigital/public_html/api_controlAccesos/system/CodeIgniter.php(326): CodeIgniter\CodeIgniter->handleRequest(NULL, Object(Config\Cache), false)
#4 /home/eventodigital/public_html/api_controlAccesos/public/index.php(37): CodeIgniter\CodeIgniter->run()
#5 {main}
CRITICAL - 2024-10-23 13:42:11 --> Class 'App\Libraries\Exception' not found
#0 /home/eventodigital/public_html/api_controlAccesos/app/Controllers/RestController.php(186): App\Libraries\vCard->__construct(false, '19657998')
#1 /home/eventodigital/public_html/api_controlAccesos/system/CodeIgniter.php(832): App\Controllers\RestController->create()
#2 /home/eventodigital/public_html/api_controlAccesos/system/CodeIgniter.php(419): CodeIgniter\CodeIgniter->runController(Object(App\Controllers\RestController))
#3 /home/eventodigital/public_html/api_controlAccesos/system/CodeIgniter.php(326): CodeIgniter\CodeIgniter->handleRequest(NULL, Object(Config\Cache), false)
#4 /home/eventodigital/public_html/api_controlAccesos/public/index.php(37): CodeIgniter\CodeIgniter->run()
#5 {main}
CRITICAL - 2024-10-23 13:42:32 --> Class 'App\Libraries\Exception' not found
#0 /home/eventodigital/public_html/api_controlAccesos/app/Controllers/RestController.php(186): App\Libraries\vCard->__construct(false, '12136944')
#1 /home/eventodigital/public_html/api_controlAccesos/system/CodeIgniter.php(832): App\Controllers\RestController->create()
#2 /home/eventodigital/public_html/api_controlAccesos/system/CodeIgniter.php(419): CodeIgniter\CodeIgniter->runController(Object(App\Controllers\RestController))
#3 /home/eventodigital/public_html/api_controlAccesos/system/CodeIgniter.php(326): CodeIgniter\CodeIgniter->handleRequest(NULL, Object(Config\Cache), false)
#4 /home/eventodigital/public_html/api_controlAccesos/public/index.php(37): CodeIgniter\CodeIgniter->run()
#5 {main}
CRITICAL - 2024-10-23 13:42:47 --> Class 'App\Libraries\Exception' not found
#0 /home/eventodigital/public_html/api_controlAccesos/app/Controllers/RestController.php(186): App\Libraries\vCard->__construct(false, '76684401')
#1 /home/eventodigital/public_html/api_controlAccesos/system/CodeIgniter.php(832): App\Controllers\RestController->create()
#2 /home/eventodigital/public_html/api_controlAccesos/system/CodeIgniter.php(419): CodeIgniter\CodeIgniter->runController(Object(App\Controllers\RestController))
#3 /home/eventodigital/public_html/api_controlAccesos/system/CodeIgniter.php(326): CodeIgniter\CodeIgniter->handleRequest(NULL, Object(Config\Cache), false)
#4 /home/eventodigital/public_html/api_controlAccesos/public/index.php(37): CodeIgniter\CodeIgniter->run()
#5 {main}
ERROR - 2024-10-23 13:42:55 --> Column 'nombreCompleto' cannot be null
CRITICAL - 2024-10-23 13:43:40 --> Class 'App\Libraries\Exception' not found
#0 /home/eventodigital/public_html/api_controlAccesos/app/Controllers/RestController.php(186): App\Libraries\vCard->__construct(false, '18254013')
#1 /home/eventodigital/public_html/api_controlAccesos/system/CodeIgniter.php(832): App\Controllers\RestController->create()
#2 /home/eventodigital/public_html/api_controlAccesos/system/CodeIgniter.php(419): CodeIgniter\CodeIgniter->runController(Object(App\Controllers\RestController))
#3 /home/eventodigital/public_html/api_controlAccesos/system/CodeIgniter.php(326): CodeIgniter\CodeIgniter->handleRequest(NULL, Object(Config\Cache), false)
#4 /home/eventodigital/public_html/api_controlAccesos/public/index.php(37): CodeIgniter\CodeIgniter->run()
#5 {main}
CRITICAL - 2024-10-23 13:45:27 --> Class 'App\Libraries\Exception' not found
#0 /home/eventodigital/public_html/api_controlAccesos/app/Controllers/RestController.php(186): App\Libraries\vCard->__construct(false, '04923048')
#1 /home/eventodigital/public_html/api_controlAccesos/system/CodeIgniter.php(832): App\Controllers\RestController->create()
#2 /home/eventodigital/public_html/api_controlAccesos/system/CodeIgniter.php(419): CodeIgniter\CodeIgniter->runController(Object(App\Controllers\RestController))
#3 /home/eventodigital/public_html/api_controlAccesos/system/CodeIgniter.php(326): CodeIgniter\CodeIgniter->handleRequest(NULL, Object(Config\Cache), false)
#4 /home/eventodigital/public_html/api_controlAccesos/public/index.php(37): CodeIgniter\CodeIgniter->run()
#5 {main}
CRITICAL - 2024-10-23 13:48:50 --> Class 'App\Libraries\Exception' not found
#0 /home/eventodigital/public_html/api_controlAccesos/app/Controllers/RestController.php(186): App\Libraries\vCard->__construct(false, '18645194')
#1 /home/eventodigital/public_html/api_controlAccesos/system/CodeIgniter.php(832): App\Controllers\RestController->create()
#2 /home/eventodigital/public_html/api_controlAccesos/system/CodeIgniter.php(419): CodeIgniter\CodeIgniter->runController(Object(App\Controllers\RestController))
#3 /home/eventodigital/public_html/api_controlAccesos/system/CodeIgniter.php(326): CodeIgniter\CodeIgniter->handleRequest(NULL, Object(Config\Cache), false)
#4 /home/eventodigital/public_html/api_controlAccesos/public/index.php(37): CodeIgniter\CodeIgniter->run()
#5 {main}
CRITICAL - 2024-10-23 13:49:41 --> Class 'App\Libraries\Exception' not found
#0 /home/eventodigital/public_html/api_controlAccesos/app/Controllers/RestController.php(186): App\Libraries\vCard->__construct(false, '18562721')
#1 /home/eventodigital/public_html/api_controlAccesos/system/CodeIgniter.php(832): App\Controllers\RestController->create()
#2 /home/eventodigital/public_html/api_controlAccesos/system/CodeIgniter.php(419): CodeIgniter\CodeIgniter->runController(Object(App\Controllers\RestController))
#3 /home/eventodigital/public_html/api_controlAccesos/system/CodeIgniter.php(326): CodeIgniter\CodeIgniter->handleRequest(NULL, Object(Config\Cache), false)
#4 /home/eventodigital/public_html/api_controlAccesos/public/index.php(37): CodeIgniter\CodeIgniter->run()
#5 {main}
CRITICAL - 2024-10-23 13:51:19 --> Class 'App\Libraries\Exception' not found
#0 /home/eventodigital/public_html/api_controlAccesos/app/Controllers/RestController.php(186): App\Libraries\vCard->__construct(false, '11928997')
#1 /home/eventodigital/public_html/api_controlAccesos/system/CodeIgniter.php(832): App\Controllers\RestController->create()
#2 /home/eventodigital/public_html/api_controlAccesos/system/CodeIgniter.php(419): CodeIgniter\CodeIgniter->runController(Object(App\Controllers\RestController))
#3 /home/eventodigital/public_html/api_controlAccesos/system/CodeIgniter.php(326): CodeIgniter\CodeIgniter->handleRequest(NULL, Object(Config\Cache), false)
#4 /home/eventodigital/public_html/api_controlAccesos/public/index.php(37): CodeIgniter\CodeIgniter->run()
#5 {main}
CRITICAL - 2024-10-23 13:51:19 --> Class 'App\Libraries\Exception' not found
#0 /home/eventodigital/public_html/api_controlAccesos/app/Controllers/RestController.php(186): App\Libraries\vCard->__construct(false, '00228937')
#1 /home/eventodigital/public_html/api_controlAccesos/system/CodeIgniter.php(832): App\Controllers\RestController->create()
#2 /home/eventodigital/public_html/api_controlAccesos/system/CodeIgniter.php(419): CodeIgniter\CodeIgniter->runController(Object(App\Controllers\RestController))
#3 /home/eventodigital/public_html/api_controlAccesos/system/CodeIgniter.php(326): CodeIgniter\CodeIgniter->handleRequest(NULL, Object(Config\Cache), false)
#4 /home/eventodigital/public_html/api_controlAccesos/public/index.php(37): CodeIgniter\CodeIgniter->run()
#5 {main}
CRITICAL - 2024-10-23 13:51:58 --> Class 'App\Libraries\Exception' not found
#0 /home/eventodigital/public_html/api_controlAccesos/app/Controllers/RestController.php(186): App\Libraries\vCard->__construct(false, '09704688')
#1 /home/eventodigital/public_html/api_controlAccesos/system/CodeIgniter.php(832): App\Controllers\RestController->create()
#2 /home/eventodigital/public_html/api_controlAccesos/system/CodeIgniter.php(419): CodeIgniter\CodeIgniter->runController(Object(App\Controllers\RestController))
#3 /home/eventodigital/public_html/api_controlAccesos/system/CodeIgniter.php(326): CodeIgniter\CodeIgniter->handleRequest(NULL, Object(Config\Cache), false)
#4 /home/eventodigital/public_html/api_controlAccesos/public/index.php(37): CodeIgniter\CodeIgniter->run()
#5 {main}
CRITICAL - 2024-10-23 13:52:11 --> Class 'App\Libraries\Exception' not found
#0 /home/eventodigital/public_html/api_controlAccesos/app/Controllers/RestController.php(186): App\Libraries\vCard->__construct(false, '15708623')
#1 /home/eventodigital/public_html/api_controlAccesos/system/CodeIgniter.php(832): App\Controllers\RestController->create()
#2 /home/eventodigital/public_html/api_controlAccesos/system/CodeIgniter.php(419): CodeIgniter\CodeIgniter->runController(Object(App\Controllers\RestController))
#3 /home/eventodigital/public_html/api_controlAccesos/system/CodeIgniter.php(326): CodeIgniter\CodeIgniter->handleRequest(NULL, Object(Config\Cache), false)
#4 /home/eventodigital/public_html/api_controlAccesos/public/index.php(37): CodeIgniter\CodeIgniter->run()
#5 {main}
CRITICAL - 2024-10-23 13:52:32 --> Class 'App\Libraries\Exception' not found
#0 /home/eventodigital/public_html/api_controlAccesos/app/Controllers/RestController.php(186): App\Libraries\vCard->__construct(false, '02248947')
#1 /home/eventodigital/public_html/api_controlAccesos/system/CodeIgniter.php(832): App\Controllers\RestController->create()
#2 /home/eventodigital/public_html/api_controlAccesos/system/CodeIgniter.php(419): CodeIgniter\CodeIgniter->runController(Object(App\Controllers\RestController))
#3 /home/eventodigital/public_html/api_controlAccesos/system/CodeIgniter.php(326): CodeIgniter\CodeIgniter->handleRequest(NULL, Object(Config\Cache), false)
#4 /home/eventodigital/public_html/api_controlAccesos/public/index.php(37): CodeIgniter\CodeIgniter->run()
#5 {main}
CRITICAL - 2024-10-23 13:52:52 --> Class 'App\Libraries\Exception' not found
#0 /home/eventodigital/public_html/api_controlAccesos/app/Controllers/RestController.php(186): App\Libraries\vCard->__construct(false, '01255683')
#1 /home/eventodigital/public_html/api_controlAccesos/system/CodeIgniter.php(832): App\Controllers\RestController->create()
#2 /home/eventodigital/public_html/api_controlAccesos/system/CodeIgniter.php(419): CodeIgniter\CodeIgniter->runController(Object(App\Controllers\RestController))
#3 /home/eventodigital/public_html/api_controlAccesos/system/CodeIgniter.php(326): CodeIgniter\CodeIgniter->handleRequest(NULL, Object(Config\Cache), false)
#4 /home/eventodigital/public_html/api_controlAccesos/public/index.php(37): CodeIgniter\CodeIgniter->run()
#5 {main}
CRITICAL - 2024-10-23 13:52:54 --> Class 'App\Libraries\Exception' not found
#0 /home/eventodigital/public_html/api_controlAccesos/app/Controllers/RestController.php(186): App\Libraries\vCard->__construct(false, '06606381')
#1 /home/eventodigital/public_html/api_controlAccesos/system/CodeIgniter.php(832): App\Controllers\RestController->create()
#2 /home/eventodigital/public_html/api_controlAccesos/system/CodeIgniter.php(419): CodeIgniter\CodeIgniter->runController(Object(App\Controllers\RestController))
#3 /home/eventodigital/public_html/api_controlAccesos/system/CodeIgniter.php(326): CodeIgniter\CodeIgniter->handleRequest(NULL, Object(Config\Cache), false)
#4 /home/eventodigital/public_html/api_controlAccesos/public/index.php(37): CodeIgniter\CodeIgniter->run()
#5 {main}
CRITICAL - 2024-10-23 13:53:05 --> Class 'App\Libraries\Exception' not found
#0 /home/eventodigital/public_html/api_controlAccesos/app/Controllers/RestController.php(186): App\Libraries\vCard->__construct(false, '01905694')
#1 /home/eventodigital/public_html/api_controlAccesos/system/CodeIgniter.php(832): App\Controllers\RestController->create()
#2 /home/eventodigital/public_html/api_controlAccesos/system/CodeIgniter.php(419): CodeIgniter\CodeIgniter->runController(Object(App\Controllers\RestController))
#3 /home/eventodigital/public_html/api_controlAccesos/system/CodeIgniter.php(326): CodeIgniter\CodeIgniter->handleRequest(NULL, Object(Config\Cache), false)
#4 /home/eventodigital/public_html/api_controlAccesos/public/index.php(37): CodeIgniter\CodeIgniter->run()
#5 {main}
CRITICAL - 2024-10-23 13:53:07 --> Class 'App\Libraries\Exception' not found
#0 /home/eventodigital/public_html/api_controlAccesos/app/Controllers/RestController.php(186): App\Libraries\vCard->__construct(false, '03146723')
#1 /home/eventodigital/public_html/api_controlAccesos/system/CodeIgniter.php(832): App\Controllers\RestController->create()
#2 /home/eventodigital/public_html/api_controlAccesos/system/CodeIgniter.php(419): CodeIgniter\CodeIgniter->runController(Object(App\Controllers\RestController))
#3 /home/eventodigital/public_html/api_controlAccesos/system/CodeIgniter.php(326): CodeIgniter\CodeIgniter->handleRequest(NULL, Object(Config\Cache), false)
#4 /home/eventodigital/public_html/api_controlAccesos/public/index.php(37): CodeIgniter\CodeIgniter->run()
#5 {main}
CRITICAL - 2024-10-23 13:53:14 --> Class 'App\Libraries\Exception' not found
#0 /home/eventodigital/public_html/api_controlAccesos/app/Controllers/RestController.php(186): App\Libraries\vCard->__construct(false, '06845847')
#1 /home/eventodigital/public_html/api_controlAccesos/system/CodeIgniter.php(832): App\Controllers\RestController->create()
#2 /home/eventodigital/public_html/api_controlAccesos/system/CodeIgniter.php(419): CodeIgniter\CodeIgniter->runController(Object(App\Controllers\RestController))
#3 /home/eventodigital/public_html/api_controlAccesos/system/CodeIgniter.php(326): CodeIgniter\CodeIgniter->handleRequest(NULL, Object(Config\Cache), false)
#4 /home/eventodigital/public_html/api_controlAccesos/public/index.php(37): CodeIgniter\CodeIgniter->run()
#5 {main}
CRITICAL - 2024-10-23 13:53:38 --> Class 'App\Libraries\Exception' not found
#0 /home/eventodigital/public_html/api_controlAccesos/app/Controllers/RestController.php(186): App\Libraries\vCard->__construct(false, '19973609')
#1 /home/eventodigital/public_html/api_controlAccesos/system/CodeIgniter.php(832): App\Controllers\RestController->create()
#2 /home/eventodigital/public_html/api_controlAccesos/system/CodeIgniter.php(419): CodeIgniter\CodeIgniter->runController(Object(App\Controllers\RestController))
#3 /home/eventodigital/public_html/api_controlAccesos/system/CodeIgniter.php(326): CodeIgniter\CodeIgniter->handleRequest(NULL, Object(Config\Cache), false)
#4 /home/eventodigital/public_html/api_controlAccesos/public/index.php(37): CodeIgniter\CodeIgniter->run()
#5 {main}
CRITICAL - 2024-10-23 13:54:55 --> Class 'App\Libraries\Exception' not found
#0 /home/eventodigital/public_html/api_controlAccesos/app/Controllers/RestController.php(186): App\Libraries\vCard->__construct(false, '10847537')
#1 /home/eventodigital/public_html/api_controlAccesos/system/CodeIgniter.php(832): App\Controllers\RestController->create()
#2 /home/eventodigital/public_html/api_controlAccesos/system/CodeIgniter.php(419): CodeIgniter\CodeIgniter->runController(Object(App\Controllers\RestController))
#3 /home/eventodigital/public_html/api_controlAccesos/system/CodeIgniter.php(326): CodeIgniter\CodeIgniter->handleRequest(NULL, Object(Config\Cache), false)
#4 /home/eventodigital/public_html/api_controlAccesos/public/index.php(37): CodeIgniter\CodeIgniter->run()
#5 {main}
CRITICAL - 2024-10-23 13:55:36 --> Class 'App\Libraries\Exception' not found
#0 /home/eventodigital/public_html/api_controlAccesos/app/Controllers/RestController.php(186): App\Libraries\vCard->__construct(false, '08232786')
#1 /home/eventodigital/public_html/api_controlAccesos/system/CodeIgniter.php(832): App\Controllers\RestController->create()
#2 /home/eventodigital/public_html/api_controlAccesos/system/CodeIgniter.php(419): CodeIgniter\CodeIgniter->runController(Object(App\Controllers\RestController))
#3 /home/eventodigital/public_html/api_controlAccesos/system/CodeIgniter.php(326): CodeIgniter\CodeIgniter->handleRequest(NULL, Object(Config\Cache), false)
#4 /home/eventodigital/public_html/api_controlAccesos/public/index.php(37): CodeIgniter\CodeIgniter->run()
#5 {main}
CRITICAL - 2024-10-23 13:55:48 --> Class 'App\Libraries\Exception' not found
#0 /home/eventodigital/public_html/api_controlAccesos/app/Controllers/RestController.php(186): App\Libraries\vCard->__construct(false, '12100965')
#1 /home/eventodigital/public_html/api_controlAccesos/system/CodeIgniter.php(832): App\Controllers\RestController->create()
#2 /home/eventodigital/public_html/api_controlAccesos/system/CodeIgniter.php(419): CodeIgniter\CodeIgniter->runController(Object(App\Controllers\RestController))
#3 /home/eventodigital/public_html/api_controlAccesos/system/CodeIgniter.php(326): CodeIgniter\CodeIgniter->handleRequest(NULL, Object(Config\Cache), false)
#4 /home/eventodigital/public_html/api_controlAccesos/public/index.php(37): CodeIgniter\CodeIgniter->run()
#5 {main}
CRITICAL - 2024-10-23 13:56:27 --> Class 'App\Libraries\Exception' not found
#0 /home/eventodigital/public_html/api_controlAccesos/app/Controllers/RestController.php(186): App\Libraries\vCard->__construct(false, '12757077')
#1 /home/eventodigital/public_html/api_controlAccesos/system/CodeIgniter.php(832): App\Controllers\RestController->create()
#2 /home/eventodigital/public_html/api_controlAccesos/system/CodeIgniter.php(419): CodeIgniter\CodeIgniter->runController(Object(App\Controllers\RestController))
#3 /home/eventodigital/public_html/api_controlAccesos/system/CodeIgniter.php(326): CodeIgniter\CodeIgniter->handleRequest(NULL, Object(Config\Cache), false)
#4 /home/eventodigital/public_html/api_controlAccesos/public/index.php(37): CodeIgniter\CodeIgniter->run()
#5 {main}
CRITICAL - 2024-10-23 13:57:26 --> Class 'App\Libraries\Exception' not found
#0 /home/eventodigital/public_html/api_controlAccesos/app/Controllers/RestController.php(186): App\Libraries\vCard->__construct(false, '55030366')
#1 /home/eventodigital/public_html/api_controlAccesos/system/CodeIgniter.php(832): App\Controllers\RestController->create()
#2 /home/eventodigital/public_html/api_controlAccesos/system/CodeIgniter.php(419): CodeIgniter\CodeIgniter->runController(Object(App\Controllers\RestController))
#3 /home/eventodigital/public_html/api_controlAccesos/system/CodeIgniter.php(326): CodeIgniter\CodeIgniter->handleRequest(NULL, Object(Config\Cache), false)
#4 /home/eventodigital/public_html/api_controlAccesos/public/index.php(37): CodeIgniter\CodeIgniter->run()
#5 {main}
ERROR - 2024-10-23 13:59:03 --> Column 'nombreCompleto' cannot be null
CRITICAL - 2024-10-23 13:59:06 --> Class 'App\Libraries\Exception' not found
#0 /home/eventodigital/public_html/api_controlAccesos/app/Controllers/RestController.php(186): App\Libraries\vCard->__construct(false, '02142173')
#1 /home/eventodigital/public_html/api_controlAccesos/system/CodeIgniter.php(832): App\Controllers\RestController->create()
#2 /home/eventodigital/public_html/api_controlAccesos/system/CodeIgniter.php(419): CodeIgniter\CodeIgniter->runController(Object(App\Controllers\RestController))
#3 /home/eventodigital/public_html/api_controlAccesos/system/CodeIgniter.php(326): CodeIgniter\CodeIgniter->handleRequest(NULL, Object(Config\Cache), false)
#4 /home/eventodigital/public_html/api_controlAccesos/public/index.php(37): CodeIgniter\CodeIgniter->run()
#5 {main}
CRITICAL - 2024-10-23 13:59:08 --> Class 'App\Libraries\Exception' not found
#0 /home/eventodigital/public_html/api_controlAccesos/app/Controllers/RestController.php(186): App\Libraries\vCard->__construct(false, '03084938')
#1 /home/eventodigital/public_html/api_controlAccesos/system/CodeIgniter.php(832): App\Controllers\RestController->create()
#2 /home/eventodigital/public_html/api_controlAccesos/system/CodeIgniter.php(419): CodeIgniter\CodeIgniter->runController(Object(App\Controllers\RestController))
#3 /home/eventodigital/public_html/api_controlAccesos/system/CodeIgniter.php(326): CodeIgniter\CodeIgniter->handleRequest(NULL, Object(Config\Cache), false)
#4 /home/eventodigital/public_html/api_controlAccesos/public/index.php(37): CodeIgniter\CodeIgniter->run()
#5 {main}
CRITICAL - 2024-10-23 13:59:20 --> Class 'App\Libraries\Exception' not found
#0 /home/eventodigital/public_html/api_controlAccesos/app/Controllers/RestController.php(186): App\Libraries\vCard->__construct(false, '48904216')
#1 /home/eventodigital/public_html/api_controlAccesos/system/CodeIgniter.php(832): App\Controllers\RestController->create()
#2 /home/eventodigital/public_html/api_controlAccesos/system/CodeIgniter.php(419): CodeIgniter\CodeIgniter->runController(Object(App\Controllers\RestController))
#3 /home/eventodigital/public_html/api_controlAccesos/system/CodeIgniter.php(326): CodeIgniter\CodeIgniter->handleRequest(NULL, Object(Config\Cache), false)
#4 /home/eventodigital/public_html/api_controlAccesos/public/index.php(37): CodeIgniter\CodeIgniter->run()
#5 {main}
CRITICAL - 2024-10-23 13:59:46 --> Class 'App\Libraries\Exception' not found
#0 /home/eventodigital/public_html/api_controlAccesos/app/Controllers/RestController.php(186): App\Libraries\vCard->__construct(false, '12174043')
#1 /home/eventodigital/public_html/api_controlAccesos/system/CodeIgniter.php(832): App\Controllers\RestController->create()
#2 /home/eventodigital/public_html/api_controlAccesos/system/CodeIgniter.php(419): CodeIgniter\CodeIgniter->runController(Object(App\Controllers\RestController))
#3 /home/eventodigital/public_html/api_controlAccesos/system/CodeIgniter.php(326): CodeIgniter\CodeIgniter->handleRequest(NULL, Object(Config\Cache), false)
#4 /home/eventodigital/public_html/api_controlAccesos/public/index.php(37): CodeIgniter\CodeIgniter->run()
#5 {main}
CRITICAL - 2024-10-23 13:59:48 --> Class 'App\Libraries\Exception' not found
#0 /home/eventodigital/public_html/api_controlAccesos/app/Controllers/RestController.php(186): App\Libraries\vCard->__construct(false, '08365798')
#1 /home/eventodigital/public_html/api_controlAccesos/system/CodeIgniter.php(832): App\Controllers\RestController->create()
#2 /home/eventodigital/public_html/api_controlAccesos/system/CodeIgniter.php(419): CodeIgniter\CodeIgniter->runController(Object(App\Controllers\RestController))
#3 /home/eventodigital/public_html/api_controlAccesos/system/CodeIgniter.php(326): CodeIgniter\CodeIgniter->handleRequest(NULL, Object(Config\Cache), false)
#4 /home/eventodigital/public_html/api_controlAccesos/public/index.php(37): CodeIgniter\CodeIgniter->run()
#5 {main}
CRITICAL - 2024-10-23 14:01:00 --> Class 'App\Libraries\Exception' not found
#0 /home/eventodigital/public_html/api_controlAccesos/app/Controllers/RestController.php(186): App\Libraries\vCard->__construct(false, '19752297')
#1 /home/eventodigital/public_html/api_controlAccesos/system/CodeIgniter.php(832): App\Controllers\RestController->create()
#2 /home/eventodigital/public_html/api_controlAccesos/system/CodeIgniter.php(419): CodeIgniter\CodeIgniter->runController(Object(App\Controllers\RestController))
#3 /home/eventodigital/public_html/api_controlAccesos/system/CodeIgniter.php(326): CodeIgniter\CodeIgniter->handleRequest(NULL, Object(Config\Cache), false)
#4 /home/eventodigital/public_html/api_controlAccesos/public/index.php(37): CodeIgniter\CodeIgniter->run()
#5 {main}
CRITICAL - 2024-10-23 14:01:12 --> Class 'App\Libraries\Exception' not found
#0 /home/eventodigital/public_html/api_controlAccesos/app/Controllers/RestController.php(186): App\Libraries\vCard->__construct(false, '15776226')
#1 /home/eventodigital/public_html/api_controlAccesos/system/CodeIgniter.php(832): App\Controllers\RestController->create()
#2 /home/eventodigital/public_html/api_controlAccesos/system/CodeIgniter.php(419): CodeIgniter\CodeIgniter->runController(Object(App\Controllers\RestController))
#3 /home/eventodigital/public_html/api_controlAccesos/system/CodeIgniter.php(326): CodeIgniter\CodeIgniter->handleRequest(NULL, Object(Config\Cache), false)
#4 /home/eventodigital/public_html/api_controlAccesos/public/index.php(37): CodeIgniter\CodeIgniter->run()
#5 {main}
CRITICAL - 2024-10-23 14:03:22 --> Class 'App\Libraries\Exception' not found
#0 /home/eventodigital/public_html/api_controlAccesos/app/Controllers/RestController.php(186): App\Libraries\vCard->__construct(false, '11130615')
#1 /home/eventodigital/public_html/api_controlAccesos/system/CodeIgniter.php(832): App\Controllers\RestController->create()
#2 /home/eventodigital/public_html/api_controlAccesos/system/CodeIgniter.php(419): CodeIgniter\CodeIgniter->runController(Object(App\Controllers\RestController))
#3 /home/eventodigital/public_html/api_controlAccesos/system/CodeIgniter.php(326): CodeIgniter\CodeIgniter->handleRequest(NULL, Object(Config\Cache), false)
#4 /home/eventodigital/public_html/api_controlAccesos/public/index.php(37): CodeIgniter\CodeIgniter->run()
#5 {main}
CRITICAL - 2024-10-23 14:04:00 --> Class 'App\Libraries\Exception' not found
#0 /home/eventodigital/public_html/api_controlAccesos/app/Controllers/RestController.php(186): App\Libraries\vCard->__construct(false, '10308066')
#1 /home/eventodigital/public_html/api_controlAccesos/system/CodeIgniter.php(832): App\Controllers\RestController->create()
#2 /home/eventodigital/public_html/api_controlAccesos/system/CodeIgniter.php(419): CodeIgniter\CodeIgniter->runController(Object(App\Controllers\RestController))
#3 /home/eventodigital/public_html/api_controlAccesos/system/CodeIgniter.php(326): CodeIgniter\CodeIgniter->handleRequest(NULL, Object(Config\Cache), false)
#4 /home/eventodigital/public_html/api_controlAccesos/public/index.php(37): CodeIgniter\CodeIgniter->run()
#5 {main}
CRITICAL - 2024-10-23 14:04:18 --> Class 'App\Libraries\Exception' not found
#0 /home/eventodigital/public_html/api_controlAccesos/app/Controllers/RestController.php(186): App\Libraries\vCard->__construct(false, '81221127')
#1 /home/eventodigital/public_html/api_controlAccesos/system/CodeIgniter.php(832): App\Controllers\RestController->create()
#2 /home/eventodigital/public_html/api_controlAccesos/system/CodeIgniter.php(419): CodeIgniter\CodeIgniter->runController(Object(App\Controllers\RestController))
#3 /home/eventodigital/public_html/api_controlAccesos/system/CodeIgniter.php(326): CodeIgniter\CodeIgniter->handleRequest(NULL, Object(Config\Cache), false)
#4 /home/eventodigital/public_html/api_controlAccesos/public/index.php(37): CodeIgniter\CodeIgniter->run()
#5 {main}
CRITICAL - 2024-10-23 14:04:23 --> Class 'App\Libraries\Exception' not found
#0 /home/eventodigital/public_html/api_controlAccesos/app/Controllers/RestController.php(186): App\Libraries\vCard->__construct(false, 'UUID-1728933276...')
#1 /home/eventodigital/public_html/api_controlAccesos/system/CodeIgniter.php(832): App\Controllers\RestController->create()
#2 /home/eventodigital/public_html/api_controlAccesos/system/CodeIgniter.php(419): CodeIgniter\CodeIgniter->runController(Object(App\Controllers\RestController))
#3 /home/eventodigital/public_html/api_controlAccesos/system/CodeIgniter.php(326): CodeIgniter\CodeIgniter->handleRequest(NULL, Object(Config\Cache), false)
#4 /home/eventodigital/public_html/api_controlAccesos/public/index.php(37): CodeIgniter\CodeIgniter->run()
#5 {main}
CRITICAL - 2024-10-23 14:05:36 --> Class 'App\Libraries\Exception' not found
#0 /home/eventodigital/public_html/api_controlAccesos/app/Controllers/RestController.php(186): App\Libraries\vCard->__construct(false, '05265886')
#1 /home/eventodigital/public_html/api_controlAccesos/system/CodeIgniter.php(832): App\Controllers\RestController->create()
#2 /home/eventodigital/public_html/api_controlAccesos/system/CodeIgniter.php(419): CodeIgniter\CodeIgniter->runController(Object(App\Controllers\RestController))
#3 /home/eventodigital/public_html/api_controlAccesos/system/CodeIgniter.php(326): CodeIgniter\CodeIgniter->handleRequest(NULL, Object(Config\Cache), false)
#4 /home/eventodigital/public_html/api_controlAccesos/public/index.php(37): CodeIgniter\CodeIgniter->run()
#5 {main}
CRITICAL - 2024-10-23 14:06:27 --> Class 'App\Libraries\Exception' not found
#0 /home/eventodigital/public_html/api_controlAccesos/app/Controllers/RestController.php(186): App\Libraries\vCard->__construct(false, '03844113')
#1 /home/eventodigital/public_html/api_controlAccesos/system/CodeIgniter.php(832): App\Controllers\RestController->create()
#2 /home/eventodigital/public_html/api_controlAccesos/system/CodeIgniter.php(419): CodeIgniter\CodeIgniter->runController(Object(App\Controllers\RestController))
#3 /home/eventodigital/public_html/api_controlAccesos/system/CodeIgniter.php(326): CodeIgniter\CodeIgniter->handleRequest(NULL, Object(Config\Cache), false)
#4 /home/eventodigital/public_html/api_controlAccesos/public/index.php(37): CodeIgniter\CodeIgniter->run()
#5 {main}
ERROR - 2024-10-23 14:06:50 --> Column 'nombreCompleto' cannot be null
CRITICAL - 2024-10-23 14:08:04 --> Class 'App\Libraries\Exception' not found
#0 /home/eventodigital/public_html/api_controlAccesos/app/Controllers/RestController.php(186): App\Libraries\vCard->__construct(false, '99928742')
#1 /home/eventodigital/public_html/api_controlAccesos/system/CodeIgniter.php(832): App\Controllers\RestController->create()
#2 /home/eventodigital/public_html/api_controlAccesos/system/CodeIgniter.php(419): CodeIgniter\CodeIgniter->runController(Object(App\Controllers\RestController))
#3 /home/eventodigital/public_html/api_controlAccesos/system/CodeIgniter.php(326): CodeIgniter\CodeIgniter->handleRequest(NULL, Object(Config\Cache), false)
#4 /home/eventodigital/public_html/api_controlAccesos/public/index.php(37): CodeIgniter\CodeIgniter->run()
#5 {main}
ERROR - 2024-10-23 14:11:02 --> Column 'nombreCompleto' cannot be null
CRITICAL - 2024-10-23 14:13:54 --> Class 'App\Libraries\Exception' not found
#0 /home/eventodigital/public_html/api_controlAccesos/app/Controllers/RestController.php(186): App\Libraries\vCard->__construct(false, '18211764')
#1 /home/eventodigital/public_html/api_controlAccesos/system/CodeIgniter.php(832): App\Controllers\RestController->create()
#2 /home/eventodigital/public_html/api_controlAccesos/system/CodeIgniter.php(419): CodeIgniter\CodeIgniter->runController(Object(App\Controllers\RestController))
#3 /home/eventodigital/public_html/api_controlAccesos/system/CodeIgniter.php(326): CodeIgniter\CodeIgniter->handleRequest(NULL, Object(Config\Cache), false)
#4 /home/eventodigital/public_html/api_controlAccesos/public/index.php(37): CodeIgniter\CodeIgniter->run()
#5 {main}
CRITICAL - 2024-10-23 14:13:58 --> Class 'App\Libraries\Exception' not found
#0 /home/eventodigital/public_html/api_controlAccesos/app/Controllers/RestController.php(186): App\Libraries\vCard->__construct(false, '10353578')
#1 /home/eventodigital/public_html/api_controlAccesos/system/CodeIgniter.php(832): App\Controllers\RestController->create()
#2 /home/eventodigital/public_html/api_controlAccesos/system/CodeIgniter.php(419): CodeIgniter\CodeIgniter->runController(Object(App\Controllers\RestController))
#3 /home/eventodigital/public_html/api_controlAccesos/system/CodeIgniter.php(326): CodeIgniter\CodeIgniter->handleRequest(NULL, Object(Config\Cache), false)
#4 /home/eventodigital/public_html/api_controlAccesos/public/index.php(37): CodeIgniter\CodeIgniter->run()
#5 {main}
CRITICAL - 2024-10-23 14:14:13 --> Class 'App\Libraries\Exception' not found
#0 /home/eventodigital/public_html/api_controlAccesos/app/Controllers/RestController.php(186): App\Libraries\vCard->__construct(false, '08262737')
#1 /home/eventodigital/public_html/api_controlAccesos/system/CodeIgniter.php(832): App\Controllers\RestController->create()
#2 /home/eventodigital/public_html/api_controlAccesos/system/CodeIgniter.php(419): CodeIgniter\CodeIgniter->runController(Object(App\Controllers\RestController))
#3 /home/eventodigital/public_html/api_controlAccesos/system/CodeIgniter.php(326): CodeIgniter\CodeIgniter->handleRequest(NULL, Object(Config\Cache), false)
#4 /home/eventodigital/public_html/api_controlAccesos/public/index.php(37): CodeIgniter\CodeIgniter->run()
#5 {main}
CRITICAL - 2024-10-23 14:19:17 --> Class 'App\Libraries\Exception' not found
#0 /home/eventodigital/public_html/api_controlAccesos/app/Controllers/RestController.php(186): App\Libraries\vCard->__construct(false, '03452189')
#1 /home/eventodigital/public_html/api_controlAccesos/system/CodeIgniter.php(832): App\Controllers\RestController->create()
#2 /home/eventodigital/public_html/api_controlAccesos/system/CodeIgniter.php(419): CodeIgniter\CodeIgniter->runController(Object(App\Controllers\RestController))
#3 /home/eventodigital/public_html/api_controlAccesos/system/CodeIgniter.php(326): CodeIgniter\CodeIgniter->handleRequest(NULL, Object(Config\Cache), false)
#4 /home/eventodigital/public_html/api_controlAccesos/public/index.php(37): CodeIgniter\CodeIgniter->run()
#5 {main}
ERROR - 2024-10-23 14:22:41 --> Column 'nombreCompleto' cannot be null
CRITICAL - 2024-10-23 14:23:06 --> Class 'App\Libraries\Exception' not found
#0 /home/eventodigital/public_html/api_controlAccesos/app/Controllers/RestController.php(186): App\Libraries\vCard->__construct(false, '04385585')
#1 /home/eventodigital/public_html/api_controlAccesos/system/CodeIgniter.php(832): App\Controllers\RestController->create()
#2 /home/eventodigital/public_html/api_controlAccesos/system/CodeIgniter.php(419): CodeIgniter\CodeIgniter->runController(Object(App\Controllers\RestController))
#3 /home/eventodigital/public_html/api_controlAccesos/system/CodeIgniter.php(326): CodeIgniter\CodeIgniter->handleRequest(NULL, Object(Config\Cache), false)
#4 /home/eventodigital/public_html/api_controlAccesos/public/index.php(37): CodeIgniter\CodeIgniter->run()
#5 {main}
CRITICAL - 2024-10-23 14:23:15 --> Class 'App\Libraries\Exception' not found
#0 /home/eventodigital/public_html/api_controlAccesos/app/Controllers/RestController.php(186): App\Libraries\vCard->__construct(false, '07729652')
#1 /home/eventodigital/public_html/api_controlAccesos/system/CodeIgniter.php(832): App\Controllers\RestController->create()
#2 /home/eventodigital/public_html/api_controlAccesos/system/CodeIgniter.php(419): CodeIgniter\CodeIgniter->runController(Object(App\Controllers\RestController))
#3 /home/eventodigital/public_html/api_controlAccesos/system/CodeIgniter.php(326): CodeIgniter\CodeIgniter->handleRequest(NULL, Object(Config\Cache), false)
#4 /home/eventodigital/public_html/api_controlAccesos/public/index.php(37): CodeIgniter\CodeIgniter->run()
#5 {main}
CRITICAL - 2024-10-23 14:23:44 --> Class 'App\Libraries\Exception' not found
#0 /home/eventodigital/public_html/api_controlAccesos/app/Controllers/RestController.php(186): App\Libraries\vCard->__construct(false, '00037013')
#1 /home/eventodigital/public_html/api_controlAccesos/system/CodeIgniter.php(832): App\Controllers\RestController->create()
#2 /home/eventodigital/public_html/api_controlAccesos/system/CodeIgniter.php(419): CodeIgniter\CodeIgniter->runController(Object(App\Controllers\RestController))
#3 /home/eventodigital/public_html/api_controlAccesos/system/CodeIgniter.php(326): CodeIgniter\CodeIgniter->handleRequest(NULL, Object(Config\Cache), false)
#4 /home/eventodigital/public_html/api_controlAccesos/public/index.php(37): CodeIgniter\CodeIgniter->run()
#5 {main}
CRITICAL - 2024-10-23 14:24:17 --> Class 'App\Libraries\Exception' not found
#0 /home/eventodigital/public_html/api_controlAccesos/app/Controllers/RestController.php(186): App\Libraries\vCard->__construct(false, 'https://congres...')
#1 /home/eventodigital/public_html/api_controlAccesos/system/CodeIgniter.php(832): App\Controllers\RestController->create()
#2 /home/eventodigital/public_html/api_controlAccesos/system/CodeIgniter.php(419): CodeIgniter\CodeIgniter->runController(Object(App\Controllers\RestController))
#3 /home/eventodigital/public_html/api_controlAccesos/system/CodeIgniter.php(326): CodeIgniter\CodeIgniter->handleRequest(NULL, Object(Config\Cache), false)
#4 /home/eventodigital/public_html/api_controlAccesos/public/index.php(37): CodeIgniter\CodeIgniter->run()
#5 {main}
CRITICAL - 2024-10-23 14:24:43 --> Class 'App\Libraries\Exception' not found
#0 /home/eventodigital/public_html/api_controlAccesos/app/Controllers/RestController.php(186): App\Libraries\vCard->__construct(false, '00022036')
#1 /home/eventodigital/public_html/api_controlAccesos/system/CodeIgniter.php(832): App\Controllers\RestController->create()
#2 /home/eventodigital/public_html/api_controlAccesos/system/CodeIgniter.php(419): CodeIgniter\CodeIgniter->runController(Object(App\Controllers\RestController))
#3 /home/eventodigital/public_html/api_controlAccesos/system/CodeIgniter.php(326): CodeIgniter\CodeIgniter->handleRequest(NULL, Object(Config\Cache), false)
#4 /home/eventodigital/public_html/api_controlAccesos/public/index.php(37): CodeIgniter\CodeIgniter->run()
#5 {main}
CRITICAL - 2024-10-23 14:25:52 --> Class 'App\Libraries\Exception' not found
#0 /home/eventodigital/public_html/api_controlAccesos/app/Controllers/RestController.php(186): App\Libraries\vCard->__construct(false, '12746024')
#1 /home/eventodigital/public_html/api_controlAccesos/system/CodeIgniter.php(832): App\Controllers\RestController->create()
#2 /home/eventodigital/public_html/api_controlAccesos/system/CodeIgniter.php(419): CodeIgniter\CodeIgniter->runController(Object(App\Controllers\RestController))
#3 /home/eventodigital/public_html/api_controlAccesos/system/CodeIgniter.php(326): CodeIgniter\CodeIgniter->handleRequest(NULL, Object(Config\Cache), false)
#4 /home/eventodigital/public_html/api_controlAccesos/public/index.php(37): CodeIgniter\CodeIgniter->run()
#5 {main}
CRITICAL - 2024-10-23 14:28:42 --> Class 'App\Libraries\Exception' not found
#0 /home/eventodigital/public_html/api_controlAccesos/app/Controllers/RestController.php(186): App\Libraries\vCard->__construct(false, '00692373')
#1 /home/eventodigital/public_html/api_controlAccesos/system/CodeIgniter.php(832): App\Controllers\RestController->create()
#2 /home/eventodigital/public_html/api_controlAccesos/system/CodeIgniter.php(419): CodeIgniter\CodeIgniter->runController(Object(App\Controllers\RestController))
#3 /home/eventodigital/public_html/api_controlAccesos/system/CodeIgniter.php(326): CodeIgniter\CodeIgniter->handleRequest(NULL, Object(Config\Cache), false)
#4 /home/eventodigital/public_html/api_controlAccesos/public/index.php(37): CodeIgniter\CodeIgniter->run()
#5 {main}
CRITICAL - 2024-10-23 14:29:09 --> Class 'App\Libraries\Exception' not found
#0 /home/eventodigital/public_html/api_controlAccesos/app/Controllers/RestController.php(186): App\Libraries\vCard->__construct(false, '13460036')
#1 /home/eventodigital/public_html/api_controlAccesos/system/CodeIgniter.php(832): App\Controllers\RestController->create()
#2 /home/eventodigital/public_html/api_controlAccesos/system/CodeIgniter.php(419): CodeIgniter\CodeIgniter->runController(Object(App\Controllers\RestController))
#3 /home/eventodigital/public_html/api_controlAccesos/system/CodeIgniter.php(326): CodeIgniter\CodeIgniter->handleRequest(NULL, Object(Config\Cache), false)
#4 /home/eventodigital/public_html/api_controlAccesos/public/index.php(37): CodeIgniter\CodeIgniter->run()
#5 {main}
CRITICAL - 2024-10-23 14:29:33 --> Class 'App\Libraries\Exception' not found
#0 /home/eventodigital/public_html/api_controlAccesos/app/Controllers/RestController.php(186): App\Libraries\vCard->__construct(false, '06082238')
#1 /home/eventodigital/public_html/api_controlAccesos/system/CodeIgniter.php(832): App\Controllers\RestController->create()
#2 /home/eventodigital/public_html/api_controlAccesos/system/CodeIgniter.php(419): CodeIgniter\CodeIgniter->runController(Object(App\Controllers\RestController))
#3 /home/eventodigital/public_html/api_controlAccesos/system/CodeIgniter.php(326): CodeIgniter\CodeIgniter->handleRequest(NULL, Object(Config\Cache), false)
#4 /home/eventodigital/public_html/api_controlAccesos/public/index.php(37): CodeIgniter\CodeIgniter->run()
#5 {main}
CRITICAL - 2024-10-23 14:29:40 --> Class 'App\Libraries\Exception' not found
#0 /home/eventodigital/public_html/api_controlAccesos/app/Controllers/RestController.php(186): App\Libraries\vCard->__construct(false, '17286060')
#1 /home/eventodigital/public_html/api_controlAccesos/system/CodeIgniter.php(832): App\Controllers\RestController->create()
#2 /home/eventodigital/public_html/api_controlAccesos/system/CodeIgniter.php(419): CodeIgniter\CodeIgniter->runController(Object(App\Controllers\RestController))
#3 /home/eventodigital/public_html/api_controlAccesos/system/CodeIgniter.php(326): CodeIgniter\CodeIgniter->handleRequest(NULL, Object(Config\Cache), false)
#4 /home/eventodigital/public_html/api_controlAccesos/public/index.php(37): CodeIgniter\CodeIgniter->run()
#5 {main}
CRITICAL - 2024-10-23 14:30:09 --> Class 'App\Libraries\Exception' not found
#0 /home/eventodigital/public_html/api_controlAccesos/app/Controllers/RestController.php(186): App\Libraries\vCard->__construct(false, '14700774')
#1 /home/eventodigital/public_html/api_controlAccesos/system/CodeIgniter.php(832): App\Controllers\RestController->create()
#2 /home/eventodigital/public_html/api_controlAccesos/system/CodeIgniter.php(419): CodeIgniter\CodeIgniter->runController(Object(App\Controllers\RestController))
#3 /home/eventodigital/public_html/api_controlAccesos/system/CodeIgniter.php(326): CodeIgniter\CodeIgniter->handleRequest(NULL, Object(Config\Cache), false)
#4 /home/eventodigital/public_html/api_controlAccesos/public/index.php(37): CodeIgniter\CodeIgniter->run()
#5 {main}
CRITICAL - 2024-10-23 14:30:36 --> Class 'App\Libraries\Exception' not found
#0 /home/eventodigital/public_html/api_controlAccesos/app/Controllers/RestController.php(186): App\Libraries\vCard->__construct(false, '00284032')
#1 /home/eventodigital/public_html/api_controlAccesos/system/CodeIgniter.php(832): App\Controllers\RestController->create()
#2 /home/eventodigital/public_html/api_controlAccesos/system/CodeIgniter.php(419): CodeIgniter\CodeIgniter->runController(Object(App\Controllers\RestController))
#3 /home/eventodigital/public_html/api_controlAccesos/system/CodeIgniter.php(326): CodeIgniter\CodeIgniter->handleRequest(NULL, Object(Config\Cache), false)
#4 /home/eventodigital/public_html/api_controlAccesos/public/index.php(37): CodeIgniter\CodeIgniter->run()
#5 {main}
CRITICAL - 2024-10-23 14:32:54 --> Class 'App\Libraries\Exception' not found
#0 /home/eventodigital/public_html/api_controlAccesos/app/Controllers/RestController.php(186): App\Libraries\vCard->__construct(false, '69017766')
#1 /home/eventodigital/public_html/api_controlAccesos/system/CodeIgniter.php(832): App\Controllers\RestController->create()
#2 /home/eventodigital/public_html/api_controlAccesos/system/CodeIgniter.php(419): CodeIgniter\CodeIgniter->runController(Object(App\Controllers\RestController))
#3 /home/eventodigital/public_html/api_controlAccesos/system/CodeIgniter.php(326): CodeIgniter\CodeIgniter->handleRequest(NULL, Object(Config\Cache), false)
#4 /home/eventodigital/public_html/api_controlAccesos/public/index.php(37): CodeIgniter\CodeIgniter->run()
#5 {main}
CRITICAL - 2024-10-23 14:33:18 --> Class 'App\Libraries\Exception' not found
#0 /home/eventodigital/public_html/api_controlAccesos/app/Controllers/RestController.php(186): App\Libraries\vCard->__construct(false, '58087251')
#1 /home/eventodigital/public_html/api_controlAccesos/system/CodeIgniter.php(832): App\Controllers\RestController->create()
#2 /home/eventodigital/public_html/api_controlAccesos/system/CodeIgniter.php(419): CodeIgniter\CodeIgniter->runController(Object(App\Controllers\RestController))
#3 /home/eventodigital/public_html/api_controlAccesos/system/CodeIgniter.php(326): CodeIgniter\CodeIgniter->handleRequest(NULL, Object(Config\Cache), false)
#4 /home/eventodigital/public_html/api_controlAccesos/public/index.php(37): CodeIgniter\CodeIgniter->run()
#5 {main}
CRITICAL - 2024-10-23 14:34:51 --> Class 'App\Libraries\Exception' not found
#0 /home/eventodigital/public_html/api_controlAccesos/app/Controllers/RestController.php(186): App\Libraries\vCard->__construct(false, '18659672')
#1 /home/eventodigital/public_html/api_controlAccesos/system/CodeIgniter.php(832): App\Controllers\RestController->create()
#2 /home/eventodigital/public_html/api_controlAccesos/system/CodeIgniter.php(419): CodeIgniter\CodeIgniter->runController(Object(App\Controllers\RestController))
#3 /home/eventodigital/public_html/api_controlAccesos/system/CodeIgniter.php(326): CodeIgniter\CodeIgniter->handleRequest(NULL, Object(Config\Cache), false)
#4 /home/eventodigital/public_html/api_controlAccesos/public/index.php(37): CodeIgniter\CodeIgniter->run()
#5 {main}
ERROR - 2024-10-23 14:36:30 --> Column 'nombreCompleto' cannot be null
CRITICAL - 2024-10-23 14:36:56 --> Class 'App\Libraries\Exception' not found
#0 /home/eventodigital/public_html/api_controlAccesos/app/Controllers/RestController.php(186): App\Libraries\vCard->__construct(false, '27107966')
#1 /home/eventodigital/public_html/api_controlAccesos/system/CodeIgniter.php(832): App\Controllers\RestController->create()
#2 /home/eventodigital/public_html/api_controlAccesos/system/CodeIgniter.php(419): CodeIgniter\CodeIgniter->runController(Object(App\Controllers\RestController))
#3 /home/eventodigital/public_html/api_controlAccesos/system/CodeIgniter.php(326): CodeIgniter\CodeIgniter->handleRequest(NULL, Object(Config\Cache), false)
#4 /home/eventodigital/public_html/api_controlAccesos/public/index.php(37): CodeIgniter\CodeIgniter->run()
#5 {main}
CRITICAL - 2024-10-23 14:39:52 --> Class 'App\Libraries\Exception' not found
#0 /home/eventodigital/public_html/api_controlAccesos/app/Controllers/RestController.php(186): App\Libraries\vCard->__construct(false, '13540159')
#1 /home/eventodigital/public_html/api_controlAccesos/system/CodeIgniter.php(832): App\Controllers\RestController->create()
#2 /home/eventodigital/public_html/api_controlAccesos/system/CodeIgniter.php(419): CodeIgniter\CodeIgniter->runController(Object(App\Controllers\RestController))
#3 /home/eventodigital/public_html/api_controlAccesos/system/CodeIgniter.php(326): CodeIgniter\CodeIgniter->handleRequest(NULL, Object(Config\Cache), false)
#4 /home/eventodigital/public_html/api_controlAccesos/public/index.php(37): CodeIgniter\CodeIgniter->run()
#5 {main}
CRITICAL - 2024-10-23 14:41:22 --> Class 'App\Libraries\Exception' not found
#0 /home/eventodigital/public_html/api_controlAccesos/app/Controllers/RestController.php(186): App\Libraries\vCard->__construct(false, '19419688')
#1 /home/eventodigital/public_html/api_controlAccesos/system/CodeIgniter.php(832): App\Controllers\RestController->create()
#2 /home/eventodigital/public_html/api_controlAccesos/system/CodeIgniter.php(419): CodeIgniter\CodeIgniter->runController(Object(App\Controllers\RestController))
#3 /home/eventodigital/public_html/api_controlAccesos/system/CodeIgniter.php(326): CodeIgniter\CodeIgniter->handleRequest(NULL, Object(Config\Cache), false)
#4 /home/eventodigital/public_html/api_controlAccesos/public/index.php(37): CodeIgniter\CodeIgniter->run()
#5 {main}
CRITICAL - 2024-10-23 14:41:25 --> Class 'App\Libraries\Exception' not found
#0 /home/eventodigital/public_html/api_controlAccesos/app/Controllers/RestController.php(186): App\Libraries\vCard->__construct(false, '03651732')
#1 /home/eventodigital/public_html/api_controlAccesos/system/CodeIgniter.php(832): App\Controllers\RestController->create()
#2 /home/eventodigital/public_html/api_controlAccesos/system/CodeIgniter.php(419): CodeIgniter\CodeIgniter->runController(Object(App\Controllers\RestController))
#3 /home/eventodigital/public_html/api_controlAccesos/system/CodeIgniter.php(326): CodeIgniter\CodeIgniter->handleRequest(NULL, Object(Config\Cache), false)
#4 /home/eventodigital/public_html/api_controlAccesos/public/index.php(37): CodeIgniter\CodeIgniter->run()
#5 {main}
CRITICAL - 2024-10-23 14:41:31 --> Class 'App\Libraries\Exception' not found
#0 /home/eventodigital/public_html/api_controlAccesos/app/Controllers/RestController.php(186): App\Libraries\vCard->__construct(false, '16664531')
#1 /home/eventodigital/public_html/api_controlAccesos/system/CodeIgniter.php(832): App\Controllers\RestController->create()
#2 /home/eventodigital/public_html/api_controlAccesos/system/CodeIgniter.php(419): CodeIgniter\CodeIgniter->runController(Object(App\Controllers\RestController))
#3 /home/eventodigital/public_html/api_controlAccesos/system/CodeIgniter.php(326): CodeIgniter\CodeIgniter->handleRequest(NULL, Object(Config\Cache), false)
#4 /home/eventodigital/public_html/api_controlAccesos/public/index.php(37): CodeIgniter\CodeIgniter->run()
#5 {main}
CRITICAL - 2024-10-23 14:42:47 --> Class 'App\Libraries\Exception' not found
#0 /home/eventodigital/public_html/api_controlAccesos/app/Controllers/RestController.php(186): App\Libraries\vCard->__construct(false, '06650342')
#1 /home/eventodigital/public_html/api_controlAccesos/system/CodeIgniter.php(832): App\Controllers\RestController->create()
#2 /home/eventodigital/public_html/api_controlAccesos/system/CodeIgniter.php(419): CodeIgniter\CodeIgniter->runController(Object(App\Controllers\RestController))
#3 /home/eventodigital/public_html/api_controlAccesos/system/CodeIgniter.php(326): CodeIgniter\CodeIgniter->handleRequest(NULL, Object(Config\Cache), false)
#4 /home/eventodigital/public_html/api_controlAccesos/public/index.php(37): CodeIgniter\CodeIgniter->run()
#5 {main}
CRITICAL - 2024-10-23 14:43:45 --> Class 'App\Libraries\Exception' not found
#0 /home/eventodigital/public_html/api_controlAccesos/app/Controllers/RestController.php(186): App\Libraries\vCard->__construct(false, '06240335')
#1 /home/eventodigital/public_html/api_controlAccesos/system/CodeIgniter.php(832): App\Controllers\RestController->create()
#2 /home/eventodigital/public_html/api_controlAccesos/system/CodeIgniter.php(419): CodeIgniter\CodeIgniter->runController(Object(App\Controllers\RestController))
#3 /home/eventodigital/public_html/api_controlAccesos/system/CodeIgniter.php(326): CodeIgniter\CodeIgniter->handleRequest(NULL, Object(Config\Cache), false)
#4 /home/eventodigital/public_html/api_controlAccesos/public/index.php(37): CodeIgniter\CodeIgniter->run()
#5 {main}
CRITICAL - 2024-10-23 14:44:24 --> Class 'App\Libraries\Exception' not found
#0 /home/eventodigital/public_html/api_controlAccesos/app/Controllers/RestController.php(186): App\Libraries\vCard->__construct(false, '08462310')
#1 /home/eventodigital/public_html/api_controlAccesos/system/CodeIgniter.php(832): App\Controllers\RestController->create()
#2 /home/eventodigital/public_html/api_controlAccesos/system/CodeIgniter.php(419): CodeIgniter\CodeIgniter->runController(Object(App\Controllers\RestController))
#3 /home/eventodigital/public_html/api_controlAccesos/system/CodeIgniter.php(326): CodeIgniter\CodeIgniter->handleRequest(NULL, Object(Config\Cache), false)
#4 /home/eventodigital/public_html/api_controlAccesos/public/index.php(37): CodeIgniter\CodeIgniter->run()
#5 {main}
CRITICAL - 2024-10-23 14:45:17 --> Class 'App\Libraries\Exception' not found
#0 /home/eventodigital/public_html/api_controlAccesos/app/Controllers/RestController.php(186): App\Libraries\vCard->__construct(false, '15843999')
#1 /home/eventodigital/public_html/api_controlAccesos/system/CodeIgniter.php(832): App\Controllers\RestController->create()
#2 /home/eventodigital/public_html/api_controlAccesos/system/CodeIgniter.php(419): CodeIgniter\CodeIgniter->runController(Object(App\Controllers\RestController))
#3 /home/eventodigital/public_html/api_controlAccesos/system/CodeIgniter.php(326): CodeIgniter\CodeIgniter->handleRequest(NULL, Object(Config\Cache), false)
#4 /home/eventodigital/public_html/api_controlAccesos/public/index.php(37): CodeIgniter\CodeIgniter->run()
#5 {main}
CRITICAL - 2024-10-23 14:46:12 --> Class 'App\Libraries\Exception' not found
#0 /home/eventodigital/public_html/api_controlAccesos/app/Controllers/RestController.php(186): App\Libraries\vCard->__construct(false, '02043225')
#1 /home/eventodigital/public_html/api_controlAccesos/system/CodeIgniter.php(832): App\Controllers\RestController->create()
#2 /home/eventodigital/public_html/api_controlAccesos/system/CodeIgniter.php(419): CodeIgniter\CodeIgniter->runController(Object(App\Controllers\RestController))
#3 /home/eventodigital/public_html/api_controlAccesos/system/CodeIgniter.php(326): CodeIgniter\CodeIgniter->handleRequest(NULL, Object(Config\Cache), false)
#4 /home/eventodigital/public_html/api_controlAccesos/public/index.php(37): CodeIgniter\CodeIgniter->run()
#5 {main}
CRITICAL - 2024-10-23 14:47:02 --> Class 'App\Libraries\Exception' not found
#0 /home/eventodigital/public_html/api_controlAccesos/app/Controllers/RestController.php(186): App\Libraries\vCard->__construct(false, '02310608')
#1 /home/eventodigital/public_html/api_controlAccesos/system/CodeIgniter.php(832): App\Controllers\RestController->create()
#2 /home/eventodigital/public_html/api_controlAccesos/system/CodeIgniter.php(419): CodeIgniter\CodeIgniter->runController(Object(App\Controllers\RestController))
#3 /home/eventodigital/public_html/api_controlAccesos/system/CodeIgniter.php(326): CodeIgniter\CodeIgniter->handleRequest(NULL, Object(Config\Cache), false)
#4 /home/eventodigital/public_html/api_controlAccesos/public/index.php(37): CodeIgniter\CodeIgniter->run()
#5 {main}
CRITICAL - 2024-10-23 14:49:03 --> Class 'App\Libraries\Exception' not found
#0 /home/eventodigital/public_html/api_controlAccesos/app/Controllers/RestController.php(186): App\Libraries\vCard->__construct(false, '14032947')
#1 /home/eventodigital/public_html/api_controlAccesos/system/CodeIgniter.php(832): App\Controllers\RestController->create()
#2 /home/eventodigital/public_html/api_controlAccesos/system/CodeIgniter.php(419): CodeIgniter\CodeIgniter->runController(Object(App\Controllers\RestController))
#3 /home/eventodigital/public_html/api_controlAccesos/system/CodeIgniter.php(326): CodeIgniter\CodeIgniter->handleRequest(NULL, Object(Config\Cache), false)
#4 /home/eventodigital/public_html/api_controlAccesos/public/index.php(37): CodeIgniter\CodeIgniter->run()
#5 {main}
CRITICAL - 2024-10-23 14:49:06 --> Class 'App\Libraries\Exception' not found
#0 /home/eventodigital/public_html/api_controlAccesos/app/Controllers/RestController.php(186): App\Libraries\vCard->__construct(false, '04143864')
#1 /home/eventodigital/public_html/api_controlAccesos/system/CodeIgniter.php(832): App\Controllers\RestController->create()
#2 /home/eventodigital/public_html/api_controlAccesos/system/CodeIgniter.php(419): CodeIgniter\CodeIgniter->runController(Object(App\Controllers\RestController))
#3 /home/eventodigital/public_html/api_controlAccesos/system/CodeIgniter.php(326): CodeIgniter\CodeIgniter->handleRequest(NULL, Object(Config\Cache), false)
#4 /home/eventodigital/public_html/api_controlAccesos/public/index.php(37): CodeIgniter\CodeIgniter->run()
#5 {main}
CRITICAL - 2024-10-23 14:49:27 --> Class 'App\Libraries\Exception' not found
#0 /home/eventodigital/public_html/api_controlAccesos/app/Controllers/RestController.php(186): App\Libraries\vCard->__construct(false, '01857845')
#1 /home/eventodigital/public_html/api_controlAccesos/system/CodeIgniter.php(832): App\Controllers\RestController->create()
#2 /home/eventodigital/public_html/api_controlAccesos/system/CodeIgniter.php(419): CodeIgniter\CodeIgniter->runController(Object(App\Controllers\RestController))
#3 /home/eventodigital/public_html/api_controlAccesos/system/CodeIgniter.php(326): CodeIgniter\CodeIgniter->handleRequest(NULL, Object(Config\Cache), false)
#4 /home/eventodigital/public_html/api_controlAccesos/public/index.php(37): CodeIgniter\CodeIgniter->run()
#5 {main}
CRITICAL - 2024-10-23 14:49:37 --> Class 'App\Libraries\Exception' not found
#0 /home/eventodigital/public_html/api_controlAccesos/app/Controllers/RestController.php(186): App\Libraries\vCard->__construct(false, '02424095')
#1 /home/eventodigital/public_html/api_controlAccesos/system/CodeIgniter.php(832): App\Controllers\RestController->create()
#2 /home/eventodigital/public_html/api_controlAccesos/system/CodeIgniter.php(419): CodeIgniter\CodeIgniter->runController(Object(App\Controllers\RestController))
#3 /home/eventodigital/public_html/api_controlAccesos/system/CodeIgniter.php(326): CodeIgniter\CodeIgniter->handleRequest(NULL, Object(Config\Cache), false)
#4 /home/eventodigital/public_html/api_controlAccesos/public/index.php(37): CodeIgniter\CodeIgniter->run()
#5 {main}
ERROR - 2024-10-23 14:49:43 --> Column 'nombreCompleto' cannot be null
CRITICAL - 2024-10-23 14:50:14 --> Class 'App\Libraries\Exception' not found
#0 /home/eventodigital/public_html/api_controlAccesos/app/Controllers/RestController.php(186): App\Libraries\vCard->__construct(false, '12633265')
#1 /home/eventodigital/public_html/api_controlAccesos/system/CodeIgniter.php(832): App\Controllers\RestController->create()
#2 /home/eventodigital/public_html/api_controlAccesos/system/CodeIgniter.php(419): CodeIgniter\CodeIgniter->runController(Object(App\Controllers\RestController))
#3 /home/eventodigital/public_html/api_controlAccesos/system/CodeIgniter.php(326): CodeIgniter\CodeIgniter->handleRequest(NULL, Object(Config\Cache), false)
#4 /home/eventodigital/public_html/api_controlAccesos/public/index.php(37): CodeIgniter\CodeIgniter->run()
#5 {main}
CRITICAL - 2024-10-23 14:50:19 --> Class 'App\Libraries\Exception' not found
#0 /home/eventodigital/public_html/api_controlAccesos/app/Controllers/RestController.php(186): App\Libraries\vCard->__construct(false, '03077009')
#1 /home/eventodigital/public_html/api_controlAccesos/system/CodeIgniter.php(832): App\Controllers\RestController->create()
#2 /home/eventodigital/public_html/api_controlAccesos/system/CodeIgniter.php(419): CodeIgniter\CodeIgniter->runController(Object(App\Controllers\RestController))
#3 /home/eventodigital/public_html/api_controlAccesos/system/CodeIgniter.php(326): CodeIgniter\CodeIgniter->handleRequest(NULL, Object(Config\Cache), false)
#4 /home/eventodigital/public_html/api_controlAccesos/public/index.php(37): CodeIgniter\CodeIgniter->run()
#5 {main}
CRITICAL - 2024-10-23 14:51:28 --> Class 'App\Libraries\Exception' not found
#0 /home/eventodigital/public_html/api_controlAccesos/app/Controllers/RestController.php(186): App\Libraries\vCard->__construct(false, '03469965')
#1 /home/eventodigital/public_html/api_controlAccesos/system/CodeIgniter.php(832): App\Controllers\RestController->create()
#2 /home/eventodigital/public_html/api_controlAccesos/system/CodeIgniter.php(419): CodeIgniter\CodeIgniter->runController(Object(App\Controllers\RestController))
#3 /home/eventodigital/public_html/api_controlAccesos/system/CodeIgniter.php(326): CodeIgniter\CodeIgniter->handleRequest(NULL, Object(Config\Cache), false)
#4 /home/eventodigital/public_html/api_controlAccesos/public/index.php(37): CodeIgniter\CodeIgniter->run()
#5 {main}
CRITICAL - 2024-10-23 14:54:16 --> Class 'App\Libraries\Exception' not found
#0 /home/eventodigital/public_html/api_controlAccesos/app/Controllers/RestController.php(186): App\Libraries\vCard->__construct(false, '08784377')
#1 /home/eventodigital/public_html/api_controlAccesos/system/CodeIgniter.php(832): App\Controllers\RestController->create()
#2 /home/eventodigital/public_html/api_controlAccesos/system/CodeIgniter.php(419): CodeIgniter\CodeIgniter->runController(Object(App\Controllers\RestController))
#3 /home/eventodigital/public_html/api_controlAccesos/system/CodeIgniter.php(326): CodeIgniter\CodeIgniter->handleRequest(NULL, Object(Config\Cache), false)
#4 /home/eventodigital/public_html/api_controlAccesos/public/index.php(37): CodeIgniter\CodeIgniter->run()
#5 {main}
CRITICAL - 2024-10-23 14:54:19 --> Class 'App\Libraries\Exception' not found
#0 /home/eventodigital/public_html/api_controlAccesos/app/Controllers/RestController.php(186): App\Libraries\vCard->__construct(false, '12181469')
#1 /home/eventodigital/public_html/api_controlAccesos/system/CodeIgniter.php(832): App\Controllers\RestController->create()
#2 /home/eventodigital/public_html/api_controlAccesos/system/CodeIgniter.php(419): CodeIgniter\CodeIgniter->runController(Object(App\Controllers\RestController))
#3 /home/eventodigital/public_html/api_controlAccesos/system/CodeIgniter.php(326): CodeIgniter\CodeIgniter->handleRequest(NULL, Object(Config\Cache), false)
#4 /home/eventodigital/public_html/api_controlAccesos/public/index.php(37): CodeIgniter\CodeIgniter->run()
#5 {main}
CRITICAL - 2024-10-23 14:54:41 --> Class 'App\Libraries\Exception' not found
#0 /home/eventodigital/public_html/api_controlAccesos/app/Controllers/RestController.php(186): App\Libraries\vCard->__construct(false, '17207584')
#1 /home/eventodigital/public_html/api_controlAccesos/system/CodeIgniter.php(832): App\Controllers\RestController->create()
#2 /home/eventodigital/public_html/api_controlAccesos/system/CodeIgniter.php(419): CodeIgniter\CodeIgniter->runController(Object(App\Controllers\RestController))
#3 /home/eventodigital/public_html/api_controlAccesos/system/CodeIgniter.php(326): CodeIgniter\CodeIgniter->handleRequest(NULL, Object(Config\Cache), false)
#4 /home/eventodigital/public_html/api_controlAccesos/public/index.php(37): CodeIgniter\CodeIgniter->run()
#5 {main}
CRITICAL - 2024-10-23 14:58:08 --> Class 'App\Libraries\Exception' not found
#0 /home/eventodigital/public_html/api_controlAccesos/app/Controllers/RestController.php(186): App\Libraries\vCard->__construct(false, '03307524')
#1 /home/eventodigital/public_html/api_controlAccesos/system/CodeIgniter.php(832): App\Controllers\RestController->create()
#2 /home/eventodigital/public_html/api_controlAccesos/system/CodeIgniter.php(419): CodeIgniter\CodeIgniter->runController(Object(App\Controllers\RestController))
#3 /home/eventodigital/public_html/api_controlAccesos/system/CodeIgniter.php(326): CodeIgniter\CodeIgniter->handleRequest(NULL, Object(Config\Cache), false)
#4 /home/eventodigital/public_html/api_controlAccesos/public/index.php(37): CodeIgniter\CodeIgniter->run()
#5 {main}
CRITICAL - 2024-10-23 14:58:32 --> Class 'App\Libraries\Exception' not found
#0 /home/eventodigital/public_html/api_controlAccesos/app/Controllers/RestController.php(186): App\Libraries\vCard->__construct(false, '5047980877876')
#1 /home/eventodigital/public_html/api_controlAccesos/system/CodeIgniter.php(832): App\Controllers\RestController->create()
#2 /home/eventodigital/public_html/api_controlAccesos/system/CodeIgniter.php(419): CodeIgniter\CodeIgniter->runController(Object(App\Controllers\RestController))
#3 /home/eventodigital/public_html/api_controlAccesos/system/CodeIgniter.php(326): CodeIgniter\CodeIgniter->handleRequest(NULL, Object(Config\Cache), false)
#4 /home/eventodigital/public_html/api_controlAccesos/public/index.php(37): CodeIgniter\CodeIgniter->run()
#5 {main}
CRITICAL - 2024-10-23 14:58:32 --> Class 'App\Libraries\Exception' not found
#0 /home/eventodigital/public_html/api_controlAccesos/app/Controllers/RestController.php(186): App\Libraries\vCard->__construct(false, '00739290')
#1 /home/eventodigital/public_html/api_controlAccesos/system/CodeIgniter.php(832): App\Controllers\RestController->create()
#2 /home/eventodigital/public_html/api_controlAccesos/system/CodeIgniter.php(419): CodeIgniter\CodeIgniter->runController(Object(App\Controllers\RestController))
#3 /home/eventodigital/public_html/api_controlAccesos/system/CodeIgniter.php(326): CodeIgniter\CodeIgniter->handleRequest(NULL, Object(Config\Cache), false)
#4 /home/eventodigital/public_html/api_controlAccesos/public/index.php(37): CodeIgniter\CodeIgniter->run()
#5 {main}
CRITICAL - 2024-10-23 14:58:48 --> Class 'App\Libraries\Exception' not found
#0 /home/eventodigital/public_html/api_controlAccesos/app/Controllers/RestController.php(186): App\Libraries\vCard->__construct(false, '16763784')
#1 /home/eventodigital/public_html/api_controlAccesos/system/CodeIgniter.php(832): App\Controllers\RestController->create()
#2 /home/eventodigital/public_html/api_controlAccesos/system/CodeIgniter.php(419): CodeIgniter\CodeIgniter->runController(Object(App\Controllers\RestController))
#3 /home/eventodigital/public_html/api_controlAccesos/system/CodeIgniter.php(326): CodeIgniter\CodeIgniter->handleRequest(NULL, Object(Config\Cache), false)
#4 /home/eventodigital/public_html/api_controlAccesos/public/index.php(37): CodeIgniter\CodeIgniter->run()
#5 {main}
CRITICAL - 2024-10-23 14:59:19 --> Class 'App\Libraries\Exception' not found
#0 /home/eventodigital/public_html/api_controlAccesos/app/Controllers/RestController.php(186): App\Libraries\vCard->__construct(false, '19809076')
#1 /home/eventodigital/public_html/api_controlAccesos/system/CodeIgniter.php(832): App\Controllers\RestController->create()
#2 /home/eventodigital/public_html/api_controlAccesos/system/CodeIgniter.php(419): CodeIgniter\CodeIgniter->runController(Object(App\Controllers\RestController))
#3 /home/eventodigital/public_html/api_controlAccesos/system/CodeIgniter.php(326): CodeIgniter\CodeIgniter->handleRequest(NULL, Object(Config\Cache), false)
#4 /home/eventodigital/public_html/api_controlAccesos/public/index.php(37): CodeIgniter\CodeIgniter->run()
#5 {main}
CRITICAL - 2024-10-23 14:59:30 --> Class 'App\Libraries\Exception' not found
#0 /home/eventodigital/public_html/api_controlAccesos/app/Controllers/RestController.php(186): App\Libraries\vCard->__construct(false, '12696032')
#1 /home/eventodigital/public_html/api_controlAccesos/system/CodeIgniter.php(832): App\Controllers\RestController->create()
#2 /home/eventodigital/public_html/api_controlAccesos/system/CodeIgniter.php(419): CodeIgniter\CodeIgniter->runController(Object(App\Controllers\RestController))
#3 /home/eventodigital/public_html/api_controlAccesos/system/CodeIgniter.php(326): CodeIgniter\CodeIgniter->handleRequest(NULL, Object(Config\Cache), false)
#4 /home/eventodigital/public_html/api_controlAccesos/public/index.php(37): CodeIgniter\CodeIgniter->run()
#5 {main}
CRITICAL - 2024-10-23 14:59:33 --> Class 'App\Libraries\Exception' not found
#0 /home/eventodigital/public_html/api_controlAccesos/app/Controllers/RestController.php(186): App\Libraries\vCard->__construct(false, '11373449')
#1 /home/eventodigital/public_html/api_controlAccesos/system/CodeIgniter.php(832): App\Controllers\RestController->create()
#2 /home/eventodigital/public_html/api_controlAccesos/system/CodeIgniter.php(419): CodeIgniter\CodeIgniter->runController(Object(App\Controllers\RestController))
#3 /home/eventodigital/public_html/api_controlAccesos/system/CodeIgniter.php(326): CodeIgniter\CodeIgniter->handleRequest(NULL, Object(Config\Cache), false)
#4 /home/eventodigital/public_html/api_controlAccesos/public/index.php(37): CodeIgniter\CodeIgniter->run()
#5 {main}
CRITICAL - 2024-10-23 14:59:43 --> Class 'App\Libraries\Exception' not found
#0 /home/eventodigital/public_html/api_controlAccesos/app/Controllers/RestController.php(186): App\Libraries\vCard->__construct(false, '12648618')
#1 /home/eventodigital/public_html/api_controlAccesos/system/CodeIgniter.php(832): App\Controllers\RestController->create()
#2 /home/eventodigital/public_html/api_controlAccesos/system/CodeIgniter.php(419): CodeIgniter\CodeIgniter->runController(Object(App\Controllers\RestController))
#3 /home/eventodigital/public_html/api_controlAccesos/system/CodeIgniter.php(326): CodeIgniter\CodeIgniter->handleRequest(NULL, Object(Config\Cache), false)
#4 /home/eventodigital/public_html/api_controlAccesos/public/index.php(37): CodeIgniter\CodeIgniter->run()
#5 {main}
ERROR - 2024-10-23 15:01:35 --> Column 'nombreCompleto' cannot be null
CRITICAL - 2024-10-23 15:01:40 --> Class 'App\Libraries\Exception' not found
#0 /home/eventodigital/public_html/api_controlAccesos/app/Controllers/RestController.php(186): App\Libraries\vCard->__construct(false, '15240170')
#1 /home/eventodigital/public_html/api_controlAccesos/system/CodeIgniter.php(832): App\Controllers\RestController->create()
#2 /home/eventodigital/public_html/api_controlAccesos/system/CodeIgniter.php(419): CodeIgniter\CodeIgniter->runController(Object(App\Controllers\RestController))
#3 /home/eventodigital/public_html/api_controlAccesos/system/CodeIgniter.php(326): CodeIgniter\CodeIgniter->handleRequest(NULL, Object(Config\Cache), false)
#4 /home/eventodigital/public_html/api_controlAccesos/public/index.php(37): CodeIgniter\CodeIgniter->run()
#5 {main}
CRITICAL - 2024-10-23 15:01:57 --> Class 'App\Libraries\Exception' not found
#0 /home/eventodigital/public_html/api_controlAccesos/app/Controllers/RestController.php(186): App\Libraries\vCard->__construct(false, 'https://congres...')
#1 /home/eventodigital/public_html/api_controlAccesos/system/CodeIgniter.php(832): App\Controllers\RestController->create()
#2 /home/eventodigital/public_html/api_controlAccesos/system/CodeIgniter.php(419): CodeIgniter\CodeIgniter->runController(Object(App\Controllers\RestController))
#3 /home/eventodigital/public_html/api_controlAccesos/system/CodeIgniter.php(326): CodeIgniter\CodeIgniter->handleRequest(NULL, Object(Config\Cache), false)
#4 /home/eventodigital/public_html/api_controlAccesos/public/index.php(37): CodeIgniter\CodeIgniter->run()
#5 {main}
CRITICAL - 2024-10-23 15:02:01 --> Class 'App\Libraries\Exception' not found
#0 /home/eventodigital/public_html/api_controlAccesos/app/Controllers/RestController.php(186): App\Libraries\vCard->__construct(false, '08606365')
#1 /home/eventodigital/public_html/api_controlAccesos/system/CodeIgniter.php(832): App\Controllers\RestController->create()
#2 /home/eventodigital/public_html/api_controlAccesos/system/CodeIgniter.php(419): CodeIgniter\CodeIgniter->runController(Object(App\Controllers\RestController))
#3 /home/eventodigital/public_html/api_controlAccesos/system/CodeIgniter.php(326): CodeIgniter\CodeIgniter->handleRequest(NULL, Object(Config\Cache), false)
#4 /home/eventodigital/public_html/api_controlAccesos/public/index.php(37): CodeIgniter\CodeIgniter->run()
#5 {main}
CRITICAL - 2024-10-23 15:02:09 --> Class 'App\Libraries\Exception' not found
#0 /home/eventodigital/public_html/api_controlAccesos/app/Controllers/RestController.php(186): App\Libraries\vCard->__construct(false, '16348312')
#1 /home/eventodigital/public_html/api_controlAccesos/system/CodeIgniter.php(832): App\Controllers\RestController->create()
#2 /home/eventodigital/public_html/api_controlAccesos/system/CodeIgniter.php(419): CodeIgniter\CodeIgniter->runController(Object(App\Controllers\RestController))
#3 /home/eventodigital/public_html/api_controlAccesos/system/CodeIgniter.php(326): CodeIgniter\CodeIgniter->handleRequest(NULL, Object(Config\Cache), false)
#4 /home/eventodigital/public_html/api_controlAccesos/public/index.php(37): CodeIgniter\CodeIgniter->run()
#5 {main}
CRITICAL - 2024-10-23 15:02:32 --> Class 'App\Libraries\Exception' not found
#0 /home/eventodigital/public_html/api_controlAccesos/app/Controllers/RestController.php(186): App\Libraries\vCard->__construct(false, '01447187')
#1 /home/eventodigital/public_html/api_controlAccesos/system/CodeIgniter.php(832): App\Controllers\RestController->create()
#2 /home/eventodigital/public_html/api_controlAccesos/system/CodeIgniter.php(419): CodeIgniter\CodeIgniter->runController(Object(App\Controllers\RestController))
#3 /home/eventodigital/public_html/api_controlAccesos/system/CodeIgniter.php(326): CodeIgniter\CodeIgniter->handleRequest(NULL, Object(Config\Cache), false)
#4 /home/eventodigital/public_html/api_controlAccesos/public/index.php(37): CodeIgniter\CodeIgniter->run()
#5 {main}
CRITICAL - 2024-10-23 15:03:56 --> Class 'App\Libraries\Exception' not found
#0 /home/eventodigital/public_html/api_controlAccesos/app/Controllers/RestController.php(186): App\Libraries\vCard->__construct(false, '08950836')
#1 /home/eventodigital/public_html/api_controlAccesos/system/CodeIgniter.php(832): App\Controllers\RestController->create()
#2 /home/eventodigital/public_html/api_controlAccesos/system/CodeIgniter.php(419): CodeIgniter\CodeIgniter->runController(Object(App\Controllers\RestController))
#3 /home/eventodigital/public_html/api_controlAccesos/system/CodeIgniter.php(326): CodeIgniter\CodeIgniter->handleRequest(NULL, Object(Config\Cache), false)
#4 /home/eventodigital/public_html/api_controlAccesos/public/index.php(37): CodeIgniter\CodeIgniter->run()
#5 {main}
CRITICAL - 2024-10-23 15:04:05 --> Class 'App\Libraries\Exception' not found
#0 /home/eventodigital/public_html/api_controlAccesos/app/Controllers/RestController.php(186): App\Libraries\vCard->__construct(false, '12746811')
#1 /home/eventodigital/public_html/api_controlAccesos/system/CodeIgniter.php(832): App\Controllers\RestController->create()
#2 /home/eventodigital/public_html/api_controlAccesos/system/CodeIgniter.php(419): CodeIgniter\CodeIgniter->runController(Object(App\Controllers\RestController))
#3 /home/eventodigital/public_html/api_controlAccesos/system/CodeIgniter.php(326): CodeIgniter\CodeIgniter->handleRequest(NULL, Object(Config\Cache), false)
#4 /home/eventodigital/public_html/api_controlAccesos/public/index.php(37): CodeIgniter\CodeIgniter->run()
#5 {main}
CRITICAL - 2024-10-23 15:04:43 --> Class 'App\Libraries\Exception' not found
#0 /home/eventodigital/public_html/api_controlAccesos/app/Controllers/RestController.php(186): App\Libraries\vCard->__construct(false, '10965962')
#1 /home/eventodigital/public_html/api_controlAccesos/system/CodeIgniter.php(832): App\Controllers\RestController->create()
#2 /home/eventodigital/public_html/api_controlAccesos/system/CodeIgniter.php(419): CodeIgniter\CodeIgniter->runController(Object(App\Controllers\RestController))
#3 /home/eventodigital/public_html/api_controlAccesos/system/CodeIgniter.php(326): CodeIgniter\CodeIgniter->handleRequest(NULL, Object(Config\Cache), false)
#4 /home/eventodigital/public_html/api_controlAccesos/public/index.php(37): CodeIgniter\CodeIgniter->run()
#5 {main}
CRITICAL - 2024-10-23 15:05:32 --> Class 'App\Libraries\Exception' not found
#0 /home/eventodigital/public_html/api_controlAccesos/app/Controllers/RestController.php(186): App\Libraries\vCard->__construct(false, '12172936')
#1 /home/eventodigital/public_html/api_controlAccesos/system/CodeIgniter.php(832): App\Controllers\RestController->create()
#2 /home/eventodigital/public_html/api_controlAccesos/system/CodeIgniter.php(419): CodeIgniter\CodeIgniter->runController(Object(App\Controllers\RestController))
#3 /home/eventodigital/public_html/api_controlAccesos/system/CodeIgniter.php(326): CodeIgniter\CodeIgniter->handleRequest(NULL, Object(Config\Cache), false)
#4 /home/eventodigital/public_html/api_controlAccesos/public/index.php(37): CodeIgniter\CodeIgniter->run()
#5 {main}
CRITICAL - 2024-10-23 15:06:47 --> Class 'App\Libraries\Exception' not found
#0 /home/eventodigital/public_html/api_controlAccesos/app/Controllers/RestController.php(186): App\Libraries\vCard->__construct(false, '07930355')
#1 /home/eventodigital/public_html/api_controlAccesos/system/CodeIgniter.php(832): App\Controllers\RestController->create()
#2 /home/eventodigital/public_html/api_controlAccesos/system/CodeIgniter.php(419): CodeIgniter\CodeIgniter->runController(Object(App\Controllers\RestController))
#3 /home/eventodigital/public_html/api_controlAccesos/system/CodeIgniter.php(326): CodeIgniter\CodeIgniter->handleRequest(NULL, Object(Config\Cache), false)
#4 /home/eventodigital/public_html/api_controlAccesos/public/index.php(37): CodeIgniter\CodeIgniter->run()
#5 {main}
ERROR - 2024-10-23 15:07:16 --> Column 'nombreCompleto' cannot be null
CRITICAL - 2024-10-23 15:07:31 --> Class 'App\Libraries\Exception' not found
#0 /home/eventodigital/public_html/api_controlAccesos/app/Controllers/RestController.php(186): App\Libraries\vCard->__construct(false, '03750681')
#1 /home/eventodigital/public_html/api_controlAccesos/system/CodeIgniter.php(832): App\Controllers\RestController->create()
#2 /home/eventodigital/public_html/api_controlAccesos/system/CodeIgniter.php(419): CodeIgniter\CodeIgniter->runController(Object(App\Controllers\RestController))
#3 /home/eventodigital/public_html/api_controlAccesos/system/CodeIgniter.php(326): CodeIgniter\CodeIgniter->handleRequest(NULL, Object(Config\Cache), false)
#4 /home/eventodigital/public_html/api_controlAccesos/public/index.php(37): CodeIgniter\CodeIgniter->run()
#5 {main}
CRITICAL - 2024-10-23 15:07:36 --> Class 'App\Libraries\Exception' not found
#0 /home/eventodigital/public_html/api_controlAccesos/app/Controllers/RestController.php(186): App\Libraries\vCard->__construct(false, '92093676')
#1 /home/eventodigital/public_html/api_controlAccesos/system/CodeIgniter.php(832): App\Controllers\RestController->create()
#2 /home/eventodigital/public_html/api_controlAccesos/system/CodeIgniter.php(419): CodeIgniter\CodeIgniter->runController(Object(App\Controllers\RestController))
#3 /home/eventodigital/public_html/api_controlAccesos/system/CodeIgniter.php(326): CodeIgniter\CodeIgniter->handleRequest(NULL, Object(Config\Cache), false)
#4 /home/eventodigital/public_html/api_controlAccesos/public/index.php(37): CodeIgniter\CodeIgniter->run()
#5 {main}
CRITICAL - 2024-10-23 15:07:58 --> Class 'App\Libraries\Exception' not found
#0 /home/eventodigital/public_html/api_controlAccesos/app/Controllers/RestController.php(186): App\Libraries\vCard->__construct(false, '19674681')
#1 /home/eventodigital/public_html/api_controlAccesos/system/CodeIgniter.php(832): App\Controllers\RestController->create()
#2 /home/eventodigital/public_html/api_controlAccesos/system/CodeIgniter.php(419): CodeIgniter\CodeIgniter->runController(Object(App\Controllers\RestController))
#3 /home/eventodigital/public_html/api_controlAccesos/system/CodeIgniter.php(326): CodeIgniter\CodeIgniter->handleRequest(NULL, Object(Config\Cache), false)
#4 /home/eventodigital/public_html/api_controlAccesos/public/index.php(37): CodeIgniter\CodeIgniter->run()
#5 {main}
CRITICAL - 2024-10-23 15:08:05 --> Class 'App\Libraries\Exception' not found
#0 /home/eventodigital/public_html/api_controlAccesos/app/Controllers/RestController.php(186): App\Libraries\vCard->__construct(false, '00676500')
#1 /home/eventodigital/public_html/api_controlAccesos/system/CodeIgniter.php(832): App\Controllers\RestController->create()
#2 /home/eventodigital/public_html/api_controlAccesos/system/CodeIgniter.php(419): CodeIgniter\CodeIgniter->runController(Object(App\Controllers\RestController))
#3 /home/eventodigital/public_html/api_controlAccesos/system/CodeIgniter.php(326): CodeIgniter\CodeIgniter->handleRequest(NULL, Object(Config\Cache), false)
#4 /home/eventodigital/public_html/api_controlAccesos/public/index.php(37): CodeIgniter\CodeIgniter->run()
#5 {main}
CRITICAL - 2024-10-23 15:08:18 --> Class 'App\Libraries\Exception' not found
#0 /home/eventodigital/public_html/api_controlAccesos/app/Controllers/RestController.php(186): App\Libraries\vCard->__construct(false, '06417253')
#1 /home/eventodigital/public_html/api_controlAccesos/system/CodeIgniter.php(832): App\Controllers\RestController->create()
#2 /home/eventodigital/public_html/api_controlAccesos/system/CodeIgniter.php(419): CodeIgniter\CodeIgniter->runController(Object(App\Controllers\RestController))
#3 /home/eventodigital/public_html/api_controlAccesos/system/CodeIgniter.php(326): CodeIgniter\CodeIgniter->handleRequest(NULL, Object(Config\Cache), false)
#4 /home/eventodigital/public_html/api_controlAccesos/public/index.php(37): CodeIgniter\CodeIgniter->run()
#5 {main}
ERROR - 2024-10-23 15:08:32 --> Column 'nombreCompleto' cannot be null
CRITICAL - 2024-10-23 15:08:45 --> Class 'App\Libraries\Exception' not found
#0 /home/eventodigital/public_html/api_controlAccesos/app/Controllers/RestController.php(186): App\Libraries\vCard->__construct(false, 'https://congres...')
#1 /home/eventodigital/public_html/api_controlAccesos/system/CodeIgniter.php(832): App\Controllers\RestController->create()
#2 /home/eventodigital/public_html/api_controlAccesos/system/CodeIgniter.php(419): CodeIgniter\CodeIgniter->runController(Object(App\Controllers\RestController))
#3 /home/eventodigital/public_html/api_controlAccesos/system/CodeIgniter.php(326): CodeIgniter\CodeIgniter->handleRequest(NULL, Object(Config\Cache), false)
#4 /home/eventodigital/public_html/api_controlAccesos/public/index.php(37): CodeIgniter\CodeIgniter->run()
#5 {main}
CRITICAL - 2024-10-23 15:08:50 --> Class 'App\Libraries\Exception' not found
#0 /home/eventodigital/public_html/api_controlAccesos/app/Controllers/RestController.php(186): App\Libraries\vCard->__construct(false, '10775875')
#1 /home/eventodigital/public_html/api_controlAccesos/system/CodeIgniter.php(832): App\Controllers\RestController->create()
#2 /home/eventodigital/public_html/api_controlAccesos/system/CodeIgniter.php(419): CodeIgniter\CodeIgniter->runController(Object(App\Controllers\RestController))
#3 /home/eventodigital/public_html/api_controlAccesos/system/CodeIgniter.php(326): CodeIgniter\CodeIgniter->handleRequest(NULL, Object(Config\Cache), false)
#4 /home/eventodigital/public_html/api_controlAccesos/public/index.php(37): CodeIgniter\CodeIgniter->run()
#5 {main}
CRITICAL - 2024-10-23 15:08:50 --> Class 'App\Libraries\Exception' not found
#0 /home/eventodigital/public_html/api_controlAccesos/app/Controllers/RestController.php(186): App\Libraries\vCard->__construct(false, '01666885')
#1 /home/eventodigital/public_html/api_controlAccesos/system/CodeIgniter.php(832): App\Controllers\RestController->create()
#2 /home/eventodigital/public_html/api_controlAccesos/system/CodeIgniter.php(419): CodeIgniter\CodeIgniter->runController(Object(App\Controllers\RestController))
#3 /home/eventodigital/public_html/api_controlAccesos/system/CodeIgniter.php(326): CodeIgniter\CodeIgniter->handleRequest(NULL, Object(Config\Cache), false)
#4 /home/eventodigital/public_html/api_controlAccesos/public/index.php(37): CodeIgniter\CodeIgniter->run()
#5 {main}
CRITICAL - 2024-10-23 15:09:29 --> Class 'App\Libraries\Exception' not found
#0 /home/eventodigital/public_html/api_controlAccesos/app/Controllers/RestController.php(186): App\Libraries\vCard->__construct(false, '08150370')
#1 /home/eventodigital/public_html/api_controlAccesos/system/CodeIgniter.php(832): App\Controllers\RestController->create()
#2 /home/eventodigital/public_html/api_controlAccesos/system/CodeIgniter.php(419): CodeIgniter\CodeIgniter->runController(Object(App\Controllers\RestController))
#3 /home/eventodigital/public_html/api_controlAccesos/system/CodeIgniter.php(326): CodeIgniter\CodeIgniter->handleRequest(NULL, Object(Config\Cache), false)
#4 /home/eventodigital/public_html/api_controlAccesos/public/index.php(37): CodeIgniter\CodeIgniter->run()
#5 {main}
CRITICAL - 2024-10-23 15:09:35 --> Class 'App\Libraries\Exception' not found
#0 /home/eventodigital/public_html/api_controlAccesos/app/Controllers/RestController.php(186): App\Libraries\vCard->__construct(false, '07771866')
#1 /home/eventodigital/public_html/api_controlAccesos/system/CodeIgniter.php(832): App\Controllers\RestController->create()
#2 /home/eventodigital/public_html/api_controlAccesos/system/CodeIgniter.php(419): CodeIgniter\CodeIgniter->runController(Object(App\Controllers\RestController))
#3 /home/eventodigital/public_html/api_controlAccesos/system/CodeIgniter.php(326): CodeIgniter\CodeIgniter->handleRequest(NULL, Object(Config\Cache), false)
#4 /home/eventodigital/public_html/api_controlAccesos/public/index.php(37): CodeIgniter\CodeIgniter->run()
#5 {main}
ERROR - 2024-10-23 15:10:16 --> Column 'nombreCompleto' cannot be null
CRITICAL - 2024-10-23 15:10:23 --> Class 'App\Libraries\Exception' not found
#0 /home/eventodigital/public_html/api_controlAccesos/app/Controllers/RestController.php(186): App\Libraries\vCard->__construct(false, 'UUID-1724270469...')
#1 /home/eventodigital/public_html/api_controlAccesos/system/CodeIgniter.php(832): App\Controllers\RestController->create()
#2 /home/eventodigital/public_html/api_controlAccesos/system/CodeIgniter.php(419): CodeIgniter\CodeIgniter->runController(Object(App\Controllers\RestController))
#3 /home/eventodigital/public_html/api_controlAccesos/system/CodeIgniter.php(326): CodeIgniter\CodeIgniter->handleRequest(NULL, Object(Config\Cache), false)
#4 /home/eventodigital/public_html/api_controlAccesos/public/index.php(37): CodeIgniter\CodeIgniter->run()
#5 {main}
CRITICAL - 2024-10-23 15:11:45 --> Class 'App\Libraries\Exception' not found
#0 /home/eventodigital/public_html/api_controlAccesos/app/Controllers/RestController.php(186): App\Libraries\vCard->__construct(false, '02054416')
#1 /home/eventodigital/public_html/api_controlAccesos/system/CodeIgniter.php(832): App\Controllers\RestController->create()
#2 /home/eventodigital/public_html/api_controlAccesos/system/CodeIgniter.php(419): CodeIgniter\CodeIgniter->runController(Object(App\Controllers\RestController))
#3 /home/eventodigital/public_html/api_controlAccesos/system/CodeIgniter.php(326): CodeIgniter\CodeIgniter->handleRequest(NULL, Object(Config\Cache), false)
#4 /home/eventodigital/public_html/api_controlAccesos/public/index.php(37): CodeIgniter\CodeIgniter->run()
#5 {main}
CRITICAL - 2024-10-23 15:13:04 --> Class 'App\Libraries\Exception' not found
#0 /home/eventodigital/public_html/api_controlAccesos/app/Controllers/RestController.php(186): App\Libraries\vCard->__construct(false, '00550260')
#1 /home/eventodigital/public_html/api_controlAccesos/system/CodeIgniter.php(832): App\Controllers\RestController->create()
#2 /home/eventodigital/public_html/api_controlAccesos/system/CodeIgniter.php(419): CodeIgniter\CodeIgniter->runController(Object(App\Controllers\RestController))
#3 /home/eventodigital/public_html/api_controlAccesos/system/CodeIgniter.php(326): CodeIgniter\CodeIgniter->handleRequest(NULL, Object(Config\Cache), false)
#4 /home/eventodigital/public_html/api_controlAccesos/public/index.php(37): CodeIgniter\CodeIgniter->run()
#5 {main}
CRITICAL - 2024-10-23 15:14:06 --> Class 'App\Libraries\Exception' not found
#0 /home/eventodigital/public_html/api_controlAccesos/app/Controllers/RestController.php(186): App\Libraries\vCard->__construct(false, '06848194')
#1 /home/eventodigital/public_html/api_controlAccesos/system/CodeIgniter.php(832): App\Controllers\RestController->create()
#2 /home/eventodigital/public_html/api_controlAccesos/system/CodeIgniter.php(419): CodeIgniter\CodeIgniter->runController(Object(App\Controllers\RestController))
#3 /home/eventodigital/public_html/api_controlAccesos/system/CodeIgniter.php(326): CodeIgniter\CodeIgniter->handleRequest(NULL, Object(Config\Cache), false)
#4 /home/eventodigital/public_html/api_controlAccesos/public/index.php(37): CodeIgniter\CodeIgniter->run()
#5 {main}
CRITICAL - 2024-10-23 15:14:21 --> Class 'App\Libraries\Exception' not found
#0 /home/eventodigital/public_html/api_controlAccesos/app/Controllers/RestController.php(186): App\Libraries\vCard->__construct(false, '15860116')
#1 /home/eventodigital/public_html/api_controlAccesos/system/CodeIgniter.php(832): App\Controllers\RestController->create()
#2 /home/eventodigital/public_html/api_controlAccesos/system/CodeIgniter.php(419): CodeIgniter\CodeIgniter->runController(Object(App\Controllers\RestController))
#3 /home/eventodigital/public_html/api_controlAccesos/system/CodeIgniter.php(326): CodeIgniter\CodeIgniter->handleRequest(NULL, Object(Config\Cache), false)
#4 /home/eventodigital/public_html/api_controlAccesos/public/index.php(37): CodeIgniter\CodeIgniter->run()
#5 {main}
CRITICAL - 2024-10-23 15:15:05 --> Class 'App\Libraries\Exception' not found
#0 /home/eventodigital/public_html/api_controlAccesos/app/Controllers/RestController.php(186): App\Libraries\vCard->__construct(false, '19348134')
#1 /home/eventodigital/public_html/api_controlAccesos/system/CodeIgniter.php(832): App\Controllers\RestController->create()
#2 /home/eventodigital/public_html/api_controlAccesos/system/CodeIgniter.php(419): CodeIgniter\CodeIgniter->runController(Object(App\Controllers\RestController))
#3 /home/eventodigital/public_html/api_controlAccesos/system/CodeIgniter.php(326): CodeIgniter\CodeIgniter->handleRequest(NULL, Object(Config\Cache), false)
#4 /home/eventodigital/public_html/api_controlAccesos/public/index.php(37): CodeIgniter\CodeIgniter->run()
#5 {main}
CRITICAL - 2024-10-23 15:15:15 --> Class 'App\Libraries\Exception' not found
#0 /home/eventodigital/public_html/api_controlAccesos/app/Controllers/RestController.php(186): App\Libraries\vCard->__construct(false, '17163293')
#1 /home/eventodigital/public_html/api_controlAccesos/system/CodeIgniter.php(832): App\Controllers\RestController->create()
#2 /home/eventodigital/public_html/api_controlAccesos/system/CodeIgniter.php(419): CodeIgniter\CodeIgniter->runController(Object(App\Controllers\RestController))
#3 /home/eventodigital/public_html/api_controlAccesos/system/CodeIgniter.php(326): CodeIgniter\CodeIgniter->handleRequest(NULL, Object(Config\Cache), false)
#4 /home/eventodigital/public_html/api_controlAccesos/public/index.php(37): CodeIgniter\CodeIgniter->run()
#5 {main}
CRITICAL - 2024-10-23 15:16:06 --> Class 'App\Libraries\Exception' not found
#0 /home/eventodigital/public_html/api_controlAccesos/app/Controllers/RestController.php(186): App\Libraries\vCard->__construct(false, '18018462')
#1 /home/eventodigital/public_html/api_controlAccesos/system/CodeIgniter.php(832): App\Controllers\RestController->create()
#2 /home/eventodigital/public_html/api_controlAccesos/system/CodeIgniter.php(419): CodeIgniter\CodeIgniter->runController(Object(App\Controllers\RestController))
#3 /home/eventodigital/public_html/api_controlAccesos/system/CodeIgniter.php(326): CodeIgniter\CodeIgniter->handleRequest(NULL, Object(Config\Cache), false)
#4 /home/eventodigital/public_html/api_controlAccesos/public/index.php(37): CodeIgniter\CodeIgniter->run()
#5 {main}
CRITICAL - 2024-10-23 15:17:09 --> Class 'App\Libraries\Exception' not found
#0 /home/eventodigital/public_html/api_controlAccesos/app/Controllers/RestController.php(186): App\Libraries\vCard->__construct(false, '00423726')
#1 /home/eventodigital/public_html/api_controlAccesos/system/CodeIgniter.php(832): App\Controllers\RestController->create()
#2 /home/eventodigital/public_html/api_controlAccesos/system/CodeIgniter.php(419): CodeIgniter\CodeIgniter->runController(Object(App\Controllers\RestController))
#3 /home/eventodigital/public_html/api_controlAccesos/system/CodeIgniter.php(326): CodeIgniter\CodeIgniter->handleRequest(NULL, Object(Config\Cache), false)
#4 /home/eventodigital/public_html/api_controlAccesos/public/index.php(37): CodeIgniter\CodeIgniter->run()
#5 {main}
CRITICAL - 2024-10-23 15:17:10 --> Class 'App\Libraries\Exception' not found
#0 /home/eventodigital/public_html/api_controlAccesos/app/Controllers/RestController.php(186): App\Libraries\vCard->__construct(false, '19684864')
#1 /home/eventodigital/public_html/api_controlAccesos/system/CodeIgniter.php(832): App\Controllers\RestController->create()
#2 /home/eventodigital/public_html/api_controlAccesos/system/CodeIgniter.php(419): CodeIgniter\CodeIgniter->runController(Object(App\Controllers\RestController))
#3 /home/eventodigital/public_html/api_controlAccesos/system/CodeIgniter.php(326): CodeIgniter\CodeIgniter->handleRequest(NULL, Object(Config\Cache), false)
#4 /home/eventodigital/public_html/api_controlAccesos/public/index.php(37): CodeIgniter\CodeIgniter->run()
#5 {main}
CRITICAL - 2024-10-23 15:17:51 --> Class 'App\Libraries\Exception' not found
#0 /home/eventodigital/public_html/api_controlAccesos/app/Controllers/RestController.php(186): App\Libraries\vCard->__construct(false, 'https://congres...')
#1 /home/eventodigital/public_html/api_controlAccesos/system/CodeIgniter.php(832): App\Controllers\RestController->create()
#2 /home/eventodigital/public_html/api_controlAccesos/system/CodeIgniter.php(419): CodeIgniter\CodeIgniter->runController(Object(App\Controllers\RestController))
#3 /home/eventodigital/public_html/api_controlAccesos/system/CodeIgniter.php(326): CodeIgniter\CodeIgniter->handleRequest(NULL, Object(Config\Cache), false)
#4 /home/eventodigital/public_html/api_controlAccesos/public/index.php(37): CodeIgniter\CodeIgniter->run()
#5 {main}
CRITICAL - 2024-10-23 15:17:53 --> Class 'App\Libraries\Exception' not found
#0 /home/eventodigital/public_html/api_controlAccesos/app/Controllers/RestController.php(186): App\Libraries\vCard->__construct(false, '05850396')
#1 /home/eventodigital/public_html/api_controlAccesos/system/CodeIgniter.php(832): App\Controllers\RestController->create()
#2 /home/eventodigital/public_html/api_controlAccesos/system/CodeIgniter.php(419): CodeIgniter\CodeIgniter->runController(Object(App\Controllers\RestController))
#3 /home/eventodigital/public_html/api_controlAccesos/system/CodeIgniter.php(326): CodeIgniter\CodeIgniter->handleRequest(NULL, Object(Config\Cache), false)
#4 /home/eventodigital/public_html/api_controlAccesos/public/index.php(37): CodeIgniter\CodeIgniter->run()
#5 {main}
CRITICAL - 2024-10-23 15:18:38 --> Class 'App\Libraries\Exception' not found
#0 /home/eventodigital/public_html/api_controlAccesos/app/Controllers/RestController.php(186): App\Libraries\vCard->__construct(false, '06738537')
#1 /home/eventodigital/public_html/api_controlAccesos/system/CodeIgniter.php(832): App\Controllers\RestController->create()
#2 /home/eventodigital/public_html/api_controlAccesos/system/CodeIgniter.php(419): CodeIgniter\CodeIgniter->runController(Object(App\Controllers\RestController))
#3 /home/eventodigital/public_html/api_controlAccesos/system/CodeIgniter.php(326): CodeIgniter\CodeIgniter->handleRequest(NULL, Object(Config\Cache), false)
#4 /home/eventodigital/public_html/api_controlAccesos/public/index.php(37): CodeIgniter\CodeIgniter->run()
#5 {main}
CRITICAL - 2024-10-23 15:18:43 --> Class 'App\Libraries\Exception' not found
#0 /home/eventodigital/public_html/api_controlAccesos/app/Controllers/RestController.php(186): App\Libraries\vCard->__construct(false, '34518007')
#1 /home/eventodigital/public_html/api_controlAccesos/system/CodeIgniter.php(832): App\Controllers\RestController->create()
#2 /home/eventodigital/public_html/api_controlAccesos/system/CodeIgniter.php(419): CodeIgniter\CodeIgniter->runController(Object(App\Controllers\RestController))
#3 /home/eventodigital/public_html/api_controlAccesos/system/CodeIgniter.php(326): CodeIgniter\CodeIgniter->handleRequest(NULL, Object(Config\Cache), false)
#4 /home/eventodigital/public_html/api_controlAccesos/public/index.php(37): CodeIgniter\CodeIgniter->run()
#5 {main}
CRITICAL - 2024-10-23 15:19:47 --> Class 'App\Libraries\Exception' not found
#0 /home/eventodigital/public_html/api_controlAccesos/app/Controllers/RestController.php(186): App\Libraries\vCard->__construct(false, '13984920')
#1 /home/eventodigital/public_html/api_controlAccesos/system/CodeIgniter.php(832): App\Controllers\RestController->create()
#2 /home/eventodigital/public_html/api_controlAccesos/system/CodeIgniter.php(419): CodeIgniter\CodeIgniter->runController(Object(App\Controllers\RestController))
#3 /home/eventodigital/public_html/api_controlAccesos/system/CodeIgniter.php(326): CodeIgniter\CodeIgniter->handleRequest(NULL, Object(Config\Cache), false)
#4 /home/eventodigital/public_html/api_controlAccesos/public/index.php(37): CodeIgniter\CodeIgniter->run()
#5 {main}
CRITICAL - 2024-10-23 15:21:58 --> Class 'App\Libraries\Exception' not found
#0 /home/eventodigital/public_html/api_controlAccesos/app/Controllers/RestController.php(186): App\Libraries\vCard->__construct(false, '14492358')
#1 /home/eventodigital/public_html/api_controlAccesos/system/CodeIgniter.php(832): App\Controllers\RestController->create()
#2 /home/eventodigital/public_html/api_controlAccesos/system/CodeIgniter.php(419): CodeIgniter\CodeIgniter->runController(Object(App\Controllers\RestController))
#3 /home/eventodigital/public_html/api_controlAccesos/system/CodeIgniter.php(326): CodeIgniter\CodeIgniter->handleRequest(NULL, Object(Config\Cache), false)
#4 /home/eventodigital/public_html/api_controlAccesos/public/index.php(37): CodeIgniter\CodeIgniter->run()
#5 {main}
CRITICAL - 2024-10-23 15:22:08 --> Class 'App\Libraries\Exception' not found
#0 /home/eventodigital/public_html/api_controlAccesos/app/Controllers/RestController.php(186): App\Libraries\vCard->__construct(false, '03468814')
#1 /home/eventodigital/public_html/api_controlAccesos/system/CodeIgniter.php(832): App\Controllers\RestController->create()
#2 /home/eventodigital/public_html/api_controlAccesos/system/CodeIgniter.php(419): CodeIgniter\CodeIgniter->runController(Object(App\Controllers\RestController))
#3 /home/eventodigital/public_html/api_controlAccesos/system/CodeIgniter.php(326): CodeIgniter\CodeIgniter->handleRequest(NULL, Object(Config\Cache), false)
#4 /home/eventodigital/public_html/api_controlAccesos/public/index.php(37): CodeIgniter\CodeIgniter->run()
#5 {main}
CRITICAL - 2024-10-23 15:22:20 --> Class 'App\Libraries\Exception' not found
#0 /home/eventodigital/public_html/api_controlAccesos/app/Controllers/RestController.php(186): App\Libraries\vCard->__construct(false, '/')
#1 /home/eventodigital/public_html/api_controlAccesos/system/CodeIgniter.php(832): App\Controllers\RestController->create()
#2 /home/eventodigital/public_html/api_controlAccesos/system/CodeIgniter.php(419): CodeIgniter\CodeIgniter->runController(Object(App\Controllers\RestController))
#3 /home/eventodigital/public_html/api_controlAccesos/system/CodeIgniter.php(326): CodeIgniter\CodeIgniter->handleRequest(NULL, Object(Config\Cache), false)
#4 /home/eventodigital/public_html/api_controlAccesos/public/index.php(37): CodeIgniter\CodeIgniter->run()
#5 {main}
CRITICAL - 2024-10-23 15:23:12 --> Class 'App\Libraries\Exception' not found
#0 /home/eventodigital/public_html/api_controlAccesos/app/Controllers/RestController.php(186): App\Libraries\vCard->__construct(false, '18853122')
#1 /home/eventodigital/public_html/api_controlAccesos/system/CodeIgniter.php(832): App\Controllers\RestController->create()
#2 /home/eventodigital/public_html/api_controlAccesos/system/CodeIgniter.php(419): CodeIgniter\CodeIgniter->runController(Object(App\Controllers\RestController))
#3 /home/eventodigital/public_html/api_controlAccesos/system/CodeIgniter.php(326): CodeIgniter\CodeIgniter->handleRequest(NULL, Object(Config\Cache), false)
#4 /home/eventodigital/public_html/api_controlAccesos/public/index.php(37): CodeIgniter\CodeIgniter->run()
#5 {main}
CRITICAL - 2024-10-23 15:23:53 --> Class 'App\Libraries\Exception' not found
#0 /home/eventodigital/public_html/api_controlAccesos/app/Controllers/RestController.php(186): App\Libraries\vCard->__construct(false, '12307562')
#1 /home/eventodigital/public_html/api_controlAccesos/system/CodeIgniter.php(832): App\Controllers\RestController->create()
#2 /home/eventodigital/public_html/api_controlAccesos/system/CodeIgniter.php(419): CodeIgniter\CodeIgniter->runController(Object(App\Controllers\RestController))
#3 /home/eventodigital/public_html/api_controlAccesos/system/CodeIgniter.php(326): CodeIgniter\CodeIgniter->handleRequest(NULL, Object(Config\Cache), false)
#4 /home/eventodigital/public_html/api_controlAccesos/public/index.php(37): CodeIgniter\CodeIgniter->run()
#5 {main}
CRITICAL - 2024-10-23 15:26:41 --> Class 'App\Libraries\Exception' not found
#0 /home/eventodigital/public_html/api_controlAccesos/app/Controllers/RestController.php(186): App\Libraries\vCard->__construct(false, '17588906')
#1 /home/eventodigital/public_html/api_controlAccesos/system/CodeIgniter.php(832): App\Controllers\RestController->create()
#2 /home/eventodigital/public_html/api_controlAccesos/system/CodeIgniter.php(419): CodeIgniter\CodeIgniter->runController(Object(App\Controllers\RestController))
#3 /home/eventodigital/public_html/api_controlAccesos/system/CodeIgniter.php(326): CodeIgniter\CodeIgniter->handleRequest(NULL, Object(Config\Cache), false)
#4 /home/eventodigital/public_html/api_controlAccesos/public/index.php(37): CodeIgniter\CodeIgniter->run()
#5 {main}
CRITICAL - 2024-10-23 15:27:48 --> Class 'App\Libraries\Exception' not found
#0 /home/eventodigital/public_html/api_controlAccesos/app/Controllers/RestController.php(186): App\Libraries\vCard->__construct(false, '60509659')
#1 /home/eventodigital/public_html/api_controlAccesos/system/CodeIgniter.php(832): App\Controllers\RestController->create()
#2 /home/eventodigital/public_html/api_controlAccesos/system/CodeIgniter.php(419): CodeIgniter\CodeIgniter->runController(Object(App\Controllers\RestController))
#3 /home/eventodigital/public_html/api_controlAccesos/system/CodeIgniter.php(326): CodeIgniter\CodeIgniter->handleRequest(NULL, Object(Config\Cache), false)
#4 /home/eventodigital/public_html/api_controlAccesos/public/index.php(37): CodeIgniter\CodeIgniter->run()
#5 {main}
CRITICAL - 2024-10-23 15:28:40 --> Class 'App\Libraries\Exception' not found
#0 /home/eventodigital/public_html/api_controlAccesos/app/Controllers/RestController.php(186): App\Libraries\vCard->__construct(false, '01765373')
#1 /home/eventodigital/public_html/api_controlAccesos/system/CodeIgniter.php(832): App\Controllers\RestController->create()
#2 /home/eventodigital/public_html/api_controlAccesos/system/CodeIgniter.php(419): CodeIgniter\CodeIgniter->runController(Object(App\Controllers\RestController))
#3 /home/eventodigital/public_html/api_controlAccesos/system/CodeIgniter.php(326): CodeIgniter\CodeIgniter->handleRequest(NULL, Object(Config\Cache), false)
#4 /home/eventodigital/public_html/api_controlAccesos/public/index.php(37): CodeIgniter\CodeIgniter->run()
#5 {main}
CRITICAL - 2024-10-23 15:28:48 --> Class 'App\Libraries\Exception' not found
#0 /home/eventodigital/public_html/api_controlAccesos/app/Controllers/RestController.php(186): App\Libraries\vCard->__construct(false, '15375391')
#1 /home/eventodigital/public_html/api_controlAccesos/system/CodeIgniter.php(832): App\Controllers\RestController->create()
#2 /home/eventodigital/public_html/api_controlAccesos/system/CodeIgniter.php(419): CodeIgniter\CodeIgniter->runController(Object(App\Controllers\RestController))
#3 /home/eventodigital/public_html/api_controlAccesos/system/CodeIgniter.php(326): CodeIgniter\CodeIgniter->handleRequest(NULL, Object(Config\Cache), false)
#4 /home/eventodigital/public_html/api_controlAccesos/public/index.php(37): CodeIgniter\CodeIgniter->run()
#5 {main}
CRITICAL - 2024-10-23 15:29:33 --> Class 'App\Libraries\Exception' not found
#0 /home/eventodigital/public_html/api_controlAccesos/app/Controllers/RestController.php(186): App\Libraries\vCard->__construct(false, '06189174')
#1 /home/eventodigital/public_html/api_controlAccesos/system/CodeIgniter.php(832): App\Controllers\RestController->create()
#2 /home/eventodigital/public_html/api_controlAccesos/system/CodeIgniter.php(419): CodeIgniter\CodeIgniter->runController(Object(App\Controllers\RestController))
#3 /home/eventodigital/public_html/api_controlAccesos/system/CodeIgniter.php(326): CodeIgniter\CodeIgniter->handleRequest(NULL, Object(Config\Cache), false)
#4 /home/eventodigital/public_html/api_controlAccesos/public/index.php(37): CodeIgniter\CodeIgniter->run()
#5 {main}
CRITICAL - 2024-10-23 15:29:38 --> Class 'App\Libraries\Exception' not found
#0 /home/eventodigital/public_html/api_controlAccesos/app/Controllers/RestController.php(186): App\Libraries\vCard->__construct(false, '00543343')
#1 /home/eventodigital/public_html/api_controlAccesos/system/CodeIgniter.php(832): App\Controllers\RestController->create()
#2 /home/eventodigital/public_html/api_controlAccesos/system/CodeIgniter.php(419): CodeIgniter\CodeIgniter->runController(Object(App\Controllers\RestController))
#3 /home/eventodigital/public_html/api_controlAccesos/system/CodeIgniter.php(326): CodeIgniter\CodeIgniter->handleRequest(NULL, Object(Config\Cache), false)
#4 /home/eventodigital/public_html/api_controlAccesos/public/index.php(37): CodeIgniter\CodeIgniter->run()
#5 {main}
CRITICAL - 2024-10-23 15:29:52 --> Class 'App\Libraries\Exception' not found
#0 /home/eventodigital/public_html/api_controlAccesos/app/Controllers/RestController.php(186): App\Libraries\vCard->__construct(false, '06348885')
#1 /home/eventodigital/public_html/api_controlAccesos/system/CodeIgniter.php(832): App\Controllers\RestController->create()
#2 /home/eventodigital/public_html/api_controlAccesos/system/CodeIgniter.php(419): CodeIgniter\CodeIgniter->runController(Object(App\Controllers\RestController))
#3 /home/eventodigital/public_html/api_controlAccesos/system/CodeIgniter.php(326): CodeIgniter\CodeIgniter->handleRequest(NULL, Object(Config\Cache), false)
#4 /home/eventodigital/public_html/api_controlAccesos/public/index.php(37): CodeIgniter\CodeIgniter->run()
#5 {main}
CRITICAL - 2024-10-23 15:30:54 --> Class 'App\Libraries\Exception' not found
#0 /home/eventodigital/public_html/api_controlAccesos/app/Controllers/RestController.php(186): App\Libraries\vCard->__construct(false, '10077092')
#1 /home/eventodigital/public_html/api_controlAccesos/system/CodeIgniter.php(832): App\Controllers\RestController->create()
#2 /home/eventodigital/public_html/api_controlAccesos/system/CodeIgniter.php(419): CodeIgniter\CodeIgniter->runController(Object(App\Controllers\RestController))
#3 /home/eventodigital/public_html/api_controlAccesos/system/CodeIgniter.php(326): CodeIgniter\CodeIgniter->handleRequest(NULL, Object(Config\Cache), false)
#4 /home/eventodigital/public_html/api_controlAccesos/public/index.php(37): CodeIgniter\CodeIgniter->run()
#5 {main}
CRITICAL - 2024-10-23 15:31:38 --> Class 'App\Libraries\Exception' not found
#0 /home/eventodigital/public_html/api_controlAccesos/app/Controllers/RestController.php(186): App\Libraries\vCard->__construct(false, 'https://congres...')
#1 /home/eventodigital/public_html/api_controlAccesos/system/CodeIgniter.php(832): App\Controllers\RestController->create()
#2 /home/eventodigital/public_html/api_controlAccesos/system/CodeIgniter.php(419): CodeIgniter\CodeIgniter->runController(Object(App\Controllers\RestController))
#3 /home/eventodigital/public_html/api_controlAccesos/system/CodeIgniter.php(326): CodeIgniter\CodeIgniter->handleRequest(NULL, Object(Config\Cache), false)
#4 /home/eventodigital/public_html/api_controlAccesos/public/index.php(37): CodeIgniter\CodeIgniter->run()
#5 {main}
CRITICAL - 2024-10-23 15:31:50 --> Class 'App\Libraries\Exception' not found
#0 /home/eventodigital/public_html/api_controlAccesos/app/Controllers/RestController.php(186): App\Libraries\vCard->__construct(false, '09432178')
#1 /home/eventodigital/public_html/api_controlAccesos/system/CodeIgniter.php(832): App\Controllers\RestController->create()
#2 /home/eventodigital/public_html/api_controlAccesos/system/CodeIgniter.php(419): CodeIgniter\CodeIgniter->runController(Object(App\Controllers\RestController))
#3 /home/eventodigital/public_html/api_controlAccesos/system/CodeIgniter.php(326): CodeIgniter\CodeIgniter->handleRequest(NULL, Object(Config\Cache), false)
#4 /home/eventodigital/public_html/api_controlAccesos/public/index.php(37): CodeIgniter\CodeIgniter->run()
#5 {main}
CRITICAL - 2024-10-23 15:31:54 --> Class 'App\Libraries\Exception' not found
#0 /home/eventodigital/public_html/api_controlAccesos/app/Controllers/RestController.php(186): App\Libraries\vCard->__construct(false, '08776110')
#1 /home/eventodigital/public_html/api_controlAccesos/system/CodeIgniter.php(832): App\Controllers\RestController->create()
#2 /home/eventodigital/public_html/api_controlAccesos/system/CodeIgniter.php(419): CodeIgniter\CodeIgniter->runController(Object(App\Controllers\RestController))
#3 /home/eventodigital/public_html/api_controlAccesos/system/CodeIgniter.php(326): CodeIgniter\CodeIgniter->handleRequest(NULL, Object(Config\Cache), false)
#4 /home/eventodigital/public_html/api_controlAccesos/public/index.php(37): CodeIgniter\CodeIgniter->run()
#5 {main}
CRITICAL - 2024-10-23 15:32:32 --> Class 'App\Libraries\Exception' not found
#0 /home/eventodigital/public_html/api_controlAccesos/app/Controllers/RestController.php(186): App\Libraries\vCard->__construct(false, '19440537')
#1 /home/eventodigital/public_html/api_controlAccesos/system/CodeIgniter.php(832): App\Controllers\RestController->create()
#2 /home/eventodigital/public_html/api_controlAccesos/system/CodeIgniter.php(419): CodeIgniter\CodeIgniter->runController(Object(App\Controllers\RestController))
#3 /home/eventodigital/public_html/api_controlAccesos/system/CodeIgniter.php(326): CodeIgniter\CodeIgniter->handleRequest(NULL, Object(Config\Cache), false)
#4 /home/eventodigital/public_html/api_controlAccesos/public/index.php(37): CodeIgniter\CodeIgniter->run()
#5 {main}
CRITICAL - 2024-10-23 15:32:47 --> Class 'App\Libraries\Exception' not found
#0 /home/eventodigital/public_html/api_controlAccesos/app/Controllers/RestController.php(186): App\Libraries\vCard->__construct(false, '07760068')
#1 /home/eventodigital/public_html/api_controlAccesos/system/CodeIgniter.php(832): App\Controllers\RestController->create()
#2 /home/eventodigital/public_html/api_controlAccesos/system/CodeIgniter.php(419): CodeIgniter\CodeIgniter->runController(Object(App\Controllers\RestController))
#3 /home/eventodigital/public_html/api_controlAccesos/system/CodeIgniter.php(326): CodeIgniter\CodeIgniter->handleRequest(NULL, Object(Config\Cache), false)
#4 /home/eventodigital/public_html/api_controlAccesos/public/index.php(37): CodeIgniter\CodeIgniter->run()
#5 {main}
CRITICAL - 2024-10-23 15:32:51 --> Class 'App\Libraries\Exception' not found
#0 /home/eventodigital/public_html/api_controlAccesos/app/Controllers/RestController.php(186): App\Libraries\vCard->__construct(false, '03764133')
#1 /home/eventodigital/public_html/api_controlAccesos/system/CodeIgniter.php(832): App\Controllers\RestController->create()
#2 /home/eventodigital/public_html/api_controlAccesos/system/CodeIgniter.php(419): CodeIgniter\CodeIgniter->runController(Object(App\Controllers\RestController))
#3 /home/eventodigital/public_html/api_controlAccesos/system/CodeIgniter.php(326): CodeIgniter\CodeIgniter->handleRequest(NULL, Object(Config\Cache), false)
#4 /home/eventodigital/public_html/api_controlAccesos/public/index.php(37): CodeIgniter\CodeIgniter->run()
#5 {main}
CRITICAL - 2024-10-23 15:33:03 --> Class 'App\Libraries\Exception' not found
#0 /home/eventodigital/public_html/api_controlAccesos/app/Controllers/RestController.php(186): App\Libraries\vCard->__construct(false, '18111741')
#1 /home/eventodigital/public_html/api_controlAccesos/system/CodeIgniter.php(832): App\Controllers\RestController->create()
#2 /home/eventodigital/public_html/api_controlAccesos/system/CodeIgniter.php(419): CodeIgniter\CodeIgniter->runController(Object(App\Controllers\RestController))
#3 /home/eventodigital/public_html/api_controlAccesos/system/CodeIgniter.php(326): CodeIgniter\CodeIgniter->handleRequest(NULL, Object(Config\Cache), false)
#4 /home/eventodigital/public_html/api_controlAccesos/public/index.php(37): CodeIgniter\CodeIgniter->run()
#5 {main}
CRITICAL - 2024-10-23 15:34:02 --> Class 'App\Libraries\Exception' not found
#0 /home/eventodigital/public_html/api_controlAccesos/app/Controllers/RestController.php(186): App\Libraries\vCard->__construct(false, '13091088')
#1 /home/eventodigital/public_html/api_controlAccesos/system/CodeIgniter.php(832): App\Controllers\RestController->create()
#2 /home/eventodigital/public_html/api_controlAccesos/system/CodeIgniter.php(419): CodeIgniter\CodeIgniter->runController(Object(App\Controllers\RestController))
#3 /home/eventodigital/public_html/api_controlAccesos/system/CodeIgniter.php(326): CodeIgniter\CodeIgniter->handleRequest(NULL, Object(Config\Cache), false)
#4 /home/eventodigital/public_html/api_controlAccesos/public/index.php(37): CodeIgniter\CodeIgniter->run()
#5 {main}
CRITICAL - 2024-10-23 15:34:59 --> Class 'App\Libraries\Exception' not found
#0 /home/eventodigital/public_html/api_controlAccesos/app/Controllers/RestController.php(186): App\Libraries\vCard->__construct(false, '10189887')
#1 /home/eventodigital/public_html/api_controlAccesos/system/CodeIgniter.php(832): App\Controllers\RestController->create()
#2 /home/eventodigital/public_html/api_controlAccesos/system/CodeIgniter.php(419): CodeIgniter\CodeIgniter->runController(Object(App\Controllers\RestController))
#3 /home/eventodigital/public_html/api_controlAccesos/system/CodeIgniter.php(326): CodeIgniter\CodeIgniter->handleRequest(NULL, Object(Config\Cache), false)
#4 /home/eventodigital/public_html/api_controlAccesos/public/index.php(37): CodeIgniter\CodeIgniter->run()
#5 {main}
CRITICAL - 2024-10-23 15:36:37 --> Class 'App\Libraries\Exception' not found
#0 /home/eventodigital/public_html/api_controlAccesos/app/Controllers/RestController.php(186): App\Libraries\vCard->__construct(false, '17237482')
#1 /home/eventodigital/public_html/api_controlAccesos/system/CodeIgniter.php(832): App\Controllers\RestController->create()
#2 /home/eventodigital/public_html/api_controlAccesos/system/CodeIgniter.php(419): CodeIgniter\CodeIgniter->runController(Object(App\Controllers\RestController))
#3 /home/eventodigital/public_html/api_controlAccesos/system/CodeIgniter.php(326): CodeIgniter\CodeIgniter->handleRequest(NULL, Object(Config\Cache), false)
#4 /home/eventodigital/public_html/api_controlAccesos/public/index.php(37): CodeIgniter\CodeIgniter->run()
#5 {main}
CRITICAL - 2024-10-23 15:36:45 --> Class 'App\Libraries\Exception' not found
#0 /home/eventodigital/public_html/api_controlAccesos/app/Controllers/RestController.php(186): App\Libraries\vCard->__construct(false, '18144864')
#1 /home/eventodigital/public_html/api_controlAccesos/system/CodeIgniter.php(832): App\Controllers\RestController->create()
#2 /home/eventodigital/public_html/api_controlAccesos/system/CodeIgniter.php(419): CodeIgniter\CodeIgniter->runController(Object(App\Controllers\RestController))
#3 /home/eventodigital/public_html/api_controlAccesos/system/CodeIgniter.php(326): CodeIgniter\CodeIgniter->handleRequest(NULL, Object(Config\Cache), false)
#4 /home/eventodigital/public_html/api_controlAccesos/public/index.php(37): CodeIgniter\CodeIgniter->run()
#5 {main}
CRITICAL - 2024-10-23 15:37:57 --> Class 'App\Libraries\Exception' not found
#0 /home/eventodigital/public_html/api_controlAccesos/app/Controllers/RestController.php(186): App\Libraries\vCard->__construct(false, '03929964')
#1 /home/eventodigital/public_html/api_controlAccesos/system/CodeIgniter.php(832): App\Controllers\RestController->create()
#2 /home/eventodigital/public_html/api_controlAccesos/system/CodeIgniter.php(419): CodeIgniter\CodeIgniter->runController(Object(App\Controllers\RestController))
#3 /home/eventodigital/public_html/api_controlAccesos/system/CodeIgniter.php(326): CodeIgniter\CodeIgniter->handleRequest(NULL, Object(Config\Cache), false)
#4 /home/eventodigital/public_html/api_controlAccesos/public/index.php(37): CodeIgniter\CodeIgniter->run()
#5 {main}
CRITICAL - 2024-10-23 15:39:44 --> Class 'App\Libraries\Exception' not found
#0 /home/eventodigital/public_html/api_controlAccesos/app/Controllers/RestController.php(186): App\Libraries\vCard->__construct(false, '07128325')
#1 /home/eventodigital/public_html/api_controlAccesos/system/CodeIgniter.php(832): App\Controllers\RestController->create()
#2 /home/eventodigital/public_html/api_controlAccesos/system/CodeIgniter.php(419): CodeIgniter\CodeIgniter->runController(Object(App\Controllers\RestController))
#3 /home/eventodigital/public_html/api_controlAccesos/system/CodeIgniter.php(326): CodeIgniter\CodeIgniter->handleRequest(NULL, Object(Config\Cache), false)
#4 /home/eventodigital/public_html/api_controlAccesos/public/index.php(37): CodeIgniter\CodeIgniter->run()
#5 {main}
CRITICAL - 2024-10-23 15:40:19 --> Class 'App\Libraries\Exception' not found
#0 /home/eventodigital/public_html/api_controlAccesos/app/Controllers/RestController.php(186): App\Libraries\vCard->__construct(false, '19017686')
#1 /home/eventodigital/public_html/api_controlAccesos/system/CodeIgniter.php(832): App\Controllers\RestController->create()
#2 /home/eventodigital/public_html/api_controlAccesos/system/CodeIgniter.php(419): CodeIgniter\CodeIgniter->runController(Object(App\Controllers\RestController))
#3 /home/eventodigital/public_html/api_controlAccesos/system/CodeIgniter.php(326): CodeIgniter\CodeIgniter->handleRequest(NULL, Object(Config\Cache), false)
#4 /home/eventodigital/public_html/api_controlAccesos/public/index.php(37): CodeIgniter\CodeIgniter->run()
#5 {main}
CRITICAL - 2024-10-23 15:40:38 --> Class 'App\Libraries\Exception' not found
#0 /home/eventodigital/public_html/api_controlAccesos/app/Controllers/RestController.php(186): App\Libraries\vCard->__construct(false, '19235783')
#1 /home/eventodigital/public_html/api_controlAccesos/system/CodeIgniter.php(832): App\Controllers\RestController->create()
#2 /home/eventodigital/public_html/api_controlAccesos/system/CodeIgniter.php(419): CodeIgniter\CodeIgniter->runController(Object(App\Controllers\RestController))
#3 /home/eventodigital/public_html/api_controlAccesos/system/CodeIgniter.php(326): CodeIgniter\CodeIgniter->handleRequest(NULL, Object(Config\Cache), false)
#4 /home/eventodigital/public_html/api_controlAccesos/public/index.php(37): CodeIgniter\CodeIgniter->run()
#5 {main}
CRITICAL - 2024-10-23 15:40:52 --> Class 'App\Libraries\Exception' not found
#0 /home/eventodigital/public_html/api_controlAccesos/app/Controllers/RestController.php(186): App\Libraries\vCard->__construct(false, '09301290')
#1 /home/eventodigital/public_html/api_controlAccesos/system/CodeIgniter.php(832): App\Controllers\RestController->create()
#2 /home/eventodigital/public_html/api_controlAccesos/system/CodeIgniter.php(419): CodeIgniter\CodeIgniter->runController(Object(App\Controllers\RestController))
#3 /home/eventodigital/public_html/api_controlAccesos/system/CodeIgniter.php(326): CodeIgniter\CodeIgniter->handleRequest(NULL, Object(Config\Cache), false)
#4 /home/eventodigital/public_html/api_controlAccesos/public/index.php(37): CodeIgniter\CodeIgniter->run()
#5 {main}
CRITICAL - 2024-10-23 15:41:48 --> Class 'App\Libraries\Exception' not found
#0 /home/eventodigital/public_html/api_controlAccesos/app/Controllers/RestController.php(186): App\Libraries\vCard->__construct(false, '05721269')
#1 /home/eventodigital/public_html/api_controlAccesos/system/CodeIgniter.php(832): App\Controllers\RestController->create()
#2 /home/eventodigital/public_html/api_controlAccesos/system/CodeIgniter.php(419): CodeIgniter\CodeIgniter->runController(Object(App\Controllers\RestController))
#3 /home/eventodigital/public_html/api_controlAccesos/system/CodeIgniter.php(326): CodeIgniter\CodeIgniter->handleRequest(NULL, Object(Config\Cache), false)
#4 /home/eventodigital/public_html/api_controlAccesos/public/index.php(37): CodeIgniter\CodeIgniter->run()
#5 {main}
CRITICAL - 2024-10-23 15:43:22 --> Class 'App\Libraries\Exception' not found
#0 /home/eventodigital/public_html/api_controlAccesos/app/Controllers/RestController.php(186): App\Libraries\vCard->__construct(false, '10533055')
#1 /home/eventodigital/public_html/api_controlAccesos/system/CodeIgniter.php(832): App\Controllers\RestController->create()
#2 /home/eventodigital/public_html/api_controlAccesos/system/CodeIgniter.php(419): CodeIgniter\CodeIgniter->runController(Object(App\Controllers\RestController))
#3 /home/eventodigital/public_html/api_controlAccesos/system/CodeIgniter.php(326): CodeIgniter\CodeIgniter->handleRequest(NULL, Object(Config\Cache), false)
#4 /home/eventodigital/public_html/api_controlAccesos/public/index.php(37): CodeIgniter\CodeIgniter->run()
#5 {main}
CRITICAL - 2024-10-23 15:45:11 --> Class 'App\Libraries\Exception' not found
#0 /home/eventodigital/public_html/api_controlAccesos/app/Controllers/RestController.php(186): App\Libraries\vCard->__construct(false, '07173578')
#1 /home/eventodigital/public_html/api_controlAccesos/system/CodeIgniter.php(832): App\Controllers\RestController->create()
#2 /home/eventodigital/public_html/api_controlAccesos/system/CodeIgniter.php(419): CodeIgniter\CodeIgniter->runController(Object(App\Controllers\RestController))
#3 /home/eventodigital/public_html/api_controlAccesos/system/CodeIgniter.php(326): CodeIgniter\CodeIgniter->handleRequest(NULL, Object(Config\Cache), false)
#4 /home/eventodigital/public_html/api_controlAccesos/public/index.php(37): CodeIgniter\CodeIgniter->run()
#5 {main}
CRITICAL - 2024-10-23 15:47:02 --> Class 'App\Libraries\Exception' not found
#0 /home/eventodigital/public_html/api_controlAccesos/app/Controllers/RestController.php(186): App\Libraries\vCard->__construct(false, '00281300')
#1 /home/eventodigital/public_html/api_controlAccesos/system/CodeIgniter.php(832): App\Controllers\RestController->create()
#2 /home/eventodigital/public_html/api_controlAccesos/system/CodeIgniter.php(419): CodeIgniter\CodeIgniter->runController(Object(App\Controllers\RestController))
#3 /home/eventodigital/public_html/api_controlAccesos/system/CodeIgniter.php(326): CodeIgniter\CodeIgniter->handleRequest(NULL, Object(Config\Cache), false)
#4 /home/eventodigital/public_html/api_controlAccesos/public/index.php(37): CodeIgniter\CodeIgniter->run()
#5 {main}
CRITICAL - 2024-10-23 15:47:19 --> Class 'App\Libraries\Exception' not found
#0 /home/eventodigital/public_html/api_controlAccesos/app/Controllers/RestController.php(186): App\Libraries\vCard->__construct(false, '07080197')
#1 /home/eventodigital/public_html/api_controlAccesos/system/CodeIgniter.php(832): App\Controllers\RestController->create()
#2 /home/eventodigital/public_html/api_controlAccesos/system/CodeIgniter.php(419): CodeIgniter\CodeIgniter->runController(Object(App\Controllers\RestController))
#3 /home/eventodigital/public_html/api_controlAccesos/system/CodeIgniter.php(326): CodeIgniter\CodeIgniter->handleRequest(NULL, Object(Config\Cache), false)
#4 /home/eventodigital/public_html/api_controlAccesos/public/index.php(37): CodeIgniter\CodeIgniter->run()
#5 {main}
CRITICAL - 2024-10-23 15:49:10 --> Class 'App\Libraries\Exception' not found
#0 /home/eventodigital/public_html/api_controlAccesos/app/Controllers/RestController.php(186): App\Libraries\vCard->__construct(false, '11442059')
#1 /home/eventodigital/public_html/api_controlAccesos/system/CodeIgniter.php(832): App\Controllers\RestController->create()
#2 /home/eventodigital/public_html/api_controlAccesos/system/CodeIgniter.php(419): CodeIgniter\CodeIgniter->runController(Object(App\Controllers\RestController))
#3 /home/eventodigital/public_html/api_controlAccesos/system/CodeIgniter.php(326): CodeIgniter\CodeIgniter->handleRequest(NULL, Object(Config\Cache), false)
#4 /home/eventodigital/public_html/api_controlAccesos/public/index.php(37): CodeIgniter\CodeIgniter->run()
#5 {main}
CRITICAL - 2024-10-23 15:49:24 --> Class 'App\Libraries\Exception' not found
#0 /home/eventodigital/public_html/api_controlAccesos/app/Controllers/RestController.php(186): App\Libraries\vCard->__construct(false, '13435493')
#1 /home/eventodigital/public_html/api_controlAccesos/system/CodeIgniter.php(832): App\Controllers\RestController->create()
#2 /home/eventodigital/public_html/api_controlAccesos/system/CodeIgniter.php(419): CodeIgniter\CodeIgniter->runController(Object(App\Controllers\RestController))
#3 /home/eventodigital/public_html/api_controlAccesos/system/CodeIgniter.php(326): CodeIgniter\CodeIgniter->handleRequest(NULL, Object(Config\Cache), false)
#4 /home/eventodigital/public_html/api_controlAccesos/public/index.php(37): CodeIgniter\CodeIgniter->run()
#5 {main}
CRITICAL - 2024-10-23 15:49:27 --> Class 'App\Libraries\Exception' not found
#0 /home/eventodigital/public_html/api_controlAccesos/app/Controllers/RestController.php(186): App\Libraries\vCard->__construct(false, '07955200')
#1 /home/eventodigital/public_html/api_controlAccesos/system/CodeIgniter.php(832): App\Controllers\RestController->create()
#2 /home/eventodigital/public_html/api_controlAccesos/system/CodeIgniter.php(419): CodeIgniter\CodeIgniter->runController(Object(App\Controllers\RestController))
#3 /home/eventodigital/public_html/api_controlAccesos/system/CodeIgniter.php(326): CodeIgniter\CodeIgniter->handleRequest(NULL, Object(Config\Cache), false)
#4 /home/eventodigital/public_html/api_controlAccesos/public/index.php(37): CodeIgniter\CodeIgniter->run()
#5 {main}
CRITICAL - 2024-10-23 15:50:38 --> Class 'App\Libraries\Exception' not found
#0 /home/eventodigital/public_html/api_controlAccesos/app/Controllers/RestController.php(186): App\Libraries\vCard->__construct(false, '08414915')
#1 /home/eventodigital/public_html/api_controlAccesos/system/CodeIgniter.php(832): App\Controllers\RestController->create()
#2 /home/eventodigital/public_html/api_controlAccesos/system/CodeIgniter.php(419): CodeIgniter\CodeIgniter->runController(Object(App\Controllers\RestController))
#3 /home/eventodigital/public_html/api_controlAccesos/system/CodeIgniter.php(326): CodeIgniter\CodeIgniter->handleRequest(NULL, Object(Config\Cache), false)
#4 /home/eventodigital/public_html/api_controlAccesos/public/index.php(37): CodeIgniter\CodeIgniter->run()
#5 {main}
CRITICAL - 2024-10-23 15:51:56 --> Class 'App\Libraries\Exception' not found
#0 /home/eventodigital/public_html/api_controlAccesos/app/Controllers/RestController.php(186): App\Libraries\vCard->__construct(false, '12869048')
#1 /home/eventodigital/public_html/api_controlAccesos/system/CodeIgniter.php(832): App\Controllers\RestController->create()
#2 /home/eventodigital/public_html/api_controlAccesos/system/CodeIgniter.php(419): CodeIgniter\CodeIgniter->runController(Object(App\Controllers\RestController))
#3 /home/eventodigital/public_html/api_controlAccesos/system/CodeIgniter.php(326): CodeIgniter\CodeIgniter->handleRequest(NULL, Object(Config\Cache), false)
#4 /home/eventodigital/public_html/api_controlAccesos/public/index.php(37): CodeIgniter\CodeIgniter->run()
#5 {main}
CRITICAL - 2024-10-23 15:53:05 --> Class 'App\Libraries\Exception' not found
#0 /home/eventodigital/public_html/api_controlAccesos/app/Controllers/RestController.php(186): App\Libraries\vCard->__construct(false, '10193457')
#1 /home/eventodigital/public_html/api_controlAccesos/system/CodeIgniter.php(832): App\Controllers\RestController->create()
#2 /home/eventodigital/public_html/api_controlAccesos/system/CodeIgniter.php(419): CodeIgniter\CodeIgniter->runController(Object(App\Controllers\RestController))
#3 /home/eventodigital/public_html/api_controlAccesos/system/CodeIgniter.php(326): CodeIgniter\CodeIgniter->handleRequest(NULL, Object(Config\Cache), false)
#4 /home/eventodigital/public_html/api_controlAccesos/public/index.php(37): CodeIgniter\CodeIgniter->run()
#5 {main}
CRITICAL - 2024-10-23 15:53:11 --> Class 'App\Libraries\Exception' not found
#0 /home/eventodigital/public_html/api_controlAccesos/app/Controllers/RestController.php(186): App\Libraries\vCard->__construct(false, '12043293')
#1 /home/eventodigital/public_html/api_controlAccesos/system/CodeIgniter.php(832): App\Controllers\RestController->create()
#2 /home/eventodigital/public_html/api_controlAccesos/system/CodeIgniter.php(419): CodeIgniter\CodeIgniter->runController(Object(App\Controllers\RestController))
#3 /home/eventodigital/public_html/api_controlAccesos/system/CodeIgniter.php(326): CodeIgniter\CodeIgniter->handleRequest(NULL, Object(Config\Cache), false)
#4 /home/eventodigital/public_html/api_controlAccesos/public/index.php(37): CodeIgniter\CodeIgniter->run()
#5 {main}
CRITICAL - 2024-10-23 15:54:20 --> Class 'App\Libraries\Exception' not found
#0 /home/eventodigital/public_html/api_controlAccesos/app/Controllers/RestController.php(186): App\Libraries\vCard->__construct(false, '06024339')
#1 /home/eventodigital/public_html/api_controlAccesos/system/CodeIgniter.php(832): App\Controllers\RestController->create()
#2 /home/eventodigital/public_html/api_controlAccesos/system/CodeIgniter.php(419): CodeIgniter\CodeIgniter->runController(Object(App\Controllers\RestController))
#3 /home/eventodigital/public_html/api_controlAccesos/system/CodeIgniter.php(326): CodeIgniter\CodeIgniter->handleRequest(NULL, Object(Config\Cache), false)
#4 /home/eventodigital/public_html/api_controlAccesos/public/index.php(37): CodeIgniter\CodeIgniter->run()
#5 {main}
CRITICAL - 2024-10-23 15:54:45 --> Class 'App\Libraries\Exception' not found
#0 /home/eventodigital/public_html/api_controlAccesos/app/Controllers/RestController.php(186): App\Libraries\vCard->__construct(false, '06784140')
#1 /home/eventodigital/public_html/api_controlAccesos/system/CodeIgniter.php(832): App\Controllers\RestController->create()
#2 /home/eventodigital/public_html/api_controlAccesos/system/CodeIgniter.php(419): CodeIgniter\CodeIgniter->runController(Object(App\Controllers\RestController))
#3 /home/eventodigital/public_html/api_controlAccesos/system/CodeIgniter.php(326): CodeIgniter\CodeIgniter->handleRequest(NULL, Object(Config\Cache), false)
#4 /home/eventodigital/public_html/api_controlAccesos/public/index.php(37): CodeIgniter\CodeIgniter->run()
#5 {main}
CRITICAL - 2024-10-23 15:57:44 --> Class 'App\Libraries\Exception' not found
#0 /home/eventodigital/public_html/api_controlAccesos/app/Controllers/RestController.php(186): App\Libraries\vCard->__construct(false, '14543678')
#1 /home/eventodigital/public_html/api_controlAccesos/system/CodeIgniter.php(832): App\Controllers\RestController->create()
#2 /home/eventodigital/public_html/api_controlAccesos/system/CodeIgniter.php(419): CodeIgniter\CodeIgniter->runController(Object(App\Controllers\RestController))
#3 /home/eventodigital/public_html/api_controlAccesos/system/CodeIgniter.php(326): CodeIgniter\CodeIgniter->handleRequest(NULL, Object(Config\Cache), false)
#4 /home/eventodigital/public_html/api_controlAccesos/public/index.php(37): CodeIgniter\CodeIgniter->run()
#5 {main}
CRITICAL - 2024-10-23 15:59:33 --> Class 'App\Libraries\Exception' not found
#0 /home/eventodigital/public_html/api_controlAccesos/app/Controllers/RestController.php(186): App\Libraries\vCard->__construct(false, '03056479')
#1 /home/eventodigital/public_html/api_controlAccesos/system/CodeIgniter.php(832): App\Controllers\RestController->create()
#2 /home/eventodigital/public_html/api_controlAccesos/system/CodeIgniter.php(419): CodeIgniter\CodeIgniter->runController(Object(App\Controllers\RestController))
#3 /home/eventodigital/public_html/api_controlAccesos/system/CodeIgniter.php(326): CodeIgniter\CodeIgniter->handleRequest(NULL, Object(Config\Cache), false)
#4 /home/eventodigital/public_html/api_controlAccesos/public/index.php(37): CodeIgniter\CodeIgniter->run()
#5 {main}
CRITICAL - 2024-10-23 16:00:07 --> Class 'App\Libraries\Exception' not found
#0 /home/eventodigital/public_html/api_controlAccesos/app/Controllers/RestController.php(186): App\Libraries\vCard->__construct(false, '07213223')
#1 /home/eventodigital/public_html/api_controlAccesos/system/CodeIgniter.php(832): App\Controllers\RestController->create()
#2 /home/eventodigital/public_html/api_controlAccesos/system/CodeIgniter.php(419): CodeIgniter\CodeIgniter->runController(Object(App\Controllers\RestController))
#3 /home/eventodigital/public_html/api_controlAccesos/system/CodeIgniter.php(326): CodeIgniter\CodeIgniter->handleRequest(NULL, Object(Config\Cache), false)
#4 /home/eventodigital/public_html/api_controlAccesos/public/index.php(37): CodeIgniter\CodeIgniter->run()
#5 {main}
CRITICAL - 2024-10-23 16:00:54 --> Class 'App\Libraries\Exception' not found
#0 /home/eventodigital/public_html/api_controlAccesos/app/Controllers/RestController.php(186): App\Libraries\vCard->__construct(false, '07738704')
#1 /home/eventodigital/public_html/api_controlAccesos/system/CodeIgniter.php(832): App\Controllers\RestController->create()
#2 /home/eventodigital/public_html/api_controlAccesos/system/CodeIgniter.php(419): CodeIgniter\CodeIgniter->runController(Object(App\Controllers\RestController))
#3 /home/eventodigital/public_html/api_controlAccesos/system/CodeIgniter.php(326): CodeIgniter\CodeIgniter->handleRequest(NULL, Object(Config\Cache), false)
#4 /home/eventodigital/public_html/api_controlAccesos/public/index.php(37): CodeIgniter\CodeIgniter->run()
#5 {main}
CRITICAL - 2024-10-23 16:01:07 --> Class 'App\Libraries\Exception' not found
#0 /home/eventodigital/public_html/api_controlAccesos/app/Controllers/RestController.php(186): App\Libraries\vCard->__construct(false, '08171764')
#1 /home/eventodigital/public_html/api_controlAccesos/system/CodeIgniter.php(832): App\Controllers\RestController->create()
#2 /home/eventodigital/public_html/api_controlAccesos/system/CodeIgniter.php(419): CodeIgniter\CodeIgniter->runController(Object(App\Controllers\RestController))
#3 /home/eventodigital/public_html/api_controlAccesos/system/CodeIgniter.php(326): CodeIgniter\CodeIgniter->handleRequest(NULL, Object(Config\Cache), false)
#4 /home/eventodigital/public_html/api_controlAccesos/public/index.php(37): CodeIgniter\CodeIgniter->run()
#5 {main}
CRITICAL - 2024-10-23 16:01:37 --> Class 'App\Libraries\Exception' not found
#0 /home/eventodigital/public_html/api_controlAccesos/app/Controllers/RestController.php(186): App\Libraries\vCard->__construct(false, '03882351')
#1 /home/eventodigital/public_html/api_controlAccesos/system/CodeIgniter.php(832): App\Controllers\RestController->create()
#2 /home/eventodigital/public_html/api_controlAccesos/system/CodeIgniter.php(419): CodeIgniter\CodeIgniter->runController(Object(App\Controllers\RestController))
#3 /home/eventodigital/public_html/api_controlAccesos/system/CodeIgniter.php(326): CodeIgniter\CodeIgniter->handleRequest(NULL, Object(Config\Cache), false)
#4 /home/eventodigital/public_html/api_controlAccesos/public/index.php(37): CodeIgniter\CodeIgniter->run()
#5 {main}
CRITICAL - 2024-10-23 16:02:00 --> Class 'App\Libraries\Exception' not found
#0 /home/eventodigital/public_html/api_controlAccesos/app/Controllers/RestController.php(186): App\Libraries\vCard->__construct(false, '10719638')
#1 /home/eventodigital/public_html/api_controlAccesos/system/CodeIgniter.php(832): App\Controllers\RestController->create()
#2 /home/eventodigital/public_html/api_controlAccesos/system/CodeIgniter.php(419): CodeIgniter\CodeIgniter->runController(Object(App\Controllers\RestController))
#3 /home/eventodigital/public_html/api_controlAccesos/system/CodeIgniter.php(326): CodeIgniter\CodeIgniter->handleRequest(NULL, Object(Config\Cache), false)
#4 /home/eventodigital/public_html/api_controlAccesos/public/index.php(37): CodeIgniter\CodeIgniter->run()
#5 {main}
CRITICAL - 2024-10-23 16:02:45 --> Class 'App\Libraries\Exception' not found
#0 /home/eventodigital/public_html/api_controlAccesos/app/Controllers/RestController.php(186): App\Libraries\vCard->__construct(false, '02256481')
#1 /home/eventodigital/public_html/api_controlAccesos/system/CodeIgniter.php(832): App\Controllers\RestController->create()
#2 /home/eventodigital/public_html/api_controlAccesos/system/CodeIgniter.php(419): CodeIgniter\CodeIgniter->runController(Object(App\Controllers\RestController))
#3 /home/eventodigital/public_html/api_controlAccesos/system/CodeIgniter.php(326): CodeIgniter\CodeIgniter->handleRequest(NULL, Object(Config\Cache), false)
#4 /home/eventodigital/public_html/api_controlAccesos/public/index.php(37): CodeIgniter\CodeIgniter->run()
#5 {main}
CRITICAL - 2024-10-23 16:03:11 --> Class 'App\Libraries\Exception' not found
#0 /home/eventodigital/public_html/api_controlAccesos/app/Controllers/RestController.php(186): App\Libraries\vCard->__construct(false, '04967907')
#1 /home/eventodigital/public_html/api_controlAccesos/system/CodeIgniter.php(832): App\Controllers\RestController->create()
#2 /home/eventodigital/public_html/api_controlAccesos/system/CodeIgniter.php(419): CodeIgniter\CodeIgniter->runController(Object(App\Controllers\RestController))
#3 /home/eventodigital/public_html/api_controlAccesos/system/CodeIgniter.php(326): CodeIgniter\CodeIgniter->handleRequest(NULL, Object(Config\Cache), false)
#4 /home/eventodigital/public_html/api_controlAccesos/public/index.php(37): CodeIgniter\CodeIgniter->run()
#5 {main}
CRITICAL - 2024-10-23 16:04:11 --> Class 'App\Libraries\Exception' not found
#0 /home/eventodigital/public_html/api_controlAccesos/app/Controllers/RestController.php(186): App\Libraries\vCard->__construct(false, '06329912')
#1 /home/eventodigital/public_html/api_controlAccesos/system/CodeIgniter.php(832): App\Controllers\RestController->create()
#2 /home/eventodigital/public_html/api_controlAccesos/system/CodeIgniter.php(419): CodeIgniter\CodeIgniter->runController(Object(App\Controllers\RestController))
#3 /home/eventodigital/public_html/api_controlAccesos/system/CodeIgniter.php(326): CodeIgniter\CodeIgniter->handleRequest(NULL, Object(Config\Cache), false)
#4 /home/eventodigital/public_html/api_controlAccesos/public/index.php(37): CodeIgniter\CodeIgniter->run()
#5 {main}
CRITICAL - 2024-10-23 16:06:39 --> Class 'App\Libraries\Exception' not found
#0 /home/eventodigital/public_html/api_controlAccesos/app/Controllers/RestController.php(186): App\Libraries\vCard->__construct(false, '02374110')
#1 /home/eventodigital/public_html/api_controlAccesos/system/CodeIgniter.php(832): App\Controllers\RestController->create()
#2 /home/eventodigital/public_html/api_controlAccesos/system/CodeIgniter.php(419): CodeIgniter\CodeIgniter->runController(Object(App\Controllers\RestController))
#3 /home/eventodigital/public_html/api_controlAccesos/system/CodeIgniter.php(326): CodeIgniter\CodeIgniter->handleRequest(NULL, Object(Config\Cache), false)
#4 /home/eventodigital/public_html/api_controlAccesos/public/index.php(37): CodeIgniter\CodeIgniter->run()
#5 {main}
CRITICAL - 2024-10-23 16:07:44 --> Class 'App\Libraries\Exception' not found
#0 /home/eventodigital/public_html/api_controlAccesos/app/Controllers/RestController.php(186): App\Libraries\vCard->__construct(false, '03279663')
#1 /home/eventodigital/public_html/api_controlAccesos/system/CodeIgniter.php(832): App\Controllers\RestController->create()
#2 /home/eventodigital/public_html/api_controlAccesos/system/CodeIgniter.php(419): CodeIgniter\CodeIgniter->runController(Object(App\Controllers\RestController))
#3 /home/eventodigital/public_html/api_controlAccesos/system/CodeIgniter.php(326): CodeIgniter\CodeIgniter->handleRequest(NULL, Object(Config\Cache), false)
#4 /home/eventodigital/public_html/api_controlAccesos/public/index.php(37): CodeIgniter\CodeIgniter->run()
#5 {main}
CRITICAL - 2024-10-23 16:07:55 --> Class 'App\Libraries\Exception' not found
#0 /home/eventodigital/public_html/api_controlAccesos/app/Controllers/RestController.php(186): App\Libraries\vCard->__construct(false, '18781595')
#1 /home/eventodigital/public_html/api_controlAccesos/system/CodeIgniter.php(832): App\Controllers\RestController->create()
#2 /home/eventodigital/public_html/api_controlAccesos/system/CodeIgniter.php(419): CodeIgniter\CodeIgniter->runController(Object(App\Controllers\RestController))
#3 /home/eventodigital/public_html/api_controlAccesos/system/CodeIgniter.php(326): CodeIgniter\CodeIgniter->handleRequest(NULL, Object(Config\Cache), false)
#4 /home/eventodigital/public_html/api_controlAccesos/public/index.php(37): CodeIgniter\CodeIgniter->run()
#5 {main}
CRITICAL - 2024-10-23 16:09:16 --> Class 'App\Libraries\Exception' not found
#0 /home/eventodigital/public_html/api_controlAccesos/app/Controllers/RestController.php(186): App\Libraries\vCard->__construct(false, '18069495')
#1 /home/eventodigital/public_html/api_controlAccesos/system/CodeIgniter.php(832): App\Controllers\RestController->create()
#2 /home/eventodigital/public_html/api_controlAccesos/system/CodeIgniter.php(419): CodeIgniter\CodeIgniter->runController(Object(App\Controllers\RestController))
#3 /home/eventodigital/public_html/api_controlAccesos/system/CodeIgniter.php(326): CodeIgniter\CodeIgniter->handleRequest(NULL, Object(Config\Cache), false)
#4 /home/eventodigital/public_html/api_controlAccesos/public/index.php(37): CodeIgniter\CodeIgniter->run()
#5 {main}
CRITICAL - 2024-10-23 16:10:17 --> Class 'App\Libraries\Exception' not found
#0 /home/eventodigital/public_html/api_controlAccesos/app/Controllers/RestController.php(186): App\Libraries\vCard->__construct(false, '08592385')
#1 /home/eventodigital/public_html/api_controlAccesos/system/CodeIgniter.php(832): App\Controllers\RestController->create()
#2 /home/eventodigital/public_html/api_controlAccesos/system/CodeIgniter.php(419): CodeIgniter\CodeIgniter->runController(Object(App\Controllers\RestController))
#3 /home/eventodigital/public_html/api_controlAccesos/system/CodeIgniter.php(326): CodeIgniter\CodeIgniter->handleRequest(NULL, Object(Config\Cache), false)
#4 /home/eventodigital/public_html/api_controlAccesos/public/index.php(37): CodeIgniter\CodeIgniter->run()
#5 {main}
CRITICAL - 2024-10-23 16:11:24 --> Class 'App\Libraries\Exception' not found
#0 /home/eventodigital/public_html/api_controlAccesos/app/Controllers/RestController.php(186): App\Libraries\vCard->__construct(false, '03295168')
#1 /home/eventodigital/public_html/api_controlAccesos/system/CodeIgniter.php(832): App\Controllers\RestController->create()
#2 /home/eventodigital/public_html/api_controlAccesos/system/CodeIgniter.php(419): CodeIgniter\CodeIgniter->runController(Object(App\Controllers\RestController))
#3 /home/eventodigital/public_html/api_controlAccesos/system/CodeIgniter.php(326): CodeIgniter\CodeIgniter->handleRequest(NULL, Object(Config\Cache), false)
#4 /home/eventodigital/public_html/api_controlAccesos/public/index.php(37): CodeIgniter\CodeIgniter->run()
#5 {main}
CRITICAL - 2024-10-23 16:11:34 --> Class 'App\Libraries\Exception' not found
#0 /home/eventodigital/public_html/api_controlAccesos/app/Controllers/RestController.php(186): App\Libraries\vCard->__construct(false, '08619312')
#1 /home/eventodigital/public_html/api_controlAccesos/system/CodeIgniter.php(832): App\Controllers\RestController->create()
#2 /home/eventodigital/public_html/api_controlAccesos/system/CodeIgniter.php(419): CodeIgniter\CodeIgniter->runController(Object(App\Controllers\RestController))
#3 /home/eventodigital/public_html/api_controlAccesos/system/CodeIgniter.php(326): CodeIgniter\CodeIgniter->handleRequest(NULL, Object(Config\Cache), false)
#4 /home/eventodigital/public_html/api_controlAccesos/public/index.php(37): CodeIgniter\CodeIgniter->run()
#5 {main}
CRITICAL - 2024-10-23 16:12:51 --> Class 'App\Libraries\Exception' not found
#0 /home/eventodigital/public_html/api_controlAccesos/app/Controllers/RestController.php(186): App\Libraries\vCard->__construct(false, '02745514')
#1 /home/eventodigital/public_html/api_controlAccesos/system/CodeIgniter.php(832): App\Controllers\RestController->create()
#2 /home/eventodigital/public_html/api_controlAccesos/system/CodeIgniter.php(419): CodeIgniter\CodeIgniter->runController(Object(App\Controllers\RestController))
#3 /home/eventodigital/public_html/api_controlAccesos/system/CodeIgniter.php(326): CodeIgniter\CodeIgniter->handleRequest(NULL, Object(Config\Cache), false)
#4 /home/eventodigital/public_html/api_controlAccesos/public/index.php(37): CodeIgniter\CodeIgniter->run()
#5 {main}
CRITICAL - 2024-10-23 16:12:52 --> Class 'App\Libraries\Exception' not found
#0 /home/eventodigital/public_html/api_controlAccesos/app/Controllers/RestController.php(186): App\Libraries\vCard->__construct(false, '18471500')
#1 /home/eventodigital/public_html/api_controlAccesos/system/CodeIgniter.php(832): App\Controllers\RestController->create()
#2 /home/eventodigital/public_html/api_controlAccesos/system/CodeIgniter.php(419): CodeIgniter\CodeIgniter->runController(Object(App\Controllers\RestController))
#3 /home/eventodigital/public_html/api_controlAccesos/system/CodeIgniter.php(326): CodeIgniter\CodeIgniter->handleRequest(NULL, Object(Config\Cache), false)
#4 /home/eventodigital/public_html/api_controlAccesos/public/index.php(37): CodeIgniter\CodeIgniter->run()
#5 {main}
CRITICAL - 2024-10-23 16:13:57 --> Class 'App\Libraries\Exception' not found
#0 /home/eventodigital/public_html/api_controlAccesos/app/Controllers/RestController.php(186): App\Libraries\vCard->__construct(false, '17192211')
#1 /home/eventodigital/public_html/api_controlAccesos/system/CodeIgniter.php(832): App\Controllers\RestController->create()
#2 /home/eventodigital/public_html/api_controlAccesos/system/CodeIgniter.php(419): CodeIgniter\CodeIgniter->runController(Object(App\Controllers\RestController))
#3 /home/eventodigital/public_html/api_controlAccesos/system/CodeIgniter.php(326): CodeIgniter\CodeIgniter->handleRequest(NULL, Object(Config\Cache), false)
#4 /home/eventodigital/public_html/api_controlAccesos/public/index.php(37): CodeIgniter\CodeIgniter->run()
#5 {main}
CRITICAL - 2024-10-23 16:15:01 --> Class 'App\Libraries\Exception' not found
#0 /home/eventodigital/public_html/api_controlAccesos/app/Controllers/RestController.php(186): App\Libraries\vCard->__construct(false, '04664015')
#1 /home/eventodigital/public_html/api_controlAccesos/system/CodeIgniter.php(832): App\Controllers\RestController->create()
#2 /home/eventodigital/public_html/api_controlAccesos/system/CodeIgniter.php(419): CodeIgniter\CodeIgniter->runController(Object(App\Controllers\RestController))
#3 /home/eventodigital/public_html/api_controlAccesos/system/CodeIgniter.php(326): CodeIgniter\CodeIgniter->handleRequest(NULL, Object(Config\Cache), false)
#4 /home/eventodigital/public_html/api_controlAccesos/public/index.php(37): CodeIgniter\CodeIgniter->run()
#5 {main}
ERROR - 2024-10-23 16:15:09 --> Column 'nombreCompleto' cannot be null
ERROR - 2024-10-23 16:15:13 --> Column 'nombreCompleto' cannot be null
CRITICAL - 2024-10-23 16:16:13 --> Class 'App\Libraries\Exception' not found
#0 /home/eventodigital/public_html/api_controlAccesos/app/Controllers/RestController.php(186): App\Libraries\vCard->__construct(false, '07856503')
#1 /home/eventodigital/public_html/api_controlAccesos/system/CodeIgniter.php(832): App\Controllers\RestController->create()
#2 /home/eventodigital/public_html/api_controlAccesos/system/CodeIgniter.php(419): CodeIgniter\CodeIgniter->runController(Object(App\Controllers\RestController))
#3 /home/eventodigital/public_html/api_controlAccesos/system/CodeIgniter.php(326): CodeIgniter\CodeIgniter->handleRequest(NULL, Object(Config\Cache), false)
#4 /home/eventodigital/public_html/api_controlAccesos/public/index.php(37): CodeIgniter\CodeIgniter->run()
#5 {main}
CRITICAL - 2024-10-23 16:17:50 --> Class 'App\Libraries\Exception' not found
#0 /home/eventodigital/public_html/api_controlAccesos/app/Controllers/RestController.php(186): App\Libraries\vCard->__construct(false, '0$2')
#1 /home/eventodigital/public_html/api_controlAccesos/system/CodeIgniter.php(832): App\Controllers\RestController->create()
#2 /home/eventodigital/public_html/api_controlAccesos/system/CodeIgniter.php(419): CodeIgniter\CodeIgniter->runController(Object(App\Controllers\RestController))
#3 /home/eventodigital/public_html/api_controlAccesos/system/CodeIgniter.php(326): CodeIgniter\CodeIgniter->handleRequest(NULL, Object(Config\Cache), false)
#4 /home/eventodigital/public_html/api_controlAccesos/public/index.php(37): CodeIgniter\CodeIgniter->run()
#5 {main}
ERROR - 2024-10-23 16:19:50 --> Column 'nombreCompleto' cannot be null
CRITICAL - 2024-10-23 16:20:27 --> Class 'App\Libraries\Exception' not found
#0 /home/eventodigital/public_html/api_controlAccesos/app/Controllers/RestController.php(186): App\Libraries\vCard->__construct(false, '09771220')
#1 /home/eventodigital/public_html/api_controlAccesos/system/CodeIgniter.php(832): App\Controllers\RestController->create()
#2 /home/eventodigital/public_html/api_controlAccesos/system/CodeIgniter.php(419): CodeIgniter\CodeIgniter->runController(Object(App\Controllers\RestController))
#3 /home/eventodigital/public_html/api_controlAccesos/system/CodeIgniter.php(326): CodeIgniter\CodeIgniter->handleRequest(NULL, Object(Config\Cache), false)
#4 /home/eventodigital/public_html/api_controlAccesos/public/index.php(37): CodeIgniter\CodeIgniter->run()
#5 {main}
CRITICAL - 2024-10-23 16:20:52 --> Class 'App\Libraries\Exception' not found
#0 /home/eventodigital/public_html/api_controlAccesos/app/Controllers/RestController.php(186): App\Libraries\vCard->__construct(false, '12778379')
#1 /home/eventodigital/public_html/api_controlAccesos/system/CodeIgniter.php(832): App\Controllers\RestController->create()
#2 /home/eventodigital/public_html/api_controlAccesos/system/CodeIgniter.php(419): CodeIgniter\CodeIgniter->runController(Object(App\Controllers\RestController))
#3 /home/eventodigital/public_html/api_controlAccesos/system/CodeIgniter.php(326): CodeIgniter\CodeIgniter->handleRequest(NULL, Object(Config\Cache), false)
#4 /home/eventodigital/public_html/api_controlAccesos/public/index.php(37): CodeIgniter\CodeIgniter->run()
#5 {main}
CRITICAL - 2024-10-23 16:22:04 --> Class 'App\Libraries\Exception' not found
#0 /home/eventodigital/public_html/api_controlAccesos/app/Controllers/RestController.php(186): App\Libraries\vCard->__construct(false, '15252249')
#1 /home/eventodigital/public_html/api_controlAccesos/system/CodeIgniter.php(832): App\Controllers\RestController->create()
#2 /home/eventodigital/public_html/api_controlAccesos/system/CodeIgniter.php(419): CodeIgniter\CodeIgniter->runController(Object(App\Controllers\RestController))
#3 /home/eventodigital/public_html/api_controlAccesos/system/CodeIgniter.php(326): CodeIgniter\CodeIgniter->handleRequest(NULL, Object(Config\Cache), false)
#4 /home/eventodigital/public_html/api_controlAccesos/public/index.php(37): CodeIgniter\CodeIgniter->run()
#5 {main}
CRITICAL - 2024-10-23 16:23:37 --> Class 'App\Libraries\Exception' not found
#0 /home/eventodigital/public_html/api_controlAccesos/app/Controllers/RestController.php(186): App\Libraries\vCard->__construct(false, '19338118')
#1 /home/eventodigital/public_html/api_controlAccesos/system/CodeIgniter.php(832): App\Controllers\RestController->create()
#2 /home/eventodigital/public_html/api_controlAccesos/system/CodeIgniter.php(419): CodeIgniter\CodeIgniter->runController(Object(App\Controllers\RestController))
#3 /home/eventodigital/public_html/api_controlAccesos/system/CodeIgniter.php(326): CodeIgniter\CodeIgniter->handleRequest(NULL, Object(Config\Cache), false)
#4 /home/eventodigital/public_html/api_controlAccesos/public/index.php(37): CodeIgniter\CodeIgniter->run()
#5 {main}
CRITICAL - 2024-10-23 16:24:33 --> Class 'App\Libraries\Exception' not found
#0 /home/eventodigital/public_html/api_controlAccesos/app/Controllers/RestController.php(186): App\Libraries\vCard->__construct(false, '15253477')
#1 /home/eventodigital/public_html/api_controlAccesos/system/CodeIgniter.php(832): App\Controllers\RestController->create()
#2 /home/eventodigital/public_html/api_controlAccesos/system/CodeIgniter.php(419): CodeIgniter\CodeIgniter->runController(Object(App\Controllers\RestController))
#3 /home/eventodigital/public_html/api_controlAccesos/system/CodeIgniter.php(326): CodeIgniter\CodeIgniter->handleRequest(NULL, Object(Config\Cache), false)
#4 /home/eventodigital/public_html/api_controlAccesos/public/index.php(37): CodeIgniter\CodeIgniter->run()
#5 {main}
CRITICAL - 2024-10-23 16:24:55 --> Class 'App\Libraries\Exception' not found
#0 /home/eventodigital/public_html/api_controlAccesos/app/Controllers/RestController.php(186): App\Libraries\vCard->__construct(false, '\xEF\xBB\xBFBEGIN:VCARD\n...')
#1 /home/eventodigital/public_html/api_controlAccesos/system/CodeIgniter.php(832): App\Controllers\RestController->create()
#2 /home/eventodigital/public_html/api_controlAccesos/system/CodeIgniter.php(419): CodeIgniter\CodeIgniter->runController(Object(App\Controllers\RestController))
#3 /home/eventodigital/public_html/api_controlAccesos/system/CodeIgniter.php(326): CodeIgniter\CodeIgniter->handleRequest(NULL, Object(Config\Cache), false)
#4 /home/eventodigital/public_html/api_controlAccesos/public/index.php(37): CodeIgniter\CodeIgniter->run()
#5 {main}
CRITICAL - 2024-10-23 16:25:35 --> Class 'App\Libraries\Exception' not found
#0 /home/eventodigital/public_html/api_controlAccesos/app/Controllers/RestController.php(186): App\Libraries\vCard->__construct(false, '17961819')
#1 /home/eventodigital/public_html/api_controlAccesos/system/CodeIgniter.php(832): App\Controllers\RestController->create()
#2 /home/eventodigital/public_html/api_controlAccesos/system/CodeIgniter.php(419): CodeIgniter\CodeIgniter->runController(Object(App\Controllers\RestController))
#3 /home/eventodigital/public_html/api_controlAccesos/system/CodeIgniter.php(326): CodeIgniter\CodeIgniter->handleRequest(NULL, Object(Config\Cache), false)
#4 /home/eventodigital/public_html/api_controlAccesos/public/index.php(37): CodeIgniter\CodeIgniter->run()
#5 {main}
CRITICAL - 2024-10-23 16:27:11 --> Class 'App\Libraries\Exception' not found
#0 /home/eventodigital/public_html/api_controlAccesos/app/Controllers/RestController.php(186): App\Libraries\vCard->__construct(false, '02256993')
#1 /home/eventodigital/public_html/api_controlAccesos/system/CodeIgniter.php(832): App\Controllers\RestController->create()
#2 /home/eventodigital/public_html/api_controlAccesos/system/CodeIgniter.php(419): CodeIgniter\CodeIgniter->runController(Object(App\Controllers\RestController))
#3 /home/eventodigital/public_html/api_controlAccesos/system/CodeIgniter.php(326): CodeIgniter\CodeIgniter->handleRequest(NULL, Object(Config\Cache), false)
#4 /home/eventodigital/public_html/api_controlAccesos/public/index.php(37): CodeIgniter\CodeIgniter->run()
#5 {main}
CRITICAL - 2024-10-23 16:27:59 --> Class 'App\Libraries\Exception' not found
#0 /home/eventodigital/public_html/api_controlAccesos/app/Controllers/RestController.php(186): App\Libraries\vCard->__construct(false, '15955821')
#1 /home/eventodigital/public_html/api_controlAccesos/system/CodeIgniter.php(832): App\Controllers\RestController->create()
#2 /home/eventodigital/public_html/api_controlAccesos/system/CodeIgniter.php(419): CodeIgniter\CodeIgniter->runController(Object(App\Controllers\RestController))
#3 /home/eventodigital/public_html/api_controlAccesos/system/CodeIgniter.php(326): CodeIgniter\CodeIgniter->handleRequest(NULL, Object(Config\Cache), false)
#4 /home/eventodigital/public_html/api_controlAccesos/public/index.php(37): CodeIgniter\CodeIgniter->run()
#5 {main}
CRITICAL - 2024-10-23 16:29:21 --> Class 'App\Libraries\Exception' not found
#0 /home/eventodigital/public_html/api_controlAccesos/app/Controllers/RestController.php(186): App\Libraries\vCard->__construct(false, '07944963')
#1 /home/eventodigital/public_html/api_controlAccesos/system/CodeIgniter.php(832): App\Controllers\RestController->create()
#2 /home/eventodigital/public_html/api_controlAccesos/system/CodeIgniter.php(419): CodeIgniter\CodeIgniter->runController(Object(App\Controllers\RestController))
#3 /home/eventodigital/public_html/api_controlAccesos/system/CodeIgniter.php(326): CodeIgniter\CodeIgniter->handleRequest(NULL, Object(Config\Cache), false)
#4 /home/eventodigital/public_html/api_controlAccesos/public/index.php(37): CodeIgniter\CodeIgniter->run()
#5 {main}
CRITICAL - 2024-10-23 16:30:48 --> Class 'App\Libraries\Exception' not found
#0 /home/eventodigital/public_html/api_controlAccesos/app/Controllers/RestController.php(186): App\Libraries\vCard->__construct(false, '03695173')
#1 /home/eventodigital/public_html/api_controlAccesos/system/CodeIgniter.php(832): App\Controllers\RestController->create()
#2 /home/eventodigital/public_html/api_controlAccesos/system/CodeIgniter.php(419): CodeIgniter\CodeIgniter->runController(Object(App\Controllers\RestController))
#3 /home/eventodigital/public_html/api_controlAccesos/system/CodeIgniter.php(326): CodeIgniter\CodeIgniter->handleRequest(NULL, Object(Config\Cache), false)
#4 /home/eventodigital/public_html/api_controlAccesos/public/index.php(37): CodeIgniter\CodeIgniter->run()
#5 {main}
CRITICAL - 2024-10-23 16:31:24 --> Class 'App\Libraries\Exception' not found
#0 /home/eventodigital/public_html/api_controlAccesos/app/Controllers/RestController.php(186): App\Libraries\vCard->__construct(false, '10722318')
#1 /home/eventodigital/public_html/api_controlAccesos/system/CodeIgniter.php(832): App\Controllers\RestController->create()
#2 /home/eventodigital/public_html/api_controlAccesos/system/CodeIgniter.php(419): CodeIgniter\CodeIgniter->runController(Object(App\Controllers\RestController))
#3 /home/eventodigital/public_html/api_controlAccesos/system/CodeIgniter.php(326): CodeIgniter\CodeIgniter->handleRequest(NULL, Object(Config\Cache), false)
#4 /home/eventodigital/public_html/api_controlAccesos/public/index.php(37): CodeIgniter\CodeIgniter->run()
#5 {main}
CRITICAL - 2024-10-23 16:31:46 --> Class 'App\Libraries\Exception' not found
#0 /home/eventodigital/public_html/api_controlAccesos/app/Controllers/RestController.php(186): App\Libraries\vCard->__construct(false, '14274446')
#1 /home/eventodigital/public_html/api_controlAccesos/system/CodeIgniter.php(832): App\Controllers\RestController->create()
#2 /home/eventodigital/public_html/api_controlAccesos/system/CodeIgniter.php(419): CodeIgniter\CodeIgniter->runController(Object(App\Controllers\RestController))
#3 /home/eventodigital/public_html/api_controlAccesos/system/CodeIgniter.php(326): CodeIgniter\CodeIgniter->handleRequest(NULL, Object(Config\Cache), false)
#4 /home/eventodigital/public_html/api_controlAccesos/public/index.php(37): CodeIgniter\CodeIgniter->run()
#5 {main}
CRITICAL - 2024-10-23 16:33:49 --> Class 'App\Libraries\Exception' not found
#0 /home/eventodigital/public_html/api_controlAccesos/app/Controllers/RestController.php(186): App\Libraries\vCard->__construct(false, '00287100')
#1 /home/eventodigital/public_html/api_controlAccesos/system/CodeIgniter.php(832): App\Controllers\RestController->create()
#2 /home/eventodigital/public_html/api_controlAccesos/system/CodeIgniter.php(419): CodeIgniter\CodeIgniter->runController(Object(App\Controllers\RestController))
#3 /home/eventodigital/public_html/api_controlAccesos/system/CodeIgniter.php(326): CodeIgniter\CodeIgniter->handleRequest(NULL, Object(Config\Cache), false)
#4 /home/eventodigital/public_html/api_controlAccesos/public/index.php(37): CodeIgniter\CodeIgniter->run()
#5 {main}
CRITICAL - 2024-10-23 16:33:57 --> Class 'App\Libraries\Exception' not found
#0 /home/eventodigital/public_html/api_controlAccesos/app/Controllers/RestController.php(186): App\Libraries\vCard->__construct(false, '03111451')
#1 /home/eventodigital/public_html/api_controlAccesos/system/CodeIgniter.php(832): App\Controllers\RestController->create()
#2 /home/eventodigital/public_html/api_controlAccesos/system/CodeIgniter.php(419): CodeIgniter\CodeIgniter->runController(Object(App\Controllers\RestController))
#3 /home/eventodigital/public_html/api_controlAccesos/system/CodeIgniter.php(326): CodeIgniter\CodeIgniter->handleRequest(NULL, Object(Config\Cache), false)
#4 /home/eventodigital/public_html/api_controlAccesos/public/index.php(37): CodeIgniter\CodeIgniter->run()
#5 {main}
CRITICAL - 2024-10-23 16:34:53 --> Class 'App\Libraries\Exception' not found
#0 /home/eventodigital/public_html/api_controlAccesos/app/Controllers/RestController.php(186): App\Libraries\vCard->__construct(false, '09580954')
#1 /home/eventodigital/public_html/api_controlAccesos/system/CodeIgniter.php(832): App\Controllers\RestController->create()
#2 /home/eventodigital/public_html/api_controlAccesos/system/CodeIgniter.php(419): CodeIgniter\CodeIgniter->runController(Object(App\Controllers\RestController))
#3 /home/eventodigital/public_html/api_controlAccesos/system/CodeIgniter.php(326): CodeIgniter\CodeIgniter->handleRequest(NULL, Object(Config\Cache), false)
#4 /home/eventodigital/public_html/api_controlAccesos/public/index.php(37): CodeIgniter\CodeIgniter->run()
#5 {main}
CRITICAL - 2024-10-23 16:35:05 --> Class 'App\Libraries\Exception' not found
#0 /home/eventodigital/public_html/api_controlAccesos/app/Controllers/RestController.php(186): App\Libraries\vCard->__construct(false, '03997499')
#1 /home/eventodigital/public_html/api_controlAccesos/system/CodeIgniter.php(832): App\Controllers\RestController->create()
#2 /home/eventodigital/public_html/api_controlAccesos/system/CodeIgniter.php(419): CodeIgniter\CodeIgniter->runController(Object(App\Controllers\RestController))
#3 /home/eventodigital/public_html/api_controlAccesos/system/CodeIgniter.php(326): CodeIgniter\CodeIgniter->handleRequest(NULL, Object(Config\Cache), false)
#4 /home/eventodigital/public_html/api_controlAccesos/public/index.php(37): CodeIgniter\CodeIgniter->run()
#5 {main}
CRITICAL - 2024-10-23 16:36:16 --> Class 'App\Libraries\Exception' not found
#0 /home/eventodigital/public_html/api_controlAccesos/app/Controllers/RestController.php(186): App\Libraries\vCard->__construct(false, '77113306')
#1 /home/eventodigital/public_html/api_controlAccesos/system/CodeIgniter.php(832): App\Controllers\RestController->create()
#2 /home/eventodigital/public_html/api_controlAccesos/system/CodeIgniter.php(419): CodeIgniter\CodeIgniter->runController(Object(App\Controllers\RestController))
#3 /home/eventodigital/public_html/api_controlAccesos/system/CodeIgniter.php(326): CodeIgniter\CodeIgniter->handleRequest(NULL, Object(Config\Cache), false)
#4 /home/eventodigital/public_html/api_controlAccesos/public/index.php(37): CodeIgniter\CodeIgniter->run()
#5 {main}
CRITICAL - 2024-10-23 16:36:53 --> Class 'App\Libraries\Exception' not found
#0 /home/eventodigital/public_html/api_controlAccesos/app/Controllers/RestController.php(186): App\Libraries\vCard->__construct(false, '78')
#1 /home/eventodigital/public_html/api_controlAccesos/system/CodeIgniter.php(832): App\Controllers\RestController->create()
#2 /home/eventodigital/public_html/api_controlAccesos/system/CodeIgniter.php(419): CodeIgniter\CodeIgniter->runController(Object(App\Controllers\RestController))
#3 /home/eventodigital/public_html/api_controlAccesos/system/CodeIgniter.php(326): CodeIgniter\CodeIgniter->handleRequest(NULL, Object(Config\Cache), false)
#4 /home/eventodigital/public_html/api_controlAccesos/public/index.php(37): CodeIgniter\CodeIgniter->run()
#5 {main}
CRITICAL - 2024-10-23 16:37:37 --> Class 'App\Libraries\Exception' not found
#0 /home/eventodigital/public_html/api_controlAccesos/app/Controllers/RestController.php(186): App\Libraries\vCard->__construct(false, '19196941')
#1 /home/eventodigital/public_html/api_controlAccesos/system/CodeIgniter.php(832): App\Controllers\RestController->create()
#2 /home/eventodigital/public_html/api_controlAccesos/system/CodeIgniter.php(419): CodeIgniter\CodeIgniter->runController(Object(App\Controllers\RestController))
#3 /home/eventodigital/public_html/api_controlAccesos/system/CodeIgniter.php(326): CodeIgniter\CodeIgniter->handleRequest(NULL, Object(Config\Cache), false)
#4 /home/eventodigital/public_html/api_controlAccesos/public/index.php(37): CodeIgniter\CodeIgniter->run()
#5 {main}
CRITICAL - 2024-10-23 16:38:21 --> Class 'App\Libraries\Exception' not found
#0 /home/eventodigital/public_html/api_controlAccesos/app/Controllers/RestController.php(186): App\Libraries\vCard->__construct(false, '\xEF\xBB\xBFBEGIN:VCARD\n...')
#1 /home/eventodigital/public_html/api_controlAccesos/system/CodeIgniter.php(832): App\Controllers\RestController->create()
#2 /home/eventodigital/public_html/api_controlAccesos/system/CodeIgniter.php(419): CodeIgniter\CodeIgniter->runController(Object(App\Controllers\RestController))
#3 /home/eventodigital/public_html/api_controlAccesos/system/CodeIgniter.php(326): CodeIgniter\CodeIgniter->handleRequest(NULL, Object(Config\Cache), false)
#4 /home/eventodigital/public_html/api_controlAccesos/public/index.php(37): CodeIgniter\CodeIgniter->run()
#5 {main}
CRITICAL - 2024-10-23 16:38:35 --> Class 'App\Libraries\Exception' not found
#0 /home/eventodigital/public_html/api_controlAccesos/app/Controllers/RestController.php(186): App\Libraries\vCard->__construct(false, '\xEF\xBB\xBFBEGIN:VCARD\n...')
#1 /home/eventodigital/public_html/api_controlAccesos/system/CodeIgniter.php(832): App\Controllers\RestController->create()
#2 /home/eventodigital/public_html/api_controlAccesos/system/CodeIgniter.php(419): CodeIgniter\CodeIgniter->runController(Object(App\Controllers\RestController))
#3 /home/eventodigital/public_html/api_controlAccesos/system/CodeIgniter.php(326): CodeIgniter\CodeIgniter->handleRequest(NULL, Object(Config\Cache), false)
#4 /home/eventodigital/public_html/api_controlAccesos/public/index.php(37): CodeIgniter\CodeIgniter->run()
#5 {main}
CRITICAL - 2024-10-23 16:38:48 --> Class 'App\Libraries\Exception' not found
#0 /home/eventodigital/public_html/api_controlAccesos/app/Controllers/RestController.php(186): App\Libraries\vCard->__construct(false, '\xEF\xBB\xBFBEGIN:VCARD\n...')
#1 /home/eventodigital/public_html/api_controlAccesos/system/CodeIgniter.php(832): App\Controllers\RestController->create()
#2 /home/eventodigital/public_html/api_controlAccesos/system/CodeIgniter.php(419): CodeIgniter\CodeIgniter->runController(Object(App\Controllers\RestController))
#3 /home/eventodigital/public_html/api_controlAccesos/system/CodeIgniter.php(326): CodeIgniter\CodeIgniter->handleRequest(NULL, Object(Config\Cache), false)
#4 /home/eventodigital/public_html/api_controlAccesos/public/index.php(37): CodeIgniter\CodeIgniter->run()
#5 {main}
CRITICAL - 2024-10-23 16:38:53 --> Class 'App\Libraries\Exception' not found
#0 /home/eventodigital/public_html/api_controlAccesos/app/Controllers/RestController.php(186): App\Libraries\vCard->__construct(false, '\xEF\xBB\xBFBEGIN:VCARD\n...')
#1 /home/eventodigital/public_html/api_controlAccesos/system/CodeIgniter.php(832): App\Controllers\RestController->create()
#2 /home/eventodigital/public_html/api_controlAccesos/system/CodeIgniter.php(419): CodeIgniter\CodeIgniter->runController(Object(App\Controllers\RestController))
#3 /home/eventodigital/public_html/api_controlAccesos/system/CodeIgniter.php(326): CodeIgniter\CodeIgniter->handleRequest(NULL, Object(Config\Cache), false)
#4 /home/eventodigital/public_html/api_controlAccesos/public/index.php(37): CodeIgniter\CodeIgniter->run()
#5 {main}
CRITICAL - 2024-10-23 16:38:59 --> Class 'App\Libraries\Exception' not found
#0 /home/eventodigital/public_html/api_controlAccesos/app/Controllers/RestController.php(186): App\Libraries\vCard->__construct(false, '\xEF\xBB\xBFBEGIN:VCARD\n...')
#1 /home/eventodigital/public_html/api_controlAccesos/system/CodeIgniter.php(832): App\Controllers\RestController->create()
#2 /home/eventodigital/public_html/api_controlAccesos/system/CodeIgniter.php(419): CodeIgniter\CodeIgniter->runController(Object(App\Controllers\RestController))
#3 /home/eventodigital/public_html/api_controlAccesos/system/CodeIgniter.php(326): CodeIgniter\CodeIgniter->handleRequest(NULL, Object(Config\Cache), false)
#4 /home/eventodigital/public_html/api_controlAccesos/public/index.php(37): CodeIgniter\CodeIgniter->run()
#5 {main}
CRITICAL - 2024-10-23 16:39:03 --> Class 'App\Libraries\Exception' not found
#0 /home/eventodigital/public_html/api_controlAccesos/app/Controllers/RestController.php(186): App\Libraries\vCard->__construct(false, '12045202')
#1 /home/eventodigital/public_html/api_controlAccesos/system/CodeIgniter.php(832): App\Controllers\RestController->create()
#2 /home/eventodigital/public_html/api_controlAccesos/system/CodeIgniter.php(419): CodeIgniter\CodeIgniter->runController(Object(App\Controllers\RestController))
#3 /home/eventodigital/public_html/api_controlAccesos/system/CodeIgniter.php(326): CodeIgniter\CodeIgniter->handleRequest(NULL, Object(Config\Cache), false)
#4 /home/eventodigital/public_html/api_controlAccesos/public/index.php(37): CodeIgniter\CodeIgniter->run()
#5 {main}
CRITICAL - 2024-10-23 16:39:50 --> Class 'App\Libraries\Exception' not found
#0 /home/eventodigital/public_html/api_controlAccesos/app/Controllers/RestController.php(186): App\Libraries\vCard->__construct(false, '18928570')
#1 /home/eventodigital/public_html/api_controlAccesos/system/CodeIgniter.php(832): App\Controllers\RestController->create()
#2 /home/eventodigital/public_html/api_controlAccesos/system/CodeIgniter.php(419): CodeIgniter\CodeIgniter->runController(Object(App\Controllers\RestController))
#3 /home/eventodigital/public_html/api_controlAccesos/system/CodeIgniter.php(326): CodeIgniter\CodeIgniter->handleRequest(NULL, Object(Config\Cache), false)
#4 /home/eventodigital/public_html/api_controlAccesos/public/index.php(37): CodeIgniter\CodeIgniter->run()
#5 {main}
CRITICAL - 2024-10-23 16:40:35 --> Class 'App\Libraries\Exception' not found
#0 /home/eventodigital/public_html/api_controlAccesos/app/Controllers/RestController.php(186): App\Libraries\vCard->__construct(false, '09832534')
#1 /home/eventodigital/public_html/api_controlAccesos/system/CodeIgniter.php(832): App\Controllers\RestController->create()
#2 /home/eventodigital/public_html/api_controlAccesos/system/CodeIgniter.php(419): CodeIgniter\CodeIgniter->runController(Object(App\Controllers\RestController))
#3 /home/eventodigital/public_html/api_controlAccesos/system/CodeIgniter.php(326): CodeIgniter\CodeIgniter->handleRequest(NULL, Object(Config\Cache), false)
#4 /home/eventodigital/public_html/api_controlAccesos/public/index.php(37): CodeIgniter\CodeIgniter->run()
#5 {main}
CRITICAL - 2024-10-23 16:40:48 --> Class 'App\Libraries\Exception' not found
#0 /home/eventodigital/public_html/api_controlAccesos/app/Controllers/RestController.php(186): App\Libraries\vCard->__construct(false, '10636129')
#1 /home/eventodigital/public_html/api_controlAccesos/system/CodeIgniter.php(832): App\Controllers\RestController->create()
#2 /home/eventodigital/public_html/api_controlAccesos/system/CodeIgniter.php(419): CodeIgniter\CodeIgniter->runController(Object(App\Controllers\RestController))
#3 /home/eventodigital/public_html/api_controlAccesos/system/CodeIgniter.php(326): CodeIgniter\CodeIgniter->handleRequest(NULL, Object(Config\Cache), false)
#4 /home/eventodigital/public_html/api_controlAccesos/public/index.php(37): CodeIgniter\CodeIgniter->run()
#5 {main}
CRITICAL - 2024-10-23 16:41:59 --> Class 'App\Libraries\Exception' not found
#0 /home/eventodigital/public_html/api_controlAccesos/app/Controllers/RestController.php(186): App\Libraries\vCard->__construct(false, '19046778')
#1 /home/eventodigital/public_html/api_controlAccesos/system/CodeIgniter.php(832): App\Controllers\RestController->create()
#2 /home/eventodigital/public_html/api_controlAccesos/system/CodeIgniter.php(419): CodeIgniter\CodeIgniter->runController(Object(App\Controllers\RestController))
#3 /home/eventodigital/public_html/api_controlAccesos/system/CodeIgniter.php(326): CodeIgniter\CodeIgniter->handleRequest(NULL, Object(Config\Cache), false)
#4 /home/eventodigital/public_html/api_controlAccesos/public/index.php(37): CodeIgniter\CodeIgniter->run()
#5 {main}
CRITICAL - 2024-10-23 16:42:06 --> Class 'App\Libraries\Exception' not found
#0 /home/eventodigital/public_html/api_controlAccesos/app/Controllers/RestController.php(186): App\Libraries\vCard->__construct(false, '11556933')
#1 /home/eventodigital/public_html/api_controlAccesos/system/CodeIgniter.php(832): App\Controllers\RestController->create()
#2 /home/eventodigital/public_html/api_controlAccesos/system/CodeIgniter.php(419): CodeIgniter\CodeIgniter->runController(Object(App\Controllers\RestController))
#3 /home/eventodigital/public_html/api_controlAccesos/system/CodeIgniter.php(326): CodeIgniter\CodeIgniter->handleRequest(NULL, Object(Config\Cache), false)
#4 /home/eventodigital/public_html/api_controlAccesos/public/index.php(37): CodeIgniter\CodeIgniter->run()
#5 {main}
CRITICAL - 2024-10-23 16:42:37 --> Class 'App\Libraries\Exception' not found
#0 /home/eventodigital/public_html/api_controlAccesos/app/Controllers/RestController.php(186): App\Libraries\vCard->__construct(false, '05467778')
#1 /home/eventodigital/public_html/api_controlAccesos/system/CodeIgniter.php(832): App\Controllers\RestController->create()
#2 /home/eventodigital/public_html/api_controlAccesos/system/CodeIgniter.php(419): CodeIgniter\CodeIgniter->runController(Object(App\Controllers\RestController))
#3 /home/eventodigital/public_html/api_controlAccesos/system/CodeIgniter.php(326): CodeIgniter\CodeIgniter->handleRequest(NULL, Object(Config\Cache), false)
#4 /home/eventodigital/public_html/api_controlAccesos/public/index.php(37): CodeIgniter\CodeIgniter->run()
#5 {main}
CRITICAL - 2024-10-23 16:45:07 --> Class 'App\Libraries\Exception' not found
#0 /home/eventodigital/public_html/api_controlAccesos/app/Controllers/RestController.php(186): App\Libraries\vCard->__construct(false, '14382178')
#1 /home/eventodigital/public_html/api_controlAccesos/system/CodeIgniter.php(832): App\Controllers\RestController->create()
#2 /home/eventodigital/public_html/api_controlAccesos/system/CodeIgniter.php(419): CodeIgniter\CodeIgniter->runController(Object(App\Controllers\RestController))
#3 /home/eventodigital/public_html/api_controlAccesos/system/CodeIgniter.php(326): CodeIgniter\CodeIgniter->handleRequest(NULL, Object(Config\Cache), false)
#4 /home/eventodigital/public_html/api_controlAccesos/public/index.php(37): CodeIgniter\CodeIgniter->run()
#5 {main}
CRITICAL - 2024-10-23 16:45:07 --> Class 'App\Libraries\Exception' not found
#0 /home/eventodigital/public_html/api_controlAccesos/app/Controllers/RestController.php(186): App\Libraries\vCard->__construct(false, '06239558')
#1 /home/eventodigital/public_html/api_controlAccesos/system/CodeIgniter.php(832): App\Controllers\RestController->create()
#2 /home/eventodigital/public_html/api_controlAccesos/system/CodeIgniter.php(419): CodeIgniter\CodeIgniter->runController(Object(App\Controllers\RestController))
#3 /home/eventodigital/public_html/api_controlAccesos/system/CodeIgniter.php(326): CodeIgniter\CodeIgniter->handleRequest(NULL, Object(Config\Cache), false)
#4 /home/eventodigital/public_html/api_controlAccesos/public/index.php(37): CodeIgniter\CodeIgniter->run()
#5 {main}
CRITICAL - 2024-10-23 16:46:16 --> Class 'App\Libraries\Exception' not found
#0 /home/eventodigital/public_html/api_controlAccesos/app/Controllers/RestController.php(186): App\Libraries\vCard->__construct(false, '06386665')
#1 /home/eventodigital/public_html/api_controlAccesos/system/CodeIgniter.php(832): App\Controllers\RestController->create()
#2 /home/eventodigital/public_html/api_controlAccesos/system/CodeIgniter.php(419): CodeIgniter\CodeIgniter->runController(Object(App\Controllers\RestController))
#3 /home/eventodigital/public_html/api_controlAccesos/system/CodeIgniter.php(326): CodeIgniter\CodeIgniter->handleRequest(NULL, Object(Config\Cache), false)
#4 /home/eventodigital/public_html/api_controlAccesos/public/index.php(37): CodeIgniter\CodeIgniter->run()
#5 {main}
CRITICAL - 2024-10-23 16:47:46 --> Class 'App\Libraries\Exception' not found
#0 /home/eventodigital/public_html/api_controlAccesos/app/Controllers/RestController.php(186): App\Libraries\vCard->__construct(false, 'LH')
#1 /home/eventodigital/public_html/api_controlAccesos/system/CodeIgniter.php(832): App\Controllers\RestController->create()
#2 /home/eventodigital/public_html/api_controlAccesos/system/CodeIgniter.php(419): CodeIgniter\CodeIgniter->runController(Object(App\Controllers\RestController))
#3 /home/eventodigital/public_html/api_controlAccesos/system/CodeIgniter.php(326): CodeIgniter\CodeIgniter->handleRequest(NULL, Object(Config\Cache), false)
#4 /home/eventodigital/public_html/api_controlAccesos/public/index.php(37): CodeIgniter\CodeIgniter->run()
#5 {main}
CRITICAL - 2024-10-23 16:48:20 --> Class 'App\Libraries\Exception' not found
#0 /home/eventodigital/public_html/api_controlAccesos/app/Controllers/RestController.php(186): App\Libraries\vCard->__construct(false, '13413170')
#1 /home/eventodigital/public_html/api_controlAccesos/system/CodeIgniter.php(832): App\Controllers\RestController->create()
#2 /home/eventodigital/public_html/api_controlAccesos/system/CodeIgniter.php(419): CodeIgniter\CodeIgniter->runController(Object(App\Controllers\RestController))
#3 /home/eventodigital/public_html/api_controlAccesos/system/CodeIgniter.php(326): CodeIgniter\CodeIgniter->handleRequest(NULL, Object(Config\Cache), false)
#4 /home/eventodigital/public_html/api_controlAccesos/public/index.php(37): CodeIgniter\CodeIgniter->run()
#5 {main}
ERROR - 2024-10-23 16:48:31 --> Column 'nombreCompleto' cannot be null
CRITICAL - 2024-10-23 16:50:10 --> Class 'App\Libraries\Exception' not found
#0 /home/eventodigital/public_html/api_controlAccesos/app/Controllers/RestController.php(186): App\Libraries\vCard->__construct(false, '90612268')
#1 /home/eventodigital/public_html/api_controlAccesos/system/CodeIgniter.php(832): App\Controllers\RestController->create()
#2 /home/eventodigital/public_html/api_controlAccesos/system/CodeIgniter.php(419): CodeIgniter\CodeIgniter->runController(Object(App\Controllers\RestController))
#3 /home/eventodigital/public_html/api_controlAccesos/system/CodeIgniter.php(326): CodeIgniter\CodeIgniter->handleRequest(NULL, Object(Config\Cache), false)
#4 /home/eventodigital/public_html/api_controlAccesos/public/index.php(37): CodeIgniter\CodeIgniter->run()
#5 {main}
CRITICAL - 2024-10-23 16:50:41 --> Class 'App\Libraries\Exception' not found
#0 /home/eventodigital/public_html/api_controlAccesos/app/Controllers/RestController.php(186): App\Libraries\vCard->__construct(false, '08157454')
#1 /home/eventodigital/public_html/api_controlAccesos/system/CodeIgniter.php(832): App\Controllers\RestController->create()
#2 /home/eventodigital/public_html/api_controlAccesos/system/CodeIgniter.php(419): CodeIgniter\CodeIgniter->runController(Object(App\Controllers\RestController))
#3 /home/eventodigital/public_html/api_controlAccesos/system/CodeIgniter.php(326): CodeIgniter\CodeIgniter->handleRequest(NULL, Object(Config\Cache), false)
#4 /home/eventodigital/public_html/api_controlAccesos/public/index.php(37): CodeIgniter\CodeIgniter->run()
#5 {main}
CRITICAL - 2024-10-23 16:51:35 --> Class 'App\Libraries\Exception' not found
#0 /home/eventodigital/public_html/api_controlAccesos/app/Controllers/RestController.php(186): App\Libraries\vCard->__construct(false, '06991852')
#1 /home/eventodigital/public_html/api_controlAccesos/system/CodeIgniter.php(832): App\Controllers\RestController->create()
#2 /home/eventodigital/public_html/api_controlAccesos/system/CodeIgniter.php(419): CodeIgniter\CodeIgniter->runController(Object(App\Controllers\RestController))
#3 /home/eventodigital/public_html/api_controlAccesos/system/CodeIgniter.php(326): CodeIgniter\CodeIgniter->handleRequest(NULL, Object(Config\Cache), false)
#4 /home/eventodigital/public_html/api_controlAccesos/public/index.php(37): CodeIgniter\CodeIgniter->run()
#5 {main}
CRITICAL - 2024-10-23 16:53:28 --> Class 'App\Libraries\Exception' not found
#0 /home/eventodigital/public_html/api_controlAccesos/app/Controllers/RestController.php(186): App\Libraries\vCard->__construct(false, '04226475')
#1 /home/eventodigital/public_html/api_controlAccesos/system/CodeIgniter.php(832): App\Controllers\RestController->create()
#2 /home/eventodigital/public_html/api_controlAccesos/system/CodeIgniter.php(419): CodeIgniter\CodeIgniter->runController(Object(App\Controllers\RestController))
#3 /home/eventodigital/public_html/api_controlAccesos/system/CodeIgniter.php(326): CodeIgniter\CodeIgniter->handleRequest(NULL, Object(Config\Cache), false)
#4 /home/eventodigital/public_html/api_controlAccesos/public/index.php(37): CodeIgniter\CodeIgniter->run()
#5 {main}
CRITICAL - 2024-10-23 16:59:09 --> Class 'App\Libraries\Exception' not found
#0 /home/eventodigital/public_html/api_controlAccesos/app/Controllers/RestController.php(186): App\Libraries\vCard->__construct(false, '(01)11792964464...')
#1 /home/eventodigital/public_html/api_controlAccesos/system/CodeIgniter.php(832): App\Controllers\RestController->create()
#2 /home/eventodigital/public_html/api_controlAccesos/system/CodeIgniter.php(419): CodeIgniter\CodeIgniter->runController(Object(App\Controllers\RestController))
#3 /home/eventodigital/public_html/api_controlAccesos/system/CodeIgniter.php(326): CodeIgniter\CodeIgniter->handleRequest(NULL, Object(Config\Cache), false)
#4 /home/eventodigital/public_html/api_controlAccesos/public/index.php(37): CodeIgniter\CodeIgniter->run()
#5 {main}
CRITICAL - 2024-10-23 16:59:44 --> Class 'App\Libraries\Exception' not found
#0 /home/eventodigital/public_html/api_controlAccesos/app/Controllers/RestController.php(186): App\Libraries\vCard->__construct(false, '\xEF\xBB\xBFBEGIN:VCARD\n...')
#1 /home/eventodigital/public_html/api_controlAccesos/system/CodeIgniter.php(832): App\Controllers\RestController->create()
#2 /home/eventodigital/public_html/api_controlAccesos/system/CodeIgniter.php(419): CodeIgniter\CodeIgniter->runController(Object(App\Controllers\RestController))
#3 /home/eventodigital/public_html/api_controlAccesos/system/CodeIgniter.php(326): CodeIgniter\CodeIgniter->handleRequest(NULL, Object(Config\Cache), false)
#4 /home/eventodigital/public_html/api_controlAccesos/public/index.php(37): CodeIgniter\CodeIgniter->run()
#5 {main}
CRITICAL - 2024-10-23 17:00:55 --> Class 'App\Libraries\Exception' not found
#0 /home/eventodigital/public_html/api_controlAccesos/app/Controllers/RestController.php(186): App\Libraries\vCard->__construct(false, '10737246')
#1 /home/eventodigital/public_html/api_controlAccesos/system/CodeIgniter.php(832): App\Controllers\RestController->create()
#2 /home/eventodigital/public_html/api_controlAccesos/system/CodeIgniter.php(419): CodeIgniter\CodeIgniter->runController(Object(App\Controllers\RestController))
#3 /home/eventodigital/public_html/api_controlAccesos/system/CodeIgniter.php(326): CodeIgniter\CodeIgniter->handleRequest(NULL, Object(Config\Cache), false)
#4 /home/eventodigital/public_html/api_controlAccesos/public/index.php(37): CodeIgniter\CodeIgniter->run()
#5 {main}
CRITICAL - 2024-10-23 17:00:57 --> Class 'App\Libraries\Exception' not found
#0 /home/eventodigital/public_html/api_controlAccesos/app/Controllers/RestController.php(186): App\Libraries\vCard->__construct(false, '10838778')
#1 /home/eventodigital/public_html/api_controlAccesos/system/CodeIgniter.php(832): App\Controllers\RestController->create()
#2 /home/eventodigital/public_html/api_controlAccesos/system/CodeIgniter.php(419): CodeIgniter\CodeIgniter->runController(Object(App\Controllers\RestController))
#3 /home/eventodigital/public_html/api_controlAccesos/system/CodeIgniter.php(326): CodeIgniter\CodeIgniter->handleRequest(NULL, Object(Config\Cache), false)
#4 /home/eventodigital/public_html/api_controlAccesos/public/index.php(37): CodeIgniter\CodeIgniter->run()
#5 {main}
CRITICAL - 2024-10-23 17:01:02 --> Class 'App\Libraries\Exception' not found
#0 /home/eventodigital/public_html/api_controlAccesos/app/Controllers/RestController.php(186): App\Libraries\vCard->__construct(false, '07636709')
#1 /home/eventodigital/public_html/api_controlAccesos/system/CodeIgniter.php(832): App\Controllers\RestController->create()
#2 /home/eventodigital/public_html/api_controlAccesos/system/CodeIgniter.php(419): CodeIgniter\CodeIgniter->runController(Object(App\Controllers\RestController))
#3 /home/eventodigital/public_html/api_controlAccesos/system/CodeIgniter.php(326): CodeIgniter\CodeIgniter->handleRequest(NULL, Object(Config\Cache), false)
#4 /home/eventodigital/public_html/api_controlAccesos/public/index.php(37): CodeIgniter\CodeIgniter->run()
#5 {main}
CRITICAL - 2024-10-23 17:01:05 --> Class 'App\Libraries\Exception' not found
#0 /home/eventodigital/public_html/api_controlAccesos/app/Controllers/RestController.php(186): App\Libraries\vCard->__construct(false, '09614963')
#1 /home/eventodigital/public_html/api_controlAccesos/system/CodeIgniter.php(832): App\Controllers\RestController->create()
#2 /home/eventodigital/public_html/api_controlAccesos/system/CodeIgniter.php(419): CodeIgniter\CodeIgniter->runController(Object(App\Controllers\RestController))
#3 /home/eventodigital/public_html/api_controlAccesos/system/CodeIgniter.php(326): CodeIgniter\CodeIgniter->handleRequest(NULL, Object(Config\Cache), false)
#4 /home/eventodigital/public_html/api_controlAccesos/public/index.php(37): CodeIgniter\CodeIgniter->run()
#5 {main}
CRITICAL - 2024-10-23 17:01:24 --> Class 'App\Libraries\Exception' not found
#0 /home/eventodigital/public_html/api_controlAccesos/app/Controllers/RestController.php(186): App\Libraries\vCard->__construct(false, '12692392')
#1 /home/eventodigital/public_html/api_controlAccesos/system/CodeIgniter.php(832): App\Controllers\RestController->create()
#2 /home/eventodigital/public_html/api_controlAccesos/system/CodeIgniter.php(419): CodeIgniter\CodeIgniter->runController(Object(App\Controllers\RestController))
#3 /home/eventodigital/public_html/api_controlAccesos/system/CodeIgniter.php(326): CodeIgniter\CodeIgniter->handleRequest(NULL, Object(Config\Cache), false)
#4 /home/eventodigital/public_html/api_controlAccesos/public/index.php(37): CodeIgniter\CodeIgniter->run()
#5 {main}
CRITICAL - 2024-10-23 17:01:42 --> Class 'App\Libraries\Exception' not found
#0 /home/eventodigital/public_html/api_controlAccesos/app/Controllers/RestController.php(186): App\Libraries\vCard->__construct(false, '19171791')
#1 /home/eventodigital/public_html/api_controlAccesos/system/CodeIgniter.php(832): App\Controllers\RestController->create()
#2 /home/eventodigital/public_html/api_controlAccesos/system/CodeIgniter.php(419): CodeIgniter\CodeIgniter->runController(Object(App\Controllers\RestController))
#3 /home/eventodigital/public_html/api_controlAccesos/system/CodeIgniter.php(326): CodeIgniter\CodeIgniter->handleRequest(NULL, Object(Config\Cache), false)
#4 /home/eventodigital/public_html/api_controlAccesos/public/index.php(37): CodeIgniter\CodeIgniter->run()
#5 {main}
CRITICAL - 2024-10-23 17:02:19 --> Class 'App\Libraries\Exception' not found
#0 /home/eventodigital/public_html/api_controlAccesos/app/Controllers/RestController.php(186): App\Libraries\vCard->__construct(false, 'https://www.lin...')
#1 /home/eventodigital/public_html/api_controlAccesos/system/CodeIgniter.php(832): App\Controllers\RestController->create()
#2 /home/eventodigital/public_html/api_controlAccesos/system/CodeIgniter.php(419): CodeIgniter\CodeIgniter->runController(Object(App\Controllers\RestController))
#3 /home/eventodigital/public_html/api_controlAccesos/system/CodeIgniter.php(326): CodeIgniter\CodeIgniter->handleRequest(NULL, Object(Config\Cache), false)
#4 /home/eventodigital/public_html/api_controlAccesos/public/index.php(37): CodeIgniter\CodeIgniter->run()
#5 {main}
CRITICAL - 2024-10-23 17:02:24 --> Class 'App\Libraries\Exception' not found
#0 /home/eventodigital/public_html/api_controlAccesos/app/Controllers/RestController.php(186): App\Libraries\vCard->__construct(false, '03433690')
#1 /home/eventodigital/public_html/api_controlAccesos/system/CodeIgniter.php(832): App\Controllers\RestController->create()
#2 /home/eventodigital/public_html/api_controlAccesos/system/CodeIgniter.php(419): CodeIgniter\CodeIgniter->runController(Object(App\Controllers\RestController))
#3 /home/eventodigital/public_html/api_controlAccesos/system/CodeIgniter.php(326): CodeIgniter\CodeIgniter->handleRequest(NULL, Object(Config\Cache), false)
#4 /home/eventodigital/public_html/api_controlAccesos/public/index.php(37): CodeIgniter\CodeIgniter->run()
#5 {main}
CRITICAL - 2024-10-23 17:02:58 --> Class 'App\Libraries\Exception' not found
#0 /home/eventodigital/public_html/api_controlAccesos/app/Controllers/RestController.php(186): App\Libraries\vCard->__construct(false, '14046063')
#1 /home/eventodigital/public_html/api_controlAccesos/system/CodeIgniter.php(832): App\Controllers\RestController->create()
#2 /home/eventodigital/public_html/api_controlAccesos/system/CodeIgniter.php(419): CodeIgniter\CodeIgniter->runController(Object(App\Controllers\RestController))
#3 /home/eventodigital/public_html/api_controlAccesos/system/CodeIgniter.php(326): CodeIgniter\CodeIgniter->handleRequest(NULL, Object(Config\Cache), false)
#4 /home/eventodigital/public_html/api_controlAccesos/public/index.php(37): CodeIgniter\CodeIgniter->run()
#5 {main}
ERROR - 2024-10-23 17:03:31 --> Column 'nombreCompleto' cannot be null
CRITICAL - 2024-10-23 17:04:23 --> Class 'App\Libraries\Exception' not found
#0 /home/eventodigital/public_html/api_controlAccesos/app/Controllers/RestController.php(186): App\Libraries\vCard->__construct(false, '03177234')
#1 /home/eventodigital/public_html/api_controlAccesos/system/CodeIgniter.php(832): App\Controllers\RestController->create()
#2 /home/eventodigital/public_html/api_controlAccesos/system/CodeIgniter.php(419): CodeIgniter\CodeIgniter->runController(Object(App\Controllers\RestController))
#3 /home/eventodigital/public_html/api_controlAccesos/system/CodeIgniter.php(326): CodeIgniter\CodeIgniter->handleRequest(NULL, Object(Config\Cache), false)
#4 /home/eventodigital/public_html/api_controlAccesos/public/index.php(37): CodeIgniter\CodeIgniter->run()
#5 {main}
CRITICAL - 2024-10-23 17:04:33 --> Class 'App\Libraries\Exception' not found
#0 /home/eventodigital/public_html/api_controlAccesos/app/Controllers/RestController.php(186): App\Libraries\vCard->__construct(false, '18893366')
#1 /home/eventodigital/public_html/api_controlAccesos/system/CodeIgniter.php(832): App\Controllers\RestController->create()
#2 /home/eventodigital/public_html/api_controlAccesos/system/CodeIgniter.php(419): CodeIgniter\CodeIgniter->runController(Object(App\Controllers\RestController))
#3 /home/eventodigital/public_html/api_controlAccesos/system/CodeIgniter.php(326): CodeIgniter\CodeIgniter->handleRequest(NULL, Object(Config\Cache), false)
#4 /home/eventodigital/public_html/api_controlAccesos/public/index.php(37): CodeIgniter\CodeIgniter->run()
#5 {main}
CRITICAL - 2024-10-23 17:05:04 --> Class 'App\Libraries\Exception' not found
#0 /home/eventodigital/public_html/api_controlAccesos/app/Controllers/RestController.php(186): App\Libraries\vCard->__construct(false, '5')
#1 /home/eventodigital/public_html/api_controlAccesos/system/CodeIgniter.php(832): App\Controllers\RestController->create()
#2 /home/eventodigital/public_html/api_controlAccesos/system/CodeIgniter.php(419): CodeIgniter\CodeIgniter->runController(Object(App\Controllers\RestController))
#3 /home/eventodigital/public_html/api_controlAccesos/system/CodeIgniter.php(326): CodeIgniter\CodeIgniter->handleRequest(NULL, Object(Config\Cache), false)
#4 /home/eventodigital/public_html/api_controlAccesos/public/index.php(37): CodeIgniter\CodeIgniter->run()
#5 {main}
CRITICAL - 2024-10-23 17:05:53 --> Class 'App\Libraries\Exception' not found
#0 /home/eventodigital/public_html/api_controlAccesos/app/Controllers/RestController.php(186): App\Libraries\vCard->__construct(false, '14752384')
#1 /home/eventodigital/public_html/api_controlAccesos/system/CodeIgniter.php(832): App\Controllers\RestController->create()
#2 /home/eventodigital/public_html/api_controlAccesos/system/CodeIgniter.php(419): CodeIgniter\CodeIgniter->runController(Object(App\Controllers\RestController))
#3 /home/eventodigital/public_html/api_controlAccesos/system/CodeIgniter.php(326): CodeIgniter\CodeIgniter->handleRequest(NULL, Object(Config\Cache), false)
#4 /home/eventodigital/public_html/api_controlAccesos/public/index.php(37): CodeIgniter\CodeIgniter->run()
#5 {main}
CRITICAL - 2024-10-23 17:05:56 --> Class 'App\Libraries\Exception' not found
#0 /home/eventodigital/public_html/api_controlAccesos/app/Controllers/RestController.php(186): App\Libraries\vCard->__construct(false, '00679152')
#1 /home/eventodigital/public_html/api_controlAccesos/system/CodeIgniter.php(832): App\Controllers\RestController->create()
#2 /home/eventodigital/public_html/api_controlAccesos/system/CodeIgniter.php(419): CodeIgniter\CodeIgniter->runController(Object(App\Controllers\RestController))
#3 /home/eventodigital/public_html/api_controlAccesos/system/CodeIgniter.php(326): CodeIgniter\CodeIgniter->handleRequest(NULL, Object(Config\Cache), false)
#4 /home/eventodigital/public_html/api_controlAccesos/public/index.php(37): CodeIgniter\CodeIgniter->run()
#5 {main}
CRITICAL - 2024-10-23 17:06:10 --> Class 'App\Libraries\Exception' not found
#0 /home/eventodigital/public_html/api_controlAccesos/app/Controllers/RestController.php(186): App\Libraries\vCard->__construct(false, '11537940')
#1 /home/eventodigital/public_html/api_controlAccesos/system/CodeIgniter.php(832): App\Controllers\RestController->create()
#2 /home/eventodigital/public_html/api_controlAccesos/system/CodeIgniter.php(419): CodeIgniter\CodeIgniter->runController(Object(App\Controllers\RestController))
#3 /home/eventodigital/public_html/api_controlAccesos/system/CodeIgniter.php(326): CodeIgniter\CodeIgniter->handleRequest(NULL, Object(Config\Cache), false)
#4 /home/eventodigital/public_html/api_controlAccesos/public/index.php(37): CodeIgniter\CodeIgniter->run()
#5 {main}
CRITICAL - 2024-10-23 17:07:28 --> Class 'App\Libraries\Exception' not found
#0 /home/eventodigital/public_html/api_controlAccesos/app/Controllers/RestController.php(186): App\Libraries\vCard->__construct(false, '16901155')
#1 /home/eventodigital/public_html/api_controlAccesos/system/CodeIgniter.php(832): App\Controllers\RestController->create()
#2 /home/eventodigital/public_html/api_controlAccesos/system/CodeIgniter.php(419): CodeIgniter\CodeIgniter->runController(Object(App\Controllers\RestController))
#3 /home/eventodigital/public_html/api_controlAccesos/system/CodeIgniter.php(326): CodeIgniter\CodeIgniter->handleRequest(NULL, Object(Config\Cache), false)
#4 /home/eventodigital/public_html/api_controlAccesos/public/index.php(37): CodeIgniter\CodeIgniter->run()
#5 {main}
CRITICAL - 2024-10-23 17:07:44 --> Class 'App\Libraries\Exception' not found
#0 /home/eventodigital/public_html/api_controlAccesos/app/Controllers/RestController.php(186): App\Libraries\vCard->__construct(false, '16588022')
#1 /home/eventodigital/public_html/api_controlAccesos/system/CodeIgniter.php(832): App\Controllers\RestController->create()
#2 /home/eventodigital/public_html/api_controlAccesos/system/CodeIgniter.php(419): CodeIgniter\CodeIgniter->runController(Object(App\Controllers\RestController))
#3 /home/eventodigital/public_html/api_controlAccesos/system/CodeIgniter.php(326): CodeIgniter\CodeIgniter->handleRequest(NULL, Object(Config\Cache), false)
#4 /home/eventodigital/public_html/api_controlAccesos/public/index.php(37): CodeIgniter\CodeIgniter->run()
#5 {main}
CRITICAL - 2024-10-23 17:08:30 --> Class 'App\Libraries\Exception' not found
#0 /home/eventodigital/public_html/api_controlAccesos/app/Controllers/RestController.php(186): App\Libraries\vCard->__construct(false, '13270934')
#1 /home/eventodigital/public_html/api_controlAccesos/system/CodeIgniter.php(832): App\Controllers\RestController->create()
#2 /home/eventodigital/public_html/api_controlAccesos/system/CodeIgniter.php(419): CodeIgniter\CodeIgniter->runController(Object(App\Controllers\RestController))
#3 /home/eventodigital/public_html/api_controlAccesos/system/CodeIgniter.php(326): CodeIgniter\CodeIgniter->handleRequest(NULL, Object(Config\Cache), false)
#4 /home/eventodigital/public_html/api_controlAccesos/public/index.php(37): CodeIgniter\CodeIgniter->run()
#5 {main}
CRITICAL - 2024-10-23 17:08:36 --> Class 'App\Libraries\Exception' not found
#0 /home/eventodigital/public_html/api_controlAccesos/app/Controllers/RestController.php(186): App\Libraries\vCard->__construct(false, '14903322')
#1 /home/eventodigital/public_html/api_controlAccesos/system/CodeIgniter.php(832): App\Controllers\RestController->create()
#2 /home/eventodigital/public_html/api_controlAccesos/system/CodeIgniter.php(419): CodeIgniter\CodeIgniter->runController(Object(App\Controllers\RestController))
#3 /home/eventodigital/public_html/api_controlAccesos/system/CodeIgniter.php(326): CodeIgniter\CodeIgniter->handleRequest(NULL, Object(Config\Cache), false)
#4 /home/eventodigital/public_html/api_controlAccesos/public/index.php(37): CodeIgniter\CodeIgniter->run()
#5 {main}
CRITICAL - 2024-10-23 17:09:21 --> Class 'App\Libraries\Exception' not found
#0 /home/eventodigital/public_html/api_controlAccesos/app/Controllers/RestController.php(186): App\Libraries\vCard->__construct(false, '12073191')
#1 /home/eventodigital/public_html/api_controlAccesos/system/CodeIgniter.php(832): App\Controllers\RestController->create()
#2 /home/eventodigital/public_html/api_controlAccesos/system/CodeIgniter.php(419): CodeIgniter\CodeIgniter->runController(Object(App\Controllers\RestController))
#3 /home/eventodigital/public_html/api_controlAccesos/system/CodeIgniter.php(326): CodeIgniter\CodeIgniter->handleRequest(NULL, Object(Config\Cache), false)
#4 /home/eventodigital/public_html/api_controlAccesos/public/index.php(37): CodeIgniter\CodeIgniter->run()
#5 {main}
CRITICAL - 2024-10-23 17:10:04 --> Class 'App\Libraries\Exception' not found
#0 /home/eventodigital/public_html/api_controlAccesos/app/Controllers/RestController.php(186): App\Libraries\vCard->__construct(false, '19849195')
#1 /home/eventodigital/public_html/api_controlAccesos/system/CodeIgniter.php(832): App\Controllers\RestController->create()
#2 /home/eventodigital/public_html/api_controlAccesos/system/CodeIgniter.php(419): CodeIgniter\CodeIgniter->runController(Object(App\Controllers\RestController))
#3 /home/eventodigital/public_html/api_controlAccesos/system/CodeIgniter.php(326): CodeIgniter\CodeIgniter->handleRequest(NULL, Object(Config\Cache), false)
#4 /home/eventodigital/public_html/api_controlAccesos/public/index.php(37): CodeIgniter\CodeIgniter->run()
#5 {main}
CRITICAL - 2024-10-23 17:10:23 --> Class 'App\Libraries\Exception' not found
#0 /home/eventodigital/public_html/api_controlAccesos/app/Controllers/RestController.php(186): App\Libraries\vCard->__construct(false, '08101541')
#1 /home/eventodigital/public_html/api_controlAccesos/system/CodeIgniter.php(832): App\Controllers\RestController->create()
#2 /home/eventodigital/public_html/api_controlAccesos/system/CodeIgniter.php(419): CodeIgniter\CodeIgniter->runController(Object(App\Controllers\RestController))
#3 /home/eventodigital/public_html/api_controlAccesos/system/CodeIgniter.php(326): CodeIgniter\CodeIgniter->handleRequest(NULL, Object(Config\Cache), false)
#4 /home/eventodigital/public_html/api_controlAccesos/public/index.php(37): CodeIgniter\CodeIgniter->run()
#5 {main}
CRITICAL - 2024-10-23 17:13:32 --> Class 'App\Libraries\Exception' not found
#0 /home/eventodigital/public_html/api_controlAccesos/app/Controllers/RestController.php(186): App\Libraries\vCard->__construct(false, '14711804')
#1 /home/eventodigital/public_html/api_controlAccesos/system/CodeIgniter.php(832): App\Controllers\RestController->create()
#2 /home/eventodigital/public_html/api_controlAccesos/system/CodeIgniter.php(419): CodeIgniter\CodeIgniter->runController(Object(App\Controllers\RestController))
#3 /home/eventodigital/public_html/api_controlAccesos/system/CodeIgniter.php(326): CodeIgniter\CodeIgniter->handleRequest(NULL, Object(Config\Cache), false)
#4 /home/eventodigital/public_html/api_controlAccesos/public/index.php(37): CodeIgniter\CodeIgniter->run()
#5 {main}
CRITICAL - 2024-10-23 17:14:28 --> Class 'App\Libraries\Exception' not found
#0 /home/eventodigital/public_html/api_controlAccesos/app/Controllers/RestController.php(186): App\Libraries\vCard->__construct(false, '17070478')
#1 /home/eventodigital/public_html/api_controlAccesos/system/CodeIgniter.php(832): App\Controllers\RestController->create()
#2 /home/eventodigital/public_html/api_controlAccesos/system/CodeIgniter.php(419): CodeIgniter\CodeIgniter->runController(Object(App\Controllers\RestController))
#3 /home/eventodigital/public_html/api_controlAccesos/system/CodeIgniter.php(326): CodeIgniter\CodeIgniter->handleRequest(NULL, Object(Config\Cache), false)
#4 /home/eventodigital/public_html/api_controlAccesos/public/index.php(37): CodeIgniter\CodeIgniter->run()
#5 {main}
CRITICAL - 2024-10-23 17:14:39 --> Class 'App\Libraries\Exception' not found
#0 /home/eventodigital/public_html/api_controlAccesos/app/Controllers/RestController.php(186): App\Libraries\vCard->__construct(false, '11075238')
#1 /home/eventodigital/public_html/api_controlAccesos/system/CodeIgniter.php(832): App\Controllers\RestController->create()
#2 /home/eventodigital/public_html/api_controlAccesos/system/CodeIgniter.php(419): CodeIgniter\CodeIgniter->runController(Object(App\Controllers\RestController))
#3 /home/eventodigital/public_html/api_controlAccesos/system/CodeIgniter.php(326): CodeIgniter\CodeIgniter->handleRequest(NULL, Object(Config\Cache), false)
#4 /home/eventodigital/public_html/api_controlAccesos/public/index.php(37): CodeIgniter\CodeIgniter->run()
#5 {main}
CRITICAL - 2024-10-23 17:14:41 --> Class 'App\Libraries\Exception' not found
#0 /home/eventodigital/public_html/api_controlAccesos/app/Controllers/RestController.php(186): App\Libraries\vCard->__construct(false, '08646750')
#1 /home/eventodigital/public_html/api_controlAccesos/system/CodeIgniter.php(832): App\Controllers\RestController->create()
#2 /home/eventodigital/public_html/api_controlAccesos/system/CodeIgniter.php(419): CodeIgniter\CodeIgniter->runController(Object(App\Controllers\RestController))
#3 /home/eventodigital/public_html/api_controlAccesos/system/CodeIgniter.php(326): CodeIgniter\CodeIgniter->handleRequest(NULL, Object(Config\Cache), false)
#4 /home/eventodigital/public_html/api_controlAccesos/public/index.php(37): CodeIgniter\CodeIgniter->run()
#5 {main}
CRITICAL - 2024-10-23 17:15:06 --> Class 'App\Libraries\Exception' not found
#0 /home/eventodigital/public_html/api_controlAccesos/app/Controllers/RestController.php(186): App\Libraries\vCard->__construct(false, '8139429770330')
#1 /home/eventodigital/public_html/api_controlAccesos/system/CodeIgniter.php(832): App\Controllers\RestController->create()
#2 /home/eventodigital/public_html/api_controlAccesos/system/CodeIgniter.php(419): CodeIgniter\CodeIgniter->runController(Object(App\Controllers\RestController))
#3 /home/eventodigital/public_html/api_controlAccesos/system/CodeIgniter.php(326): CodeIgniter\CodeIgniter->handleRequest(NULL, Object(Config\Cache), false)
#4 /home/eventodigital/public_html/api_controlAccesos/public/index.php(37): CodeIgniter\CodeIgniter->run()
#5 {main}
CRITICAL - 2024-10-23 17:15:11 --> Class 'App\Libraries\Exception' not found
#0 /home/eventodigital/public_html/api_controlAccesos/app/Controllers/RestController.php(186): App\Libraries\vCard->__construct(false, '17995368')
#1 /home/eventodigital/public_html/api_controlAccesos/system/CodeIgniter.php(832): App\Controllers\RestController->create()
#2 /home/eventodigital/public_html/api_controlAccesos/system/CodeIgniter.php(419): CodeIgniter\CodeIgniter->runController(Object(App\Controllers\RestController))
#3 /home/eventodigital/public_html/api_controlAccesos/system/CodeIgniter.php(326): CodeIgniter\CodeIgniter->handleRequest(NULL, Object(Config\Cache), false)
#4 /home/eventodigital/public_html/api_controlAccesos/public/index.php(37): CodeIgniter\CodeIgniter->run()
#5 {main}
CRITICAL - 2024-10-23 17:15:15 --> Class 'App\Libraries\Exception' not found
#0 /home/eventodigital/public_html/api_controlAccesos/app/Controllers/RestController.php(186): App\Libraries\vCard->__construct(false, '06662462')
#1 /home/eventodigital/public_html/api_controlAccesos/system/CodeIgniter.php(832): App\Controllers\RestController->create()
#2 /home/eventodigital/public_html/api_controlAccesos/system/CodeIgniter.php(419): CodeIgniter\CodeIgniter->runController(Object(App\Controllers\RestController))
#3 /home/eventodigital/public_html/api_controlAccesos/system/CodeIgniter.php(326): CodeIgniter\CodeIgniter->handleRequest(NULL, Object(Config\Cache), false)
#4 /home/eventodigital/public_html/api_controlAccesos/public/index.php(37): CodeIgniter\CodeIgniter->run()
#5 {main}
CRITICAL - 2024-10-23 17:15:49 --> Class 'App\Libraries\Exception' not found
#0 /home/eventodigital/public_html/api_controlAccesos/app/Controllers/RestController.php(186): App\Libraries\vCard->__construct(false, '18011272')
#1 /home/eventodigital/public_html/api_controlAccesos/system/CodeIgniter.php(832): App\Controllers\RestController->create()
#2 /home/eventodigital/public_html/api_controlAccesos/system/CodeIgniter.php(419): CodeIgniter\CodeIgniter->runController(Object(App\Controllers\RestController))
#3 /home/eventodigital/public_html/api_controlAccesos/system/CodeIgniter.php(326): CodeIgniter\CodeIgniter->handleRequest(NULL, Object(Config\Cache), false)
#4 /home/eventodigital/public_html/api_controlAccesos/public/index.php(37): CodeIgniter\CodeIgniter->run()
#5 {main}
CRITICAL - 2024-10-23 17:16:02 --> Class 'App\Libraries\Exception' not found
#0 /home/eventodigital/public_html/api_controlAccesos/app/Controllers/RestController.php(186): App\Libraries\vCard->__construct(false, '04583615')
#1 /home/eventodigital/public_html/api_controlAccesos/system/CodeIgniter.php(832): App\Controllers\RestController->create()
#2 /home/eventodigital/public_html/api_controlAccesos/system/CodeIgniter.php(419): CodeIgniter\CodeIgniter->runController(Object(App\Controllers\RestController))
#3 /home/eventodigital/public_html/api_controlAccesos/system/CodeIgniter.php(326): CodeIgniter\CodeIgniter->handleRequest(NULL, Object(Config\Cache), false)
#4 /home/eventodigital/public_html/api_controlAccesos/public/index.php(37): CodeIgniter\CodeIgniter->run()
#5 {main}
CRITICAL - 2024-10-23 17:16:18 --> Class 'App\Libraries\Exception' not found
#0 /home/eventodigital/public_html/api_controlAccesos/app/Controllers/RestController.php(186): App\Libraries\vCard->__construct(false, '03831119')
#1 /home/eventodigital/public_html/api_controlAccesos/system/CodeIgniter.php(832): App\Controllers\RestController->create()
#2 /home/eventodigital/public_html/api_controlAccesos/system/CodeIgniter.php(419): CodeIgniter\CodeIgniter->runController(Object(App\Controllers\RestController))
#3 /home/eventodigital/public_html/api_controlAccesos/system/CodeIgniter.php(326): CodeIgniter\CodeIgniter->handleRequest(NULL, Object(Config\Cache), false)
#4 /home/eventodigital/public_html/api_controlAccesos/public/index.php(37): CodeIgniter\CodeIgniter->run()
#5 {main}
CRITICAL - 2024-10-23 17:16:35 --> Class 'App\Libraries\Exception' not found
#0 /home/eventodigital/public_html/api_controlAccesos/app/Controllers/RestController.php(186): App\Libraries\vCard->__construct(false, '13950989')
#1 /home/eventodigital/public_html/api_controlAccesos/system/CodeIgniter.php(832): App\Controllers\RestController->create()
#2 /home/eventodigital/public_html/api_controlAccesos/system/CodeIgniter.php(419): CodeIgniter\CodeIgniter->runController(Object(App\Controllers\RestController))
#3 /home/eventodigital/public_html/api_controlAccesos/system/CodeIgniter.php(326): CodeIgniter\CodeIgniter->handleRequest(NULL, Object(Config\Cache), false)
#4 /home/eventodigital/public_html/api_controlAccesos/public/index.php(37): CodeIgniter\CodeIgniter->run()
#5 {main}
CRITICAL - 2024-10-23 17:18:19 --> Class 'App\Libraries\Exception' not found
#0 /home/eventodigital/public_html/api_controlAccesos/app/Controllers/RestController.php(186): App\Libraries\vCard->__construct(false, '19101615')
#1 /home/eventodigital/public_html/api_controlAccesos/system/CodeIgniter.php(832): App\Controllers\RestController->create()
#2 /home/eventodigital/public_html/api_controlAccesos/system/CodeIgniter.php(419): CodeIgniter\CodeIgniter->runController(Object(App\Controllers\RestController))
#3 /home/eventodigital/public_html/api_controlAccesos/system/CodeIgniter.php(326): CodeIgniter\CodeIgniter->handleRequest(NULL, Object(Config\Cache), false)
#4 /home/eventodigital/public_html/api_controlAccesos/public/index.php(37): CodeIgniter\CodeIgniter->run()
#5 {main}
CRITICAL - 2024-10-23 17:18:43 --> Class 'App\Libraries\Exception' not found
#0 /home/eventodigital/public_html/api_controlAccesos/app/Controllers/RestController.php(186): App\Libraries\vCard->__construct(false, '09171077')
#1 /home/eventodigital/public_html/api_controlAccesos/system/CodeIgniter.php(832): App\Controllers\RestController->create()
#2 /home/eventodigital/public_html/api_controlAccesos/system/CodeIgniter.php(419): CodeIgniter\CodeIgniter->runController(Object(App\Controllers\RestController))
#3 /home/eventodigital/public_html/api_controlAccesos/system/CodeIgniter.php(326): CodeIgniter\CodeIgniter->handleRequest(NULL, Object(Config\Cache), false)
#4 /home/eventodigital/public_html/api_controlAccesos/public/index.php(37): CodeIgniter\CodeIgniter->run()
#5 {main}
CRITICAL - 2024-10-23 17:20:30 --> Class 'App\Libraries\Exception' not found
#0 /home/eventodigital/public_html/api_controlAccesos/app/Controllers/RestController.php(186): App\Libraries\vCard->__construct(false, '17060271')
#1 /home/eventodigital/public_html/api_controlAccesos/system/CodeIgniter.php(832): App\Controllers\RestController->create()
#2 /home/eventodigital/public_html/api_controlAccesos/system/CodeIgniter.php(419): CodeIgniter\CodeIgniter->runController(Object(App\Controllers\RestController))
#3 /home/eventodigital/public_html/api_controlAccesos/system/CodeIgniter.php(326): CodeIgniter\CodeIgniter->handleRequest(NULL, Object(Config\Cache), false)
#4 /home/eventodigital/public_html/api_controlAccesos/public/index.php(37): CodeIgniter\CodeIgniter->run()
#5 {main}
CRITICAL - 2024-10-23 17:20:31 --> Class 'App\Libraries\Exception' not found
#0 /home/eventodigital/public_html/api_controlAccesos/app/Controllers/RestController.php(186): App\Libraries\vCard->__construct(false, '10335765')
#1 /home/eventodigital/public_html/api_controlAccesos/system/CodeIgniter.php(832): App\Controllers\RestController->create()
#2 /home/eventodigital/public_html/api_controlAccesos/system/CodeIgniter.php(419): CodeIgniter\CodeIgniter->runController(Object(App\Controllers\RestController))
#3 /home/eventodigital/public_html/api_controlAccesos/system/CodeIgniter.php(326): CodeIgniter\CodeIgniter->handleRequest(NULL, Object(Config\Cache), false)
#4 /home/eventodigital/public_html/api_controlAccesos/public/index.php(37): CodeIgniter\CodeIgniter->run()
#5 {main}
CRITICAL - 2024-10-23 17:21:06 --> Class 'App\Libraries\Exception' not found
#0 /home/eventodigital/public_html/api_controlAccesos/app/Controllers/RestController.php(186): App\Libraries\vCard->__construct(false, '64572888')
#1 /home/eventodigital/public_html/api_controlAccesos/system/CodeIgniter.php(832): App\Controllers\RestController->create()
#2 /home/eventodigital/public_html/api_controlAccesos/system/CodeIgniter.php(419): CodeIgniter\CodeIgniter->runController(Object(App\Controllers\RestController))
#3 /home/eventodigital/public_html/api_controlAccesos/system/CodeIgniter.php(326): CodeIgniter\CodeIgniter->handleRequest(NULL, Object(Config\Cache), false)
#4 /home/eventodigital/public_html/api_controlAccesos/public/index.php(37): CodeIgniter\CodeIgniter->run()
#5 {main}
CRITICAL - 2024-10-23 17:22:04 --> Class 'App\Libraries\Exception' not found
#0 /home/eventodigital/public_html/api_controlAccesos/app/Controllers/RestController.php(186): App\Libraries\vCard->__construct(false, '08308757')
#1 /home/eventodigital/public_html/api_controlAccesos/system/CodeIgniter.php(832): App\Controllers\RestController->create()
#2 /home/eventodigital/public_html/api_controlAccesos/system/CodeIgniter.php(419): CodeIgniter\CodeIgniter->runController(Object(App\Controllers\RestController))
#3 /home/eventodigital/public_html/api_controlAccesos/system/CodeIgniter.php(326): CodeIgniter\CodeIgniter->handleRequest(NULL, Object(Config\Cache), false)
#4 /home/eventodigital/public_html/api_controlAccesos/public/index.php(37): CodeIgniter\CodeIgniter->run()
#5 {main}
CRITICAL - 2024-10-23 17:23:15 --> Class 'App\Libraries\Exception' not found
#0 /home/eventodigital/public_html/api_controlAccesos/app/Controllers/RestController.php(186): App\Libraries\vCard->__construct(false, '14215235')
#1 /home/eventodigital/public_html/api_controlAccesos/system/CodeIgniter.php(832): App\Controllers\RestController->create()
#2 /home/eventodigital/public_html/api_controlAccesos/system/CodeIgniter.php(419): CodeIgniter\CodeIgniter->runController(Object(App\Controllers\RestController))
#3 /home/eventodigital/public_html/api_controlAccesos/system/CodeIgniter.php(326): CodeIgniter\CodeIgniter->handleRequest(NULL, Object(Config\Cache), false)
#4 /home/eventodigital/public_html/api_controlAccesos/public/index.php(37): CodeIgniter\CodeIgniter->run()
#5 {main}
CRITICAL - 2024-10-23 17:23:19 --> Class 'App\Libraries\Exception' not found
#0 /home/eventodigital/public_html/api_controlAccesos/app/Controllers/RestController.php(186): App\Libraries\vCard->__construct(false, '18637984')
#1 /home/eventodigital/public_html/api_controlAccesos/system/CodeIgniter.php(832): App\Controllers\RestController->create()
#2 /home/eventodigital/public_html/api_controlAccesos/system/CodeIgniter.php(419): CodeIgniter\CodeIgniter->runController(Object(App\Controllers\RestController))
#3 /home/eventodigital/public_html/api_controlAccesos/system/CodeIgniter.php(326): CodeIgniter\CodeIgniter->handleRequest(NULL, Object(Config\Cache), false)
#4 /home/eventodigital/public_html/api_controlAccesos/public/index.php(37): CodeIgniter\CodeIgniter->run()
#5 {main}
CRITICAL - 2024-10-23 17:24:19 --> Class 'App\Libraries\Exception' not found
#0 /home/eventodigital/public_html/api_controlAccesos/app/Controllers/RestController.php(186): App\Libraries\vCard->__construct(false, '06468741')
#1 /home/eventodigital/public_html/api_controlAccesos/system/CodeIgniter.php(832): App\Controllers\RestController->create()
#2 /home/eventodigital/public_html/api_controlAccesos/system/CodeIgniter.php(419): CodeIgniter\CodeIgniter->runController(Object(App\Controllers\RestController))
#3 /home/eventodigital/public_html/api_controlAccesos/system/CodeIgniter.php(326): CodeIgniter\CodeIgniter->handleRequest(NULL, Object(Config\Cache), false)
#4 /home/eventodigital/public_html/api_controlAccesos/public/index.php(37): CodeIgniter\CodeIgniter->run()
#5 {main}
CRITICAL - 2024-10-23 17:24:35 --> Class 'App\Libraries\Exception' not found
#0 /home/eventodigital/public_html/api_controlAccesos/app/Controllers/RestController.php(186): App\Libraries\vCard->__construct(false, '11504919')
#1 /home/eventodigital/public_html/api_controlAccesos/system/CodeIgniter.php(832): App\Controllers\RestController->create()
#2 /home/eventodigital/public_html/api_controlAccesos/system/CodeIgniter.php(419): CodeIgniter\CodeIgniter->runController(Object(App\Controllers\RestController))
#3 /home/eventodigital/public_html/api_controlAccesos/system/CodeIgniter.php(326): CodeIgniter\CodeIgniter->handleRequest(NULL, Object(Config\Cache), false)
#4 /home/eventodigital/public_html/api_controlAccesos/public/index.php(37): CodeIgniter\CodeIgniter->run()
#5 {main}
CRITICAL - 2024-10-23 17:25:46 --> Class 'App\Libraries\Exception' not found
#0 /home/eventodigital/public_html/api_controlAccesos/app/Controllers/RestController.php(186): App\Libraries\vCard->__construct(false, '17713614')
#1 /home/eventodigital/public_html/api_controlAccesos/system/CodeIgniter.php(832): App\Controllers\RestController->create()
#2 /home/eventodigital/public_html/api_controlAccesos/system/CodeIgniter.php(419): CodeIgniter\CodeIgniter->runController(Object(App\Controllers\RestController))
#3 /home/eventodigital/public_html/api_controlAccesos/system/CodeIgniter.php(326): CodeIgniter\CodeIgniter->handleRequest(NULL, Object(Config\Cache), false)
#4 /home/eventodigital/public_html/api_controlAccesos/public/index.php(37): CodeIgniter\CodeIgniter->run()
#5 {main}
CRITICAL - 2024-10-23 17:26:17 --> Class 'App\Libraries\Exception' not found
#0 /home/eventodigital/public_html/api_controlAccesos/app/Controllers/RestController.php(186): App\Libraries\vCard->__construct(false, '13973827')
#1 /home/eventodigital/public_html/api_controlAccesos/system/CodeIgniter.php(832): App\Controllers\RestController->create()
#2 /home/eventodigital/public_html/api_controlAccesos/system/CodeIgniter.php(419): CodeIgniter\CodeIgniter->runController(Object(App\Controllers\RestController))
#3 /home/eventodigital/public_html/api_controlAccesos/system/CodeIgniter.php(326): CodeIgniter\CodeIgniter->handleRequest(NULL, Object(Config\Cache), false)
#4 /home/eventodigital/public_html/api_controlAccesos/public/index.php(37): CodeIgniter\CodeIgniter->run()
#5 {main}
CRITICAL - 2024-10-23 17:26:38 --> Class 'App\Libraries\Exception' not found
#0 /home/eventodigital/public_html/api_controlAccesos/app/Controllers/RestController.php(186): App\Libraries\vCard->__construct(false, '04337134')
#1 /home/eventodigital/public_html/api_controlAccesos/system/CodeIgniter.php(832): App\Controllers\RestController->create()
#2 /home/eventodigital/public_html/api_controlAccesos/system/CodeIgniter.php(419): CodeIgniter\CodeIgniter->runController(Object(App\Controllers\RestController))
#3 /home/eventodigital/public_html/api_controlAccesos/system/CodeIgniter.php(326): CodeIgniter\CodeIgniter->handleRequest(NULL, Object(Config\Cache), false)
#4 /home/eventodigital/public_html/api_controlAccesos/public/index.php(37): CodeIgniter\CodeIgniter->run()
#5 {main}
CRITICAL - 2024-10-23 17:27:48 --> Class 'App\Libraries\Exception' not found
#0 /home/eventodigital/public_html/api_controlAccesos/app/Controllers/RestController.php(186): App\Libraries\vCard->__construct(false, '10394047')
#1 /home/eventodigital/public_html/api_controlAccesos/system/CodeIgniter.php(832): App\Controllers\RestController->create()
#2 /home/eventodigital/public_html/api_controlAccesos/system/CodeIgniter.php(419): CodeIgniter\CodeIgniter->runController(Object(App\Controllers\RestController))
#3 /home/eventodigital/public_html/api_controlAccesos/system/CodeIgniter.php(326): CodeIgniter\CodeIgniter->handleRequest(NULL, Object(Config\Cache), false)
#4 /home/eventodigital/public_html/api_controlAccesos/public/index.php(37): CodeIgniter\CodeIgniter->run()
#5 {main}
CRITICAL - 2024-10-23 17:29:16 --> Class 'App\Libraries\Exception' not found
#0 /home/eventodigital/public_html/api_controlAccesos/app/Controllers/RestController.php(186): App\Libraries\vCard->__construct(false, '16373910')
#1 /home/eventodigital/public_html/api_controlAccesos/system/CodeIgniter.php(832): App\Controllers\RestController->create()
#2 /home/eventodigital/public_html/api_controlAccesos/system/CodeIgniter.php(419): CodeIgniter\CodeIgniter->runController(Object(App\Controllers\RestController))
#3 /home/eventodigital/public_html/api_controlAccesos/system/CodeIgniter.php(326): CodeIgniter\CodeIgniter->handleRequest(NULL, Object(Config\Cache), false)
#4 /home/eventodigital/public_html/api_controlAccesos/public/index.php(37): CodeIgniter\CodeIgniter->run()
#5 {main}
CRITICAL - 2024-10-23 17:29:50 --> Class 'App\Libraries\Exception' not found
#0 /home/eventodigital/public_html/api_controlAccesos/app/Controllers/RestController.php(186): App\Libraries\vCard->__construct(false, '\xEF\xBB\xBFBEGIN:VCARD\n...')
#1 /home/eventodigital/public_html/api_controlAccesos/system/CodeIgniter.php(832): App\Controllers\RestController->create()
#2 /home/eventodigital/public_html/api_controlAccesos/system/CodeIgniter.php(419): CodeIgniter\CodeIgniter->runController(Object(App\Controllers\RestController))
#3 /home/eventodigital/public_html/api_controlAccesos/system/CodeIgniter.php(326): CodeIgniter\CodeIgniter->handleRequest(NULL, Object(Config\Cache), false)
#4 /home/eventodigital/public_html/api_controlAccesos/public/index.php(37): CodeIgniter\CodeIgniter->run()
#5 {main}
CRITICAL - 2024-10-23 17:32:50 --> Class 'App\Libraries\Exception' not found
#0 /home/eventodigital/public_html/api_controlAccesos/app/Controllers/RestController.php(186): App\Libraries\vCard->__construct(false, '32146363')
#1 /home/eventodigital/public_html/api_controlAccesos/system/CodeIgniter.php(832): App\Controllers\RestController->create()
#2 /home/eventodigital/public_html/api_controlAccesos/system/CodeIgniter.php(419): CodeIgniter\CodeIgniter->runController(Object(App\Controllers\RestController))
#3 /home/eventodigital/public_html/api_controlAccesos/system/CodeIgniter.php(326): CodeIgniter\CodeIgniter->handleRequest(NULL, Object(Config\Cache), false)
#4 /home/eventodigital/public_html/api_controlAccesos/public/index.php(37): CodeIgniter\CodeIgniter->run()
#5 {main}
CRITICAL - 2024-10-23 17:34:11 --> Class 'App\Libraries\Exception' not found
#0 /home/eventodigital/public_html/api_controlAccesos/app/Controllers/RestController.php(186): App\Libraries\vCard->__construct(false, '08525316')
#1 /home/eventodigital/public_html/api_controlAccesos/system/CodeIgniter.php(832): App\Controllers\RestController->create()
#2 /home/eventodigital/public_html/api_controlAccesos/system/CodeIgniter.php(419): CodeIgniter\CodeIgniter->runController(Object(App\Controllers\RestController))
#3 /home/eventodigital/public_html/api_controlAccesos/system/CodeIgniter.php(326): CodeIgniter\CodeIgniter->handleRequest(NULL, Object(Config\Cache), false)
#4 /home/eventodigital/public_html/api_controlAccesos/public/index.php(37): CodeIgniter\CodeIgniter->run()
#5 {main}
CRITICAL - 2024-10-23 17:34:17 --> Class 'App\Libraries\Exception' not found
#0 /home/eventodigital/public_html/api_controlAccesos/app/Controllers/RestController.php(186): App\Libraries\vCard->__construct(false, '13378967')
#1 /home/eventodigital/public_html/api_controlAccesos/system/CodeIgniter.php(832): App\Controllers\RestController->create()
#2 /home/eventodigital/public_html/api_controlAccesos/system/CodeIgniter.php(419): CodeIgniter\CodeIgniter->runController(Object(App\Controllers\RestController))
#3 /home/eventodigital/public_html/api_controlAccesos/system/CodeIgniter.php(326): CodeIgniter\CodeIgniter->handleRequest(NULL, Object(Config\Cache), false)
#4 /home/eventodigital/public_html/api_controlAccesos/public/index.php(37): CodeIgniter\CodeIgniter->run()
#5 {main}
CRITICAL - 2024-10-23 17:35:33 --> Class 'App\Libraries\Exception' not found
#0 /home/eventodigital/public_html/api_controlAccesos/app/Controllers/RestController.php(186): App\Libraries\vCard->__construct(false, '09506176')
#1 /home/eventodigital/public_html/api_controlAccesos/system/CodeIgniter.php(832): App\Controllers\RestController->create()
#2 /home/eventodigital/public_html/api_controlAccesos/system/CodeIgniter.php(419): CodeIgniter\CodeIgniter->runController(Object(App\Controllers\RestController))
#3 /home/eventodigital/public_html/api_controlAccesos/system/CodeIgniter.php(326): CodeIgniter\CodeIgniter->handleRequest(NULL, Object(Config\Cache), false)
#4 /home/eventodigital/public_html/api_controlAccesos/public/index.php(37): CodeIgniter\CodeIgniter->run()
#5 {main}
CRITICAL - 2024-10-23 17:35:49 --> Class 'App\Libraries\Exception' not found
#0 /home/eventodigital/public_html/api_controlAccesos/app/Controllers/RestController.php(186): App\Libraries\vCard->__construct(false, '16015593')
#1 /home/eventodigital/public_html/api_controlAccesos/system/CodeIgniter.php(832): App\Controllers\RestController->create()
#2 /home/eventodigital/public_html/api_controlAccesos/system/CodeIgniter.php(419): CodeIgniter\CodeIgniter->runController(Object(App\Controllers\RestController))
#3 /home/eventodigital/public_html/api_controlAccesos/system/CodeIgniter.php(326): CodeIgniter\CodeIgniter->handleRequest(NULL, Object(Config\Cache), false)
#4 /home/eventodigital/public_html/api_controlAccesos/public/index.php(37): CodeIgniter\CodeIgniter->run()
#5 {main}
CRITICAL - 2024-10-23 17:35:54 --> Class 'App\Libraries\Exception' not found
#0 /home/eventodigital/public_html/api_controlAccesos/app/Controllers/RestController.php(186): App\Libraries\vCard->__construct(false, '04736851')
#1 /home/eventodigital/public_html/api_controlAccesos/system/CodeIgniter.php(832): App\Controllers\RestController->create()
#2 /home/eventodigital/public_html/api_controlAccesos/system/CodeIgniter.php(419): CodeIgniter\CodeIgniter->runController(Object(App\Controllers\RestController))
#3 /home/eventodigital/public_html/api_controlAccesos/system/CodeIgniter.php(326): CodeIgniter\CodeIgniter->handleRequest(NULL, Object(Config\Cache), false)
#4 /home/eventodigital/public_html/api_controlAccesos/public/index.php(37): CodeIgniter\CodeIgniter->run()
#5 {main}
CRITICAL - 2024-10-23 17:36:49 --> Class 'App\Libraries\Exception' not found
#0 /home/eventodigital/public_html/api_controlAccesos/app/Controllers/RestController.php(186): App\Libraries\vCard->__construct(false, '03305526')
#1 /home/eventodigital/public_html/api_controlAccesos/system/CodeIgniter.php(832): App\Controllers\RestController->create()
#2 /home/eventodigital/public_html/api_controlAccesos/system/CodeIgniter.php(419): CodeIgniter\CodeIgniter->runController(Object(App\Controllers\RestController))
#3 /home/eventodigital/public_html/api_controlAccesos/system/CodeIgniter.php(326): CodeIgniter\CodeIgniter->handleRequest(NULL, Object(Config\Cache), false)
#4 /home/eventodigital/public_html/api_controlAccesos/public/index.php(37): CodeIgniter\CodeIgniter->run()
#5 {main}
CRITICAL - 2024-10-23 17:38:39 --> Class 'App\Libraries\Exception' not found
#0 /home/eventodigital/public_html/api_controlAccesos/app/Controllers/RestController.php(186): App\Libraries\vCard->__construct(false, '03797099')
#1 /home/eventodigital/public_html/api_controlAccesos/system/CodeIgniter.php(832): App\Controllers\RestController->create()
#2 /home/eventodigital/public_html/api_controlAccesos/system/CodeIgniter.php(419): CodeIgniter\CodeIgniter->runController(Object(App\Controllers\RestController))
#3 /home/eventodigital/public_html/api_controlAccesos/system/CodeIgniter.php(326): CodeIgniter\CodeIgniter->handleRequest(NULL, Object(Config\Cache), false)
#4 /home/eventodigital/public_html/api_controlAccesos/public/index.php(37): CodeIgniter\CodeIgniter->run()
#5 {main}
CRITICAL - 2024-10-23 17:39:11 --> Class 'App\Libraries\Exception' not found
#0 /home/eventodigital/public_html/api_controlAccesos/app/Controllers/RestController.php(186): App\Libraries\vCard->__construct(false, '06738884')
#1 /home/eventodigital/public_html/api_controlAccesos/system/CodeIgniter.php(832): App\Controllers\RestController->create()
#2 /home/eventodigital/public_html/api_controlAccesos/system/CodeIgniter.php(419): CodeIgniter\CodeIgniter->runController(Object(App\Controllers\RestController))
#3 /home/eventodigital/public_html/api_controlAccesos/system/CodeIgniter.php(326): CodeIgniter\CodeIgniter->handleRequest(NULL, Object(Config\Cache), false)
#4 /home/eventodigital/public_html/api_controlAccesos/public/index.php(37): CodeIgniter\CodeIgniter->run()
#5 {main}
CRITICAL - 2024-10-23 17:39:39 --> Class 'App\Libraries\Exception' not found
#0 /home/eventodigital/public_html/api_controlAccesos/app/Controllers/RestController.php(186): App\Libraries\vCard->__construct(false, '10539255')
#1 /home/eventodigital/public_html/api_controlAccesos/system/CodeIgniter.php(832): App\Controllers\RestController->create()
#2 /home/eventodigital/public_html/api_controlAccesos/system/CodeIgniter.php(419): CodeIgniter\CodeIgniter->runController(Object(App\Controllers\RestController))
#3 /home/eventodigital/public_html/api_controlAccesos/system/CodeIgniter.php(326): CodeIgniter\CodeIgniter->handleRequest(NULL, Object(Config\Cache), false)
#4 /home/eventodigital/public_html/api_controlAccesos/public/index.php(37): CodeIgniter\CodeIgniter->run()
#5 {main}
CRITICAL - 2024-10-23 17:41:52 --> Class 'App\Libraries\Exception' not found
#0 /home/eventodigital/public_html/api_controlAccesos/app/Controllers/RestController.php(186): App\Libraries\vCard->__construct(false, '03331945')
#1 /home/eventodigital/public_html/api_controlAccesos/system/CodeIgniter.php(832): App\Controllers\RestController->create()
#2 /home/eventodigital/public_html/api_controlAccesos/system/CodeIgniter.php(419): CodeIgniter\CodeIgniter->runController(Object(App\Controllers\RestController))
#3 /home/eventodigital/public_html/api_controlAccesos/system/CodeIgniter.php(326): CodeIgniter\CodeIgniter->handleRequest(NULL, Object(Config\Cache), false)
#4 /home/eventodigital/public_html/api_controlAccesos/public/index.php(37): CodeIgniter\CodeIgniter->run()
#5 {main}
CRITICAL - 2024-10-23 17:41:55 --> Class 'App\Libraries\Exception' not found
#0 /home/eventodigital/public_html/api_controlAccesos/app/Controllers/RestController.php(186): App\Libraries\vCard->__construct(false, '01797314')
#1 /home/eventodigital/public_html/api_controlAccesos/system/CodeIgniter.php(832): App\Controllers\RestController->create()
#2 /home/eventodigital/public_html/api_controlAccesos/system/CodeIgniter.php(419): CodeIgniter\CodeIgniter->runController(Object(App\Controllers\RestController))
#3 /home/eventodigital/public_html/api_controlAccesos/system/CodeIgniter.php(326): CodeIgniter\CodeIgniter->handleRequest(NULL, Object(Config\Cache), false)
#4 /home/eventodigital/public_html/api_controlAccesos/public/index.php(37): CodeIgniter\CodeIgniter->run()
#5 {main}
CRITICAL - 2024-10-23 17:42:27 --> Class 'App\Libraries\Exception' not found
#0 /home/eventodigital/public_html/api_controlAccesos/app/Controllers/RestController.php(186): App\Libraries\vCard->__construct(false, '08472076')
#1 /home/eventodigital/public_html/api_controlAccesos/system/CodeIgniter.php(832): App\Controllers\RestController->create()
#2 /home/eventodigital/public_html/api_controlAccesos/system/CodeIgniter.php(419): CodeIgniter\CodeIgniter->runController(Object(App\Controllers\RestController))
#3 /home/eventodigital/public_html/api_controlAccesos/system/CodeIgniter.php(326): CodeIgniter\CodeIgniter->handleRequest(NULL, Object(Config\Cache), false)
#4 /home/eventodigital/public_html/api_controlAccesos/public/index.php(37): CodeIgniter\CodeIgniter->run()
#5 {main}
CRITICAL - 2024-10-23 17:43:01 --> Class 'App\Libraries\Exception' not found
#0 /home/eventodigital/public_html/api_controlAccesos/app/Controllers/RestController.php(186): App\Libraries\vCard->__construct(false, '12364565')
#1 /home/eventodigital/public_html/api_controlAccesos/system/CodeIgniter.php(832): App\Controllers\RestController->create()
#2 /home/eventodigital/public_html/api_controlAccesos/system/CodeIgniter.php(419): CodeIgniter\CodeIgniter->runController(Object(App\Controllers\RestController))
#3 /home/eventodigital/public_html/api_controlAccesos/system/CodeIgniter.php(326): CodeIgniter\CodeIgniter->handleRequest(NULL, Object(Config\Cache), false)
#4 /home/eventodigital/public_html/api_controlAccesos/public/index.php(37): CodeIgniter\CodeIgniter->run()
#5 {main}
CRITICAL - 2024-10-23 17:43:24 --> Class 'App\Libraries\Exception' not found
#0 /home/eventodigital/public_html/api_controlAccesos/app/Controllers/RestController.php(186): App\Libraries\vCard->__construct(false, '10413869')
#1 /home/eventodigital/public_html/api_controlAccesos/system/CodeIgniter.php(832): App\Controllers\RestController->create()
#2 /home/eventodigital/public_html/api_controlAccesos/system/CodeIgniter.php(419): CodeIgniter\CodeIgniter->runController(Object(App\Controllers\RestController))
#3 /home/eventodigital/public_html/api_controlAccesos/system/CodeIgniter.php(326): CodeIgniter\CodeIgniter->handleRequest(NULL, Object(Config\Cache), false)
#4 /home/eventodigital/public_html/api_controlAccesos/public/index.php(37): CodeIgniter\CodeIgniter->run()
#5 {main}
CRITICAL - 2024-10-23 17:43:49 --> Class 'App\Libraries\Exception' not found
#0 /home/eventodigital/public_html/api_controlAccesos/app/Controllers/RestController.php(186): App\Libraries\vCard->__construct(false, '07403440')
#1 /home/eventodigital/public_html/api_controlAccesos/system/CodeIgniter.php(832): App\Controllers\RestController->create()
#2 /home/eventodigital/public_html/api_controlAccesos/system/CodeIgniter.php(419): CodeIgniter\CodeIgniter->runController(Object(App\Controllers\RestController))
#3 /home/eventodigital/public_html/api_controlAccesos/system/CodeIgniter.php(326): CodeIgniter\CodeIgniter->handleRequest(NULL, Object(Config\Cache), false)
#4 /home/eventodigital/public_html/api_controlAccesos/public/index.php(37): CodeIgniter\CodeIgniter->run()
#5 {main}
CRITICAL - 2024-10-23 17:44:00 --> Class 'App\Libraries\Exception' not found
#0 /home/eventodigital/public_html/api_controlAccesos/app/Controllers/RestController.php(186): App\Libraries\vCard->__construct(false, '10798072')
#1 /home/eventodigital/public_html/api_controlAccesos/system/CodeIgniter.php(832): App\Controllers\RestController->create()
#2 /home/eventodigital/public_html/api_controlAccesos/system/CodeIgniter.php(419): CodeIgniter\CodeIgniter->runController(Object(App\Controllers\RestController))
#3 /home/eventodigital/public_html/api_controlAccesos/system/CodeIgniter.php(326): CodeIgniter\CodeIgniter->handleRequest(NULL, Object(Config\Cache), false)
#4 /home/eventodigital/public_html/api_controlAccesos/public/index.php(37): CodeIgniter\CodeIgniter->run()
#5 {main}
CRITICAL - 2024-10-23 17:47:07 --> Class 'App\Libraries\Exception' not found
#0 /home/eventodigital/public_html/api_controlAccesos/app/Controllers/RestController.php(186): App\Libraries\vCard->__construct(false, '04582616')
#1 /home/eventodigital/public_html/api_controlAccesos/system/CodeIgniter.php(832): App\Controllers\RestController->create()
#2 /home/eventodigital/public_html/api_controlAccesos/system/CodeIgniter.php(419): CodeIgniter\CodeIgniter->runController(Object(App\Controllers\RestController))
#3 /home/eventodigital/public_html/api_controlAccesos/system/CodeIgniter.php(326): CodeIgniter\CodeIgniter->handleRequest(NULL, Object(Config\Cache), false)
#4 /home/eventodigital/public_html/api_controlAccesos/public/index.php(37): CodeIgniter\CodeIgniter->run()
#5 {main}
CRITICAL - 2024-10-23 17:50:47 --> Class 'App\Libraries\Exception' not found
#0 /home/eventodigital/public_html/api_controlAccesos/app/Controllers/RestController.php(186): App\Libraries\vCard->__construct(false, '16619661')
#1 /home/eventodigital/public_html/api_controlAccesos/system/CodeIgniter.php(832): App\Controllers\RestController->create()
#2 /home/eventodigital/public_html/api_controlAccesos/system/CodeIgniter.php(419): CodeIgniter\CodeIgniter->runController(Object(App\Controllers\RestController))
#3 /home/eventodigital/public_html/api_controlAccesos/system/CodeIgniter.php(326): CodeIgniter\CodeIgniter->handleRequest(NULL, Object(Config\Cache), false)
#4 /home/eventodigital/public_html/api_controlAccesos/public/index.php(37): CodeIgniter\CodeIgniter->run()
#5 {main}
CRITICAL - 2024-10-23 17:50:54 --> Class 'App\Libraries\Exception' not found
#0 /home/eventodigital/public_html/api_controlAccesos/app/Controllers/RestController.php(186): App\Libraries\vCard->__construct(false, '03100345')
#1 /home/eventodigital/public_html/api_controlAccesos/system/CodeIgniter.php(832): App\Controllers\RestController->create()
#2 /home/eventodigital/public_html/api_controlAccesos/system/CodeIgniter.php(419): CodeIgniter\CodeIgniter->runController(Object(App\Controllers\RestController))
#3 /home/eventodigital/public_html/api_controlAccesos/system/CodeIgniter.php(326): CodeIgniter\CodeIgniter->handleRequest(NULL, Object(Config\Cache), false)
#4 /home/eventodigital/public_html/api_controlAccesos/public/index.php(37): CodeIgniter\CodeIgniter->run()
#5 {main}
CRITICAL - 2024-10-23 17:53:39 --> Class 'App\Libraries\Exception' not found
#0 /home/eventodigital/public_html/api_controlAccesos/app/Controllers/RestController.php(186): App\Libraries\vCard->__construct(false, '07854170')
#1 /home/eventodigital/public_html/api_controlAccesos/system/CodeIgniter.php(832): App\Controllers\RestController->create()
#2 /home/eventodigital/public_html/api_controlAccesos/system/CodeIgniter.php(419): CodeIgniter\CodeIgniter->runController(Object(App\Controllers\RestController))
#3 /home/eventodigital/public_html/api_controlAccesos/system/CodeIgniter.php(326): CodeIgniter\CodeIgniter->handleRequest(NULL, Object(Config\Cache), false)
#4 /home/eventodigital/public_html/api_controlAccesos/public/index.php(37): CodeIgniter\CodeIgniter->run()
#5 {main}
CRITICAL - 2024-10-23 17:54:28 --> Class 'App\Libraries\Exception' not found
#0 /home/eventodigital/public_html/api_controlAccesos/app/Controllers/RestController.php(186): App\Libraries\vCard->__construct(false, '05343782')
#1 /home/eventodigital/public_html/api_controlAccesos/system/CodeIgniter.php(832): App\Controllers\RestController->create()
#2 /home/eventodigital/public_html/api_controlAccesos/system/CodeIgniter.php(419): CodeIgniter\CodeIgniter->runController(Object(App\Controllers\RestController))
#3 /home/eventodigital/public_html/api_controlAccesos/system/CodeIgniter.php(326): CodeIgniter\CodeIgniter->handleRequest(NULL, Object(Config\Cache), false)
#4 /home/eventodigital/public_html/api_controlAccesos/public/index.php(37): CodeIgniter\CodeIgniter->run()
#5 {main}
CRITICAL - 2024-10-23 17:54:56 --> Class 'App\Libraries\Exception' not found
#0 /home/eventodigital/public_html/api_controlAccesos/app/Controllers/RestController.php(186): App\Libraries\vCard->__construct(false, '11148289')
#1 /home/eventodigital/public_html/api_controlAccesos/system/CodeIgniter.php(832): App\Controllers\RestController->create()
#2 /home/eventodigital/public_html/api_controlAccesos/system/CodeIgniter.php(419): CodeIgniter\CodeIgniter->runController(Object(App\Controllers\RestController))
#3 /home/eventodigital/public_html/api_controlAccesos/system/CodeIgniter.php(326): CodeIgniter\CodeIgniter->handleRequest(NULL, Object(Config\Cache), false)
#4 /home/eventodigital/public_html/api_controlAccesos/public/index.php(37): CodeIgniter\CodeIgniter->run()
#5 {main}
CRITICAL - 2024-10-23 17:54:59 --> Class 'App\Libraries\Exception' not found
#0 /home/eventodigital/public_html/api_controlAccesos/app/Controllers/RestController.php(186): App\Libraries\vCard->__construct(false, '04636401')
#1 /home/eventodigital/public_html/api_controlAccesos/system/CodeIgniter.php(832): App\Controllers\RestController->create()
#2 /home/eventodigital/public_html/api_controlAccesos/system/CodeIgniter.php(419): CodeIgniter\CodeIgniter->runController(Object(App\Controllers\RestController))
#3 /home/eventodigital/public_html/api_controlAccesos/system/CodeIgniter.php(326): CodeIgniter\CodeIgniter->handleRequest(NULL, Object(Config\Cache), false)
#4 /home/eventodigital/public_html/api_controlAccesos/public/index.php(37): CodeIgniter\CodeIgniter->run()
#5 {main}
CRITICAL - 2024-10-23 17:55:34 --> Class 'App\Libraries\Exception' not found
#0 /home/eventodigital/public_html/api_controlAccesos/app/Controllers/RestController.php(186): App\Libraries\vCard->__construct(false, '10938973')
#1 /home/eventodigital/public_html/api_controlAccesos/system/CodeIgniter.php(832): App\Controllers\RestController->create()
#2 /home/eventodigital/public_html/api_controlAccesos/system/CodeIgniter.php(419): CodeIgniter\CodeIgniter->runController(Object(App\Controllers\RestController))
#3 /home/eventodigital/public_html/api_controlAccesos/system/CodeIgniter.php(326): CodeIgniter\CodeIgniter->handleRequest(NULL, Object(Config\Cache), false)
#4 /home/eventodigital/public_html/api_controlAccesos/public/index.php(37): CodeIgniter\CodeIgniter->run()
#5 {main}
CRITICAL - 2024-10-23 17:55:40 --> Class 'App\Libraries\Exception' not found
#0 /home/eventodigital/public_html/api_controlAccesos/app/Controllers/RestController.php(186): App\Libraries\vCard->__construct(false, '16079515')
#1 /home/eventodigital/public_html/api_controlAccesos/system/CodeIgniter.php(832): App\Controllers\RestController->create()
#2 /home/eventodigital/public_html/api_controlAccesos/system/CodeIgniter.php(419): CodeIgniter\CodeIgniter->runController(Object(App\Controllers\RestController))
#3 /home/eventodigital/public_html/api_controlAccesos/system/CodeIgniter.php(326): CodeIgniter\CodeIgniter->handleRequest(NULL, Object(Config\Cache), false)
#4 /home/eventodigital/public_html/api_controlAccesos/public/index.php(37): CodeIgniter\CodeIgniter->run()
#5 {main}
CRITICAL - 2024-10-23 17:57:49 --> Class 'App\Libraries\Exception' not found
#0 /home/eventodigital/public_html/api_controlAccesos/app/Controllers/RestController.php(186): App\Libraries\vCard->__construct(false, '18477203')
#1 /home/eventodigital/public_html/api_controlAccesos/system/CodeIgniter.php(832): App\Controllers\RestController->create()
#2 /home/eventodigital/public_html/api_controlAccesos/system/CodeIgniter.php(419): CodeIgniter\CodeIgniter->runController(Object(App\Controllers\RestController))
#3 /home/eventodigital/public_html/api_controlAccesos/system/CodeIgniter.php(326): CodeIgniter\CodeIgniter->handleRequest(NULL, Object(Config\Cache), false)
#4 /home/eventodigital/public_html/api_controlAccesos/public/index.php(37): CodeIgniter\CodeIgniter->run()
#5 {main}
CRITICAL - 2024-10-23 17:59:59 --> Class 'App\Libraries\Exception' not found
#0 /home/eventodigital/public_html/api_controlAccesos/app/Controllers/RestController.php(186): App\Libraries\vCard->__construct(false, '67')
#1 /home/eventodigital/public_html/api_controlAccesos/system/CodeIgniter.php(832): App\Controllers\RestController->create()
#2 /home/eventodigital/public_html/api_controlAccesos/system/CodeIgniter.php(419): CodeIgniter\CodeIgniter->runController(Object(App\Controllers\RestController))
#3 /home/eventodigital/public_html/api_controlAccesos/system/CodeIgniter.php(326): CodeIgniter\CodeIgniter->handleRequest(NULL, Object(Config\Cache), false)
#4 /home/eventodigital/public_html/api_controlAccesos/public/index.php(37): CodeIgniter\CodeIgniter->run()
#5 {main}
CRITICAL - 2024-10-23 18:00:20 --> Class 'App\Libraries\Exception' not found
#0 /home/eventodigital/public_html/api_controlAccesos/app/Controllers/RestController.php(186): App\Libraries\vCard->__construct(false, '18156120')
#1 /home/eventodigital/public_html/api_controlAccesos/system/CodeIgniter.php(832): App\Controllers\RestController->create()
#2 /home/eventodigital/public_html/api_controlAccesos/system/CodeIgniter.php(419): CodeIgniter\CodeIgniter->runController(Object(App\Controllers\RestController))
#3 /home/eventodigital/public_html/api_controlAccesos/system/CodeIgniter.php(326): CodeIgniter\CodeIgniter->handleRequest(NULL, Object(Config\Cache), false)
#4 /home/eventodigital/public_html/api_controlAccesos/public/index.php(37): CodeIgniter\CodeIgniter->run()
#5 {main}
CRITICAL - 2024-10-23 18:00:30 --> Class 'App\Libraries\Exception' not found
#0 /home/eventodigital/public_html/api_controlAccesos/app/Controllers/RestController.php(186): App\Libraries\vCard->__construct(false, '14847630')
#1 /home/eventodigital/public_html/api_controlAccesos/system/CodeIgniter.php(832): App\Controllers\RestController->create()
#2 /home/eventodigital/public_html/api_controlAccesos/system/CodeIgniter.php(419): CodeIgniter\CodeIgniter->runController(Object(App\Controllers\RestController))
#3 /home/eventodigital/public_html/api_controlAccesos/system/CodeIgniter.php(326): CodeIgniter\CodeIgniter->handleRequest(NULL, Object(Config\Cache), false)
#4 /home/eventodigital/public_html/api_controlAccesos/public/index.php(37): CodeIgniter\CodeIgniter->run()
#5 {main}
CRITICAL - 2024-10-23 18:01:27 --> Class 'App\Libraries\Exception' not found
#0 /home/eventodigital/public_html/api_controlAccesos/app/Controllers/RestController.php(186): App\Libraries\vCard->__construct(false, '17210188')
#1 /home/eventodigital/public_html/api_controlAccesos/system/CodeIgniter.php(832): App\Controllers\RestController->create()
#2 /home/eventodigital/public_html/api_controlAccesos/system/CodeIgniter.php(419): CodeIgniter\CodeIgniter->runController(Object(App\Controllers\RestController))
#3 /home/eventodigital/public_html/api_controlAccesos/system/CodeIgniter.php(326): CodeIgniter\CodeIgniter->handleRequest(NULL, Object(Config\Cache), false)
#4 /home/eventodigital/public_html/api_controlAccesos/public/index.php(37): CodeIgniter\CodeIgniter->run()
#5 {main}
CRITICAL - 2024-10-23 18:01:53 --> Class 'App\Libraries\Exception' not found
#0 /home/eventodigital/public_html/api_controlAccesos/app/Controllers/RestController.php(186): App\Libraries\vCard->__construct(false, '00916264')
#1 /home/eventodigital/public_html/api_controlAccesos/system/CodeIgniter.php(832): App\Controllers\RestController->create()
#2 /home/eventodigital/public_html/api_controlAccesos/system/CodeIgniter.php(419): CodeIgniter\CodeIgniter->runController(Object(App\Controllers\RestController))
#3 /home/eventodigital/public_html/api_controlAccesos/system/CodeIgniter.php(326): CodeIgniter\CodeIgniter->handleRequest(NULL, Object(Config\Cache), false)
#4 /home/eventodigital/public_html/api_controlAccesos/public/index.php(37): CodeIgniter\CodeIgniter->run()
#5 {main}
CRITICAL - 2024-10-23 18:03:47 --> Class 'App\Libraries\Exception' not found
#0 /home/eventodigital/public_html/api_controlAccesos/app/Controllers/RestController.php(186): App\Libraries\vCard->__construct(false, '15614308')
#1 /home/eventodigital/public_html/api_controlAccesos/system/CodeIgniter.php(832): App\Controllers\RestController->create()
#2 /home/eventodigital/public_html/api_controlAccesos/system/CodeIgniter.php(419): CodeIgniter\CodeIgniter->runController(Object(App\Controllers\RestController))
#3 /home/eventodigital/public_html/api_controlAccesos/system/CodeIgniter.php(326): CodeIgniter\CodeIgniter->handleRequest(NULL, Object(Config\Cache), false)
#4 /home/eventodigital/public_html/api_controlAccesos/public/index.php(37): CodeIgniter\CodeIgniter->run()
#5 {main}
CRITICAL - 2024-10-23 18:05:39 --> Class 'App\Libraries\Exception' not found
#0 /home/eventodigital/public_html/api_controlAccesos/app/Controllers/RestController.php(186): App\Libraries\vCard->__construct(false, '14552458')
#1 /home/eventodigital/public_html/api_controlAccesos/system/CodeIgniter.php(832): App\Controllers\RestController->create()
#2 /home/eventodigital/public_html/api_controlAccesos/system/CodeIgniter.php(419): CodeIgniter\CodeIgniter->runController(Object(App\Controllers\RestController))
#3 /home/eventodigital/public_html/api_controlAccesos/system/CodeIgniter.php(326): CodeIgniter\CodeIgniter->handleRequest(NULL, Object(Config\Cache), false)
#4 /home/eventodigital/public_html/api_controlAccesos/public/index.php(37): CodeIgniter\CodeIgniter->run()
#5 {main}
CRITICAL - 2024-10-23 18:05:39 --> Class 'App\Libraries\Exception' not found
#0 /home/eventodigital/public_html/api_controlAccesos/app/Controllers/RestController.php(186): App\Libraries\vCard->__construct(false, '27')
#1 /home/eventodigital/public_html/api_controlAccesos/system/CodeIgniter.php(832): App\Controllers\RestController->create()
#2 /home/eventodigital/public_html/api_controlAccesos/system/CodeIgniter.php(419): CodeIgniter\CodeIgniter->runController(Object(App\Controllers\RestController))
#3 /home/eventodigital/public_html/api_controlAccesos/system/CodeIgniter.php(326): CodeIgniter\CodeIgniter->handleRequest(NULL, Object(Config\Cache), false)
#4 /home/eventodigital/public_html/api_controlAccesos/public/index.php(37): CodeIgniter\CodeIgniter->run()
#5 {main}
CRITICAL - 2024-10-23 18:05:54 --> Class 'App\Libraries\Exception' not found
#0 /home/eventodigital/public_html/api_controlAccesos/app/Controllers/RestController.php(186): App\Libraries\vCard->__construct(false, '08967747')
#1 /home/eventodigital/public_html/api_controlAccesos/system/CodeIgniter.php(832): App\Controllers\RestController->create()
#2 /home/eventodigital/public_html/api_controlAccesos/system/CodeIgniter.php(419): CodeIgniter\CodeIgniter->runController(Object(App\Controllers\RestController))
#3 /home/eventodigital/public_html/api_controlAccesos/system/CodeIgniter.php(326): CodeIgniter\CodeIgniter->handleRequest(NULL, Object(Config\Cache), false)
#4 /home/eventodigital/public_html/api_controlAccesos/public/index.php(37): CodeIgniter\CodeIgniter->run()
#5 {main}
CRITICAL - 2024-10-23 18:06:00 --> Class 'App\Libraries\Exception' not found
#0 /home/eventodigital/public_html/api_controlAccesos/app/Controllers/RestController.php(186): App\Libraries\vCard->__construct(false, '19289991')
#1 /home/eventodigital/public_html/api_controlAccesos/system/CodeIgniter.php(832): App\Controllers\RestController->create()
#2 /home/eventodigital/public_html/api_controlAccesos/system/CodeIgniter.php(419): CodeIgniter\CodeIgniter->runController(Object(App\Controllers\RestController))
#3 /home/eventodigital/public_html/api_controlAccesos/system/CodeIgniter.php(326): CodeIgniter\CodeIgniter->handleRequest(NULL, Object(Config\Cache), false)
#4 /home/eventodigital/public_html/api_controlAccesos/public/index.php(37): CodeIgniter\CodeIgniter->run()
#5 {main}
CRITICAL - 2024-10-23 18:06:47 --> Class 'App\Libraries\Exception' not found
#0 /home/eventodigital/public_html/api_controlAccesos/app/Controllers/RestController.php(186): App\Libraries\vCard->__construct(false, '10890802')
#1 /home/eventodigital/public_html/api_controlAccesos/system/CodeIgniter.php(832): App\Controllers\RestController->create()
#2 /home/eventodigital/public_html/api_controlAccesos/system/CodeIgniter.php(419): CodeIgniter\CodeIgniter->runController(Object(App\Controllers\RestController))
#3 /home/eventodigital/public_html/api_controlAccesos/system/CodeIgniter.php(326): CodeIgniter\CodeIgniter->handleRequest(NULL, Object(Config\Cache), false)
#4 /home/eventodigital/public_html/api_controlAccesos/public/index.php(37): CodeIgniter\CodeIgniter->run()
#5 {main}
CRITICAL - 2024-10-23 18:06:58 --> Class 'App\Libraries\Exception' not found
#0 /home/eventodigital/public_html/api_controlAccesos/app/Controllers/RestController.php(186): App\Libraries\vCard->__construct(false, '07610238')
#1 /home/eventodigital/public_html/api_controlAccesos/system/CodeIgniter.php(832): App\Controllers\RestController->create()
#2 /home/eventodigital/public_html/api_controlAccesos/system/CodeIgniter.php(419): CodeIgniter\CodeIgniter->runController(Object(App\Controllers\RestController))
#3 /home/eventodigital/public_html/api_controlAccesos/system/CodeIgniter.php(326): CodeIgniter\CodeIgniter->handleRequest(NULL, Object(Config\Cache), false)
#4 /home/eventodigital/public_html/api_controlAccesos/public/index.php(37): CodeIgniter\CodeIgniter->run()
#5 {main}
CRITICAL - 2024-10-23 18:07:03 --> Class 'App\Libraries\Exception' not found
#0 /home/eventodigital/public_html/api_controlAccesos/app/Controllers/RestController.php(186): App\Libraries\vCard->__construct(false, '06003117')
#1 /home/eventodigital/public_html/api_controlAccesos/system/CodeIgniter.php(832): App\Controllers\RestController->create()
#2 /home/eventodigital/public_html/api_controlAccesos/system/CodeIgniter.php(419): CodeIgniter\CodeIgniter->runController(Object(App\Controllers\RestController))
#3 /home/eventodigital/public_html/api_controlAccesos/system/CodeIgniter.php(326): CodeIgniter\CodeIgniter->handleRequest(NULL, Object(Config\Cache), false)
#4 /home/eventodigital/public_html/api_controlAccesos/public/index.php(37): CodeIgniter\CodeIgniter->run()
#5 {main}
CRITICAL - 2024-10-23 18:07:14 --> Class 'App\Libraries\Exception' not found
#0 /home/eventodigital/public_html/api_controlAccesos/app/Controllers/RestController.php(186): App\Libraries\vCard->__construct(false, '13959702')
#1 /home/eventodigital/public_html/api_controlAccesos/system/CodeIgniter.php(832): App\Controllers\RestController->create()
#2 /home/eventodigital/public_html/api_controlAccesos/system/CodeIgniter.php(419): CodeIgniter\CodeIgniter->runController(Object(App\Controllers\RestController))
#3 /home/eventodigital/public_html/api_controlAccesos/system/CodeIgniter.php(326): CodeIgniter\CodeIgniter->handleRequest(NULL, Object(Config\Cache), false)
#4 /home/eventodigital/public_html/api_controlAccesos/public/index.php(37): CodeIgniter\CodeIgniter->run()
#5 {main}
CRITICAL - 2024-10-23 18:08:00 --> Class 'App\Libraries\Exception' not found
#0 /home/eventodigital/public_html/api_controlAccesos/app/Controllers/RestController.php(186): App\Libraries\vCard->__construct(false, '12212110')
#1 /home/eventodigital/public_html/api_controlAccesos/system/CodeIgniter.php(832): App\Controllers\RestController->create()
#2 /home/eventodigital/public_html/api_controlAccesos/system/CodeIgniter.php(419): CodeIgniter\CodeIgniter->runController(Object(App\Controllers\RestController))
#3 /home/eventodigital/public_html/api_controlAccesos/system/CodeIgniter.php(326): CodeIgniter\CodeIgniter->handleRequest(NULL, Object(Config\Cache), false)
#4 /home/eventodigital/public_html/api_controlAccesos/public/index.php(37): CodeIgniter\CodeIgniter->run()
#5 {main}
CRITICAL - 2024-10-23 18:09:49 --> Class 'App\Libraries\Exception' not found
#0 /home/eventodigital/public_html/api_controlAccesos/app/Controllers/RestController.php(186): App\Libraries\vCard->__construct(false, '06225780')
#1 /home/eventodigital/public_html/api_controlAccesos/system/CodeIgniter.php(832): App\Controllers\RestController->create()
#2 /home/eventodigital/public_html/api_controlAccesos/system/CodeIgniter.php(419): CodeIgniter\CodeIgniter->runController(Object(App\Controllers\RestController))
#3 /home/eventodigital/public_html/api_controlAccesos/system/CodeIgniter.php(326): CodeIgniter\CodeIgniter->handleRequest(NULL, Object(Config\Cache), false)
#4 /home/eventodigital/public_html/api_controlAccesos/public/index.php(37): CodeIgniter\CodeIgniter->run()
#5 {main}
CRITICAL - 2024-10-23 18:12:05 --> Class 'App\Libraries\Exception' not found
#0 /home/eventodigital/public_html/api_controlAccesos/app/Controllers/RestController.php(186): App\Libraries\vCard->__construct(false, '08294463')
#1 /home/eventodigital/public_html/api_controlAccesos/system/CodeIgniter.php(832): App\Controllers\RestController->create()
#2 /home/eventodigital/public_html/api_controlAccesos/system/CodeIgniter.php(419): CodeIgniter\CodeIgniter->runController(Object(App\Controllers\RestController))
#3 /home/eventodigital/public_html/api_controlAccesos/system/CodeIgniter.php(326): CodeIgniter\CodeIgniter->handleRequest(NULL, Object(Config\Cache), false)
#4 /home/eventodigital/public_html/api_controlAccesos/public/index.php(37): CodeIgniter\CodeIgniter->run()
#5 {main}
CRITICAL - 2024-10-23 18:12:21 --> Class 'App\Libraries\Exception' not found
#0 /home/eventodigital/public_html/api_controlAccesos/app/Controllers/RestController.php(186): App\Libraries\vCard->__construct(false, '10488827')
#1 /home/eventodigital/public_html/api_controlAccesos/system/CodeIgniter.php(832): App\Controllers\RestController->create()
#2 /home/eventodigital/public_html/api_controlAccesos/system/CodeIgniter.php(419): CodeIgniter\CodeIgniter->runController(Object(App\Controllers\RestController))
#3 /home/eventodigital/public_html/api_controlAccesos/system/CodeIgniter.php(326): CodeIgniter\CodeIgniter->handleRequest(NULL, Object(Config\Cache), false)
#4 /home/eventodigital/public_html/api_controlAccesos/public/index.php(37): CodeIgniter\CodeIgniter->run()
#5 {main}
CRITICAL - 2024-10-23 18:12:32 --> Class 'App\Libraries\Exception' not found
#0 /home/eventodigital/public_html/api_controlAccesos/app/Controllers/RestController.php(186): App\Libraries\vCard->__construct(false, '11331391')
#1 /home/eventodigital/public_html/api_controlAccesos/system/CodeIgniter.php(832): App\Controllers\RestController->create()
#2 /home/eventodigital/public_html/api_controlAccesos/system/CodeIgniter.php(419): CodeIgniter\CodeIgniter->runController(Object(App\Controllers\RestController))
#3 /home/eventodigital/public_html/api_controlAccesos/system/CodeIgniter.php(326): CodeIgniter\CodeIgniter->handleRequest(NULL, Object(Config\Cache), false)
#4 /home/eventodigital/public_html/api_controlAccesos/public/index.php(37): CodeIgniter\CodeIgniter->run()
#5 {main}
CRITICAL - 2024-10-23 18:12:55 --> Class 'App\Libraries\Exception' not found
#0 /home/eventodigital/public_html/api_controlAccesos/app/Controllers/RestController.php(186): App\Libraries\vCard->__construct(false, '00021435')
#1 /home/eventodigital/public_html/api_controlAccesos/system/CodeIgniter.php(832): App\Controllers\RestController->create()
#2 /home/eventodigital/public_html/api_controlAccesos/system/CodeIgniter.php(419): CodeIgniter\CodeIgniter->runController(Object(App\Controllers\RestController))
#3 /home/eventodigital/public_html/api_controlAccesos/system/CodeIgniter.php(326): CodeIgniter\CodeIgniter->handleRequest(NULL, Object(Config\Cache), false)
#4 /home/eventodigital/public_html/api_controlAccesos/public/index.php(37): CodeIgniter\CodeIgniter->run()
#5 {main}
CRITICAL - 2024-10-23 18:13:21 --> Class 'App\Libraries\Exception' not found
#0 /home/eventodigital/public_html/api_controlAccesos/app/Controllers/RestController.php(186): App\Libraries\vCard->__construct(false, 'https://congres...')
#1 /home/eventodigital/public_html/api_controlAccesos/system/CodeIgniter.php(832): App\Controllers\RestController->create()
#2 /home/eventodigital/public_html/api_controlAccesos/system/CodeIgniter.php(419): CodeIgniter\CodeIgniter->runController(Object(App\Controllers\RestController))
#3 /home/eventodigital/public_html/api_controlAccesos/system/CodeIgniter.php(326): CodeIgniter\CodeIgniter->handleRequest(NULL, Object(Config\Cache), false)
#4 /home/eventodigital/public_html/api_controlAccesos/public/index.php(37): CodeIgniter\CodeIgniter->run()
#5 {main}
ERROR - 2024-10-23 18:14:22 --> Column 'nombreCompleto' cannot be null
CRITICAL - 2024-10-23 18:14:48 --> Class 'App\Libraries\Exception' not found
#0 /home/eventodigital/public_html/api_controlAccesos/app/Controllers/RestController.php(186): App\Libraries\vCard->__construct(false, '19713380')
#1 /home/eventodigital/public_html/api_controlAccesos/system/CodeIgniter.php(832): App\Controllers\RestController->create()
#2 /home/eventodigital/public_html/api_controlAccesos/system/CodeIgniter.php(419): CodeIgniter\CodeIgniter->runController(Object(App\Controllers\RestController))
#3 /home/eventodigital/public_html/api_controlAccesos/system/CodeIgniter.php(326): CodeIgniter\CodeIgniter->handleRequest(NULL, Object(Config\Cache), false)
#4 /home/eventodigital/public_html/api_controlAccesos/public/index.php(37): CodeIgniter\CodeIgniter->run()
#5 {main}
CRITICAL - 2024-10-23 18:14:55 --> Class 'App\Libraries\Exception' not found
#0 /home/eventodigital/public_html/api_controlAccesos/app/Controllers/RestController.php(186): App\Libraries\vCard->__construct(false, '05841735')
#1 /home/eventodigital/public_html/api_controlAccesos/system/CodeIgniter.php(832): App\Controllers\RestController->create()
#2 /home/eventodigital/public_html/api_controlAccesos/system/CodeIgniter.php(419): CodeIgniter\CodeIgniter->runController(Object(App\Controllers\RestController))
#3 /home/eventodigital/public_html/api_controlAccesos/system/CodeIgniter.php(326): CodeIgniter\CodeIgniter->handleRequest(NULL, Object(Config\Cache), false)
#4 /home/eventodigital/public_html/api_controlAccesos/public/index.php(37): CodeIgniter\CodeIgniter->run()
#5 {main}
CRITICAL - 2024-10-23 18:15:09 --> Class 'App\Libraries\Exception' not found
#0 /home/eventodigital/public_html/api_controlAccesos/app/Controllers/RestController.php(186): App\Libraries\vCard->__construct(false, '19874425')
#1 /home/eventodigital/public_html/api_controlAccesos/system/CodeIgniter.php(832): App\Controllers\RestController->create()
#2 /home/eventodigital/public_html/api_controlAccesos/system/CodeIgniter.php(419): CodeIgniter\CodeIgniter->runController(Object(App\Controllers\RestController))
#3 /home/eventodigital/public_html/api_controlAccesos/system/CodeIgniter.php(326): CodeIgniter\CodeIgniter->handleRequest(NULL, Object(Config\Cache), false)
#4 /home/eventodigital/public_html/api_controlAccesos/public/index.php(37): CodeIgniter\CodeIgniter->run()
#5 {main}
CRITICAL - 2024-10-23 18:15:21 --> Class 'App\Libraries\Exception' not found
#0 /home/eventodigital/public_html/api_controlAccesos/app/Controllers/RestController.php(186): App\Libraries\vCard->__construct(false, '16157644')
#1 /home/eventodigital/public_html/api_controlAccesos/system/CodeIgniter.php(832): App\Controllers\RestController->create()
#2 /home/eventodigital/public_html/api_controlAccesos/system/CodeIgniter.php(419): CodeIgniter\CodeIgniter->runController(Object(App\Controllers\RestController))
#3 /home/eventodigital/public_html/api_controlAccesos/system/CodeIgniter.php(326): CodeIgniter\CodeIgniter->handleRequest(NULL, Object(Config\Cache), false)
#4 /home/eventodigital/public_html/api_controlAccesos/public/index.php(37): CodeIgniter\CodeIgniter->run()
#5 {main}
CRITICAL - 2024-10-23 18:16:09 --> Class 'App\Libraries\Exception' not found
#0 /home/eventodigital/public_html/api_controlAccesos/app/Controllers/RestController.php(186): App\Libraries\vCard->__construct(false, '09035683')
#1 /home/eventodigital/public_html/api_controlAccesos/system/CodeIgniter.php(832): App\Controllers\RestController->create()
#2 /home/eventodigital/public_html/api_controlAccesos/system/CodeIgniter.php(419): CodeIgniter\CodeIgniter->runController(Object(App\Controllers\RestController))
#3 /home/eventodigital/public_html/api_controlAccesos/system/CodeIgniter.php(326): CodeIgniter\CodeIgniter->handleRequest(NULL, Object(Config\Cache), false)
#4 /home/eventodigital/public_html/api_controlAccesos/public/index.php(37): CodeIgniter\CodeIgniter->run()
#5 {main}
CRITICAL - 2024-10-23 18:16:17 --> Class 'App\Libraries\Exception' not found
#0 /home/eventodigital/public_html/api_controlAccesos/app/Controllers/RestController.php(186): App\Libraries\vCard->__construct(false, '11111122')
#1 /home/eventodigital/public_html/api_controlAccesos/system/CodeIgniter.php(832): App\Controllers\RestController->create()
#2 /home/eventodigital/public_html/api_controlAccesos/system/CodeIgniter.php(419): CodeIgniter\CodeIgniter->runController(Object(App\Controllers\RestController))
#3 /home/eventodigital/public_html/api_controlAccesos/system/CodeIgniter.php(326): CodeIgniter\CodeIgniter->handleRequest(NULL, Object(Config\Cache), false)
#4 /home/eventodigital/public_html/api_controlAccesos/public/index.php(37): CodeIgniter\CodeIgniter->run()
#5 {main}
CRITICAL - 2024-10-23 18:16:53 --> Class 'App\Libraries\Exception' not found
#0 /home/eventodigital/public_html/api_controlAccesos/app/Controllers/RestController.php(186): App\Libraries\vCard->__construct(false, 'X')
#1 /home/eventodigital/public_html/api_controlAccesos/system/CodeIgniter.php(832): App\Controllers\RestController->create()
#2 /home/eventodigital/public_html/api_controlAccesos/system/CodeIgniter.php(419): CodeIgniter\CodeIgniter->runController(Object(App\Controllers\RestController))
#3 /home/eventodigital/public_html/api_controlAccesos/system/CodeIgniter.php(326): CodeIgniter\CodeIgniter->handleRequest(NULL, Object(Config\Cache), false)
#4 /home/eventodigital/public_html/api_controlAccesos/public/index.php(37): CodeIgniter\CodeIgniter->run()
#5 {main}
CRITICAL - 2024-10-23 18:18:27 --> Class 'App\Libraries\Exception' not found
#0 /home/eventodigital/public_html/api_controlAccesos/app/Controllers/RestController.php(186): App\Libraries\vCard->__construct(false, '\xEF\xBB\xBFBEGIN:VCARD\n...')
#1 /home/eventodigital/public_html/api_controlAccesos/system/CodeIgniter.php(832): App\Controllers\RestController->create()
#2 /home/eventodigital/public_html/api_controlAccesos/system/CodeIgniter.php(419): CodeIgniter\CodeIgniter->runController(Object(App\Controllers\RestController))
#3 /home/eventodigital/public_html/api_controlAccesos/system/CodeIgniter.php(326): CodeIgniter\CodeIgniter->handleRequest(NULL, Object(Config\Cache), false)
#4 /home/eventodigital/public_html/api_controlAccesos/public/index.php(37): CodeIgniter\CodeIgniter->run()
#5 {main}
CRITICAL - 2024-10-23 18:18:47 --> Class 'App\Libraries\Exception' not found
#0 /home/eventodigital/public_html/api_controlAccesos/app/Controllers/RestController.php(186): App\Libraries\vCard->__construct(false, '10691854')
#1 /home/eventodigital/public_html/api_controlAccesos/system/CodeIgniter.php(832): App\Controllers\RestController->create()
#2 /home/eventodigital/public_html/api_controlAccesos/system/CodeIgniter.php(419): CodeIgniter\CodeIgniter->runController(Object(App\Controllers\RestController))
#3 /home/eventodigital/public_html/api_controlAccesos/system/CodeIgniter.php(326): CodeIgniter\CodeIgniter->handleRequest(NULL, Object(Config\Cache), false)
#4 /home/eventodigital/public_html/api_controlAccesos/public/index.php(37): CodeIgniter\CodeIgniter->run()
#5 {main}
CRITICAL - 2024-10-23 18:18:50 --> Class 'App\Libraries\Exception' not found
#0 /home/eventodigital/public_html/api_controlAccesos/app/Controllers/RestController.php(186): App\Libraries\vCard->__construct(false, '\xEF\xBB\xBFBEGIN:VCARD\n...')
#1 /home/eventodigital/public_html/api_controlAccesos/system/CodeIgniter.php(832): App\Controllers\RestController->create()
#2 /home/eventodigital/public_html/api_controlAccesos/system/CodeIgniter.php(419): CodeIgniter\CodeIgniter->runController(Object(App\Controllers\RestController))
#3 /home/eventodigital/public_html/api_controlAccesos/system/CodeIgniter.php(326): CodeIgniter\CodeIgniter->handleRequest(NULL, Object(Config\Cache), false)
#4 /home/eventodigital/public_html/api_controlAccesos/public/index.php(37): CodeIgniter\CodeIgniter->run()
#5 {main}
CRITICAL - 2024-10-23 18:19:34 --> Class 'App\Libraries\Exception' not found
#0 /home/eventodigital/public_html/api_controlAccesos/app/Controllers/RestController.php(186): App\Libraries\vCard->__construct(false, '17488464')
#1 /home/eventodigital/public_html/api_controlAccesos/system/CodeIgniter.php(832): App\Controllers\RestController->create()
#2 /home/eventodigital/public_html/api_controlAccesos/system/CodeIgniter.php(419): CodeIgniter\CodeIgniter->runController(Object(App\Controllers\RestController))
#3 /home/eventodigital/public_html/api_controlAccesos/system/CodeIgniter.php(326): CodeIgniter\CodeIgniter->handleRequest(NULL, Object(Config\Cache), false)
#4 /home/eventodigital/public_html/api_controlAccesos/public/index.php(37): CodeIgniter\CodeIgniter->run()
#5 {main}
CRITICAL - 2024-10-23 18:19:54 --> Class 'App\Libraries\Exception' not found
#0 /home/eventodigital/public_html/api_controlAccesos/app/Controllers/RestController.php(186): App\Libraries\vCard->__construct(false, '13087777')
#1 /home/eventodigital/public_html/api_controlAccesos/system/CodeIgniter.php(832): App\Controllers\RestController->create()
#2 /home/eventodigital/public_html/api_controlAccesos/system/CodeIgniter.php(419): CodeIgniter\CodeIgniter->runController(Object(App\Controllers\RestController))
#3 /home/eventodigital/public_html/api_controlAccesos/system/CodeIgniter.php(326): CodeIgniter\CodeIgniter->handleRequest(NULL, Object(Config\Cache), false)
#4 /home/eventodigital/public_html/api_controlAccesos/public/index.php(37): CodeIgniter\CodeIgniter->run()
#5 {main}
CRITICAL - 2024-10-23 18:20:03 --> Class 'App\Libraries\Exception' not found
#0 /home/eventodigital/public_html/api_controlAccesos/app/Controllers/RestController.php(186): App\Libraries\vCard->__construct(false, '17878730')
#1 /home/eventodigital/public_html/api_controlAccesos/system/CodeIgniter.php(832): App\Controllers\RestController->create()
#2 /home/eventodigital/public_html/api_controlAccesos/system/CodeIgniter.php(419): CodeIgniter\CodeIgniter->runController(Object(App\Controllers\RestController))
#3 /home/eventodigital/public_html/api_controlAccesos/system/CodeIgniter.php(326): CodeIgniter\CodeIgniter->handleRequest(NULL, Object(Config\Cache), false)
#4 /home/eventodigital/public_html/api_controlAccesos/public/index.php(37): CodeIgniter\CodeIgniter->run()
#5 {main}
ERROR - 2024-10-23 18:20:43 --> Column 'nombreCompleto' cannot be null
CRITICAL - 2024-10-23 18:20:50 --> Class 'App\Libraries\Exception' not found
#0 /home/eventodigital/public_html/api_controlAccesos/app/Controllers/RestController.php(186): App\Libraries\vCard->__construct(false, '18527938')
#1 /home/eventodigital/public_html/api_controlAccesos/system/CodeIgniter.php(832): App\Controllers\RestController->create()
#2 /home/eventodigital/public_html/api_controlAccesos/system/CodeIgniter.php(419): CodeIgniter\CodeIgniter->runController(Object(App\Controllers\RestController))
#3 /home/eventodigital/public_html/api_controlAccesos/system/CodeIgniter.php(326): CodeIgniter\CodeIgniter->handleRequest(NULL, Object(Config\Cache), false)
#4 /home/eventodigital/public_html/api_controlAccesos/public/index.php(37): CodeIgniter\CodeIgniter->run()
#5 {main}
CRITICAL - 2024-10-23 18:22:25 --> Class 'App\Libraries\Exception' not found
#0 /home/eventodigital/public_html/api_controlAccesos/app/Controllers/RestController.php(186): App\Libraries\vCard->__construct(false, '00787161')
#1 /home/eventodigital/public_html/api_controlAccesos/system/CodeIgniter.php(832): App\Controllers\RestController->create()
#2 /home/eventodigital/public_html/api_controlAccesos/system/CodeIgniter.php(419): CodeIgniter\CodeIgniter->runController(Object(App\Controllers\RestController))
#3 /home/eventodigital/public_html/api_controlAccesos/system/CodeIgniter.php(326): CodeIgniter\CodeIgniter->handleRequest(NULL, Object(Config\Cache), false)
#4 /home/eventodigital/public_html/api_controlAccesos/public/index.php(37): CodeIgniter\CodeIgniter->run()
#5 {main}
CRITICAL - 2024-10-23 18:22:56 --> Class 'App\Libraries\Exception' not found
#0 /home/eventodigital/public_html/api_controlAccesos/app/Controllers/RestController.php(186): App\Libraries\vCard->__construct(false, '51011451')
#1 /home/eventodigital/public_html/api_controlAccesos/system/CodeIgniter.php(832): App\Controllers\RestController->create()
#2 /home/eventodigital/public_html/api_controlAccesos/system/CodeIgniter.php(419): CodeIgniter\CodeIgniter->runController(Object(App\Controllers\RestController))
#3 /home/eventodigital/public_html/api_controlAccesos/system/CodeIgniter.php(326): CodeIgniter\CodeIgniter->handleRequest(NULL, Object(Config\Cache), false)
#4 /home/eventodigital/public_html/api_controlAccesos/public/index.php(37): CodeIgniter\CodeIgniter->run()
#5 {main}
CRITICAL - 2024-10-23 18:23:09 --> Class 'App\Libraries\Exception' not found
#0 /home/eventodigital/public_html/api_controlAccesos/app/Controllers/RestController.php(186): App\Libraries\vCard->__construct(false, '00804312')
#1 /home/eventodigital/public_html/api_controlAccesos/system/CodeIgniter.php(832): App\Controllers\RestController->create()
#2 /home/eventodigital/public_html/api_controlAccesos/system/CodeIgniter.php(419): CodeIgniter\CodeIgniter->runController(Object(App\Controllers\RestController))
#3 /home/eventodigital/public_html/api_controlAccesos/system/CodeIgniter.php(326): CodeIgniter\CodeIgniter->handleRequest(NULL, Object(Config\Cache), false)
#4 /home/eventodigital/public_html/api_controlAccesos/public/index.php(37): CodeIgniter\CodeIgniter->run()
#5 {main}
CRITICAL - 2024-10-23 18:25:29 --> Class 'App\Libraries\Exception' not found
#0 /home/eventodigital/public_html/api_controlAccesos/app/Controllers/RestController.php(186): App\Libraries\vCard->__construct(false, '11952048')
#1 /home/eventodigital/public_html/api_controlAccesos/system/CodeIgniter.php(832): App\Controllers\RestController->create()
#2 /home/eventodigital/public_html/api_controlAccesos/system/CodeIgniter.php(419): CodeIgniter\CodeIgniter->runController(Object(App\Controllers\RestController))
#3 /home/eventodigital/public_html/api_controlAccesos/system/CodeIgniter.php(326): CodeIgniter\CodeIgniter->handleRequest(NULL, Object(Config\Cache), false)
#4 /home/eventodigital/public_html/api_controlAccesos/public/index.php(37): CodeIgniter\CodeIgniter->run()
#5 {main}
CRITICAL - 2024-10-23 18:26:48 --> Class 'App\Libraries\Exception' not found
#0 /home/eventodigital/public_html/api_controlAccesos/app/Controllers/RestController.php(186): App\Libraries\vCard->__construct(false, '03131836')
#1 /home/eventodigital/public_html/api_controlAccesos/system/CodeIgniter.php(832): App\Controllers\RestController->create()
#2 /home/eventodigital/public_html/api_controlAccesos/system/CodeIgniter.php(419): CodeIgniter\CodeIgniter->runController(Object(App\Controllers\RestController))
#3 /home/eventodigital/public_html/api_controlAccesos/system/CodeIgniter.php(326): CodeIgniter\CodeIgniter->handleRequest(NULL, Object(Config\Cache), false)
#4 /home/eventodigital/public_html/api_controlAccesos/public/index.php(37): CodeIgniter\CodeIgniter->run()
#5 {main}
CRITICAL - 2024-10-23 18:27:45 --> Class 'App\Libraries\Exception' not found
#0 /home/eventodigital/public_html/api_controlAccesos/app/Controllers/RestController.php(186): App\Libraries\vCard->__construct(false, 'L')
#1 /home/eventodigital/public_html/api_controlAccesos/system/CodeIgniter.php(832): App\Controllers\RestController->create()
#2 /home/eventodigital/public_html/api_controlAccesos/system/CodeIgniter.php(419): CodeIgniter\CodeIgniter->runController(Object(App\Controllers\RestController))
#3 /home/eventodigital/public_html/api_controlAccesos/system/CodeIgniter.php(326): CodeIgniter\CodeIgniter->handleRequest(NULL, Object(Config\Cache), false)
#4 /home/eventodigital/public_html/api_controlAccesos/public/index.php(37): CodeIgniter\CodeIgniter->run()
#5 {main}
CRITICAL - 2024-10-23 18:27:57 --> Class 'App\Libraries\Exception' not found
#0 /home/eventodigital/public_html/api_controlAccesos/app/Controllers/RestController.php(186): App\Libraries\vCard->__construct(false, '03717121')
#1 /home/eventodigital/public_html/api_controlAccesos/system/CodeIgniter.php(832): App\Controllers\RestController->create()
#2 /home/eventodigital/public_html/api_controlAccesos/system/CodeIgniter.php(419): CodeIgniter\CodeIgniter->runController(Object(App\Controllers\RestController))
#3 /home/eventodigital/public_html/api_controlAccesos/system/CodeIgniter.php(326): CodeIgniter\CodeIgniter->handleRequest(NULL, Object(Config\Cache), false)
#4 /home/eventodigital/public_html/api_controlAccesos/public/index.php(37): CodeIgniter\CodeIgniter->run()
#5 {main}
CRITICAL - 2024-10-23 18:27:59 --> Class 'App\Libraries\Exception' not found
#0 /home/eventodigital/public_html/api_controlAccesos/app/Controllers/RestController.php(186): App\Libraries\vCard->__construct(false, '06177980')
#1 /home/eventodigital/public_html/api_controlAccesos/system/CodeIgniter.php(832): App\Controllers\RestController->create()
#2 /home/eventodigital/public_html/api_controlAccesos/system/CodeIgniter.php(419): CodeIgniter\CodeIgniter->runController(Object(App\Controllers\RestController))
#3 /home/eventodigital/public_html/api_controlAccesos/system/CodeIgniter.php(326): CodeIgniter\CodeIgniter->handleRequest(NULL, Object(Config\Cache), false)
#4 /home/eventodigital/public_html/api_controlAccesos/public/index.php(37): CodeIgniter\CodeIgniter->run()
#5 {main}
CRITICAL - 2024-10-23 18:28:41 --> Class 'App\Libraries\Exception' not found
#0 /home/eventodigital/public_html/api_controlAccesos/app/Controllers/RestController.php(186): App\Libraries\vCard->__construct(false, '11778316')
#1 /home/eventodigital/public_html/api_controlAccesos/system/CodeIgniter.php(832): App\Controllers\RestController->create()
#2 /home/eventodigital/public_html/api_controlAccesos/system/CodeIgniter.php(419): CodeIgniter\CodeIgniter->runController(Object(App\Controllers\RestController))
#3 /home/eventodigital/public_html/api_controlAccesos/system/CodeIgniter.php(326): CodeIgniter\CodeIgniter->handleRequest(NULL, Object(Config\Cache), false)
#4 /home/eventodigital/public_html/api_controlAccesos/public/index.php(37): CodeIgniter\CodeIgniter->run()
#5 {main}
CRITICAL - 2024-10-23 18:30:50 --> Class 'App\Libraries\Exception' not found
#0 /home/eventodigital/public_html/api_controlAccesos/app/Controllers/RestController.php(186): App\Libraries\vCard->__construct(false, '16929936')
#1 /home/eventodigital/public_html/api_controlAccesos/system/CodeIgniter.php(832): App\Controllers\RestController->create()
#2 /home/eventodigital/public_html/api_controlAccesos/system/CodeIgniter.php(419): CodeIgniter\CodeIgniter->runController(Object(App\Controllers\RestController))
#3 /home/eventodigital/public_html/api_controlAccesos/system/CodeIgniter.php(326): CodeIgniter\CodeIgniter->handleRequest(NULL, Object(Config\Cache), false)
#4 /home/eventodigital/public_html/api_controlAccesos/public/index.php(37): CodeIgniter\CodeIgniter->run()
#5 {main}
CRITICAL - 2024-10-23 18:31:02 --> Class 'App\Libraries\Exception' not found
#0 /home/eventodigital/public_html/api_controlAccesos/app/Controllers/RestController.php(186): App\Libraries\vCard->__construct(false, '07412608')
#1 /home/eventodigital/public_html/api_controlAccesos/system/CodeIgniter.php(832): App\Controllers\RestController->create()
#2 /home/eventodigital/public_html/api_controlAccesos/system/CodeIgniter.php(419): CodeIgniter\CodeIgniter->runController(Object(App\Controllers\RestController))
#3 /home/eventodigital/public_html/api_controlAccesos/system/CodeIgniter.php(326): CodeIgniter\CodeIgniter->handleRequest(NULL, Object(Config\Cache), false)
#4 /home/eventodigital/public_html/api_controlAccesos/public/index.php(37): CodeIgniter\CodeIgniter->run()
#5 {main}
CRITICAL - 2024-10-23 18:31:12 --> Class 'App\Libraries\Exception' not found
#0 /home/eventodigital/public_html/api_controlAccesos/app/Controllers/RestController.php(186): App\Libraries\vCard->__construct(false, '08724366')
#1 /home/eventodigital/public_html/api_controlAccesos/system/CodeIgniter.php(832): App\Controllers\RestController->create()
#2 /home/eventodigital/public_html/api_controlAccesos/system/CodeIgniter.php(419): CodeIgniter\CodeIgniter->runController(Object(App\Controllers\RestController))
#3 /home/eventodigital/public_html/api_controlAccesos/system/CodeIgniter.php(326): CodeIgniter\CodeIgniter->handleRequest(NULL, Object(Config\Cache), false)
#4 /home/eventodigital/public_html/api_controlAccesos/public/index.php(37): CodeIgniter\CodeIgniter->run()
#5 {main}
CRITICAL - 2024-10-23 18:31:20 --> Class 'App\Libraries\Exception' not found
#0 /home/eventodigital/public_html/api_controlAccesos/app/Controllers/RestController.php(186): App\Libraries\vCard->__construct(false, '56')
#1 /home/eventodigital/public_html/api_controlAccesos/system/CodeIgniter.php(832): App\Controllers\RestController->create()
#2 /home/eventodigital/public_html/api_controlAccesos/system/CodeIgniter.php(419): CodeIgniter\CodeIgniter->runController(Object(App\Controllers\RestController))
#3 /home/eventodigital/public_html/api_controlAccesos/system/CodeIgniter.php(326): CodeIgniter\CodeIgniter->handleRequest(NULL, Object(Config\Cache), false)
#4 /home/eventodigital/public_html/api_controlAccesos/public/index.php(37): CodeIgniter\CodeIgniter->run()
#5 {main}
CRITICAL - 2024-10-23 18:32:44 --> Class 'App\Libraries\Exception' not found
#0 /home/eventodigital/public_html/api_controlAccesos/app/Controllers/RestController.php(186): App\Libraries\vCard->__construct(false, '15314789')
#1 /home/eventodigital/public_html/api_controlAccesos/system/CodeIgniter.php(832): App\Controllers\RestController->create()
#2 /home/eventodigital/public_html/api_controlAccesos/system/CodeIgniter.php(419): CodeIgniter\CodeIgniter->runController(Object(App\Controllers\RestController))
#3 /home/eventodigital/public_html/api_controlAccesos/system/CodeIgniter.php(326): CodeIgniter\CodeIgniter->handleRequest(NULL, Object(Config\Cache), false)
#4 /home/eventodigital/public_html/api_controlAccesos/public/index.php(37): CodeIgniter\CodeIgniter->run()
#5 {main}
CRITICAL - 2024-10-23 18:34:02 --> Class 'App\Libraries\Exception' not found
#0 /home/eventodigital/public_html/api_controlAccesos/app/Controllers/RestController.php(186): App\Libraries\vCard->__construct(false, '01447187')
#1 /home/eventodigital/public_html/api_controlAccesos/system/CodeIgniter.php(832): App\Controllers\RestController->create()
#2 /home/eventodigital/public_html/api_controlAccesos/system/CodeIgniter.php(419): CodeIgniter\CodeIgniter->runController(Object(App\Controllers\RestController))
#3 /home/eventodigital/public_html/api_controlAccesos/system/CodeIgniter.php(326): CodeIgniter\CodeIgniter->handleRequest(NULL, Object(Config\Cache), false)
#4 /home/eventodigital/public_html/api_controlAccesos/public/index.php(37): CodeIgniter\CodeIgniter->run()
#5 {main}
CRITICAL - 2024-10-23 18:34:33 --> Class 'App\Libraries\Exception' not found
#0 /home/eventodigital/public_html/api_controlAccesos/app/Controllers/RestController.php(186): App\Libraries\vCard->__construct(false, '07212118')
#1 /home/eventodigital/public_html/api_controlAccesos/system/CodeIgniter.php(832): App\Controllers\RestController->create()
#2 /home/eventodigital/public_html/api_controlAccesos/system/CodeIgniter.php(419): CodeIgniter\CodeIgniter->runController(Object(App\Controllers\RestController))
#3 /home/eventodigital/public_html/api_controlAccesos/system/CodeIgniter.php(326): CodeIgniter\CodeIgniter->handleRequest(NULL, Object(Config\Cache), false)
#4 /home/eventodigital/public_html/api_controlAccesos/public/index.php(37): CodeIgniter\CodeIgniter->run()
#5 {main}
CRITICAL - 2024-10-23 18:34:49 --> Class 'App\Libraries\Exception' not found
#0 /home/eventodigital/public_html/api_controlAccesos/app/Controllers/RestController.php(186): App\Libraries\vCard->__construct(false, '07532104')
#1 /home/eventodigital/public_html/api_controlAccesos/system/CodeIgniter.php(832): App\Controllers\RestController->create()
#2 /home/eventodigital/public_html/api_controlAccesos/system/CodeIgniter.php(419): CodeIgniter\CodeIgniter->runController(Object(App\Controllers\RestController))
#3 /home/eventodigital/public_html/api_controlAccesos/system/CodeIgniter.php(326): CodeIgniter\CodeIgniter->handleRequest(NULL, Object(Config\Cache), false)
#4 /home/eventodigital/public_html/api_controlAccesos/public/index.php(37): CodeIgniter\CodeIgniter->run()
#5 {main}
CRITICAL - 2024-10-23 18:37:44 --> Class 'App\Libraries\Exception' not found
#0 /home/eventodigital/public_html/api_controlAccesos/app/Controllers/RestController.php(186): App\Libraries\vCard->__construct(false, '18981766')
#1 /home/eventodigital/public_html/api_controlAccesos/system/CodeIgniter.php(832): App\Controllers\RestController->create()
#2 /home/eventodigital/public_html/api_controlAccesos/system/CodeIgniter.php(419): CodeIgniter\CodeIgniter->runController(Object(App\Controllers\RestController))
#3 /home/eventodigital/public_html/api_controlAccesos/system/CodeIgniter.php(326): CodeIgniter\CodeIgniter->handleRequest(NULL, Object(Config\Cache), false)
#4 /home/eventodigital/public_html/api_controlAccesos/public/index.php(37): CodeIgniter\CodeIgniter->run()
#5 {main}
CRITICAL - 2024-10-23 18:38:03 --> Class 'App\Libraries\Exception' not found
#0 /home/eventodigital/public_html/api_controlAccesos/app/Controllers/RestController.php(186): App\Libraries\vCard->__construct(false, '04672014')
#1 /home/eventodigital/public_html/api_controlAccesos/system/CodeIgniter.php(832): App\Controllers\RestController->create()
#2 /home/eventodigital/public_html/api_controlAccesos/system/CodeIgniter.php(419): CodeIgniter\CodeIgniter->runController(Object(App\Controllers\RestController))
#3 /home/eventodigital/public_html/api_controlAccesos/system/CodeIgniter.php(326): CodeIgniter\CodeIgniter->handleRequest(NULL, Object(Config\Cache), false)
#4 /home/eventodigital/public_html/api_controlAccesos/public/index.php(37): CodeIgniter\CodeIgniter->run()
#5 {main}
CRITICAL - 2024-10-23 18:38:10 --> Class 'App\Libraries\Exception' not found
#0 /home/eventodigital/public_html/api_controlAccesos/app/Controllers/RestController.php(186): App\Libraries\vCard->__construct(false, '18355448')
#1 /home/eventodigital/public_html/api_controlAccesos/system/CodeIgniter.php(832): App\Controllers\RestController->create()
#2 /home/eventodigital/public_html/api_controlAccesos/system/CodeIgniter.php(419): CodeIgniter\CodeIgniter->runController(Object(App\Controllers\RestController))
#3 /home/eventodigital/public_html/api_controlAccesos/system/CodeIgniter.php(326): CodeIgniter\CodeIgniter->handleRequest(NULL, Object(Config\Cache), false)
#4 /home/eventodigital/public_html/api_controlAccesos/public/index.php(37): CodeIgniter\CodeIgniter->run()
#5 {main}
CRITICAL - 2024-10-23 18:39:38 --> Class 'App\Libraries\Exception' not found
#0 /home/eventodigital/public_html/api_controlAccesos/app/Controllers/RestController.php(186): App\Libraries\vCard->__construct(false, '11122111')
#1 /home/eventodigital/public_html/api_controlAccesos/system/CodeIgniter.php(832): App\Controllers\RestController->create()
#2 /home/eventodigital/public_html/api_controlAccesos/system/CodeIgniter.php(419): CodeIgniter\CodeIgniter->runController(Object(App\Controllers\RestController))
#3 /home/eventodigital/public_html/api_controlAccesos/system/CodeIgniter.php(326): CodeIgniter\CodeIgniter->handleRequest(NULL, Object(Config\Cache), false)
#4 /home/eventodigital/public_html/api_controlAccesos/public/index.php(37): CodeIgniter\CodeIgniter->run()
#5 {main}
CRITICAL - 2024-10-23 18:41:07 --> Class 'App\Libraries\Exception' not found
#0 /home/eventodigital/public_html/api_controlAccesos/app/Controllers/RestController.php(186): App\Libraries\vCard->__construct(false, '04436973')
#1 /home/eventodigital/public_html/api_controlAccesos/system/CodeIgniter.php(832): App\Controllers\RestController->create()
#2 /home/eventodigital/public_html/api_controlAccesos/system/CodeIgniter.php(419): CodeIgniter\CodeIgniter->runController(Object(App\Controllers\RestController))
#3 /home/eventodigital/public_html/api_controlAccesos/system/CodeIgniter.php(326): CodeIgniter\CodeIgniter->handleRequest(NULL, Object(Config\Cache), false)
#4 /home/eventodigital/public_html/api_controlAccesos/public/index.php(37): CodeIgniter\CodeIgniter->run()
#5 {main}
CRITICAL - 2024-10-23 18:41:26 --> Class 'App\Libraries\Exception' not found
#0 /home/eventodigital/public_html/api_controlAccesos/app/Controllers/RestController.php(186): App\Libraries\vCard->__construct(false, '14984563')
#1 /home/eventodigital/public_html/api_controlAccesos/system/CodeIgniter.php(832): App\Controllers\RestController->create()
#2 /home/eventodigital/public_html/api_controlAccesos/system/CodeIgniter.php(419): CodeIgniter\CodeIgniter->runController(Object(App\Controllers\RestController))
#3 /home/eventodigital/public_html/api_controlAccesos/system/CodeIgniter.php(326): CodeIgniter\CodeIgniter->handleRequest(NULL, Object(Config\Cache), false)
#4 /home/eventodigital/public_html/api_controlAccesos/public/index.php(37): CodeIgniter\CodeIgniter->run()
#5 {main}
CRITICAL - 2024-10-23 18:43:29 --> Class 'App\Libraries\Exception' not found
#0 /home/eventodigital/public_html/api_controlAccesos/app/Controllers/RestController.php(186): App\Libraries\vCard->__construct(false, '62237277')
#1 /home/eventodigital/public_html/api_controlAccesos/system/CodeIgniter.php(832): App\Controllers\RestController->create()
#2 /home/eventodigital/public_html/api_controlAccesos/system/CodeIgniter.php(419): CodeIgniter\CodeIgniter->runController(Object(App\Controllers\RestController))
#3 /home/eventodigital/public_html/api_controlAccesos/system/CodeIgniter.php(326): CodeIgniter\CodeIgniter->handleRequest(NULL, Object(Config\Cache), false)
#4 /home/eventodigital/public_html/api_controlAccesos/public/index.php(37): CodeIgniter\CodeIgniter->run()
#5 {main}
CRITICAL - 2024-10-23 18:50:07 --> Class 'App\Libraries\Exception' not found
#0 /home/eventodigital/public_html/api_controlAccesos/app/Controllers/RestController.php(186): App\Libraries\vCard->__construct(false, '11620495')
#1 /home/eventodigital/public_html/api_controlAccesos/system/CodeIgniter.php(832): App\Controllers\RestController->create()
#2 /home/eventodigital/public_html/api_controlAccesos/system/CodeIgniter.php(419): CodeIgniter\CodeIgniter->runController(Object(App\Controllers\RestController))
#3 /home/eventodigital/public_html/api_controlAccesos/system/CodeIgniter.php(326): CodeIgniter\CodeIgniter->handleRequest(NULL, Object(Config\Cache), false)
#4 /home/eventodigital/public_html/api_controlAccesos/public/index.php(37): CodeIgniter\CodeIgniter->run()
#5 {main}
CRITICAL - 2024-10-23 18:50:38 --> Class 'App\Libraries\Exception' not found
#0 /home/eventodigital/public_html/api_controlAccesos/app/Controllers/RestController.php(186): App\Libraries\vCard->__construct(false, '01333053')
#1 /home/eventodigital/public_html/api_controlAccesos/system/CodeIgniter.php(832): App\Controllers\RestController->create()
#2 /home/eventodigital/public_html/api_controlAccesos/system/CodeIgniter.php(419): CodeIgniter\CodeIgniter->runController(Object(App\Controllers\RestController))
#3 /home/eventodigital/public_html/api_controlAccesos/system/CodeIgniter.php(326): CodeIgniter\CodeIgniter->handleRequest(NULL, Object(Config\Cache), false)
#4 /home/eventodigital/public_html/api_controlAccesos/public/index.php(37): CodeIgniter\CodeIgniter->run()
#5 {main}
CRITICAL - 2024-10-23 18:51:19 --> Class 'App\Libraries\Exception' not found
#0 /home/eventodigital/public_html/api_controlAccesos/app/Controllers/RestController.php(186): App\Libraries\vCard->__construct(false, '12138456')
#1 /home/eventodigital/public_html/api_controlAccesos/system/CodeIgniter.php(832): App\Controllers\RestController->create()
#2 /home/eventodigital/public_html/api_controlAccesos/system/CodeIgniter.php(419): CodeIgniter\CodeIgniter->runController(Object(App\Controllers\RestController))
#3 /home/eventodigital/public_html/api_controlAccesos/system/CodeIgniter.php(326): CodeIgniter\CodeIgniter->handleRequest(NULL, Object(Config\Cache), false)
#4 /home/eventodigital/public_html/api_controlAccesos/public/index.php(37): CodeIgniter\CodeIgniter->run()
#5 {main}
CRITICAL - 2024-10-23 18:53:41 --> Class 'App\Libraries\Exception' not found
#0 /home/eventodigital/public_html/api_controlAccesos/app/Controllers/RestController.php(186): App\Libraries\vCard->__construct(false, '07870071')
#1 /home/eventodigital/public_html/api_controlAccesos/system/CodeIgniter.php(832): App\Controllers\RestController->create()
#2 /home/eventodigital/public_html/api_controlAccesos/system/CodeIgniter.php(419): CodeIgniter\CodeIgniter->runController(Object(App\Controllers\RestController))
#3 /home/eventodigital/public_html/api_controlAccesos/system/CodeIgniter.php(326): CodeIgniter\CodeIgniter->handleRequest(NULL, Object(Config\Cache), false)
#4 /home/eventodigital/public_html/api_controlAccesos/public/index.php(37): CodeIgniter\CodeIgniter->run()
#5 {main}
CRITICAL - 2024-10-23 18:55:13 --> Class 'App\Libraries\Exception' not found
#0 /home/eventodigital/public_html/api_controlAccesos/app/Controllers/RestController.php(186): App\Libraries\vCard->__construct(false, '01529334')
#1 /home/eventodigital/public_html/api_controlAccesos/system/CodeIgniter.php(832): App\Controllers\RestController->create()
#2 /home/eventodigital/public_html/api_controlAccesos/system/CodeIgniter.php(419): CodeIgniter\CodeIgniter->runController(Object(App\Controllers\RestController))
#3 /home/eventodigital/public_html/api_controlAccesos/system/CodeIgniter.php(326): CodeIgniter\CodeIgniter->handleRequest(NULL, Object(Config\Cache), false)
#4 /home/eventodigital/public_html/api_controlAccesos/public/index.php(37): CodeIgniter\CodeIgniter->run()
#5 {main}
CRITICAL - 2024-10-23 18:55:20 --> Class 'App\Libraries\Exception' not found
#0 /home/eventodigital/public_html/api_controlAccesos/app/Controllers/RestController.php(186): App\Libraries\vCard->__construct(false, '06808109')
#1 /home/eventodigital/public_html/api_controlAccesos/system/CodeIgniter.php(832): App\Controllers\RestController->create()
#2 /home/eventodigital/public_html/api_controlAccesos/system/CodeIgniter.php(419): CodeIgniter\CodeIgniter->runController(Object(App\Controllers\RestController))
#3 /home/eventodigital/public_html/api_controlAccesos/system/CodeIgniter.php(326): CodeIgniter\CodeIgniter->handleRequest(NULL, Object(Config\Cache), false)
#4 /home/eventodigital/public_html/api_controlAccesos/public/index.php(37): CodeIgniter\CodeIgniter->run()
#5 {main}
CRITICAL - 2024-10-23 18:56:03 --> Class 'App\Libraries\Exception' not found
#0 /home/eventodigital/public_html/api_controlAccesos/app/Controllers/RestController.php(186): App\Libraries\vCard->__construct(false, '12176519')
#1 /home/eventodigital/public_html/api_controlAccesos/system/CodeIgniter.php(832): App\Controllers\RestController->create()
#2 /home/eventodigital/public_html/api_controlAccesos/system/CodeIgniter.php(419): CodeIgniter\CodeIgniter->runController(Object(App\Controllers\RestController))
#3 /home/eventodigital/public_html/api_controlAccesos/system/CodeIgniter.php(326): CodeIgniter\CodeIgniter->handleRequest(NULL, Object(Config\Cache), false)
#4 /home/eventodigital/public_html/api_controlAccesos/public/index.php(37): CodeIgniter\CodeIgniter->run()
#5 {main}
CRITICAL - 2024-10-23 18:57:20 --> Class 'App\Libraries\Exception' not found
#0 /home/eventodigital/public_html/api_controlAccesos/app/Controllers/RestController.php(186): App\Libraries\vCard->__construct(false, '06351649')
#1 /home/eventodigital/public_html/api_controlAccesos/system/CodeIgniter.php(832): App\Controllers\RestController->create()
#2 /home/eventodigital/public_html/api_controlAccesos/system/CodeIgniter.php(419): CodeIgniter\CodeIgniter->runController(Object(App\Controllers\RestController))
#3 /home/eventodigital/public_html/api_controlAccesos/system/CodeIgniter.php(326): CodeIgniter\CodeIgniter->handleRequest(NULL, Object(Config\Cache), false)
#4 /home/eventodigital/public_html/api_controlAccesos/public/index.php(37): CodeIgniter\CodeIgniter->run()
#5 {main}
CRITICAL - 2024-10-23 19:01:47 --> Class 'App\Libraries\Exception' not found
#0 /home/eventodigital/public_html/api_controlAccesos/app/Controllers/RestController.php(186): App\Libraries\vCard->__construct(false, '03853856')
#1 /home/eventodigital/public_html/api_controlAccesos/system/CodeIgniter.php(832): App\Controllers\RestController->create()
#2 /home/eventodigital/public_html/api_controlAccesos/system/CodeIgniter.php(419): CodeIgniter\CodeIgniter->runController(Object(App\Controllers\RestController))
#3 /home/eventodigital/public_html/api_controlAccesos/system/CodeIgniter.php(326): CodeIgniter\CodeIgniter->handleRequest(NULL, Object(Config\Cache), false)
#4 /home/eventodigital/public_html/api_controlAccesos/public/index.php(37): CodeIgniter\CodeIgniter->run()
#5 {main}
CRITICAL - 2024-10-23 19:06:15 --> Class 'App\Libraries\Exception' not found
#0 /home/eventodigital/public_html/api_controlAccesos/app/Controllers/RestController.php(186): App\Libraries\vCard->__construct(false, '09585334')
#1 /home/eventodigital/public_html/api_controlAccesos/system/CodeIgniter.php(832): App\Controllers\RestController->create()
#2 /home/eventodigital/public_html/api_controlAccesos/system/CodeIgniter.php(419): CodeIgniter\CodeIgniter->runController(Object(App\Controllers\RestController))
#3 /home/eventodigital/public_html/api_controlAccesos/system/CodeIgniter.php(326): CodeIgniter\CodeIgniter->handleRequest(NULL, Object(Config\Cache), false)
#4 /home/eventodigital/public_html/api_controlAccesos/public/index.php(37): CodeIgniter\CodeIgniter->run()
#5 {main}
CRITICAL - 2024-10-23 19:10:11 --> Class 'App\Libraries\Exception' not found
#0 /home/eventodigital/public_html/api_controlAccesos/app/Controllers/RestController.php(186): App\Libraries\vCard->__construct(false, '00977142')
#1 /home/eventodigital/public_html/api_controlAccesos/system/CodeIgniter.php(832): App\Controllers\RestController->create()
#2 /home/eventodigital/public_html/api_controlAccesos/system/CodeIgniter.php(419): CodeIgniter\CodeIgniter->runController(Object(App\Controllers\RestController))
#3 /home/eventodigital/public_html/api_controlAccesos/system/CodeIgniter.php(326): CodeIgniter\CodeIgniter->handleRequest(NULL, Object(Config\Cache), false)
#4 /home/eventodigital/public_html/api_controlAccesos/public/index.php(37): CodeIgniter\CodeIgniter->run()
#5 {main}
CRITICAL - 2024-10-23 19:11:15 --> Class 'App\Libraries\Exception' not found
#0 /home/eventodigital/public_html/api_controlAccesos/app/Controllers/RestController.php(186): App\Libraries\vCard->__construct(false, '09122545')
#1 /home/eventodigital/public_html/api_controlAccesos/system/CodeIgniter.php(832): App\Controllers\RestController->create()
#2 /home/eventodigital/public_html/api_controlAccesos/system/CodeIgniter.php(419): CodeIgniter\CodeIgniter->runController(Object(App\Controllers\RestController))
#3 /home/eventodigital/public_html/api_controlAccesos/system/CodeIgniter.php(326): CodeIgniter\CodeIgniter->handleRequest(NULL, Object(Config\Cache), false)
#4 /home/eventodigital/public_html/api_controlAccesos/public/index.php(37): CodeIgniter\CodeIgniter->run()
#5 {main}
CRITICAL - 2024-10-23 19:13:32 --> Class 'App\Libraries\Exception' not found
#0 /home/eventodigital/public_html/api_controlAccesos/app/Controllers/RestController.php(186): App\Libraries\vCard->__construct(false, '11122421')
#1 /home/eventodigital/public_html/api_controlAccesos/system/CodeIgniter.php(832): App\Controllers\RestController->create()
#2 /home/eventodigital/public_html/api_controlAccesos/system/CodeIgniter.php(419): CodeIgniter\CodeIgniter->runController(Object(App\Controllers\RestController))
#3 /home/eventodigital/public_html/api_controlAccesos/system/CodeIgniter.php(326): CodeIgniter\CodeIgniter->handleRequest(NULL, Object(Config\Cache), false)
#4 /home/eventodigital/public_html/api_controlAccesos/public/index.php(37): CodeIgniter\CodeIgniter->run()
#5 {main}
CRITICAL - 2024-10-23 19:14:27 --> Class 'App\Libraries\Exception' not found
#0 /home/eventodigital/public_html/api_controlAccesos/app/Controllers/RestController.php(186): App\Libraries\vCard->__construct(false, '06465452')
#1 /home/eventodigital/public_html/api_controlAccesos/system/CodeIgniter.php(832): App\Controllers\RestController->create()
#2 /home/eventodigital/public_html/api_controlAccesos/system/CodeIgniter.php(419): CodeIgniter\CodeIgniter->runController(Object(App\Controllers\RestController))
#3 /home/eventodigital/public_html/api_controlAccesos/system/CodeIgniter.php(326): CodeIgniter\CodeIgniter->handleRequest(NULL, Object(Config\Cache), false)
#4 /home/eventodigital/public_html/api_controlAccesos/public/index.php(37): CodeIgniter\CodeIgniter->run()
#5 {main}
CRITICAL - 2024-10-23 19:14:56 --> Class 'App\Libraries\Exception' not found
#0 /home/eventodigital/public_html/api_controlAccesos/app/Controllers/RestController.php(186): App\Libraries\vCard->__construct(false, '06341331')
#1 /home/eventodigital/public_html/api_controlAccesos/system/CodeIgniter.php(832): App\Controllers\RestController->create()
#2 /home/eventodigital/public_html/api_controlAccesos/system/CodeIgniter.php(419): CodeIgniter\CodeIgniter->runController(Object(App\Controllers\RestController))
#3 /home/eventodigital/public_html/api_controlAccesos/system/CodeIgniter.php(326): CodeIgniter\CodeIgniter->handleRequest(NULL, Object(Config\Cache), false)
#4 /home/eventodigital/public_html/api_controlAccesos/public/index.php(37): CodeIgniter\CodeIgniter->run()
#5 {main}
CRITICAL - 2024-10-23 19:16:32 --> Class 'App\Libraries\Exception' not found
#0 /home/eventodigital/public_html/api_controlAccesos/app/Controllers/RestController.php(186): App\Libraries\vCard->__construct(false, '14711804')
#1 /home/eventodigital/public_html/api_controlAccesos/system/CodeIgniter.php(832): App\Controllers\RestController->create()
#2 /home/eventodigital/public_html/api_controlAccesos/system/CodeIgniter.php(419): CodeIgniter\CodeIgniter->runController(Object(App\Controllers\RestController))
#3 /home/eventodigital/public_html/api_controlAccesos/system/CodeIgniter.php(326): CodeIgniter\CodeIgniter->handleRequest(NULL, Object(Config\Cache), false)
#4 /home/eventodigital/public_html/api_controlAccesos/public/index.php(37): CodeIgniter\CodeIgniter->run()
#5 {main}
CRITICAL - 2024-10-23 19:17:19 --> Class 'App\Libraries\Exception' not found
#0 /home/eventodigital/public_html/api_controlAccesos/app/Controllers/RestController.php(186): App\Libraries\vCard->__construct(false, '06678201')
#1 /home/eventodigital/public_html/api_controlAccesos/system/CodeIgniter.php(832): App\Controllers\RestController->create()
#2 /home/eventodigital/public_html/api_controlAccesos/system/CodeIgniter.php(419): CodeIgniter\CodeIgniter->runController(Object(App\Controllers\RestController))
#3 /home/eventodigital/public_html/api_controlAccesos/system/CodeIgniter.php(326): CodeIgniter\CodeIgniter->handleRequest(NULL, Object(Config\Cache), false)
#4 /home/eventodigital/public_html/api_controlAccesos/public/index.php(37): CodeIgniter\CodeIgniter->run()
#5 {main}
CRITICAL - 2024-10-23 19:17:27 --> Class 'App\Libraries\Exception' not found
#0 /home/eventodigital/public_html/api_controlAccesos/app/Controllers/RestController.php(186): App\Libraries\vCard->__construct(false, '07188688')
#1 /home/eventodigital/public_html/api_controlAccesos/system/CodeIgniter.php(832): App\Controllers\RestController->create()
#2 /home/eventodigital/public_html/api_controlAccesos/system/CodeIgniter.php(419): CodeIgniter\CodeIgniter->runController(Object(App\Controllers\RestController))
#3 /home/eventodigital/public_html/api_controlAccesos/system/CodeIgniter.php(326): CodeIgniter\CodeIgniter->handleRequest(NULL, Object(Config\Cache), false)
#4 /home/eventodigital/public_html/api_controlAccesos/public/index.php(37): CodeIgniter\CodeIgniter->run()
#5 {main}
CRITICAL - 2024-10-23 19:18:01 --> Class 'App\Libraries\Exception' not found
#0 /home/eventodigital/public_html/api_controlAccesos/app/Controllers/RestController.php(186): App\Libraries\vCard->__construct(false, '16438436')
#1 /home/eventodigital/public_html/api_controlAccesos/system/CodeIgniter.php(832): App\Controllers\RestController->create()
#2 /home/eventodigital/public_html/api_controlAccesos/system/CodeIgniter.php(419): CodeIgniter\CodeIgniter->runController(Object(App\Controllers\RestController))
#3 /home/eventodigital/public_html/api_controlAccesos/system/CodeIgniter.php(326): CodeIgniter\CodeIgniter->handleRequest(NULL, Object(Config\Cache), false)
#4 /home/eventodigital/public_html/api_controlAccesos/public/index.php(37): CodeIgniter\CodeIgniter->run()
#5 {main}
CRITICAL - 2024-10-23 19:18:28 --> Class 'App\Libraries\Exception' not found
#0 /home/eventodigital/public_html/api_controlAccesos/app/Controllers/RestController.php(186): App\Libraries\vCard->__construct(false, '\xEF\xBB\xBFBEGIN:VCARD\n...')
#1 /home/eventodigital/public_html/api_controlAccesos/system/CodeIgniter.php(832): App\Controllers\RestController->create()
#2 /home/eventodigital/public_html/api_controlAccesos/system/CodeIgniter.php(419): CodeIgniter\CodeIgniter->runController(Object(App\Controllers\RestController))
#3 /home/eventodigital/public_html/api_controlAccesos/system/CodeIgniter.php(326): CodeIgniter\CodeIgniter->handleRequest(NULL, Object(Config\Cache), false)
#4 /home/eventodigital/public_html/api_controlAccesos/public/index.php(37): CodeIgniter\CodeIgniter->run()
#5 {main}
CRITICAL - 2024-10-23 19:18:40 --> Class 'App\Libraries\Exception' not found
#0 /home/eventodigital/public_html/api_controlAccesos/app/Controllers/RestController.php(186): App\Libraries\vCard->__construct(false, 'https://congres...')
#1 /home/eventodigital/public_html/api_controlAccesos/system/CodeIgniter.php(832): App\Controllers\RestController->create()
#2 /home/eventodigital/public_html/api_controlAccesos/system/CodeIgniter.php(419): CodeIgniter\CodeIgniter->runController(Object(App\Controllers\RestController))
#3 /home/eventodigital/public_html/api_controlAccesos/system/CodeIgniter.php(326): CodeIgniter\CodeIgniter->handleRequest(NULL, Object(Config\Cache), false)
#4 /home/eventodigital/public_html/api_controlAccesos/public/index.php(37): CodeIgniter\CodeIgniter->run()
#5 {main}
CRITICAL - 2024-10-23 19:19:01 --> Class 'App\Libraries\Exception' not found
#0 /home/eventodigital/public_html/api_controlAccesos/app/Controllers/RestController.php(186): App\Libraries\vCard->__construct(false, '06654351')
#1 /home/eventodigital/public_html/api_controlAccesos/system/CodeIgniter.php(832): App\Controllers\RestController->create()
#2 /home/eventodigital/public_html/api_controlAccesos/system/CodeIgniter.php(419): CodeIgniter\CodeIgniter->runController(Object(App\Controllers\RestController))
#3 /home/eventodigital/public_html/api_controlAccesos/system/CodeIgniter.php(326): CodeIgniter\CodeIgniter->handleRequest(NULL, Object(Config\Cache), false)
#4 /home/eventodigital/public_html/api_controlAccesos/public/index.php(37): CodeIgniter\CodeIgniter->run()
#5 {main}
CRITICAL - 2024-10-23 19:19:19 --> Class 'App\Libraries\Exception' not found
#0 /home/eventodigital/public_html/api_controlAccesos/app/Controllers/RestController.php(186): App\Libraries\vCard->__construct(false, '04721813')
#1 /home/eventodigital/public_html/api_controlAccesos/system/CodeIgniter.php(832): App\Controllers\RestController->create()
#2 /home/eventodigital/public_html/api_controlAccesos/system/CodeIgniter.php(419): CodeIgniter\CodeIgniter->runController(Object(App\Controllers\RestController))
#3 /home/eventodigital/public_html/api_controlAccesos/system/CodeIgniter.php(326): CodeIgniter\CodeIgniter->handleRequest(NULL, Object(Config\Cache), false)
#4 /home/eventodigital/public_html/api_controlAccesos/public/index.php(37): CodeIgniter\CodeIgniter->run()
#5 {main}
CRITICAL - 2024-10-23 19:21:34 --> Class 'App\Libraries\Exception' not found
#0 /home/eventodigital/public_html/api_controlAccesos/app/Controllers/RestController.php(186): App\Libraries\vCard->__construct(false, '41322222')
#1 /home/eventodigital/public_html/api_controlAccesos/system/CodeIgniter.php(832): App\Controllers\RestController->create()
#2 /home/eventodigital/public_html/api_controlAccesos/system/CodeIgniter.php(419): CodeIgniter\CodeIgniter->runController(Object(App\Controllers\RestController))
#3 /home/eventodigital/public_html/api_controlAccesos/system/CodeIgniter.php(326): CodeIgniter\CodeIgniter->handleRequest(NULL, Object(Config\Cache), false)
#4 /home/eventodigital/public_html/api_controlAccesos/public/index.php(37): CodeIgniter\CodeIgniter->run()
#5 {main}
CRITICAL - 2024-10-23 19:21:51 --> Class 'App\Libraries\Exception' not found
#0 /home/eventodigital/public_html/api_controlAccesos/app/Controllers/RestController.php(186): App\Libraries\vCard->__construct(false, '09758706')
#1 /home/eventodigital/public_html/api_controlAccesos/system/CodeIgniter.php(832): App\Controllers\RestController->create()
#2 /home/eventodigital/public_html/api_controlAccesos/system/CodeIgniter.php(419): CodeIgniter\CodeIgniter->runController(Object(App\Controllers\RestController))
#3 /home/eventodigital/public_html/api_controlAccesos/system/CodeIgniter.php(326): CodeIgniter\CodeIgniter->handleRequest(NULL, Object(Config\Cache), false)
#4 /home/eventodigital/public_html/api_controlAccesos/public/index.php(37): CodeIgniter\CodeIgniter->run()
#5 {main}
CRITICAL - 2024-10-23 19:22:37 --> Class 'App\Libraries\Exception' not found
#0 /home/eventodigital/public_html/api_controlAccesos/app/Controllers/RestController.php(186): App\Libraries\vCard->__construct(false, '01879599')
#1 /home/eventodigital/public_html/api_controlAccesos/system/CodeIgniter.php(832): App\Controllers\RestController->create()
#2 /home/eventodigital/public_html/api_controlAccesos/system/CodeIgniter.php(419): CodeIgniter\CodeIgniter->runController(Object(App\Controllers\RestController))
#3 /home/eventodigital/public_html/api_controlAccesos/system/CodeIgniter.php(326): CodeIgniter\CodeIgniter->handleRequest(NULL, Object(Config\Cache), false)
#4 /home/eventodigital/public_html/api_controlAccesos/public/index.php(37): CodeIgniter\CodeIgniter->run()
#5 {main}
CRITICAL - 2024-10-23 19:22:55 --> Class 'App\Libraries\Exception' not found
#0 /home/eventodigital/public_html/api_controlAccesos/app/Controllers/RestController.php(186): App\Libraries\vCard->__construct(false, '01181975')
#1 /home/eventodigital/public_html/api_controlAccesos/system/CodeIgniter.php(832): App\Controllers\RestController->create()
#2 /home/eventodigital/public_html/api_controlAccesos/system/CodeIgniter.php(419): CodeIgniter\CodeIgniter->runController(Object(App\Controllers\RestController))
#3 /home/eventodigital/public_html/api_controlAccesos/system/CodeIgniter.php(326): CodeIgniter\CodeIgniter->handleRequest(NULL, Object(Config\Cache), false)
#4 /home/eventodigital/public_html/api_controlAccesos/public/index.php(37): CodeIgniter\CodeIgniter->run()
#5 {main}
CRITICAL - 2024-10-23 19:23:26 --> Class 'App\Libraries\Exception' not found
#0 /home/eventodigital/public_html/api_controlAccesos/app/Controllers/RestController.php(186): App\Libraries\vCard->__construct(false, '10572340')
#1 /home/eventodigital/public_html/api_controlAccesos/system/CodeIgniter.php(832): App\Controllers\RestController->create()
#2 /home/eventodigital/public_html/api_controlAccesos/system/CodeIgniter.php(419): CodeIgniter\CodeIgniter->runController(Object(App\Controllers\RestController))
#3 /home/eventodigital/public_html/api_controlAccesos/system/CodeIgniter.php(326): CodeIgniter\CodeIgniter->handleRequest(NULL, Object(Config\Cache), false)
#4 /home/eventodigital/public_html/api_controlAccesos/public/index.php(37): CodeIgniter\CodeIgniter->run()
#5 {main}
CRITICAL - 2024-10-23 19:23:35 --> Class 'App\Libraries\Exception' not found
#0 /home/eventodigital/public_html/api_controlAccesos/app/Controllers/RestController.php(186): App\Libraries\vCard->__construct(false, '18984004')
#1 /home/eventodigital/public_html/api_controlAccesos/system/CodeIgniter.php(832): App\Controllers\RestController->create()
#2 /home/eventodigital/public_html/api_controlAccesos/system/CodeIgniter.php(419): CodeIgniter\CodeIgniter->runController(Object(App\Controllers\RestController))
#3 /home/eventodigital/public_html/api_controlAccesos/system/CodeIgniter.php(326): CodeIgniter\CodeIgniter->handleRequest(NULL, Object(Config\Cache), false)
#4 /home/eventodigital/public_html/api_controlAccesos/public/index.php(37): CodeIgniter\CodeIgniter->run()
#5 {main}
CRITICAL - 2024-10-23 19:23:50 --> Class 'App\Libraries\Exception' not found
#0 /home/eventodigital/public_html/api_controlAccesos/app/Controllers/RestController.php(186): App\Libraries\vCard->__construct(false, '07102123')
#1 /home/eventodigital/public_html/api_controlAccesos/system/CodeIgniter.php(832): App\Controllers\RestController->create()
#2 /home/eventodigital/public_html/api_controlAccesos/system/CodeIgniter.php(419): CodeIgniter\CodeIgniter->runController(Object(App\Controllers\RestController))
#3 /home/eventodigital/public_html/api_controlAccesos/system/CodeIgniter.php(326): CodeIgniter\CodeIgniter->handleRequest(NULL, Object(Config\Cache), false)
#4 /home/eventodigital/public_html/api_controlAccesos/public/index.php(37): CodeIgniter\CodeIgniter->run()
#5 {main}
CRITICAL - 2024-10-23 19:24:24 --> Class 'App\Libraries\Exception' not found
#0 /home/eventodigital/public_html/api_controlAccesos/app/Controllers/RestController.php(186): App\Libraries\vCard->__construct(false, '07960871')
#1 /home/eventodigital/public_html/api_controlAccesos/system/CodeIgniter.php(832): App\Controllers\RestController->create()
#2 /home/eventodigital/public_html/api_controlAccesos/system/CodeIgniter.php(419): CodeIgniter\CodeIgniter->runController(Object(App\Controllers\RestController))
#3 /home/eventodigital/public_html/api_controlAccesos/system/CodeIgniter.php(326): CodeIgniter\CodeIgniter->handleRequest(NULL, Object(Config\Cache), false)
#4 /home/eventodigital/public_html/api_controlAccesos/public/index.php(37): CodeIgniter\CodeIgniter->run()
#5 {main}
CRITICAL - 2024-10-23 19:25:20 --> Class 'App\Libraries\Exception' not found
#0 /home/eventodigital/public_html/api_controlAccesos/app/Controllers/RestController.php(186): App\Libraries\vCard->__construct(false, '\xEF\xBB\xBFBEGIN:VCARD\n...')
#1 /home/eventodigital/public_html/api_controlAccesos/system/CodeIgniter.php(832): App\Controllers\RestController->create()
#2 /home/eventodigital/public_html/api_controlAccesos/system/CodeIgniter.php(419): CodeIgniter\CodeIgniter->runController(Object(App\Controllers\RestController))
#3 /home/eventodigital/public_html/api_controlAccesos/system/CodeIgniter.php(326): CodeIgniter\CodeIgniter->handleRequest(NULL, Object(Config\Cache), false)
#4 /home/eventodigital/public_html/api_controlAccesos/public/index.php(37): CodeIgniter\CodeIgniter->run()
#5 {main}
CRITICAL - 2024-10-23 19:25:35 --> Class 'App\Libraries\Exception' not found
#0 /home/eventodigital/public_html/api_controlAccesos/app/Controllers/RestController.php(186): App\Libraries\vCard->__construct(false, '17100168')
#1 /home/eventodigital/public_html/api_controlAccesos/system/CodeIgniter.php(832): App\Controllers\RestController->create()
#2 /home/eventodigital/public_html/api_controlAccesos/system/CodeIgniter.php(419): CodeIgniter\CodeIgniter->runController(Object(App\Controllers\RestController))
#3 /home/eventodigital/public_html/api_controlAccesos/system/CodeIgniter.php(326): CodeIgniter\CodeIgniter->handleRequest(NULL, Object(Config\Cache), false)
#4 /home/eventodigital/public_html/api_controlAccesos/public/index.php(37): CodeIgniter\CodeIgniter->run()
#5 {main}
CRITICAL - 2024-10-23 19:25:53 --> Class 'App\Libraries\Exception' not found
#0 /home/eventodigital/public_html/api_controlAccesos/app/Controllers/RestController.php(186): App\Libraries\vCard->__construct(false, '04029359')
#1 /home/eventodigital/public_html/api_controlAccesos/system/CodeIgniter.php(832): App\Controllers\RestController->create()
#2 /home/eventodigital/public_html/api_controlAccesos/system/CodeIgniter.php(419): CodeIgniter\CodeIgniter->runController(Object(App\Controllers\RestController))
#3 /home/eventodigital/public_html/api_controlAccesos/system/CodeIgniter.php(326): CodeIgniter\CodeIgniter->handleRequest(NULL, Object(Config\Cache), false)
#4 /home/eventodigital/public_html/api_controlAccesos/public/index.php(37): CodeIgniter\CodeIgniter->run()
#5 {main}
CRITICAL - 2024-10-23 19:26:51 --> Class 'App\Libraries\Exception' not found
#0 /home/eventodigital/public_html/api_controlAccesos/app/Controllers/RestController.php(186): App\Libraries\vCard->__construct(false, '15851905')
#1 /home/eventodigital/public_html/api_controlAccesos/system/CodeIgniter.php(832): App\Controllers\RestController->create()
#2 /home/eventodigital/public_html/api_controlAccesos/system/CodeIgniter.php(419): CodeIgniter\CodeIgniter->runController(Object(App\Controllers\RestController))
#3 /home/eventodigital/public_html/api_controlAccesos/system/CodeIgniter.php(326): CodeIgniter\CodeIgniter->handleRequest(NULL, Object(Config\Cache), false)
#4 /home/eventodigital/public_html/api_controlAccesos/public/index.php(37): CodeIgniter\CodeIgniter->run()
#5 {main}
CRITICAL - 2024-10-23 19:26:51 --> Class 'App\Libraries\Exception' not found
#0 /home/eventodigital/public_html/api_controlAccesos/app/Controllers/RestController.php(186): App\Libraries\vCard->__construct(false, '06423449')
#1 /home/eventodigital/public_html/api_controlAccesos/system/CodeIgniter.php(832): App\Controllers\RestController->create()
#2 /home/eventodigital/public_html/api_controlAccesos/system/CodeIgniter.php(419): CodeIgniter\CodeIgniter->runController(Object(App\Controllers\RestController))
#3 /home/eventodigital/public_html/api_controlAccesos/system/CodeIgniter.php(326): CodeIgniter\CodeIgniter->handleRequest(NULL, Object(Config\Cache), false)
#4 /home/eventodigital/public_html/api_controlAccesos/public/index.php(37): CodeIgniter\CodeIgniter->run()
#5 {main}
CRITICAL - 2024-10-23 19:27:18 --> Class 'App\Libraries\Exception' not found
#0 /home/eventodigital/public_html/api_controlAccesos/app/Controllers/RestController.php(186): App\Libraries\vCard->__construct(false, '03100684')
#1 /home/eventodigital/public_html/api_controlAccesos/system/CodeIgniter.php(832): App\Controllers\RestController->create()
#2 /home/eventodigital/public_html/api_controlAccesos/system/CodeIgniter.php(419): CodeIgniter\CodeIgniter->runController(Object(App\Controllers\RestController))
#3 /home/eventodigital/public_html/api_controlAccesos/system/CodeIgniter.php(326): CodeIgniter\CodeIgniter->handleRequest(NULL, Object(Config\Cache), false)
#4 /home/eventodigital/public_html/api_controlAccesos/public/index.php(37): CodeIgniter\CodeIgniter->run()
#5 {main}
CRITICAL - 2024-10-23 19:27:58 --> Class 'App\Libraries\Exception' not found
#0 /home/eventodigital/public_html/api_controlAccesos/app/Controllers/RestController.php(186): App\Libraries\vCard->__construct(false, '12763955')
#1 /home/eventodigital/public_html/api_controlAccesos/system/CodeIgniter.php(832): App\Controllers\RestController->create()
#2 /home/eventodigital/public_html/api_controlAccesos/system/CodeIgniter.php(419): CodeIgniter\CodeIgniter->runController(Object(App\Controllers\RestController))
#3 /home/eventodigital/public_html/api_controlAccesos/system/CodeIgniter.php(326): CodeIgniter\CodeIgniter->handleRequest(NULL, Object(Config\Cache), false)
#4 /home/eventodigital/public_html/api_controlAccesos/public/index.php(37): CodeIgniter\CodeIgniter->run()
#5 {main}
CRITICAL - 2024-10-23 19:28:28 --> Class 'App\Libraries\Exception' not found
#0 /home/eventodigital/public_html/api_controlAccesos/app/Controllers/RestController.php(186): App\Libraries\vCard->__construct(false, '01613599')
#1 /home/eventodigital/public_html/api_controlAccesos/system/CodeIgniter.php(832): App\Controllers\RestController->create()
#2 /home/eventodigital/public_html/api_controlAccesos/system/CodeIgniter.php(419): CodeIgniter\CodeIgniter->runController(Object(App\Controllers\RestController))
#3 /home/eventodigital/public_html/api_controlAccesos/system/CodeIgniter.php(326): CodeIgniter\CodeIgniter->handleRequest(NULL, Object(Config\Cache), false)
#4 /home/eventodigital/public_html/api_controlAccesos/public/index.php(37): CodeIgniter\CodeIgniter->run()
#5 {main}
CRITICAL - 2024-10-23 19:29:47 --> Class 'App\Libraries\Exception' not found
#0 /home/eventodigital/public_html/api_controlAccesos/app/Controllers/RestController.php(186): App\Libraries\vCard->__construct(false, '02888206')
#1 /home/eventodigital/public_html/api_controlAccesos/system/CodeIgniter.php(832): App\Controllers\RestController->create()
#2 /home/eventodigital/public_html/api_controlAccesos/system/CodeIgniter.php(419): CodeIgniter\CodeIgniter->runController(Object(App\Controllers\RestController))
#3 /home/eventodigital/public_html/api_controlAccesos/system/CodeIgniter.php(326): CodeIgniter\CodeIgniter->handleRequest(NULL, Object(Config\Cache), false)
#4 /home/eventodigital/public_html/api_controlAccesos/public/index.php(37): CodeIgniter\CodeIgniter->run()
#5 {main}
CRITICAL - 2024-10-23 19:31:42 --> Class 'App\Libraries\Exception' not found
#0 /home/eventodigital/public_html/api_controlAccesos/app/Controllers/RestController.php(186): App\Libraries\vCard->__construct(false, '08786982')
#1 /home/eventodigital/public_html/api_controlAccesos/system/CodeIgniter.php(832): App\Controllers\RestController->create()
#2 /home/eventodigital/public_html/api_controlAccesos/system/CodeIgniter.php(419): CodeIgniter\CodeIgniter->runController(Object(App\Controllers\RestController))
#3 /home/eventodigital/public_html/api_controlAccesos/system/CodeIgniter.php(326): CodeIgniter\CodeIgniter->handleRequest(NULL, Object(Config\Cache), false)
#4 /home/eventodigital/public_html/api_controlAccesos/public/index.php(37): CodeIgniter\CodeIgniter->run()
#5 {main}
CRITICAL - 2024-10-23 19:31:48 --> Class 'App\Libraries\Exception' not found
#0 /home/eventodigital/public_html/api_controlAccesos/app/Controllers/RestController.php(186): App\Libraries\vCard->__construct(false, '08786982')
#1 /home/eventodigital/public_html/api_controlAccesos/system/CodeIgniter.php(832): App\Controllers\RestController->create()
#2 /home/eventodigital/public_html/api_controlAccesos/system/CodeIgniter.php(419): CodeIgniter\CodeIgniter->runController(Object(App\Controllers\RestController))
#3 /home/eventodigital/public_html/api_controlAccesos/system/CodeIgniter.php(326): CodeIgniter\CodeIgniter->handleRequest(NULL, Object(Config\Cache), false)
#4 /home/eventodigital/public_html/api_controlAccesos/public/index.php(37): CodeIgniter\CodeIgniter->run()
#5 {main}
CRITICAL - 2024-10-23 19:32:47 --> Class 'App\Libraries\Exception' not found
#0 /home/eventodigital/public_html/api_controlAccesos/app/Controllers/RestController.php(186): App\Libraries\vCard->__construct(false, '19496887')
#1 /home/eventodigital/public_html/api_controlAccesos/system/CodeIgniter.php(832): App\Controllers\RestController->create()
#2 /home/eventodigital/public_html/api_controlAccesos/system/CodeIgniter.php(419): CodeIgniter\CodeIgniter->runController(Object(App\Controllers\RestController))
#3 /home/eventodigital/public_html/api_controlAccesos/system/CodeIgniter.php(326): CodeIgniter\CodeIgniter->handleRequest(NULL, Object(Config\Cache), false)
#4 /home/eventodigital/public_html/api_controlAccesos/public/index.php(37): CodeIgniter\CodeIgniter->run()
#5 {main}
CRITICAL - 2024-10-23 19:33:17 --> Class 'App\Libraries\Exception' not found
#0 /home/eventodigital/public_html/api_controlAccesos/app/Controllers/RestController.php(186): App\Libraries\vCard->__construct(false, '05733880')
#1 /home/eventodigital/public_html/api_controlAccesos/system/CodeIgniter.php(832): App\Controllers\RestController->create()
#2 /home/eventodigital/public_html/api_controlAccesos/system/CodeIgniter.php(419): CodeIgniter\CodeIgniter->runController(Object(App\Controllers\RestController))
#3 /home/eventodigital/public_html/api_controlAccesos/system/CodeIgniter.php(326): CodeIgniter\CodeIgniter->handleRequest(NULL, Object(Config\Cache), false)
#4 /home/eventodigital/public_html/api_controlAccesos/public/index.php(37): CodeIgniter\CodeIgniter->run()
#5 {main}
CRITICAL - 2024-10-23 19:35:20 --> Class 'App\Libraries\Exception' not found
#0 /home/eventodigital/public_html/api_controlAccesos/app/Controllers/RestController.php(186): App\Libraries\vCard->__construct(false, '10188767')
#1 /home/eventodigital/public_html/api_controlAccesos/system/CodeIgniter.php(832): App\Controllers\RestController->create()
#2 /home/eventodigital/public_html/api_controlAccesos/system/CodeIgniter.php(419): CodeIgniter\CodeIgniter->runController(Object(App\Controllers\RestController))
#3 /home/eventodigital/public_html/api_controlAccesos/system/CodeIgniter.php(326): CodeIgniter\CodeIgniter->handleRequest(NULL, Object(Config\Cache), false)
#4 /home/eventodigital/public_html/api_controlAccesos/public/index.php(37): CodeIgniter\CodeIgniter->run()
#5 {main}
CRITICAL - 2024-10-23 19:35:40 --> Class 'App\Libraries\Exception' not found
#0 /home/eventodigital/public_html/api_controlAccesos/app/Controllers/RestController.php(186): App\Libraries\vCard->__construct(false, '06949778')
#1 /home/eventodigital/public_html/api_controlAccesos/system/CodeIgniter.php(832): App\Controllers\RestController->create()
#2 /home/eventodigital/public_html/api_controlAccesos/system/CodeIgniter.php(419): CodeIgniter\CodeIgniter->runController(Object(App\Controllers\RestController))
#3 /home/eventodigital/public_html/api_controlAccesos/system/CodeIgniter.php(326): CodeIgniter\CodeIgniter->handleRequest(NULL, Object(Config\Cache), false)
#4 /home/eventodigital/public_html/api_controlAccesos/public/index.php(37): CodeIgniter\CodeIgniter->run()
#5 {main}
ERROR - 2024-10-23 19:37:48 --> Column 'nombreCompleto' cannot be null
CRITICAL - 2024-10-23 19:38:28 --> Class 'App\Libraries\Exception' not found
#0 /home/eventodigital/public_html/api_controlAccesos/app/Controllers/RestController.php(186): App\Libraries\vCard->__construct(false, '10761762')
#1 /home/eventodigital/public_html/api_controlAccesos/system/CodeIgniter.php(832): App\Controllers\RestController->create()
#2 /home/eventodigital/public_html/api_controlAccesos/system/CodeIgniter.php(419): CodeIgniter\CodeIgniter->runController(Object(App\Controllers\RestController))
#3 /home/eventodigital/public_html/api_controlAccesos/system/CodeIgniter.php(326): CodeIgniter\CodeIgniter->handleRequest(NULL, Object(Config\Cache), false)
#4 /home/eventodigital/public_html/api_controlAccesos/public/index.php(37): CodeIgniter\CodeIgniter->run()
#5 {main}
CRITICAL - 2024-10-23 19:40:35 --> Class 'App\Libraries\Exception' not found
#0 /home/eventodigital/public_html/api_controlAccesos/app/Controllers/RestController.php(186): App\Libraries\vCard->__construct(false, '11278132')
#1 /home/eventodigital/public_html/api_controlAccesos/system/CodeIgniter.php(832): App\Controllers\RestController->create()
#2 /home/eventodigital/public_html/api_controlAccesos/system/CodeIgniter.php(419): CodeIgniter\CodeIgniter->runController(Object(App\Controllers\RestController))
#3 /home/eventodigital/public_html/api_controlAccesos/system/CodeIgniter.php(326): CodeIgniter\CodeIgniter->handleRequest(NULL, Object(Config\Cache), false)
#4 /home/eventodigital/public_html/api_controlAccesos/public/index.php(37): CodeIgniter\CodeIgniter->run()
#5 {main}
CRITICAL - 2024-10-23 19:40:43 --> Class 'App\Libraries\Exception' not found
#0 /home/eventodigital/public_html/api_controlAccesos/app/Controllers/RestController.php(186): App\Libraries\vCard->__construct(false, 'https://congres...')
#1 /home/eventodigital/public_html/api_controlAccesos/system/CodeIgniter.php(832): App\Controllers\RestController->create()
#2 /home/eventodigital/public_html/api_controlAccesos/system/CodeIgniter.php(419): CodeIgniter\CodeIgniter->runController(Object(App\Controllers\RestController))
#3 /home/eventodigital/public_html/api_controlAccesos/system/CodeIgniter.php(326): CodeIgniter\CodeIgniter->handleRequest(NULL, Object(Config\Cache), false)
#4 /home/eventodigital/public_html/api_controlAccesos/public/index.php(37): CodeIgniter\CodeIgniter->run()
#5 {main}
CRITICAL - 2024-10-23 19:42:22 --> Class 'App\Libraries\Exception' not found
#0 /home/eventodigital/public_html/api_controlAccesos/app/Controllers/RestController.php(186): App\Libraries\vCard->__construct(false, '05934652')
#1 /home/eventodigital/public_html/api_controlAccesos/system/CodeIgniter.php(832): App\Controllers\RestController->create()
#2 /home/eventodigital/public_html/api_controlAccesos/system/CodeIgniter.php(419): CodeIgniter\CodeIgniter->runController(Object(App\Controllers\RestController))
#3 /home/eventodigital/public_html/api_controlAccesos/system/CodeIgniter.php(326): CodeIgniter\CodeIgniter->handleRequest(NULL, Object(Config\Cache), false)
#4 /home/eventodigital/public_html/api_controlAccesos/public/index.php(37): CodeIgniter\CodeIgniter->run()
#5 {main}
CRITICAL - 2024-10-23 19:43:15 --> Class 'App\Libraries\Exception' not found
#0 /home/eventodigital/public_html/api_controlAccesos/app/Controllers/RestController.php(186): App\Libraries\vCard->__construct(false, '06468088')
#1 /home/eventodigital/public_html/api_controlAccesos/system/CodeIgniter.php(832): App\Controllers\RestController->create()
#2 /home/eventodigital/public_html/api_controlAccesos/system/CodeIgniter.php(419): CodeIgniter\CodeIgniter->runController(Object(App\Controllers\RestController))
#3 /home/eventodigital/public_html/api_controlAccesos/system/CodeIgniter.php(326): CodeIgniter\CodeIgniter->handleRequest(NULL, Object(Config\Cache), false)
#4 /home/eventodigital/public_html/api_controlAccesos/public/index.php(37): CodeIgniter\CodeIgniter->run()
#5 {main}
CRITICAL - 2024-10-23 19:44:22 --> Class 'App\Libraries\Exception' not found
#0 /home/eventodigital/public_html/api_controlAccesos/app/Controllers/RestController.php(186): App\Libraries\vCard->__construct(false, '01217964')
#1 /home/eventodigital/public_html/api_controlAccesos/system/CodeIgniter.php(832): App\Controllers\RestController->create()
#2 /home/eventodigital/public_html/api_controlAccesos/system/CodeIgniter.php(419): CodeIgniter\CodeIgniter->runController(Object(App\Controllers\RestController))
#3 /home/eventodigital/public_html/api_controlAccesos/system/CodeIgniter.php(326): CodeIgniter\CodeIgniter->handleRequest(NULL, Object(Config\Cache), false)
#4 /home/eventodigital/public_html/api_controlAccesos/public/index.php(37): CodeIgniter\CodeIgniter->run()
#5 {main}
CRITICAL - 2024-10-23 19:45:06 --> Class 'App\Libraries\Exception' not found
#0 /home/eventodigital/public_html/api_controlAccesos/app/Controllers/RestController.php(186): App\Libraries\vCard->__construct(false, '07582549')
#1 /home/eventodigital/public_html/api_controlAccesos/system/CodeIgniter.php(832): App\Controllers\RestController->create()
#2 /home/eventodigital/public_html/api_controlAccesos/system/CodeIgniter.php(419): CodeIgniter\CodeIgniter->runController(Object(App\Controllers\RestController))
#3 /home/eventodigital/public_html/api_controlAccesos/system/CodeIgniter.php(326): CodeIgniter\CodeIgniter->handleRequest(NULL, Object(Config\Cache), false)
#4 /home/eventodigital/public_html/api_controlAccesos/public/index.php(37): CodeIgniter\CodeIgniter->run()
#5 {main}
CRITICAL - 2024-10-23 19:47:11 --> Class 'App\Libraries\Exception' not found
#0 /home/eventodigital/public_html/api_controlAccesos/app/Controllers/RestController.php(186): App\Libraries\vCard->__construct(false, '10770467')
#1 /home/eventodigital/public_html/api_controlAccesos/system/CodeIgniter.php(832): App\Controllers\RestController->create()
#2 /home/eventodigital/public_html/api_controlAccesos/system/CodeIgniter.php(419): CodeIgniter\CodeIgniter->runController(Object(App\Controllers\RestController))
#3 /home/eventodigital/public_html/api_controlAccesos/system/CodeIgniter.php(326): CodeIgniter\CodeIgniter->handleRequest(NULL, Object(Config\Cache), false)
#4 /home/eventodigital/public_html/api_controlAccesos/public/index.php(37): CodeIgniter\CodeIgniter->run()
#5 {main}
ERROR - 2024-10-23 19:49:31 --> Column 'nombreCompleto' cannot be null
CRITICAL - 2024-10-23 19:53:34 --> Class 'App\Libraries\Exception' not found
#0 /home/eventodigital/public_html/api_controlAccesos/app/Controllers/RestController.php(186): App\Libraries\vCard->__construct(false, '08706980')
#1 /home/eventodigital/public_html/api_controlAccesos/system/CodeIgniter.php(832): App\Controllers\RestController->create()
#2 /home/eventodigital/public_html/api_controlAccesos/system/CodeIgniter.php(419): CodeIgniter\CodeIgniter->runController(Object(App\Controllers\RestController))
#3 /home/eventodigital/public_html/api_controlAccesos/system/CodeIgniter.php(326): CodeIgniter\CodeIgniter->handleRequest(NULL, Object(Config\Cache), false)
#4 /home/eventodigital/public_html/api_controlAccesos/public/index.php(37): CodeIgniter\CodeIgniter->run()
#5 {main}
CRITICAL - 2024-10-23 19:54:43 --> Class 'App\Libraries\Exception' not found
#0 /home/eventodigital/public_html/api_controlAccesos/app/Controllers/RestController.php(186): App\Libraries\vCard->__construct(false, '\xEF\xBB\xBFBEGIN:VCARD\n...')
#1 /home/eventodigital/public_html/api_controlAccesos/system/CodeIgniter.php(832): App\Controllers\RestController->create()
#2 /home/eventodigital/public_html/api_controlAccesos/system/CodeIgniter.php(419): CodeIgniter\CodeIgniter->runController(Object(App\Controllers\RestController))
#3 /home/eventodigital/public_html/api_controlAccesos/system/CodeIgniter.php(326): CodeIgniter\CodeIgniter->handleRequest(NULL, Object(Config\Cache), false)
#4 /home/eventodigital/public_html/api_controlAccesos/public/index.php(37): CodeIgniter\CodeIgniter->run()
#5 {main}
CRITICAL - 2024-10-23 19:56:57 --> Class 'App\Libraries\Exception' not found
#0 /home/eventodigital/public_html/api_controlAccesos/app/Controllers/RestController.php(186): App\Libraries\vCard->__construct(false, '42195221')
#1 /home/eventodigital/public_html/api_controlAccesos/system/CodeIgniter.php(832): App\Controllers\RestController->create()
#2 /home/eventodigital/public_html/api_controlAccesos/system/CodeIgniter.php(419): CodeIgniter\CodeIgniter->runController(Object(App\Controllers\RestController))
#3 /home/eventodigital/public_html/api_controlAccesos/system/CodeIgniter.php(326): CodeIgniter\CodeIgniter->handleRequest(NULL, Object(Config\Cache), false)
#4 /home/eventodigital/public_html/api_controlAccesos/public/index.php(37): CodeIgniter\CodeIgniter->run()
#5 {main}
