CRITICAL - 2023-11-11 02:36:28 --> Class 'App\Libraries\Exception' not found
#0 /home/eventodigital/public_html/api_controlAccesos/app/Controllers/RestController.php(185): App\Libraries\vCard->__construct(false, 'FBMi442AG7Y5QGw...')
#1 /home/eventodigital/public_html/api_controlAccesos/system/CodeIgniter.php(832): App\Controllers\RestController->create()
#2 /home/eventodigital/public_html/api_controlAccesos/system/CodeIgniter.php(419): CodeIgniter\CodeIgniter->runController(Object(App\Controllers\RestController))
#3 /home/eventodigital/public_html/api_controlAccesos/system/CodeIgniter.php(326): CodeIgniter\CodeIgniter->handleRequest(NULL, Object(Config\Cache), false)
#4 /home/eventodigital/public_html/api_controlAccesos/public/index.php(37): CodeIgniter\CodeIgniter->run()
#5 {main}
CRITICAL - 2023-11-11 02:36:33 --> Class 'App\Libraries\Exception' not found
#0 /home/eventodigital/public_html/api_controlAccesos/app/Controllers/RestController.php(185): App\Libraries\vCard->__construct(false, 'FBMi442AG7YtAGw...')
#1 /home/eventodigital/public_html/api_controlAccesos/system/CodeIgniter.php(832): App\Controllers\RestController->create()
#2 /home/eventodigital/public_html/api_controlAccesos/system/CodeIgniter.php(419): CodeIgniter\CodeIgniter->runController(Object(App\Controllers\RestController))
#3 /home/eventodigital/public_html/api_controlAccesos/system/CodeIgniter.php(326): CodeIgniter\CodeIgniter->handleRequest(NULL, Object(Config\Cache), false)
#4 /home/eventodigital/public_html/api_controlAccesos/public/index.php(37): CodeIgniter\CodeIgniter->run()
#5 {main}
CRITICAL - 2023-11-11 02:36:58 --> Class 'App\Libraries\Exception' not found
#0 /home/eventodigital/public_html/api_controlAccesos/app/Controllers/RestController.php(185): App\Libraries\vCard->__construct(false, 'FBMi442AG2AXQfw...')
#1 /home/eventodigital/public_html/api_controlAccesos/system/CodeIgniter.php(832): App\Controllers\RestController->create()
#2 /home/eventodigital/public_html/api_controlAccesos/system/CodeIgniter.php(419): CodeIgniter\CodeIgniter->runController(Object(App\Controllers\RestController))
#3 /home/eventodigital/public_html/api_controlAccesos/system/CodeIgniter.php(326): CodeIgniter\CodeIgniter->handleRequest(NULL, Object(Config\Cache), false)
#4 /home/eventodigital/public_html/api_controlAccesos/public/index.php(37): CodeIgniter\CodeIgniter->run()
#5 {main}
CRITICAL - 2023-11-11 02:37:06 --> Class 'App\Libraries\Exception' not found
#0 /home/eventodigital/public_html/api_controlAccesos/app/Controllers/RestController.php(185): App\Libraries\vCard->__construct(false, 'FBMi442AG2AXQig...')
#1 /home/eventodigital/public_html/api_controlAccesos/system/CodeIgniter.php(832): App\Controllers\RestController->create()
#2 /home/eventodigital/public_html/api_controlAccesos/system/CodeIgniter.php(419): CodeIgniter\CodeIgniter->runController(Object(App\Controllers\RestController))
#3 /home/eventodigital/public_html/api_controlAccesos/system/CodeIgniter.php(326): CodeIgniter\CodeIgniter->handleRequest(NULL, Object(Config\Cache), false)
#4 /home/eventodigital/public_html/api_controlAccesos/public/index.php(37): CodeIgniter\CodeIgniter->run()
#5 {main}
CRITICAL - 2023-11-11 02:37:10 --> Class 'App\Libraries\Exception' not found
#0 /home/eventodigital/public_html/api_controlAccesos/app/Controllers/RestController.php(185): App\Libraries\vCard->__construct(false, 'FBMi442AG2AXQaw...')
#1 /home/eventodigital/public_html/api_controlAccesos/system/CodeIgniter.php(832): App\Controllers\RestController->create()
#2 /home/eventodigital/public_html/api_controlAccesos/system/CodeIgniter.php(419): CodeIgniter\CodeIgniter->runController(Object(App\Controllers\RestController))
#3 /home/eventodigital/public_html/api_controlAccesos/system/CodeIgniter.php(326): CodeIgniter\CodeIgniter->handleRequest(NULL, Object(Config\Cache), false)
#4 /home/eventodigital/public_html/api_controlAccesos/public/index.php(37): CodeIgniter\CodeIgniter->run()
#5 {main}
CRITICAL - 2023-11-11 02:38:57 --> Class 'App\Libraries\Exception' not found
#0 /home/eventodigital/public_html/api_controlAccesos/app/Controllers/RestController.php(185): App\Libraries\vCard->__construct(false, 'FBMi442AGBdsAPA...')
#1 /home/eventodigital/public_html/api_controlAccesos/system/CodeIgniter.php(832): App\Controllers\RestController->create()
#2 /home/eventodigital/public_html/api_controlAccesos/system/CodeIgniter.php(419): CodeIgniter\CodeIgniter->runController(Object(App\Controllers\RestController))
#3 /home/eventodigital/public_html/api_controlAccesos/system/CodeIgniter.php(326): CodeIgniter\CodeIgniter->handleRequest(NULL, Object(Config\Cache), false)
#4 /home/eventodigital/public_html/api_controlAccesos/public/index.php(37): CodeIgniter\CodeIgniter->run()
#5 {main}
CRITICAL - 2023-11-11 02:39:48 --> Class 'App\Libraries\Exception' not found
#0 /home/eventodigital/public_html/api_controlAccesos/app/Controllers/RestController.php(185): App\Libraries\vCard->__construct(false, 'FBMi4a0AG66EAKw...')
#1 /home/eventodigital/public_html/api_controlAccesos/system/CodeIgniter.php(832): App\Controllers\RestController->create()
#2 /home/eventodigital/public_html/api_controlAccesos/system/CodeIgniter.php(419): CodeIgniter\CodeIgniter->runController(Object(App\Controllers\RestController))
#3 /home/eventodigital/public_html/api_controlAccesos/system/CodeIgniter.php(326): CodeIgniter\CodeIgniter->handleRequest(NULL, Object(Config\Cache), false)
#4 /home/eventodigital/public_html/api_controlAccesos/public/index.php(37): CodeIgniter\CodeIgniter->run()
#5 {main}
CRITICAL - 2023-11-11 02:40:53 --> Class 'App\Libraries\Exception' not found
#0 /home/eventodigital/public_html/api_controlAccesos/app/Controllers/RestController.php(185): App\Libraries\vCard->__construct(false, 'FBMi442AG7NHQHw...')
#1 /home/eventodigital/public_html/api_controlAccesos/system/CodeIgniter.php(832): App\Controllers\RestController->create()
#2 /home/eventodigital/public_html/api_controlAccesos/system/CodeIgniter.php(419): CodeIgniter\CodeIgniter->runController(Object(App\Controllers\RestController))
#3 /home/eventodigital/public_html/api_controlAccesos/system/CodeIgniter.php(326): CodeIgniter\CodeIgniter->handleRequest(NULL, Object(Config\Cache), false)
#4 /home/eventodigital/public_html/api_controlAccesos/public/index.php(37): CodeIgniter\CodeIgniter->run()
#5 {main}
CRITICAL - 2023-11-11 02:40:57 --> Class 'App\Libraries\Exception' not found
#0 /home/eventodigital/public_html/api_controlAccesos/app/Controllers/RestController.php(185): App\Libraries\vCard->__construct(false, 'FBMi442AG7NHQKg...')
#1 /home/eventodigital/public_html/api_controlAccesos/system/CodeIgniter.php(832): App\Controllers\RestController->create()
#2 /home/eventodigital/public_html/api_controlAccesos/system/CodeIgniter.php(419): CodeIgniter\CodeIgniter->runController(Object(App\Controllers\RestController))
#3 /home/eventodigital/public_html/api_controlAccesos/system/CodeIgniter.php(326): CodeIgniter\CodeIgniter->handleRequest(NULL, Object(Config\Cache), false)
#4 /home/eventodigital/public_html/api_controlAccesos/public/index.php(37): CodeIgniter\CodeIgniter->run()
#5 {main}
CRITICAL - 2023-11-11 02:41:19 --> Class 'App\Libraries\Exception' not found
#0 /home/eventodigital/public_html/api_controlAccesos/app/Controllers/RestController.php(185): App\Libraries\vCard->__construct(false, 'FBMi442AG5-OgHQ...')
#1 /home/eventodigital/public_html/api_controlAccesos/system/CodeIgniter.php(832): App\Controllers\RestController->create()
#2 /home/eventodigital/public_html/api_controlAccesos/system/CodeIgniter.php(419): CodeIgniter\CodeIgniter->runController(Object(App\Controllers\RestController))
#3 /home/eventodigital/public_html/api_controlAccesos/system/CodeIgniter.php(326): CodeIgniter\CodeIgniter->handleRequest(NULL, Object(Config\Cache), false)
#4 /home/eventodigital/public_html/api_controlAccesos/public/index.php(37): CodeIgniter\CodeIgniter->run()
#5 {main}
CRITICAL - 2023-11-11 02:41:38 --> Class 'App\Libraries\Exception' not found
#0 /home/eventodigital/public_html/api_controlAccesos/app/Controllers/RestController.php(185): App\Libraries\vCard->__construct(false, 'FBMi442AGBccASQ...')
#1 /home/eventodigital/public_html/api_controlAccesos/system/CodeIgniter.php(832): App\Controllers\RestController->create()
#2 /home/eventodigital/public_html/api_controlAccesos/system/CodeIgniter.php(419): CodeIgniter\CodeIgniter->runController(Object(App\Controllers\RestController))
#3 /home/eventodigital/public_html/api_controlAccesos/system/CodeIgniter.php(326): CodeIgniter\CodeIgniter->handleRequest(NULL, Object(Config\Cache), false)
#4 /home/eventodigital/public_html/api_controlAccesos/public/index.php(37): CodeIgniter\CodeIgniter->run()
#5 {main}
CRITICAL - 2023-11-11 02:41:41 --> Class 'App\Libraries\Exception' not found
#0 /home/eventodigital/public_html/api_controlAccesos/app/Controllers/RestController.php(185): App\Libraries\vCard->__construct(false, 'FBMi442AGBccAXA...')
#1 /home/eventodigital/public_html/api_controlAccesos/system/CodeIgniter.php(832): App\Controllers\RestController->create()
#2 /home/eventodigital/public_html/api_controlAccesos/system/CodeIgniter.php(419): CodeIgniter\CodeIgniter->runController(Object(App\Controllers\RestController))
#3 /home/eventodigital/public_html/api_controlAccesos/system/CodeIgniter.php(326): CodeIgniter\CodeIgniter->handleRequest(NULL, Object(Config\Cache), false)
#4 /home/eventodigital/public_html/api_controlAccesos/public/index.php(37): CodeIgniter\CodeIgniter->run()
#5 {main}
CRITICAL - 2023-11-11 02:41:44 --> Class 'App\Libraries\Exception' not found
#0 /home/eventodigital/public_html/api_controlAccesos/app/Controllers/RestController.php(185): App\Libraries\vCard->__construct(false, 'FBMi442AGBccAaQ...')
#1 /home/eventodigital/public_html/api_controlAccesos/system/CodeIgniter.php(832): App\Controllers\RestController->create()
#2 /home/eventodigital/public_html/api_controlAccesos/system/CodeIgniter.php(419): CodeIgniter\CodeIgniter->runController(Object(App\Controllers\RestController))
#3 /home/eventodigital/public_html/api_controlAccesos/system/CodeIgniter.php(326): CodeIgniter\CodeIgniter->handleRequest(NULL, Object(Config\Cache), false)
#4 /home/eventodigital/public_html/api_controlAccesos/public/index.php(37): CodeIgniter\CodeIgniter->run()
#5 {main}
CRITICAL - 2023-11-11 02:46:18 --> Class 'App\Libraries\Exception' not found
#0 /home/eventodigital/public_html/api_controlAccesos/app/Controllers/RestController.php(185): App\Libraries\vCard->__construct(false, 'FBMi442AG5c6ALA...')
#1 /home/eventodigital/public_html/api_controlAccesos/system/CodeIgniter.php(832): App\Controllers\RestController->create()
#2 /home/eventodigital/public_html/api_controlAccesos/system/CodeIgniter.php(419): CodeIgniter\CodeIgniter->runController(Object(App\Controllers\RestController))
#3 /home/eventodigital/public_html/api_controlAccesos/system/CodeIgniter.php(326): CodeIgniter\CodeIgniter->handleRequest(NULL, Object(Config\Cache), false)
#4 /home/eventodigital/public_html/api_controlAccesos/public/index.php(37): CodeIgniter\CodeIgniter->run()
#5 {main}
CRITICAL - 2023-11-11 02:46:29 --> Class 'App\Libraries\Exception' not found
#0 /home/eventodigital/public_html/api_controlAccesos/app/Controllers/RestController.php(185): App\Libraries\vCard->__construct(false, 'FBMi442AG6EAgHg...')
#1 /home/eventodigital/public_html/api_controlAccesos/system/CodeIgniter.php(832): App\Controllers\RestController->create()
#2 /home/eventodigital/public_html/api_controlAccesos/system/CodeIgniter.php(419): CodeIgniter\CodeIgniter->runController(Object(App\Controllers\RestController))
#3 /home/eventodigital/public_html/api_controlAccesos/system/CodeIgniter.php(326): CodeIgniter\CodeIgniter->handleRequest(NULL, Object(Config\Cache), false)
#4 /home/eventodigital/public_html/api_controlAccesos/public/index.php(37): CodeIgniter\CodeIgniter->run()
#5 {main}
CRITICAL - 2023-11-11 02:47:10 --> Class 'App\Libraries\Exception' not found
#0 /home/eventodigital/public_html/api_controlAccesos/app/Controllers/RestController.php(185): App\Libraries\vCard->__construct(false, 'FBMi442AG7XFwGQ...')
#1 /home/eventodigital/public_html/api_controlAccesos/system/CodeIgniter.php(832): App\Controllers\RestController->create()
#2 /home/eventodigital/public_html/api_controlAccesos/system/CodeIgniter.php(419): CodeIgniter\CodeIgniter->runController(Object(App\Controllers\RestController))
#3 /home/eventodigital/public_html/api_controlAccesos/system/CodeIgniter.php(326): CodeIgniter\CodeIgniter->handleRequest(NULL, Object(Config\Cache), false)
#4 /home/eventodigital/public_html/api_controlAccesos/public/index.php(37): CodeIgniter\CodeIgniter->run()
#5 {main}
CRITICAL - 2023-11-11 02:47:14 --> Class 'App\Libraries\Exception' not found
#0 /home/eventodigital/public_html/api_controlAccesos/app/Controllers/RestController.php(185): App\Libraries\vCard->__construct(false, 'FBMi442AG7XFwLQ...')
#1 /home/eventodigital/public_html/api_controlAccesos/system/CodeIgniter.php(832): App\Controllers\RestController->create()
#2 /home/eventodigital/public_html/api_controlAccesos/system/CodeIgniter.php(419): CodeIgniter\CodeIgniter->runController(Object(App\Controllers\RestController))
#3 /home/eventodigital/public_html/api_controlAccesos/system/CodeIgniter.php(326): CodeIgniter\CodeIgniter->handleRequest(NULL, Object(Config\Cache), false)
#4 /home/eventodigital/public_html/api_controlAccesos/public/index.php(37): CodeIgniter\CodeIgniter->run()
#5 {main}
CRITICAL - 2023-11-11 02:47:18 --> Class 'App\Libraries\Exception' not found
#0 /home/eventodigital/public_html/api_controlAccesos/app/Controllers/RestController.php(185): App\Libraries\vCard->__construct(false, 'FBMi442AG7XFwPA...')
#1 /home/eventodigital/public_html/api_controlAccesos/system/CodeIgniter.php(832): App\Controllers\RestController->create()
#2 /home/eventodigital/public_html/api_controlAccesos/system/CodeIgniter.php(419): CodeIgniter\CodeIgniter->runController(Object(App\Controllers\RestController))
#3 /home/eventodigital/public_html/api_controlAccesos/system/CodeIgniter.php(326): CodeIgniter\CodeIgniter->handleRequest(NULL, Object(Config\Cache), false)
#4 /home/eventodigital/public_html/api_controlAccesos/public/index.php(37): CodeIgniter\CodeIgniter->run()
#5 {main}
CRITICAL - 2023-11-11 02:47:20 --> Class 'App\Libraries\Exception' not found
#0 /home/eventodigital/public_html/api_controlAccesos/app/Controllers/RestController.php(185): App\Libraries\vCard->__construct(false, 'FBMi442AG7XFwTg...')
#1 /home/eventodigital/public_html/api_controlAccesos/system/CodeIgniter.php(832): App\Controllers\RestController->create()
#2 /home/eventodigital/public_html/api_controlAccesos/system/CodeIgniter.php(419): CodeIgniter\CodeIgniter->runController(Object(App\Controllers\RestController))
#3 /home/eventodigital/public_html/api_controlAccesos/system/CodeIgniter.php(326): CodeIgniter\CodeIgniter->handleRequest(NULL, Object(Config\Cache), false)
#4 /home/eventodigital/public_html/api_controlAccesos/public/index.php(37): CodeIgniter\CodeIgniter->run()
#5 {main}
CRITICAL - 2023-11-11 02:47:40 --> Class 'App\Libraries\Exception' not found
#0 /home/eventodigital/public_html/api_controlAccesos/app/Controllers/RestController.php(185): App\Libraries\vCard->__construct(false, 'FBMi4a0AG6sAQHA...')
#1 /home/eventodigital/public_html/api_controlAccesos/system/CodeIgniter.php(832): App\Controllers\RestController->create()
#2 /home/eventodigital/public_html/api_controlAccesos/system/CodeIgniter.php(419): CodeIgniter\CodeIgniter->runController(Object(App\Controllers\RestController))
#3 /home/eventodigital/public_html/api_controlAccesos/system/CodeIgniter.php(326): CodeIgniter\CodeIgniter->handleRequest(NULL, Object(Config\Cache), false)
#4 /home/eventodigital/public_html/api_controlAccesos/public/index.php(37): CodeIgniter\CodeIgniter->run()
#5 {main}
CRITICAL - 2023-11-11 02:47:44 --> Class 'App\Libraries\Exception' not found
#0 /home/eventodigital/public_html/api_controlAccesos/app/Controllers/RestController.php(185): App\Libraries\vCard->__construct(false, 'FBMi4a0AG6sAQLQ...')
#1 /home/eventodigital/public_html/api_controlAccesos/system/CodeIgniter.php(832): App\Controllers\RestController->create()
#2 /home/eventodigital/public_html/api_controlAccesos/system/CodeIgniter.php(419): CodeIgniter\CodeIgniter->runController(Object(App\Controllers\RestController))
#3 /home/eventodigital/public_html/api_controlAccesos/system/CodeIgniter.php(326): CodeIgniter\CodeIgniter->handleRequest(NULL, Object(Config\Cache), false)
#4 /home/eventodigital/public_html/api_controlAccesos/public/index.php(37): CodeIgniter\CodeIgniter->run()
#5 {main}
CRITICAL - 2023-11-11 02:49:50 --> Class 'App\Libraries\Exception' not found
#0 /home/eventodigital/public_html/api_controlAccesos/app/Controllers/RestController.php(185): App\Libraries\vCard->__construct(false, 'FBMi4a0AG7CowGg...')
#1 /home/eventodigital/public_html/api_controlAccesos/system/CodeIgniter.php(832): App\Controllers\RestController->create()
#2 /home/eventodigital/public_html/api_controlAccesos/system/CodeIgniter.php(419): CodeIgniter\CodeIgniter->runController(Object(App\Controllers\RestController))
#3 /home/eventodigital/public_html/api_controlAccesos/system/CodeIgniter.php(326): CodeIgniter\CodeIgniter->handleRequest(NULL, Object(Config\Cache), false)
#4 /home/eventodigital/public_html/api_controlAccesos/public/index.php(37): CodeIgniter\CodeIgniter->run()
#5 {main}
CRITICAL - 2023-11-11 02:50:09 --> Class 'App\Libraries\Exception' not found
#0 /home/eventodigital/public_html/api_controlAccesos/app/Controllers/RestController.php(185): App\Libraries\vCard->__construct(false, 'FBMi442AG7DKQLQ...')
#1 /home/eventodigital/public_html/api_controlAccesos/system/CodeIgniter.php(832): App\Controllers\RestController->create()
#2 /home/eventodigital/public_html/api_controlAccesos/system/CodeIgniter.php(419): CodeIgniter\CodeIgniter->runController(Object(App\Controllers\RestController))
#3 /home/eventodigital/public_html/api_controlAccesos/system/CodeIgniter.php(326): CodeIgniter\CodeIgniter->handleRequest(NULL, Object(Config\Cache), false)
#4 /home/eventodigital/public_html/api_controlAccesos/public/index.php(37): CodeIgniter\CodeIgniter->run()
#5 {main}
CRITICAL - 2023-11-11 02:50:22 --> Class 'App\Libraries\Exception' not found
#0 /home/eventodigital/public_html/api_controlAccesos/app/Controllers/RestController.php(185): App\Libraries\vCard->__construct(false, 'FBMi442AG7DKQHg...')
#1 /home/eventodigital/public_html/api_controlAccesos/system/CodeIgniter.php(832): App\Controllers\RestController->create()
#2 /home/eventodigital/public_html/api_controlAccesos/system/CodeIgniter.php(419): CodeIgniter\CodeIgniter->runController(Object(App\Controllers\RestController))
#3 /home/eventodigital/public_html/api_controlAccesos/system/CodeIgniter.php(326): CodeIgniter\CodeIgniter->handleRequest(NULL, Object(Config\Cache), false)
#4 /home/eventodigital/public_html/api_controlAccesos/public/index.php(37): CodeIgniter\CodeIgniter->run()
#5 {main}
CRITICAL - 2023-11-11 02:57:32 --> Class 'App\Libraries\Exception' not found
#0 /home/eventodigital/public_html/api_controlAccesos/app/Controllers/RestController.php(185): App\Libraries\vCard->__construct(false, 'FBMi4a0AG6WOQGg...')
#1 /home/eventodigital/public_html/api_controlAccesos/system/CodeIgniter.php(832): App\Controllers\RestController->create()
#2 /home/eventodigital/public_html/api_controlAccesos/system/CodeIgniter.php(419): CodeIgniter\CodeIgniter->runController(Object(App\Controllers\RestController))
#3 /home/eventodigital/public_html/api_controlAccesos/system/CodeIgniter.php(326): CodeIgniter\CodeIgniter->handleRequest(NULL, Object(Config\Cache), false)
#4 /home/eventodigital/public_html/api_controlAccesos/public/index.php(37): CodeIgniter\CodeIgniter->run()
#5 {main}
CRITICAL - 2023-11-11 02:58:02 --> Class 'App\Libraries\Exception' not found
#0 /home/eventodigital/public_html/api_controlAccesos/app/Controllers/RestController.php(185): App\Libraries\vCard->__construct(false, 'FBMi442AG5ojwHQ...')
#1 /home/eventodigital/public_html/api_controlAccesos/system/CodeIgniter.php(832): App\Controllers\RestController->create()
#2 /home/eventodigital/public_html/api_controlAccesos/system/CodeIgniter.php(419): CodeIgniter\CodeIgniter->runController(Object(App\Controllers\RestController))
#3 /home/eventodigital/public_html/api_controlAccesos/system/CodeIgniter.php(326): CodeIgniter\CodeIgniter->handleRequest(NULL, Object(Config\Cache), false)
#4 /home/eventodigital/public_html/api_controlAccesos/public/index.php(37): CodeIgniter\CodeIgniter->run()
#5 {main}
CRITICAL - 2023-11-11 03:01:22 --> Class 'App\Libraries\Exception' not found
#0 /home/eventodigital/public_html/api_controlAccesos/app/Controllers/RestController.php(185): App\Libraries\vCard->__construct(false, 'FBMi442AG2dXwKw...')
#1 /home/eventodigital/public_html/api_controlAccesos/system/CodeIgniter.php(832): App\Controllers\RestController->create()
#2 /home/eventodigital/public_html/api_controlAccesos/system/CodeIgniter.php(419): CodeIgniter\CodeIgniter->runController(Object(App\Controllers\RestController))
#3 /home/eventodigital/public_html/api_controlAccesos/system/CodeIgniter.php(326): CodeIgniter\CodeIgniter->handleRequest(NULL, Object(Config\Cache), false)
#4 /home/eventodigital/public_html/api_controlAccesos/public/index.php(37): CodeIgniter\CodeIgniter->run()
#5 {main}
CRITICAL - 2023-11-11 03:01:51 --> Class 'App\Libraries\Exception' not found
#0 /home/eventodigital/public_html/api_controlAccesos/app/Controllers/RestController.php(185): App\Libraries\vCard->__construct(false, 'FBMi48SAGsNCQHg...')
#1 /home/eventodigital/public_html/api_controlAccesos/system/CodeIgniter.php(832): App\Controllers\RestController->create()
#2 /home/eventodigital/public_html/api_controlAccesos/system/CodeIgniter.php(419): CodeIgniter\CodeIgniter->runController(Object(App\Controllers\RestController))
#3 /home/eventodigital/public_html/api_controlAccesos/system/CodeIgniter.php(326): CodeIgniter\CodeIgniter->handleRequest(NULL, Object(Config\Cache), false)
#4 /home/eventodigital/public_html/api_controlAccesos/public/index.php(37): CodeIgniter\CodeIgniter->run()
#5 {main}
CRITICAL - 2023-11-11 03:01:56 --> Class 'App\Libraries\Exception' not found
#0 /home/eventodigital/public_html/api_controlAccesos/app/Controllers/RestController.php(185): App\Libraries\vCard->__construct(false, 'FBMi442AG7UaAGg...')
#1 /home/eventodigital/public_html/api_controlAccesos/system/CodeIgniter.php(832): App\Controllers\RestController->create()
#2 /home/eventodigital/public_html/api_controlAccesos/system/CodeIgniter.php(419): CodeIgniter\CodeIgniter->runController(Object(App\Controllers\RestController))
#3 /home/eventodigital/public_html/api_controlAccesos/system/CodeIgniter.php(326): CodeIgniter\CodeIgniter->handleRequest(NULL, Object(Config\Cache), false)
#4 /home/eventodigital/public_html/api_controlAccesos/public/index.php(37): CodeIgniter\CodeIgniter->run()
#5 {main}
CRITICAL - 2023-11-11 03:02:40 --> Class 'App\Libraries\Exception' not found
#0 /home/eventodigital/public_html/api_controlAccesos/app/Controllers/RestController.php(185): App\Libraries\vCard->__construct(false, 'FBMi442AG6DKwHg...')
#1 /home/eventodigital/public_html/api_controlAccesos/system/CodeIgniter.php(832): App\Controllers\RestController->create()
#2 /home/eventodigital/public_html/api_controlAccesos/system/CodeIgniter.php(419): CodeIgniter\CodeIgniter->runController(Object(App\Controllers\RestController))
#3 /home/eventodigital/public_html/api_controlAccesos/system/CodeIgniter.php(326): CodeIgniter\CodeIgniter->handleRequest(NULL, Object(Config\Cache), false)
#4 /home/eventodigital/public_html/api_controlAccesos/public/index.php(37): CodeIgniter\CodeIgniter->run()
#5 {main}
CRITICAL - 2023-11-11 03:02:45 --> Class 'App\Libraries\Exception' not found
#0 /home/eventodigital/public_html/api_controlAccesos/app/Controllers/RestController.php(185): App\Libraries\vCard->__construct(false, 'FBMi442AG6DVwHQ...')
#1 /home/eventodigital/public_html/api_controlAccesos/system/CodeIgniter.php(832): App\Controllers\RestController->create()
#2 /home/eventodigital/public_html/api_controlAccesos/system/CodeIgniter.php(419): CodeIgniter\CodeIgniter->runController(Object(App\Controllers\RestController))
#3 /home/eventodigital/public_html/api_controlAccesos/system/CodeIgniter.php(326): CodeIgniter\CodeIgniter->handleRequest(NULL, Object(Config\Cache), false)
#4 /home/eventodigital/public_html/api_controlAccesos/public/index.php(37): CodeIgniter\CodeIgniter->run()
#5 {main}
CRITICAL - 2023-11-11 03:02:48 --> Class 'App\Libraries\Exception' not found
#0 /home/eventodigital/public_html/api_controlAccesos/app/Controllers/RestController.php(185): App\Libraries\vCard->__construct(false, 'FBMi442AG6DVwHQ...')
#1 /home/eventodigital/public_html/api_controlAccesos/system/CodeIgniter.php(832): App\Controllers\RestController->create()
#2 /home/eventodigital/public_html/api_controlAccesos/system/CodeIgniter.php(419): CodeIgniter\CodeIgniter->runController(Object(App\Controllers\RestController))
#3 /home/eventodigital/public_html/api_controlAccesos/system/CodeIgniter.php(326): CodeIgniter\CodeIgniter->handleRequest(NULL, Object(Config\Cache), false)
#4 /home/eventodigital/public_html/api_controlAccesos/public/index.php(37): CodeIgniter\CodeIgniter->run()
#5 {main}
CRITICAL - 2023-11-11 03:03:25 --> Class 'App\Libraries\Exception' not found
#0 /home/eventodigital/public_html/api_controlAccesos/app/Controllers/RestController.php(185): App\Libraries\vCard->__construct(false, 'FBMi442AGrVBAfw...')
#1 /home/eventodigital/public_html/api_controlAccesos/system/CodeIgniter.php(832): App\Controllers\RestController->create()
#2 /home/eventodigital/public_html/api_controlAccesos/system/CodeIgniter.php(419): CodeIgniter\CodeIgniter->runController(Object(App\Controllers\RestController))
#3 /home/eventodigital/public_html/api_controlAccesos/system/CodeIgniter.php(326): CodeIgniter\CodeIgniter->handleRequest(NULL, Object(Config\Cache), false)
#4 /home/eventodigital/public_html/api_controlAccesos/public/index.php(37): CodeIgniter\CodeIgniter->run()
#5 {main}
CRITICAL - 2023-11-11 03:03:30 --> Class 'App\Libraries\Exception' not found
#0 /home/eventodigital/public_html/api_controlAccesos/app/Controllers/RestController.php(185): App\Libraries\vCard->__construct(false, 'FBMi442AGrVBAjA...')
#1 /home/eventodigital/public_html/api_controlAccesos/system/CodeIgniter.php(832): App\Controllers\RestController->create()
#2 /home/eventodigital/public_html/api_controlAccesos/system/CodeIgniter.php(419): CodeIgniter\CodeIgniter->runController(Object(App\Controllers\RestController))
#3 /home/eventodigital/public_html/api_controlAccesos/system/CodeIgniter.php(326): CodeIgniter\CodeIgniter->handleRequest(NULL, Object(Config\Cache), false)
#4 /home/eventodigital/public_html/api_controlAccesos/public/index.php(37): CodeIgniter\CodeIgniter->run()
#5 {main}
CRITICAL - 2023-11-11 03:03:59 --> Class 'App\Libraries\Exception' not found
#0 /home/eventodigital/public_html/api_controlAccesos/app/Controllers/RestController.php(185): App\Libraries\vCard->__construct(false, 'FBMi442AG66GwHw...')
#1 /home/eventodigital/public_html/api_controlAccesos/system/CodeIgniter.php(832): App\Controllers\RestController->create()
#2 /home/eventodigital/public_html/api_controlAccesos/system/CodeIgniter.php(419): CodeIgniter\CodeIgniter->runController(Object(App\Controllers\RestController))
#3 /home/eventodigital/public_html/api_controlAccesos/system/CodeIgniter.php(326): CodeIgniter\CodeIgniter->handleRequest(NULL, Object(Config\Cache), false)
#4 /home/eventodigital/public_html/api_controlAccesos/public/index.php(37): CodeIgniter\CodeIgniter->run()
#5 {main}
CRITICAL - 2023-11-11 03:04:02 --> Class 'App\Libraries\Exception' not found
#0 /home/eventodigital/public_html/api_controlAccesos/app/Controllers/RestController.php(185): App\Libraries\vCard->__construct(false, 'FBMi442AG66EwGg...')
#1 /home/eventodigital/public_html/api_controlAccesos/system/CodeIgniter.php(832): App\Controllers\RestController->create()
#2 /home/eventodigital/public_html/api_controlAccesos/system/CodeIgniter.php(419): CodeIgniter\CodeIgniter->runController(Object(App\Controllers\RestController))
#3 /home/eventodigital/public_html/api_controlAccesos/system/CodeIgniter.php(326): CodeIgniter\CodeIgniter->handleRequest(NULL, Object(Config\Cache), false)
#4 /home/eventodigital/public_html/api_controlAccesos/public/index.php(37): CodeIgniter\CodeIgniter->run()
#5 {main}
CRITICAL - 2023-11-11 03:04:19 --> Class 'App\Libraries\Exception' not found
#0 /home/eventodigital/public_html/api_controlAccesos/app/Controllers/RestController.php(185): App\Libraries\vCard->__construct(false, 'FBMi442AG7PAAGQ...')
#1 /home/eventodigital/public_html/api_controlAccesos/system/CodeIgniter.php(832): App\Controllers\RestController->create()
#2 /home/eventodigital/public_html/api_controlAccesos/system/CodeIgniter.php(419): CodeIgniter\CodeIgniter->runController(Object(App\Controllers\RestController))
#3 /home/eventodigital/public_html/api_controlAccesos/system/CodeIgniter.php(326): CodeIgniter\CodeIgniter->handleRequest(NULL, Object(Config\Cache), false)
#4 /home/eventodigital/public_html/api_controlAccesos/public/index.php(37): CodeIgniter\CodeIgniter->run()
#5 {main}
CRITICAL - 2023-11-11 03:04:21 --> Class 'App\Libraries\Exception' not found
#0 /home/eventodigital/public_html/api_controlAccesos/app/Controllers/RestController.php(185): App\Libraries\vCard->__construct(false, 'FBMi442AG7PDAGQ...')
#1 /home/eventodigital/public_html/api_controlAccesos/system/CodeIgniter.php(832): App\Controllers\RestController->create()
#2 /home/eventodigital/public_html/api_controlAccesos/system/CodeIgniter.php(419): CodeIgniter\CodeIgniter->runController(Object(App\Controllers\RestController))
#3 /home/eventodigital/public_html/api_controlAccesos/system/CodeIgniter.php(326): CodeIgniter\CodeIgniter->handleRequest(NULL, Object(Config\Cache), false)
#4 /home/eventodigital/public_html/api_controlAccesos/public/index.php(37): CodeIgniter\CodeIgniter->run()
#5 {main}
CRITICAL - 2023-11-11 03:04:23 --> Class 'App\Libraries\Exception' not found
#0 /home/eventodigital/public_html/api_controlAccesos/app/Controllers/RestController.php(185): App\Libraries\vCard->__construct(false, 'FBMi442AG66EwKQ...')
#1 /home/eventodigital/public_html/api_controlAccesos/system/CodeIgniter.php(832): App\Controllers\RestController->create()
#2 /home/eventodigital/public_html/api_controlAccesos/system/CodeIgniter.php(419): CodeIgniter\CodeIgniter->runController(Object(App\Controllers\RestController))
#3 /home/eventodigital/public_html/api_controlAccesos/system/CodeIgniter.php(326): CodeIgniter\CodeIgniter->handleRequest(NULL, Object(Config\Cache), false)
#4 /home/eventodigital/public_html/api_controlAccesos/public/index.php(37): CodeIgniter\CodeIgniter->run()
#5 {main}
CRITICAL - 2023-11-11 03:04:59 --> Class 'App\Libraries\Exception' not found
#0 /home/eventodigital/public_html/api_controlAccesos/app/Controllers/RestController.php(185): App\Libraries\vCard->__construct(false, 'FBMi442AF_8Nwzw...')
#1 /home/eventodigital/public_html/api_controlAccesos/system/CodeIgniter.php(832): App\Controllers\RestController->create()
#2 /home/eventodigital/public_html/api_controlAccesos/system/CodeIgniter.php(419): CodeIgniter\CodeIgniter->runController(Object(App\Controllers\RestController))
#3 /home/eventodigital/public_html/api_controlAccesos/system/CodeIgniter.php(326): CodeIgniter\CodeIgniter->handleRequest(NULL, Object(Config\Cache), false)
#4 /home/eventodigital/public_html/api_controlAccesos/public/index.php(37): CodeIgniter\CodeIgniter->run()
#5 {main}
CRITICAL - 2023-11-11 03:05:02 --> Class 'App\Libraries\Exception' not found
#0 /home/eventodigital/public_html/api_controlAccesos/app/Controllers/RestController.php(185): App\Libraries\vCard->__construct(false, 'FBMi442AF_8Nwuw...')
#1 /home/eventodigital/public_html/api_controlAccesos/system/CodeIgniter.php(832): App\Controllers\RestController->create()
#2 /home/eventodigital/public_html/api_controlAccesos/system/CodeIgniter.php(419): CodeIgniter\CodeIgniter->runController(Object(App\Controllers\RestController))
#3 /home/eventodigital/public_html/api_controlAccesos/system/CodeIgniter.php(326): CodeIgniter\CodeIgniter->handleRequest(NULL, Object(Config\Cache), false)
#4 /home/eventodigital/public_html/api_controlAccesos/public/index.php(37): CodeIgniter\CodeIgniter->run()
#5 {main}
CRITICAL - 2023-11-11 03:05:07 --> Class 'App\Libraries\Exception' not found
#0 /home/eventodigital/public_html/api_controlAccesos/app/Controllers/RestController.php(185): App\Libraries\vCard->__construct(false, 'FBMi4a0AG6sxQGg...')
#1 /home/eventodigital/public_html/api_controlAccesos/system/CodeIgniter.php(832): App\Controllers\RestController->create()
#2 /home/eventodigital/public_html/api_controlAccesos/system/CodeIgniter.php(419): CodeIgniter\CodeIgniter->runController(Object(App\Controllers\RestController))
#3 /home/eventodigital/public_html/api_controlAccesos/system/CodeIgniter.php(326): CodeIgniter\CodeIgniter->handleRequest(NULL, Object(Config\Cache), false)
#4 /home/eventodigital/public_html/api_controlAccesos/public/index.php(37): CodeIgniter\CodeIgniter->run()
#5 {main}
CRITICAL - 2023-11-11 03:05:11 --> Class 'App\Libraries\Exception' not found
#0 /home/eventodigital/public_html/api_controlAccesos/app/Controllers/RestController.php(185): App\Libraries\vCard->__construct(false, 'FBMi4a0AG6syQGQ...')
#1 /home/eventodigital/public_html/api_controlAccesos/system/CodeIgniter.php(832): App\Controllers\RestController->create()
#2 /home/eventodigital/public_html/api_controlAccesos/system/CodeIgniter.php(419): CodeIgniter\CodeIgniter->runController(Object(App\Controllers\RestController))
#3 /home/eventodigital/public_html/api_controlAccesos/system/CodeIgniter.php(326): CodeIgniter\CodeIgniter->handleRequest(NULL, Object(Config\Cache), false)
#4 /home/eventodigital/public_html/api_controlAccesos/public/index.php(37): CodeIgniter\CodeIgniter->run()
#5 {main}
CRITICAL - 2023-11-11 03:06:02 --> Class 'App\Libraries\Exception' not found
#0 /home/eventodigital/public_html/api_controlAccesos/app/Controllers/RestController.php(185): App\Libraries\vCard->__construct(false, 'FBMi442AGXbFAfg...')
#1 /home/eventodigital/public_html/api_controlAccesos/system/CodeIgniter.php(832): App\Controllers\RestController->create()
#2 /home/eventodigital/public_html/api_controlAccesos/system/CodeIgniter.php(419): CodeIgniter\CodeIgniter->runController(Object(App\Controllers\RestController))
#3 /home/eventodigital/public_html/api_controlAccesos/system/CodeIgniter.php(326): CodeIgniter\CodeIgniter->handleRequest(NULL, Object(Config\Cache), false)
#4 /home/eventodigital/public_html/api_controlAccesos/public/index.php(37): CodeIgniter\CodeIgniter->run()
#5 {main}
CRITICAL - 2023-11-11 03:06:07 --> Class 'App\Libraries\Exception' not found
#0 /home/eventodigital/public_html/api_controlAccesos/app/Controllers/RestController.php(185): App\Libraries\vCard->__construct(false, 'FBMi442AGXbFAjw...')
#1 /home/eventodigital/public_html/api_controlAccesos/system/CodeIgniter.php(832): App\Controllers\RestController->create()
#2 /home/eventodigital/public_html/api_controlAccesos/system/CodeIgniter.php(419): CodeIgniter\CodeIgniter->runController(Object(App\Controllers\RestController))
#3 /home/eventodigital/public_html/api_controlAccesos/system/CodeIgniter.php(326): CodeIgniter\CodeIgniter->handleRequest(NULL, Object(Config\Cache), false)
#4 /home/eventodigital/public_html/api_controlAccesos/public/index.php(37): CodeIgniter\CodeIgniter->run()
#5 {main}
CRITICAL - 2023-11-11 03:06:09 --> Class 'App\Libraries\Exception' not found
#0 /home/eventodigital/public_html/api_controlAccesos/app/Controllers/RestController.php(185): App\Libraries\vCard->__construct(false, 'FBMi442AGXbFAmw...')
#1 /home/eventodigital/public_html/api_controlAccesos/system/CodeIgniter.php(832): App\Controllers\RestController->create()
#2 /home/eventodigital/public_html/api_controlAccesos/system/CodeIgniter.php(419): CodeIgniter\CodeIgniter->runController(Object(App\Controllers\RestController))
#3 /home/eventodigital/public_html/api_controlAccesos/system/CodeIgniter.php(326): CodeIgniter\CodeIgniter->handleRequest(NULL, Object(Config\Cache), false)
#4 /home/eventodigital/public_html/api_controlAccesos/public/index.php(37): CodeIgniter\CodeIgniter->run()
#5 {main}
CRITICAL - 2023-11-11 03:06:12 --> Class 'App\Libraries\Exception' not found
#0 /home/eventodigital/public_html/api_controlAccesos/app/Controllers/RestController.php(185): App\Libraries\vCard->__construct(false, 'FBMi442AGXbFAqQ...')
#1 /home/eventodigital/public_html/api_controlAccesos/system/CodeIgniter.php(832): App\Controllers\RestController->create()
#2 /home/eventodigital/public_html/api_controlAccesos/system/CodeIgniter.php(419): CodeIgniter\CodeIgniter->runController(Object(App\Controllers\RestController))
#3 /home/eventodigital/public_html/api_controlAccesos/system/CodeIgniter.php(326): CodeIgniter\CodeIgniter->handleRequest(NULL, Object(Config\Cache), false)
#4 /home/eventodigital/public_html/api_controlAccesos/public/index.php(37): CodeIgniter\CodeIgniter->run()
#5 {main}
CRITICAL - 2023-11-11 03:06:20 --> Class 'App\Libraries\Exception' not found
#0 /home/eventodigital/public_html/api_controlAccesos/app/Controllers/RestController.php(185): App\Libraries\vCard->__construct(false, 'FBMi442AG7TgAHw...')
#1 /home/eventodigital/public_html/api_controlAccesos/system/CodeIgniter.php(832): App\Controllers\RestController->create()
#2 /home/eventodigital/public_html/api_controlAccesos/system/CodeIgniter.php(419): CodeIgniter\CodeIgniter->runController(Object(App\Controllers\RestController))
#3 /home/eventodigital/public_html/api_controlAccesos/system/CodeIgniter.php(326): CodeIgniter\CodeIgniter->handleRequest(NULL, Object(Config\Cache), false)
#4 /home/eventodigital/public_html/api_controlAccesos/public/index.php(37): CodeIgniter\CodeIgniter->run()
#5 {main}
CRITICAL - 2023-11-11 03:06:30 --> Class 'App\Libraries\Exception' not found
#0 /home/eventodigital/public_html/api_controlAccesos/app/Controllers/RestController.php(185): App\Libraries\vCard->__construct(false, 'FBMi442AG68dwHQ...')
#1 /home/eventodigital/public_html/api_controlAccesos/system/CodeIgniter.php(832): App\Controllers\RestController->create()
#2 /home/eventodigital/public_html/api_controlAccesos/system/CodeIgniter.php(419): CodeIgniter\CodeIgniter->runController(Object(App\Controllers\RestController))
#3 /home/eventodigital/public_html/api_controlAccesos/system/CodeIgniter.php(326): CodeIgniter\CodeIgniter->handleRequest(NULL, Object(Config\Cache), false)
#4 /home/eventodigital/public_html/api_controlAccesos/public/index.php(37): CodeIgniter\CodeIgniter->run()
#5 {main}
CRITICAL - 2023-11-11 03:06:34 --> Class 'App\Libraries\Exception' not found
#0 /home/eventodigital/public_html/api_controlAccesos/app/Controllers/RestController.php(185): App\Libraries\vCard->__construct(false, 'FBMi442AG68dwLQ...')
#1 /home/eventodigital/public_html/api_controlAccesos/system/CodeIgniter.php(832): App\Controllers\RestController->create()
#2 /home/eventodigital/public_html/api_controlAccesos/system/CodeIgniter.php(419): CodeIgniter\CodeIgniter->runController(Object(App\Controllers\RestController))
#3 /home/eventodigital/public_html/api_controlAccesos/system/CodeIgniter.php(326): CodeIgniter\CodeIgniter->handleRequest(NULL, Object(Config\Cache), false)
#4 /home/eventodigital/public_html/api_controlAccesos/public/index.php(37): CodeIgniter\CodeIgniter->run()
#5 {main}
CRITICAL - 2023-11-11 03:06:51 --> Class 'App\Libraries\Exception' not found
#0 /home/eventodigital/public_html/api_controlAccesos/app/Controllers/RestController.php(185): App\Libraries\vCard->__construct(false, 'FBMi48SAGrmYwHQ...')
#1 /home/eventodigital/public_html/api_controlAccesos/system/CodeIgniter.php(832): App\Controllers\RestController->create()
#2 /home/eventodigital/public_html/api_controlAccesos/system/CodeIgniter.php(419): CodeIgniter\CodeIgniter->runController(Object(App\Controllers\RestController))
#3 /home/eventodigital/public_html/api_controlAccesos/system/CodeIgniter.php(326): CodeIgniter\CodeIgniter->handleRequest(NULL, Object(Config\Cache), false)
#4 /home/eventodigital/public_html/api_controlAccesos/public/index.php(37): CodeIgniter\CodeIgniter->run()
#5 {main}
CRITICAL - 2023-11-11 03:06:53 --> Class 'App\Libraries\Exception' not found
#0 /home/eventodigital/public_html/api_controlAccesos/app/Controllers/RestController.php(185): App\Libraries\vCard->__construct(false, 'FBMi48SAG3TZQGg...')
#1 /home/eventodigital/public_html/api_controlAccesos/system/CodeIgniter.php(832): App\Controllers\RestController->create()
#2 /home/eventodigital/public_html/api_controlAccesos/system/CodeIgniter.php(419): CodeIgniter\CodeIgniter->runController(Object(App\Controllers\RestController))
#3 /home/eventodigital/public_html/api_controlAccesos/system/CodeIgniter.php(326): CodeIgniter\CodeIgniter->handleRequest(NULL, Object(Config\Cache), false)
#4 /home/eventodigital/public_html/api_controlAccesos/public/index.php(37): CodeIgniter\CodeIgniter->run()
#5 {main}
CRITICAL - 2023-11-11 03:07:08 --> Class 'App\Libraries\Exception' not found
#0 /home/eventodigital/public_html/api_controlAccesos/app/Controllers/RestController.php(185): App\Libraries\vCard->__construct(false, 'FBMi4a0AG6WFgHQ...')
#1 /home/eventodigital/public_html/api_controlAccesos/system/CodeIgniter.php(832): App\Controllers\RestController->create()
#2 /home/eventodigital/public_html/api_controlAccesos/system/CodeIgniter.php(419): CodeIgniter\CodeIgniter->runController(Object(App\Controllers\RestController))
#3 /home/eventodigital/public_html/api_controlAccesos/system/CodeIgniter.php(326): CodeIgniter\CodeIgniter->handleRequest(NULL, Object(Config\Cache), false)
#4 /home/eventodigital/public_html/api_controlAccesos/public/index.php(37): CodeIgniter\CodeIgniter->run()
#5 {main}
CRITICAL - 2023-11-11 03:08:53 --> Class 'App\Libraries\Exception' not found
#0 /home/eventodigital/public_html/api_controlAccesos/app/Controllers/RestController.php(185): App\Libraries\vCard->__construct(false, 'FBMi442AG64VAGQ...')
#1 /home/eventodigital/public_html/api_controlAccesos/system/CodeIgniter.php(832): App\Controllers\RestController->create()
#2 /home/eventodigital/public_html/api_controlAccesos/system/CodeIgniter.php(419): CodeIgniter\CodeIgniter->runController(Object(App\Controllers\RestController))
#3 /home/eventodigital/public_html/api_controlAccesos/system/CodeIgniter.php(326): CodeIgniter\CodeIgniter->handleRequest(NULL, Object(Config\Cache), false)
#4 /home/eventodigital/public_html/api_controlAccesos/public/index.php(37): CodeIgniter\CodeIgniter->run()
#5 {main}
CRITICAL - 2023-11-11 03:11:14 --> Class 'App\Libraries\Exception' not found
#0 /home/eventodigital/public_html/api_controlAccesos/app/Controllers/RestController.php(185): App\Libraries\vCard->__construct(false, 'FBMi4dYAG7Y3gGw...')
#1 /home/eventodigital/public_html/api_controlAccesos/system/CodeIgniter.php(832): App\Controllers\RestController->create()
#2 /home/eventodigital/public_html/api_controlAccesos/system/CodeIgniter.php(419): CodeIgniter\CodeIgniter->runController(Object(App\Controllers\RestController))
#3 /home/eventodigital/public_html/api_controlAccesos/system/CodeIgniter.php(326): CodeIgniter\CodeIgniter->handleRequest(NULL, Object(Config\Cache), false)
#4 /home/eventodigital/public_html/api_controlAccesos/public/index.php(37): CodeIgniter\CodeIgniter->run()
#5 {main}
CRITICAL - 2023-11-11 03:11:20 --> Class 'App\Libraries\Exception' not found
#0 /home/eventodigital/public_html/api_controlAccesos/app/Controllers/RestController.php(185): App\Libraries\vCard->__construct(false, 'FBMi4dYAG7Y7wGg...')
#1 /home/eventodigital/public_html/api_controlAccesos/system/CodeIgniter.php(832): App\Controllers\RestController->create()
#2 /home/eventodigital/public_html/api_controlAccesos/system/CodeIgniter.php(419): CodeIgniter\CodeIgniter->runController(Object(App\Controllers\RestController))
#3 /home/eventodigital/public_html/api_controlAccesos/system/CodeIgniter.php(326): CodeIgniter\CodeIgniter->handleRequest(NULL, Object(Config\Cache), false)
#4 /home/eventodigital/public_html/api_controlAccesos/public/index.php(37): CodeIgniter\CodeIgniter->run()
#5 {main}
CRITICAL - 2023-11-11 03:12:36 --> Class 'App\Libraries\Exception' not found
#0 /home/eventodigital/public_html/api_controlAccesos/app/Controllers/RestController.php(185): App\Libraries\vCard->__construct(false, 'FBMi4a0AG6WFgLw...')
#1 /home/eventodigital/public_html/api_controlAccesos/system/CodeIgniter.php(832): App\Controllers\RestController->create()
#2 /home/eventodigital/public_html/api_controlAccesos/system/CodeIgniter.php(419): CodeIgniter\CodeIgniter->runController(Object(App\Controllers\RestController))
#3 /home/eventodigital/public_html/api_controlAccesos/system/CodeIgniter.php(326): CodeIgniter\CodeIgniter->handleRequest(NULL, Object(Config\Cache), false)
#4 /home/eventodigital/public_html/api_controlAccesos/public/index.php(37): CodeIgniter\CodeIgniter->run()
#5 {main}
CRITICAL - 2023-11-11 03:12:39 --> Class 'App\Libraries\Exception' not found
#0 /home/eventodigital/public_html/api_controlAccesos/app/Controllers/RestController.php(185): App\Libraries\vCard->__construct(false, 'FBMi4a0AG6WOQKQ...')
#1 /home/eventodigital/public_html/api_controlAccesos/system/CodeIgniter.php(832): App\Controllers\RestController->create()
#2 /home/eventodigital/public_html/api_controlAccesos/system/CodeIgniter.php(419): CodeIgniter\CodeIgniter->runController(Object(App\Controllers\RestController))
#3 /home/eventodigital/public_html/api_controlAccesos/system/CodeIgniter.php(326): CodeIgniter\CodeIgniter->handleRequest(NULL, Object(Config\Cache), false)
#4 /home/eventodigital/public_html/api_controlAccesos/public/index.php(37): CodeIgniter\CodeIgniter->run()
#5 {main}
CRITICAL - 2023-11-11 03:14:59 --> Class 'App\Libraries\Exception' not found
#0 /home/eventodigital/public_html/api_controlAccesos/app/Controllers/RestController.php(185): App\Libraries\vCard->__construct(false, 'FBMi442AGypjASw...')
#1 /home/eventodigital/public_html/api_controlAccesos/system/CodeIgniter.php(832): App\Controllers\RestController->create()
#2 /home/eventodigital/public_html/api_controlAccesos/system/CodeIgniter.php(419): CodeIgniter\CodeIgniter->runController(Object(App\Controllers\RestController))
#3 /home/eventodigital/public_html/api_controlAccesos/system/CodeIgniter.php(326): CodeIgniter\CodeIgniter->handleRequest(NULL, Object(Config\Cache), false)
#4 /home/eventodigital/public_html/api_controlAccesos/public/index.php(37): CodeIgniter\CodeIgniter->run()
#5 {main}
CRITICAL - 2023-11-11 03:15:01 --> Class 'App\Libraries\Exception' not found
#0 /home/eventodigital/public_html/api_controlAccesos/app/Controllers/RestController.php(185): App\Libraries\vCard->__construct(false, 'FBMi442AGypjAPA...')
#1 /home/eventodigital/public_html/api_controlAccesos/system/CodeIgniter.php(832): App\Controllers\RestController->create()
#2 /home/eventodigital/public_html/api_controlAccesos/system/CodeIgniter.php(419): CodeIgniter\CodeIgniter->runController(Object(App\Controllers\RestController))
#3 /home/eventodigital/public_html/api_controlAccesos/system/CodeIgniter.php(326): CodeIgniter\CodeIgniter->handleRequest(NULL, Object(Config\Cache), false)
#4 /home/eventodigital/public_html/api_controlAccesos/public/index.php(37): CodeIgniter\CodeIgniter->run()
#5 {main}
CRITICAL - 2023-11-11 03:15:52 --> Class 'App\Libraries\Exception' not found
#0 /home/eventodigital/public_html/api_controlAccesos/app/Controllers/RestController.php(185): App\Libraries\vCard->__construct(false, 'FBMi442AG7XhAHQ...')
#1 /home/eventodigital/public_html/api_controlAccesos/system/CodeIgniter.php(832): App\Controllers\RestController->create()
#2 /home/eventodigital/public_html/api_controlAccesos/system/CodeIgniter.php(419): CodeIgniter\CodeIgniter->runController(Object(App\Controllers\RestController))
#3 /home/eventodigital/public_html/api_controlAccesos/system/CodeIgniter.php(326): CodeIgniter\CodeIgniter->handleRequest(NULL, Object(Config\Cache), false)
#4 /home/eventodigital/public_html/api_controlAccesos/public/index.php(37): CodeIgniter\CodeIgniter->run()
#5 {main}
CRITICAL - 2023-11-11 03:16:19 --> Class 'App\Libraries\Exception' not found
#0 /home/eventodigital/public_html/api_controlAccesos/app/Controllers/RestController.php(185): App\Libraries\vCard->__construct(false, 'FBMi442AG5jpQKw...')
#1 /home/eventodigital/public_html/api_controlAccesos/system/CodeIgniter.php(832): App\Controllers\RestController->create()
#2 /home/eventodigital/public_html/api_controlAccesos/system/CodeIgniter.php(419): CodeIgniter\CodeIgniter->runController(Object(App\Controllers\RestController))
#3 /home/eventodigital/public_html/api_controlAccesos/system/CodeIgniter.php(326): CodeIgniter\CodeIgniter->handleRequest(NULL, Object(Config\Cache), false)
#4 /home/eventodigital/public_html/api_controlAccesos/public/index.php(37): CodeIgniter\CodeIgniter->run()
#5 {main}
CRITICAL - 2023-11-11 03:16:22 --> Class 'App\Libraries\Exception' not found
#0 /home/eventodigital/public_html/api_controlAccesos/app/Controllers/RestController.php(185): App\Libraries\vCard->__construct(false, 'FBMi442AG5jpQGQ...')
#1 /home/eventodigital/public_html/api_controlAccesos/system/CodeIgniter.php(832): App\Controllers\RestController->create()
#2 /home/eventodigital/public_html/api_controlAccesos/system/CodeIgniter.php(419): CodeIgniter\CodeIgniter->runController(Object(App\Controllers\RestController))
#3 /home/eventodigital/public_html/api_controlAccesos/system/CodeIgniter.php(326): CodeIgniter\CodeIgniter->handleRequest(NULL, Object(Config\Cache), false)
#4 /home/eventodigital/public_html/api_controlAccesos/public/index.php(37): CodeIgniter\CodeIgniter->run()
#5 {main}
CRITICAL - 2023-11-11 03:22:07 --> Class 'App\Libraries\Exception' not found
#0 /home/eventodigital/public_html/api_controlAccesos/app/Controllers/RestController.php(185): App\Libraries\vCard->__construct(false, 'FBMi4a0AG6CKAHA...')
#1 /home/eventodigital/public_html/api_controlAccesos/system/CodeIgniter.php(832): App\Controllers\RestController->create()
#2 /home/eventodigital/public_html/api_controlAccesos/system/CodeIgniter.php(419): CodeIgniter\CodeIgniter->runController(Object(App\Controllers\RestController))
#3 /home/eventodigital/public_html/api_controlAccesos/system/CodeIgniter.php(326): CodeIgniter\CodeIgniter->handleRequest(NULL, Object(Config\Cache), false)
#4 /home/eventodigital/public_html/api_controlAccesos/public/index.php(37): CodeIgniter\CodeIgniter->run()
#5 {main}
CRITICAL - 2023-11-11 03:22:30 --> Class 'App\Libraries\Exception' not found
#0 /home/eventodigital/public_html/api_controlAccesos/app/Controllers/RestController.php(185): App\Libraries\vCard->__construct(false, 'FBMi442AG7ByAGw...')
#1 /home/eventodigital/public_html/api_controlAccesos/system/CodeIgniter.php(832): App\Controllers\RestController->create()
#2 /home/eventodigital/public_html/api_controlAccesos/system/CodeIgniter.php(419): CodeIgniter\CodeIgniter->runController(Object(App\Controllers\RestController))
#3 /home/eventodigital/public_html/api_controlAccesos/system/CodeIgniter.php(326): CodeIgniter\CodeIgniter->handleRequest(NULL, Object(Config\Cache), false)
#4 /home/eventodigital/public_html/api_controlAccesos/public/index.php(37): CodeIgniter\CodeIgniter->run()
#5 {main}
CRITICAL - 2023-11-11 03:22:34 --> Class 'App\Libraries\Exception' not found
#0 /home/eventodigital/public_html/api_controlAccesos/app/Controllers/RestController.php(185): App\Libraries\vCard->__construct(false, 'FBMi442AG7ByAKQ...')
#1 /home/eventodigital/public_html/api_controlAccesos/system/CodeIgniter.php(832): App\Controllers\RestController->create()
#2 /home/eventodigital/public_html/api_controlAccesos/system/CodeIgniter.php(419): CodeIgniter\CodeIgniter->runController(Object(App\Controllers\RestController))
#3 /home/eventodigital/public_html/api_controlAccesos/system/CodeIgniter.php(326): CodeIgniter\CodeIgniter->handleRequest(NULL, Object(Config\Cache), false)
#4 /home/eventodigital/public_html/api_controlAccesos/public/index.php(37): CodeIgniter\CodeIgniter->run()
#5 {main}
CRITICAL - 2023-11-11 03:22:56 --> Class 'App\Libraries\Exception' not found
#0 /home/eventodigital/public_html/api_controlAccesos/app/Controllers/RestController.php(185): App\Libraries\vCard->__construct(false, 'FBMi48SAGcU1wjw...')
#1 /home/eventodigital/public_html/api_controlAccesos/system/CodeIgniter.php(832): App\Controllers\RestController->create()
#2 /home/eventodigital/public_html/api_controlAccesos/system/CodeIgniter.php(419): CodeIgniter\CodeIgniter->runController(Object(App\Controllers\RestController))
#3 /home/eventodigital/public_html/api_controlAccesos/system/CodeIgniter.php(326): CodeIgniter\CodeIgniter->handleRequest(NULL, Object(Config\Cache), false)
#4 /home/eventodigital/public_html/api_controlAccesos/public/index.php(37): CodeIgniter\CodeIgniter->run()
#5 {main}
CRITICAL - 2023-11-11 03:23:28 --> Class 'App\Libraries\Exception' not found
#0 /home/eventodigital/public_html/api_controlAccesos/app/Controllers/RestController.php(185): App\Libraries\vCard->__construct(false, 'FBMi48SAGBZmQSg...')
#1 /home/eventodigital/public_html/api_controlAccesos/system/CodeIgniter.php(832): App\Controllers\RestController->create()
#2 /home/eventodigital/public_html/api_controlAccesos/system/CodeIgniter.php(419): CodeIgniter\CodeIgniter->runController(Object(App\Controllers\RestController))
#3 /home/eventodigital/public_html/api_controlAccesos/system/CodeIgniter.php(326): CodeIgniter\CodeIgniter->handleRequest(NULL, Object(Config\Cache), false)
#4 /home/eventodigital/public_html/api_controlAccesos/public/index.php(37): CodeIgniter\CodeIgniter->run()
#5 {main}
CRITICAL - 2023-11-11 03:25:03 --> Class 'App\Libraries\Exception' not found
#0 /home/eventodigital/public_html/api_controlAccesos/app/Controllers/RestController.php(185): App\Libraries\vCard->__construct(false, 'FBMi4a0AG6eRgHA...')
#1 /home/eventodigital/public_html/api_controlAccesos/system/CodeIgniter.php(832): App\Controllers\RestController->create()
#2 /home/eventodigital/public_html/api_controlAccesos/system/CodeIgniter.php(419): CodeIgniter\CodeIgniter->runController(Object(App\Controllers\RestController))
#3 /home/eventodigital/public_html/api_controlAccesos/system/CodeIgniter.php(326): CodeIgniter\CodeIgniter->handleRequest(NULL, Object(Config\Cache), false)
#4 /home/eventodigital/public_html/api_controlAccesos/public/index.php(37): CodeIgniter\CodeIgniter->run()
#5 {main}
CRITICAL - 2023-11-11 03:27:18 --> Class 'App\Libraries\Exception' not found
#0 /home/eventodigital/public_html/api_controlAccesos/app/Controllers/RestController.php(185): App\Libraries\vCard->__construct(false, 'FBMi4_uAGcnvALg...')
#1 /home/eventodigital/public_html/api_controlAccesos/system/CodeIgniter.php(832): App\Controllers\RestController->create()
#2 /home/eventodigital/public_html/api_controlAccesos/system/CodeIgniter.php(419): CodeIgniter\CodeIgniter->runController(Object(App\Controllers\RestController))
#3 /home/eventodigital/public_html/api_controlAccesos/system/CodeIgniter.php(326): CodeIgniter\CodeIgniter->handleRequest(NULL, Object(Config\Cache), false)
#4 /home/eventodigital/public_html/api_controlAccesos/public/index.php(37): CodeIgniter\CodeIgniter->run()
#5 {main}
CRITICAL - 2023-11-11 03:29:53 --> Class 'App\Libraries\Exception' not found
#0 /home/eventodigital/public_html/api_controlAccesos/app/Controllers/RestController.php(185): App\Libraries\vCard->__construct(false, 'FBMi4_uAGcnvAGQ...')
#1 /home/eventodigital/public_html/api_controlAccesos/system/CodeIgniter.php(832): App\Controllers\RestController->create()
#2 /home/eventodigital/public_html/api_controlAccesos/system/CodeIgniter.php(419): CodeIgniter\CodeIgniter->runController(Object(App\Controllers\RestController))
#3 /home/eventodigital/public_html/api_controlAccesos/system/CodeIgniter.php(326): CodeIgniter\CodeIgniter->handleRequest(NULL, Object(Config\Cache), false)
#4 /home/eventodigital/public_html/api_controlAccesos/public/index.php(37): CodeIgniter\CodeIgniter->run()
#5 {main}
CRITICAL - 2023-11-11 03:31:32 --> Class 'App\Libraries\Exception' not found
#0 /home/eventodigital/public_html/api_controlAccesos/app/Controllers/RestController.php(185): App\Libraries\vCard->__construct(false, 'FBMi442AGBCSAPg...')
#1 /home/eventodigital/public_html/api_controlAccesos/system/CodeIgniter.php(832): App\Controllers\RestController->create()
#2 /home/eventodigital/public_html/api_controlAccesos/system/CodeIgniter.php(419): CodeIgniter\CodeIgniter->runController(Object(App\Controllers\RestController))
#3 /home/eventodigital/public_html/api_controlAccesos/system/CodeIgniter.php(326): CodeIgniter\CodeIgniter->handleRequest(NULL, Object(Config\Cache), false)
#4 /home/eventodigital/public_html/api_controlAccesos/public/index.php(37): CodeIgniter\CodeIgniter->run()
#5 {main}
CRITICAL - 2023-11-11 03:32:08 --> Class 'App\Libraries\Exception' not found
#0 /home/eventodigital/public_html/api_controlAccesos/app/Controllers/RestController.php(185): App\Libraries\vCard->__construct(false, 'FBMi5lfAGKD5ALg...')
#1 /home/eventodigital/public_html/api_controlAccesos/system/CodeIgniter.php(832): App\Controllers\RestController->create()
#2 /home/eventodigital/public_html/api_controlAccesos/system/CodeIgniter.php(419): CodeIgniter\CodeIgniter->runController(Object(App\Controllers\RestController))
#3 /home/eventodigital/public_html/api_controlAccesos/system/CodeIgniter.php(326): CodeIgniter\CodeIgniter->handleRequest(NULL, Object(Config\Cache), false)
#4 /home/eventodigital/public_html/api_controlAccesos/public/index.php(37): CodeIgniter\CodeIgniter->run()
#5 {main}
CRITICAL - 2023-11-11 03:32:10 --> Class 'App\Libraries\Exception' not found
#0 /home/eventodigital/public_html/api_controlAccesos/app/Controllers/RestController.php(185): App\Libraries\vCard->__construct(false, 'FBMi5lfAGKD5AHw...')
#1 /home/eventodigital/public_html/api_controlAccesos/system/CodeIgniter.php(832): App\Controllers\RestController->create()
#2 /home/eventodigital/public_html/api_controlAccesos/system/CodeIgniter.php(419): CodeIgniter\CodeIgniter->runController(Object(App\Controllers\RestController))
#3 /home/eventodigital/public_html/api_controlAccesos/system/CodeIgniter.php(326): CodeIgniter\CodeIgniter->handleRequest(NULL, Object(Config\Cache), false)
#4 /home/eventodigital/public_html/api_controlAccesos/public/index.php(37): CodeIgniter\CodeIgniter->run()
#5 {main}
CRITICAL - 2023-11-11 03:34:41 --> Class 'App\Libraries\Exception' not found
#0 /home/eventodigital/public_html/api_controlAccesos/app/Controllers/RestController.php(185): App\Libraries\vCard->__construct(false, 'FBMi4a0AG6XOgHw...')
#1 /home/eventodigital/public_html/api_controlAccesos/system/CodeIgniter.php(832): App\Controllers\RestController->create()
#2 /home/eventodigital/public_html/api_controlAccesos/system/CodeIgniter.php(419): CodeIgniter\CodeIgniter->runController(Object(App\Controllers\RestController))
#3 /home/eventodigital/public_html/api_controlAccesos/system/CodeIgniter.php(326): CodeIgniter\CodeIgniter->handleRequest(NULL, Object(Config\Cache), false)
#4 /home/eventodigital/public_html/api_controlAccesos/public/index.php(37): CodeIgniter\CodeIgniter->run()
#5 {main}
CRITICAL - 2023-11-11 03:34:45 --> Class 'App\Libraries\Exception' not found
#0 /home/eventodigital/public_html/api_controlAccesos/app/Controllers/RestController.php(185): App\Libraries\vCard->__construct(false, 'FBMi4a0AG6XOgKg...')
#1 /home/eventodigital/public_html/api_controlAccesos/system/CodeIgniter.php(832): App\Controllers\RestController->create()
#2 /home/eventodigital/public_html/api_controlAccesos/system/CodeIgniter.php(419): CodeIgniter\CodeIgniter->runController(Object(App\Controllers\RestController))
#3 /home/eventodigital/public_html/api_controlAccesos/system/CodeIgniter.php(326): CodeIgniter\CodeIgniter->handleRequest(NULL, Object(Config\Cache), false)
#4 /home/eventodigital/public_html/api_controlAccesos/public/index.php(37): CodeIgniter\CodeIgniter->run()
#5 {main}
CRITICAL - 2023-11-11 03:37:51 --> Class 'App\Libraries\Exception' not found
#0 /home/eventodigital/public_html/api_controlAccesos/app/Controllers/RestController.php(185): App\Libraries\vCard->__construct(false, 'FBMi4dYAG7YsAHA...')
#1 /home/eventodigital/public_html/api_controlAccesos/system/CodeIgniter.php(832): App\Controllers\RestController->create()
#2 /home/eventodigital/public_html/api_controlAccesos/system/CodeIgniter.php(419): CodeIgniter\CodeIgniter->runController(Object(App\Controllers\RestController))
#3 /home/eventodigital/public_html/api_controlAccesos/system/CodeIgniter.php(326): CodeIgniter\CodeIgniter->handleRequest(NULL, Object(Config\Cache), false)
#4 /home/eventodigital/public_html/api_controlAccesos/public/index.php(37): CodeIgniter\CodeIgniter->run()
#5 {main}
CRITICAL - 2023-11-11 03:39:50 --> Class 'App\Libraries\Exception' not found
#0 /home/eventodigital/public_html/api_controlAccesos/app/Controllers/RestController.php(185): App\Libraries\vCard->__construct(false, 'FBMi48SAG3oBQGg...')
#1 /home/eventodigital/public_html/api_controlAccesos/system/CodeIgniter.php(832): App\Controllers\RestController->create()
#2 /home/eventodigital/public_html/api_controlAccesos/system/CodeIgniter.php(419): CodeIgniter\CodeIgniter->runController(Object(App\Controllers\RestController))
#3 /home/eventodigital/public_html/api_controlAccesos/system/CodeIgniter.php(326): CodeIgniter\CodeIgniter->handleRequest(NULL, Object(Config\Cache), false)
#4 /home/eventodigital/public_html/api_controlAccesos/public/index.php(37): CodeIgniter\CodeIgniter->run()
#5 {main}
CRITICAL - 2023-11-11 03:39:54 --> Class 'App\Libraries\Exception' not found
#0 /home/eventodigital/public_html/api_controlAccesos/app/Controllers/RestController.php(185): App\Libraries\vCard->__construct(false, 'FBMi48SAG3oBQLQ...')
#1 /home/eventodigital/public_html/api_controlAccesos/system/CodeIgniter.php(832): App\Controllers\RestController->create()
#2 /home/eventodigital/public_html/api_controlAccesos/system/CodeIgniter.php(419): CodeIgniter\CodeIgniter->runController(Object(App\Controllers\RestController))
#3 /home/eventodigital/public_html/api_controlAccesos/system/CodeIgniter.php(326): CodeIgniter\CodeIgniter->handleRequest(NULL, Object(Config\Cache), false)
#4 /home/eventodigital/public_html/api_controlAccesos/public/index.php(37): CodeIgniter\CodeIgniter->run()
#5 {main}
CRITICAL - 2023-11-11 03:39:55 --> Class 'App\Libraries\Exception' not found
#0 /home/eventodigital/public_html/api_controlAccesos/app/Controllers/RestController.php(185): App\Libraries\vCard->__construct(false, 'FBMi4a0AG4TIALw...')
#1 /home/eventodigital/public_html/api_controlAccesos/system/CodeIgniter.php(832): App\Controllers\RestController->create()
#2 /home/eventodigital/public_html/api_controlAccesos/system/CodeIgniter.php(419): CodeIgniter\CodeIgniter->runController(Object(App\Controllers\RestController))
#3 /home/eventodigital/public_html/api_controlAccesos/system/CodeIgniter.php(326): CodeIgniter\CodeIgniter->handleRequest(NULL, Object(Config\Cache), false)
#4 /home/eventodigital/public_html/api_controlAccesos/public/index.php(37): CodeIgniter\CodeIgniter->run()
#5 {main}
CRITICAL - 2023-11-11 03:40:50 --> Class 'App\Libraries\Exception' not found
#0 /home/eventodigital/public_html/api_controlAccesos/app/Controllers/RestController.php(185): App\Libraries\vCard->__construct(false, 'FBMi442AG40vwHQ...')
#1 /home/eventodigital/public_html/api_controlAccesos/system/CodeIgniter.php(832): App\Controllers\RestController->create()
#2 /home/eventodigital/public_html/api_controlAccesos/system/CodeIgniter.php(419): CodeIgniter\CodeIgniter->runController(Object(App\Controllers\RestController))
#3 /home/eventodigital/public_html/api_controlAccesos/system/CodeIgniter.php(326): CodeIgniter\CodeIgniter->handleRequest(NULL, Object(Config\Cache), false)
#4 /home/eventodigital/public_html/api_controlAccesos/public/index.php(37): CodeIgniter\CodeIgniter->run()
#5 {main}
CRITICAL - 2023-11-11 03:40:52 --> Class 'App\Libraries\Exception' not found
#0 /home/eventodigital/public_html/api_controlAccesos/app/Controllers/RestController.php(185): App\Libraries\vCard->__construct(false, 'FBMi442AG5rhAHw...')
#1 /home/eventodigital/public_html/api_controlAccesos/system/CodeIgniter.php(832): App\Controllers\RestController->create()
#2 /home/eventodigital/public_html/api_controlAccesos/system/CodeIgniter.php(419): CodeIgniter\CodeIgniter->runController(Object(App\Controllers\RestController))
#3 /home/eventodigital/public_html/api_controlAccesos/system/CodeIgniter.php(326): CodeIgniter\CodeIgniter->handleRequest(NULL, Object(Config\Cache), false)
#4 /home/eventodigital/public_html/api_controlAccesos/public/index.php(37): CodeIgniter\CodeIgniter->run()
#5 {main}
CRITICAL - 2023-11-11 03:40:53 --> Class 'App\Libraries\Exception' not found
#0 /home/eventodigital/public_html/api_controlAccesos/app/Controllers/RestController.php(185): App\Libraries\vCard->__construct(false, 'FBMi442AG401wHg...')
#1 /home/eventodigital/public_html/api_controlAccesos/system/CodeIgniter.php(832): App\Controllers\RestController->create()
#2 /home/eventodigital/public_html/api_controlAccesos/system/CodeIgniter.php(419): CodeIgniter\CodeIgniter->runController(Object(App\Controllers\RestController))
#3 /home/eventodigital/public_html/api_controlAccesos/system/CodeIgniter.php(326): CodeIgniter\CodeIgniter->handleRequest(NULL, Object(Config\Cache), false)
#4 /home/eventodigital/public_html/api_controlAccesos/public/index.php(37): CodeIgniter\CodeIgniter->run()
#5 {main}
CRITICAL - 2023-11-11 03:41:31 --> Class 'App\Libraries\Exception' not found
#0 /home/eventodigital/public_html/api_controlAccesos/app/Controllers/RestController.php(185): App\Libraries\vCard->__construct(false, 'FBMi4dYAG7UegHg...')
#1 /home/eventodigital/public_html/api_controlAccesos/system/CodeIgniter.php(832): App\Controllers\RestController->create()
#2 /home/eventodigital/public_html/api_controlAccesos/system/CodeIgniter.php(419): CodeIgniter\CodeIgniter->runController(Object(App\Controllers\RestController))
#3 /home/eventodigital/public_html/api_controlAccesos/system/CodeIgniter.php(326): CodeIgniter\CodeIgniter->handleRequest(NULL, Object(Config\Cache), false)
#4 /home/eventodigital/public_html/api_controlAccesos/public/index.php(37): CodeIgniter\CodeIgniter->run()
#5 {main}
CRITICAL - 2023-11-11 03:41:43 --> Class 'App\Libraries\Exception' not found
#0 /home/eventodigital/public_html/api_controlAccesos/app/Controllers/RestController.php(185): App\Libraries\vCard->__construct(false, 'FBMi442AG69fwGw...')
#1 /home/eventodigital/public_html/api_controlAccesos/system/CodeIgniter.php(832): App\Controllers\RestController->create()
#2 /home/eventodigital/public_html/api_controlAccesos/system/CodeIgniter.php(419): CodeIgniter\CodeIgniter->runController(Object(App\Controllers\RestController))
#3 /home/eventodigital/public_html/api_controlAccesos/system/CodeIgniter.php(326): CodeIgniter\CodeIgniter->handleRequest(NULL, Object(Config\Cache), false)
#4 /home/eventodigital/public_html/api_controlAccesos/public/index.php(37): CodeIgniter\CodeIgniter->run()
#5 {main}
CRITICAL - 2023-11-11 03:41:46 --> Class 'App\Libraries\Exception' not found
#0 /home/eventodigital/public_html/api_controlAccesos/app/Controllers/RestController.php(185): App\Libraries\vCard->__construct(false, 'FBMi442AG69fwKQ...')
#1 /home/eventodigital/public_html/api_controlAccesos/system/CodeIgniter.php(832): App\Controllers\RestController->create()
#2 /home/eventodigital/public_html/api_controlAccesos/system/CodeIgniter.php(419): CodeIgniter\CodeIgniter->runController(Object(App\Controllers\RestController))
#3 /home/eventodigital/public_html/api_controlAccesos/system/CodeIgniter.php(326): CodeIgniter\CodeIgniter->handleRequest(NULL, Object(Config\Cache), false)
#4 /home/eventodigital/public_html/api_controlAccesos/public/index.php(37): CodeIgniter\CodeIgniter->run()
#5 {main}
CRITICAL - 2023-11-11 03:41:55 --> Class 'App\Libraries\Exception' not found
#0 /home/eventodigital/public_html/api_controlAccesos/app/Controllers/RestController.php(185): App\Libraries\vCard->__construct(false, 'FBMi442AG7TXgGQ...')
#1 /home/eventodigital/public_html/api_controlAccesos/system/CodeIgniter.php(832): App\Controllers\RestController->create()
#2 /home/eventodigital/public_html/api_controlAccesos/system/CodeIgniter.php(419): CodeIgniter\CodeIgniter->runController(Object(App\Controllers\RestController))
#3 /home/eventodigital/public_html/api_controlAccesos/system/CodeIgniter.php(326): CodeIgniter\CodeIgniter->handleRequest(NULL, Object(Config\Cache), false)
#4 /home/eventodigital/public_html/api_controlAccesos/public/index.php(37): CodeIgniter\CodeIgniter->run()
#5 {main}
CRITICAL - 2023-11-11 03:44:23 --> Class 'App\Libraries\Exception' not found
#0 /home/eventodigital/public_html/api_controlAccesos/app/Controllers/RestController.php(185): App\Libraries\vCard->__construct(false, 'FBMi48SAGzidQHQ...')
#1 /home/eventodigital/public_html/api_controlAccesos/system/CodeIgniter.php(832): App\Controllers\RestController->create()
#2 /home/eventodigital/public_html/api_controlAccesos/system/CodeIgniter.php(419): CodeIgniter\CodeIgniter->runController(Object(App\Controllers\RestController))
#3 /home/eventodigital/public_html/api_controlAccesos/system/CodeIgniter.php(326): CodeIgniter\CodeIgniter->handleRequest(NULL, Object(Config\Cache), false)
#4 /home/eventodigital/public_html/api_controlAccesos/public/index.php(37): CodeIgniter\CodeIgniter->run()
#5 {main}
CRITICAL - 2023-11-11 03:44:28 --> Class 'App\Libraries\Exception' not found
#0 /home/eventodigital/public_html/api_controlAccesos/app/Controllers/RestController.php(185): App\Libraries\vCard->__construct(false, 'FBMi48SAGzidQLQ...')
#1 /home/eventodigital/public_html/api_controlAccesos/system/CodeIgniter.php(832): App\Controllers\RestController->create()
#2 /home/eventodigital/public_html/api_controlAccesos/system/CodeIgniter.php(419): CodeIgniter\CodeIgniter->runController(Object(App\Controllers\RestController))
#3 /home/eventodigital/public_html/api_controlAccesos/system/CodeIgniter.php(326): CodeIgniter\CodeIgniter->handleRequest(NULL, Object(Config\Cache), false)
#4 /home/eventodigital/public_html/api_controlAccesos/public/index.php(37): CodeIgniter\CodeIgniter->run()
#5 {main}
CRITICAL - 2023-11-11 03:45:27 --> Class 'App\Libraries\Exception' not found
#0 /home/eventodigital/public_html/api_controlAccesos/app/Controllers/RestController.php(185): App\Libraries\vCard->__construct(false, 'FBMi442AG7bDQHA...')
#1 /home/eventodigital/public_html/api_controlAccesos/system/CodeIgniter.php(832): App\Controllers\RestController->create()
#2 /home/eventodigital/public_html/api_controlAccesos/system/CodeIgniter.php(419): CodeIgniter\CodeIgniter->runController(Object(App\Controllers\RestController))
#3 /home/eventodigital/public_html/api_controlAccesos/system/CodeIgniter.php(326): CodeIgniter\CodeIgniter->handleRequest(NULL, Object(Config\Cache), false)
#4 /home/eventodigital/public_html/api_controlAccesos/public/index.php(37): CodeIgniter\CodeIgniter->run()
#5 {main}
CRITICAL - 2023-11-11 03:47:57 --> Class 'App\Libraries\Exception' not found
#0 /home/eventodigital/public_html/api_controlAccesos/app/Controllers/RestController.php(185): App\Libraries\vCard->__construct(false, 'FBMi4a0AG7HqAGg...')
#1 /home/eventodigital/public_html/api_controlAccesos/system/CodeIgniter.php(832): App\Controllers\RestController->create()
#2 /home/eventodigital/public_html/api_controlAccesos/system/CodeIgniter.php(419): CodeIgniter\CodeIgniter->runController(Object(App\Controllers\RestController))
#3 /home/eventodigital/public_html/api_controlAccesos/system/CodeIgniter.php(326): CodeIgniter\CodeIgniter->handleRequest(NULL, Object(Config\Cache), false)
#4 /home/eventodigital/public_html/api_controlAccesos/public/index.php(37): CodeIgniter\CodeIgniter->run()
#5 {main}
CRITICAL - 2023-11-11 03:48:18 --> Class 'App\Libraries\Exception' not found
#0 /home/eventodigital/public_html/api_controlAccesos/app/Controllers/RestController.php(185): App\Libraries\vCard->__construct(false, 'FBMi4a0AG6f5QOw...')
#1 /home/eventodigital/public_html/api_controlAccesos/system/CodeIgniter.php(832): App\Controllers\RestController->create()
#2 /home/eventodigital/public_html/api_controlAccesos/system/CodeIgniter.php(419): CodeIgniter\CodeIgniter->runController(Object(App\Controllers\RestController))
#3 /home/eventodigital/public_html/api_controlAccesos/system/CodeIgniter.php(326): CodeIgniter\CodeIgniter->handleRequest(NULL, Object(Config\Cache), false)
#4 /home/eventodigital/public_html/api_controlAccesos/public/index.php(37): CodeIgniter\CodeIgniter->run()
#5 {main}
CRITICAL - 2023-11-11 03:48:22 --> Class 'App\Libraries\Exception' not found
#0 /home/eventodigital/public_html/api_controlAccesos/app/Controllers/RestController.php(185): App\Libraries\vCard->__construct(false, 'FBMi442AG6BzAHA...')
#1 /home/eventodigital/public_html/api_controlAccesos/system/CodeIgniter.php(832): App\Controllers\RestController->create()
#2 /home/eventodigital/public_html/api_controlAccesos/system/CodeIgniter.php(419): CodeIgniter\CodeIgniter->runController(Object(App\Controllers\RestController))
#3 /home/eventodigital/public_html/api_controlAccesos/system/CodeIgniter.php(326): CodeIgniter\CodeIgniter->handleRequest(NULL, Object(Config\Cache), false)
#4 /home/eventodigital/public_html/api_controlAccesos/public/index.php(37): CodeIgniter\CodeIgniter->run()
#5 {main}
CRITICAL - 2023-11-11 03:49:52 --> Class 'App\Libraries\Exception' not found
#0 /home/eventodigital/public_html/api_controlAccesos/app/Controllers/RestController.php(185): App\Libraries\vCard->__construct(false, 'FBMi48SAG3-SwLw...')
#1 /home/eventodigital/public_html/api_controlAccesos/system/CodeIgniter.php(832): App\Controllers\RestController->create()
#2 /home/eventodigital/public_html/api_controlAccesos/system/CodeIgniter.php(419): CodeIgniter\CodeIgniter->runController(Object(App\Controllers\RestController))
#3 /home/eventodigital/public_html/api_controlAccesos/system/CodeIgniter.php(326): CodeIgniter\CodeIgniter->handleRequest(NULL, Object(Config\Cache), false)
#4 /home/eventodigital/public_html/api_controlAccesos/public/index.php(37): CodeIgniter\CodeIgniter->run()
#5 {main}
CRITICAL - 2023-11-11 03:49:55 --> Class 'App\Libraries\Exception' not found
#0 /home/eventodigital/public_html/api_controlAccesos/app/Controllers/RestController.php(185): App\Libraries\vCard->__construct(false, 'FBMi48SAG3-SwGw...')
#1 /home/eventodigital/public_html/api_controlAccesos/system/CodeIgniter.php(832): App\Controllers\RestController->create()
#2 /home/eventodigital/public_html/api_controlAccesos/system/CodeIgniter.php(419): CodeIgniter\CodeIgniter->runController(Object(App\Controllers\RestController))
#3 /home/eventodigital/public_html/api_controlAccesos/system/CodeIgniter.php(326): CodeIgniter\CodeIgniter->handleRequest(NULL, Object(Config\Cache), false)
#4 /home/eventodigital/public_html/api_controlAccesos/public/index.php(37): CodeIgniter\CodeIgniter->run()
#5 {main}
CRITICAL - 2023-11-11 03:52:45 --> Class 'App\Libraries\Exception' not found
#0 /home/eventodigital/public_html/api_controlAccesos/app/Controllers/RestController.php(185): App\Libraries\vCard->__construct(false, 'FBMi442AG66rQHA...')
#1 /home/eventodigital/public_html/api_controlAccesos/system/CodeIgniter.php(832): App\Controllers\RestController->create()
#2 /home/eventodigital/public_html/api_controlAccesos/system/CodeIgniter.php(419): CodeIgniter\CodeIgniter->runController(Object(App\Controllers\RestController))
#3 /home/eventodigital/public_html/api_controlAccesos/system/CodeIgniter.php(326): CodeIgniter\CodeIgniter->handleRequest(NULL, Object(Config\Cache), false)
#4 /home/eventodigital/public_html/api_controlAccesos/public/index.php(37): CodeIgniter\CodeIgniter->run()
#5 {main}
CRITICAL - 2023-11-11 03:52:48 --> Class 'App\Libraries\Exception' not found
#0 /home/eventodigital/public_html/api_controlAccesos/app/Controllers/RestController.php(185): App\Libraries\vCard->__construct(false, 'FBMi442AG66rQKw...')
#1 /home/eventodigital/public_html/api_controlAccesos/system/CodeIgniter.php(832): App\Controllers\RestController->create()
#2 /home/eventodigital/public_html/api_controlAccesos/system/CodeIgniter.php(419): CodeIgniter\CodeIgniter->runController(Object(App\Controllers\RestController))
#3 /home/eventodigital/public_html/api_controlAccesos/system/CodeIgniter.php(326): CodeIgniter\CodeIgniter->handleRequest(NULL, Object(Config\Cache), false)
#4 /home/eventodigital/public_html/api_controlAccesos/public/index.php(37): CodeIgniter\CodeIgniter->run()
#5 {main}
CRITICAL - 2023-11-11 03:55:02 --> Class 'App\Libraries\Exception' not found
#0 /home/eventodigital/public_html/api_controlAccesos/app/Controllers/RestController.php(185): App\Libraries\vCard->__construct(false, 'FBMi442AG6OtQHQ...')
#1 /home/eventodigital/public_html/api_controlAccesos/system/CodeIgniter.php(832): App\Controllers\RestController->create()
#2 /home/eventodigital/public_html/api_controlAccesos/system/CodeIgniter.php(419): CodeIgniter\CodeIgniter->runController(Object(App\Controllers\RestController))
#3 /home/eventodigital/public_html/api_controlAccesos/system/CodeIgniter.php(326): CodeIgniter\CodeIgniter->handleRequest(NULL, Object(Config\Cache), false)
#4 /home/eventodigital/public_html/api_controlAccesos/public/index.php(37): CodeIgniter\CodeIgniter->run()
#5 {main}
CRITICAL - 2023-11-11 03:59:46 --> Class 'App\Libraries\Exception' not found
#0 /home/eventodigital/public_html/api_controlAccesos/app/Controllers/RestController.php(185): App\Libraries\vCard->__construct(false, '249002312939101...')
#1 /home/eventodigital/public_html/api_controlAccesos/system/CodeIgniter.php(832): App\Controllers\RestController->create()
#2 /home/eventodigital/public_html/api_controlAccesos/system/CodeIgniter.php(419): CodeIgniter\CodeIgniter->runController(Object(App\Controllers\RestController))
#3 /home/eventodigital/public_html/api_controlAccesos/system/CodeIgniter.php(326): CodeIgniter\CodeIgniter->handleRequest(NULL, Object(Config\Cache), false)
#4 /home/eventodigital/public_html/api_controlAccesos/public/index.php(37): CodeIgniter\CodeIgniter->run()
#5 {main}
CRITICAL - 2023-11-11 04:02:33 --> Class 'App\Libraries\Exception' not found
#0 /home/eventodigital/public_html/api_controlAccesos/app/Controllers/RestController.php(185): App\Libraries\vCard->__construct(false, 'FBMi442AG4u8QGQ...')
#1 /home/eventodigital/public_html/api_controlAccesos/system/CodeIgniter.php(832): App\Controllers\RestController->create()
#2 /home/eventodigital/public_html/api_controlAccesos/system/CodeIgniter.php(419): CodeIgniter\CodeIgniter->runController(Object(App\Controllers\RestController))
#3 /home/eventodigital/public_html/api_controlAccesos/system/CodeIgniter.php(326): CodeIgniter\CodeIgniter->handleRequest(NULL, Object(Config\Cache), false)
#4 /home/eventodigital/public_html/api_controlAccesos/public/index.php(37): CodeIgniter\CodeIgniter->run()
#5 {main}
CRITICAL - 2023-11-11 04:02:33 --> Class 'App\Libraries\Exception' not found
#0 /home/eventodigital/public_html/api_controlAccesos/app/Controllers/RestController.php(185): App\Libraries\vCard->__construct(false, 'FBMi442AG4lBAGw...')
#1 /home/eventodigital/public_html/api_controlAccesos/system/CodeIgniter.php(832): App\Controllers\RestController->create()
#2 /home/eventodigital/public_html/api_controlAccesos/system/CodeIgniter.php(419): CodeIgniter\CodeIgniter->runController(Object(App\Controllers\RestController))
#3 /home/eventodigital/public_html/api_controlAccesos/system/CodeIgniter.php(326): CodeIgniter\CodeIgniter->handleRequest(NULL, Object(Config\Cache), false)
#4 /home/eventodigital/public_html/api_controlAccesos/public/index.php(37): CodeIgniter\CodeIgniter->run()
#5 {main}
CRITICAL - 2023-11-11 04:07:30 --> Class 'App\Libraries\Exception' not found
#0 /home/eventodigital/public_html/api_controlAccesos/app/Controllers/RestController.php(185): App\Libraries\vCard->__construct(false, 'FBMi4a0AG6PTgGQ...')
#1 /home/eventodigital/public_html/api_controlAccesos/system/CodeIgniter.php(832): App\Controllers\RestController->create()
#2 /home/eventodigital/public_html/api_controlAccesos/system/CodeIgniter.php(419): CodeIgniter\CodeIgniter->runController(Object(App\Controllers\RestController))
#3 /home/eventodigital/public_html/api_controlAccesos/system/CodeIgniter.php(326): CodeIgniter\CodeIgniter->handleRequest(NULL, Object(Config\Cache), false)
#4 /home/eventodigital/public_html/api_controlAccesos/public/index.php(37): CodeIgniter\CodeIgniter->run()
#5 {main}
CRITICAL - 2023-11-11 04:07:33 --> Class 'App\Libraries\Exception' not found
#0 /home/eventodigital/public_html/api_controlAccesos/app/Controllers/RestController.php(185): App\Libraries\vCard->__construct(false, 'FBMi4a0AG6PTgLA...')
#1 /home/eventodigital/public_html/api_controlAccesos/system/CodeIgniter.php(832): App\Controllers\RestController->create()
#2 /home/eventodigital/public_html/api_controlAccesos/system/CodeIgniter.php(419): CodeIgniter\CodeIgniter->runController(Object(App\Controllers\RestController))
#3 /home/eventodigital/public_html/api_controlAccesos/system/CodeIgniter.php(326): CodeIgniter\CodeIgniter->handleRequest(NULL, Object(Config\Cache), false)
#4 /home/eventodigital/public_html/api_controlAccesos/public/index.php(37): CodeIgniter\CodeIgniter->run()
#5 {main}
CRITICAL - 2023-11-11 04:07:36 --> Class 'App\Libraries\Exception' not found
#0 /home/eventodigital/public_html/api_controlAccesos/app/Controllers/RestController.php(185): App\Libraries\vCard->__construct(false, 'FBMi4a0AG6PTgOQ...')
#1 /home/eventodigital/public_html/api_controlAccesos/system/CodeIgniter.php(832): App\Controllers\RestController->create()
#2 /home/eventodigital/public_html/api_controlAccesos/system/CodeIgniter.php(419): CodeIgniter\CodeIgniter->runController(Object(App\Controllers\RestController))
#3 /home/eventodigital/public_html/api_controlAccesos/system/CodeIgniter.php(326): CodeIgniter\CodeIgniter->handleRequest(NULL, Object(Config\Cache), false)
#4 /home/eventodigital/public_html/api_controlAccesos/public/index.php(37): CodeIgniter\CodeIgniter->run()
#5 {main}
CRITICAL - 2023-11-11 04:09:10 --> Class 'App\Libraries\Exception' not found
#0 /home/eventodigital/public_html/api_controlAccesos/app/Controllers/RestController.php(185): App\Libraries\vCard->__construct(false, 'FBMi442AG7ZswGg...')
#1 /home/eventodigital/public_html/api_controlAccesos/system/CodeIgniter.php(832): App\Controllers\RestController->create()
#2 /home/eventodigital/public_html/api_controlAccesos/system/CodeIgniter.php(419): CodeIgniter\CodeIgniter->runController(Object(App\Controllers\RestController))
#3 /home/eventodigital/public_html/api_controlAccesos/system/CodeIgniter.php(326): CodeIgniter\CodeIgniter->handleRequest(NULL, Object(Config\Cache), false)
#4 /home/eventodigital/public_html/api_controlAccesos/public/index.php(37): CodeIgniter\CodeIgniter->run()
#5 {main}
CRITICAL - 2023-11-11 04:09:13 --> Class 'App\Libraries\Exception' not found
#0 /home/eventodigital/public_html/api_controlAccesos/app/Controllers/RestController.php(185): App\Libraries\vCard->__construct(false, 'FBMi442AG7XEQHQ...')
#1 /home/eventodigital/public_html/api_controlAccesos/system/CodeIgniter.php(832): App\Controllers\RestController->create()
#2 /home/eventodigital/public_html/api_controlAccesos/system/CodeIgniter.php(419): CodeIgniter\CodeIgniter->runController(Object(App\Controllers\RestController))
#3 /home/eventodigital/public_html/api_controlAccesos/system/CodeIgniter.php(326): CodeIgniter\CodeIgniter->handleRequest(NULL, Object(Config\Cache), false)
#4 /home/eventodigital/public_html/api_controlAccesos/public/index.php(37): CodeIgniter\CodeIgniter->run()
#5 {main}
CRITICAL - 2023-11-11 04:09:28 --> Class 'App\Libraries\Exception' not found
#0 /home/eventodigital/public_html/api_controlAccesos/app/Controllers/RestController.php(185): App\Libraries\vCard->__construct(false, 'FBMi4a0AG66EAGw...')
#1 /home/eventodigital/public_html/api_controlAccesos/system/CodeIgniter.php(832): App\Controllers\RestController->create()
#2 /home/eventodigital/public_html/api_controlAccesos/system/CodeIgniter.php(419): CodeIgniter\CodeIgniter->runController(Object(App\Controllers\RestController))
#3 /home/eventodigital/public_html/api_controlAccesos/system/CodeIgniter.php(326): CodeIgniter\CodeIgniter->handleRequest(NULL, Object(Config\Cache), false)
#4 /home/eventodigital/public_html/api_controlAccesos/public/index.php(37): CodeIgniter\CodeIgniter->run()
#5 {main}
CRITICAL - 2023-11-11 04:09:34 --> Class 'App\Libraries\Exception' not found
#0 /home/eventodigital/public_html/api_controlAccesos/app/Controllers/RestController.php(185): App\Libraries\vCard->__construct(false, 'FBMi4a0AG658Arw...')
#1 /home/eventodigital/public_html/api_controlAccesos/system/CodeIgniter.php(832): App\Controllers\RestController->create()
#2 /home/eventodigital/public_html/api_controlAccesos/system/CodeIgniter.php(419): CodeIgniter\CodeIgniter->runController(Object(App\Controllers\RestController))
#3 /home/eventodigital/public_html/api_controlAccesos/system/CodeIgniter.php(326): CodeIgniter\CodeIgniter->handleRequest(NULL, Object(Config\Cache), false)
#4 /home/eventodigital/public_html/api_controlAccesos/public/index.php(37): CodeIgniter\CodeIgniter->run()
#5 {main}
CRITICAL - 2023-11-11 04:10:19 --> Class 'App\Libraries\Exception' not found
#0 /home/eventodigital/public_html/api_controlAccesos/app/Controllers/RestController.php(185): App\Libraries\vCard->__construct(false, 'FBMi4a0AG6beQHg...')
#1 /home/eventodigital/public_html/api_controlAccesos/system/CodeIgniter.php(832): App\Controllers\RestController->create()
#2 /home/eventodigital/public_html/api_controlAccesos/system/CodeIgniter.php(419): CodeIgniter\CodeIgniter->runController(Object(App\Controllers\RestController))
#3 /home/eventodigital/public_html/api_controlAccesos/system/CodeIgniter.php(326): CodeIgniter\CodeIgniter->handleRequest(NULL, Object(Config\Cache), false)
#4 /home/eventodigital/public_html/api_controlAccesos/public/index.php(37): CodeIgniter\CodeIgniter->run()
#5 {main}
CRITICAL - 2023-11-11 04:10:48 --> Class 'App\Libraries\Exception' not found
#0 /home/eventodigital/public_html/api_controlAccesos/app/Controllers/RestController.php(185): App\Libraries\vCard->__construct(false, 'FBMi4dYAG7TQQHw...')
#1 /home/eventodigital/public_html/api_controlAccesos/system/CodeIgniter.php(832): App\Controllers\RestController->create()
#2 /home/eventodigital/public_html/api_controlAccesos/system/CodeIgniter.php(419): CodeIgniter\CodeIgniter->runController(Object(App\Controllers\RestController))
#3 /home/eventodigital/public_html/api_controlAccesos/system/CodeIgniter.php(326): CodeIgniter\CodeIgniter->handleRequest(NULL, Object(Config\Cache), false)
#4 /home/eventodigital/public_html/api_controlAccesos/public/index.php(37): CodeIgniter\CodeIgniter->run()
#5 {main}
CRITICAL - 2023-11-11 04:10:51 --> Class 'App\Libraries\Exception' not found
#0 /home/eventodigital/public_html/api_controlAccesos/app/Controllers/RestController.php(185): App\Libraries\vCard->__construct(false, 'FBMi4dYAG7TQQLw...')
#1 /home/eventodigital/public_html/api_controlAccesos/system/CodeIgniter.php(832): App\Controllers\RestController->create()
#2 /home/eventodigital/public_html/api_controlAccesos/system/CodeIgniter.php(419): CodeIgniter\CodeIgniter->runController(Object(App\Controllers\RestController))
#3 /home/eventodigital/public_html/api_controlAccesos/system/CodeIgniter.php(326): CodeIgniter\CodeIgniter->handleRequest(NULL, Object(Config\Cache), false)
#4 /home/eventodigital/public_html/api_controlAccesos/public/index.php(37): CodeIgniter\CodeIgniter->run()
#5 {main}
CRITICAL - 2023-11-11 04:11:24 --> Class 'App\Libraries\Exception' not found
#0 /home/eventodigital/public_html/api_controlAccesos/app/Controllers/RestController.php(185): App\Libraries\vCard->__construct(false, 'FBMi442AG5p3wKQ...')
#1 /home/eventodigital/public_html/api_controlAccesos/system/CodeIgniter.php(832): App\Controllers\RestController->create()
#2 /home/eventodigital/public_html/api_controlAccesos/system/CodeIgniter.php(419): CodeIgniter\CodeIgniter->runController(Object(App\Controllers\RestController))
#3 /home/eventodigital/public_html/api_controlAccesos/system/CodeIgniter.php(326): CodeIgniter\CodeIgniter->handleRequest(NULL, Object(Config\Cache), false)
#4 /home/eventodigital/public_html/api_controlAccesos/public/index.php(37): CodeIgniter\CodeIgniter->run()
#5 {main}
CRITICAL - 2023-11-11 04:11:35 --> Class 'App\Libraries\Exception' not found
#0 /home/eventodigital/public_html/api_controlAccesos/app/Controllers/RestController.php(185): App\Libraries\vCard->__construct(false, 'FBMi4dYAG7TQQPQ...')
#1 /home/eventodigital/public_html/api_controlAccesos/system/CodeIgniter.php(832): App\Controllers\RestController->create()
#2 /home/eventodigital/public_html/api_controlAccesos/system/CodeIgniter.php(419): CodeIgniter\CodeIgniter->runController(Object(App\Controllers\RestController))
#3 /home/eventodigital/public_html/api_controlAccesos/system/CodeIgniter.php(326): CodeIgniter\CodeIgniter->handleRequest(NULL, Object(Config\Cache), false)
#4 /home/eventodigital/public_html/api_controlAccesos/public/index.php(37): CodeIgniter\CodeIgniter->run()
#5 {main}
CRITICAL - 2023-11-11 04:11:37 --> Class 'App\Libraries\Exception' not found
#0 /home/eventodigital/public_html/api_controlAccesos/app/Controllers/RestController.php(185): App\Libraries\vCard->__construct(false, 'FBMi4dYAG7TQQTQ...')
#1 /home/eventodigital/public_html/api_controlAccesos/system/CodeIgniter.php(832): App\Controllers\RestController->create()
#2 /home/eventodigital/public_html/api_controlAccesos/system/CodeIgniter.php(419): CodeIgniter\CodeIgniter->runController(Object(App\Controllers\RestController))
#3 /home/eventodigital/public_html/api_controlAccesos/system/CodeIgniter.php(326): CodeIgniter\CodeIgniter->handleRequest(NULL, Object(Config\Cache), false)
#4 /home/eventodigital/public_html/api_controlAccesos/public/index.php(37): CodeIgniter\CodeIgniter->run()
#5 {main}
CRITICAL - 2023-11-11 04:11:38 --> Class 'App\Libraries\Exception' not found
#0 /home/eventodigital/public_html/api_controlAccesos/app/Controllers/RestController.php(185): App\Libraries\vCard->__construct(false, 'FBMi442AG5p-gHw...')
#1 /home/eventodigital/public_html/api_controlAccesos/system/CodeIgniter.php(832): App\Controllers\RestController->create()
#2 /home/eventodigital/public_html/api_controlAccesos/system/CodeIgniter.php(419): CodeIgniter\CodeIgniter->runController(Object(App\Controllers\RestController))
#3 /home/eventodigital/public_html/api_controlAccesos/system/CodeIgniter.php(326): CodeIgniter\CodeIgniter->handleRequest(NULL, Object(Config\Cache), false)
#4 /home/eventodigital/public_html/api_controlAccesos/public/index.php(37): CodeIgniter\CodeIgniter->run()
#5 {main}
CRITICAL - 2023-11-11 04:11:47 --> Class 'App\Libraries\Exception' not found
#0 /home/eventodigital/public_html/api_controlAccesos/app/Controllers/RestController.php(185): App\Libraries\vCard->__construct(false, 'FBMi442AG5p8wGQ...')
#1 /home/eventodigital/public_html/api_controlAccesos/system/CodeIgniter.php(832): App\Controllers\RestController->create()
#2 /home/eventodigital/public_html/api_controlAccesos/system/CodeIgniter.php(419): CodeIgniter\CodeIgniter->runController(Object(App\Controllers\RestController))
#3 /home/eventodigital/public_html/api_controlAccesos/system/CodeIgniter.php(326): CodeIgniter\CodeIgniter->handleRequest(NULL, Object(Config\Cache), false)
#4 /home/eventodigital/public_html/api_controlAccesos/public/index.php(37): CodeIgniter\CodeIgniter->run()
#5 {main}
CRITICAL - 2023-11-11 04:11:52 --> Class 'App\Libraries\Exception' not found
#0 /home/eventodigital/public_html/api_controlAccesos/app/Controllers/RestController.php(185): App\Libraries\vCard->__construct(false, 'FBMi4a0AG7CagHg...')
#1 /home/eventodigital/public_html/api_controlAccesos/system/CodeIgniter.php(832): App\Controllers\RestController->create()
#2 /home/eventodigital/public_html/api_controlAccesos/system/CodeIgniter.php(419): CodeIgniter\CodeIgniter->runController(Object(App\Controllers\RestController))
#3 /home/eventodigital/public_html/api_controlAccesos/system/CodeIgniter.php(326): CodeIgniter\CodeIgniter->handleRequest(NULL, Object(Config\Cache), false)
#4 /home/eventodigital/public_html/api_controlAccesos/public/index.php(37): CodeIgniter\CodeIgniter->run()
#5 {main}
CRITICAL - 2023-11-11 04:11:56 --> Class 'App\Libraries\Exception' not found
#0 /home/eventodigital/public_html/api_controlAccesos/app/Controllers/RestController.php(185): App\Libraries\vCard->__construct(false, 'FBMi442AG5p3wHw...')
#1 /home/eventodigital/public_html/api_controlAccesos/system/CodeIgniter.php(832): App\Controllers\RestController->create()
#2 /home/eventodigital/public_html/api_controlAccesos/system/CodeIgniter.php(419): CodeIgniter\CodeIgniter->runController(Object(App\Controllers\RestController))
#3 /home/eventodigital/public_html/api_controlAccesos/system/CodeIgniter.php(326): CodeIgniter\CodeIgniter->handleRequest(NULL, Object(Config\Cache), false)
#4 /home/eventodigital/public_html/api_controlAccesos/public/index.php(37): CodeIgniter\CodeIgniter->run()
#5 {main}
CRITICAL - 2023-11-11 04:13:58 --> Class 'App\Libraries\Exception' not found
#0 /home/eventodigital/public_html/api_controlAccesos/app/Controllers/RestController.php(185): App\Libraries\vCard->__construct(false, 'FBMi442AG5p8wLA...')
#1 /home/eventodigital/public_html/api_controlAccesos/system/CodeIgniter.php(832): App\Controllers\RestController->create()
#2 /home/eventodigital/public_html/api_controlAccesos/system/CodeIgniter.php(419): CodeIgniter\CodeIgniter->runController(Object(App\Controllers\RestController))
#3 /home/eventodigital/public_html/api_controlAccesos/system/CodeIgniter.php(326): CodeIgniter\CodeIgniter->handleRequest(NULL, Object(Config\Cache), false)
#4 /home/eventodigital/public_html/api_controlAccesos/public/index.php(37): CodeIgniter\CodeIgniter->run()
#5 {main}
CRITICAL - 2023-11-11 04:16:18 --> Class 'App\Libraries\Exception' not found
#0 /home/eventodigital/public_html/api_controlAccesos/app/Controllers/RestController.php(185): App\Libraries\vCard->__construct(false, 'FBMi4a0AG6TnwLg...')
#1 /home/eventodigital/public_html/api_controlAccesos/system/CodeIgniter.php(832): App\Controllers\RestController->create()
#2 /home/eventodigital/public_html/api_controlAccesos/system/CodeIgniter.php(419): CodeIgniter\CodeIgniter->runController(Object(App\Controllers\RestController))
#3 /home/eventodigital/public_html/api_controlAccesos/system/CodeIgniter.php(326): CodeIgniter\CodeIgniter->handleRequest(NULL, Object(Config\Cache), false)
#4 /home/eventodigital/public_html/api_controlAccesos/public/index.php(37): CodeIgniter\CodeIgniter->run()
#5 {main}
CRITICAL - 2023-11-11 04:17:05 --> Class 'App\Libraries\Exception' not found
#0 /home/eventodigital/public_html/api_controlAccesos/app/Controllers/RestController.php(185): App\Libraries\vCard->__construct(false, 'FBMi4a0AG6WVQHQ...')
#1 /home/eventodigital/public_html/api_controlAccesos/system/CodeIgniter.php(832): App\Controllers\RestController->create()
#2 /home/eventodigital/public_html/api_controlAccesos/system/CodeIgniter.php(419): CodeIgniter\CodeIgniter->runController(Object(App\Controllers\RestController))
#3 /home/eventodigital/public_html/api_controlAccesos/system/CodeIgniter.php(326): CodeIgniter\CodeIgniter->handleRequest(NULL, Object(Config\Cache), false)
#4 /home/eventodigital/public_html/api_controlAccesos/public/index.php(37): CodeIgniter\CodeIgniter->run()
#5 {main}
CRITICAL - 2023-11-11 04:17:49 --> Class 'App\Libraries\Exception' not found
#0 /home/eventodigital/public_html/api_controlAccesos/app/Controllers/RestController.php(185): App\Libraries\vCard->__construct(false, 'FBMi442AG7a_wGw...')
#1 /home/eventodigital/public_html/api_controlAccesos/system/CodeIgniter.php(832): App\Controllers\RestController->create()
#2 /home/eventodigital/public_html/api_controlAccesos/system/CodeIgniter.php(419): CodeIgniter\CodeIgniter->runController(Object(App\Controllers\RestController))
#3 /home/eventodigital/public_html/api_controlAccesos/system/CodeIgniter.php(326): CodeIgniter\CodeIgniter->handleRequest(NULL, Object(Config\Cache), false)
#4 /home/eventodigital/public_html/api_controlAccesos/public/index.php(37): CodeIgniter\CodeIgniter->run()
#5 {main}
CRITICAL - 2023-11-11 04:20:45 --> Class 'App\Libraries\Exception' not found
#0 /home/eventodigital/public_html/api_controlAccesos/app/Controllers/RestController.php(185): App\Libraries\vCard->__construct(false, 'FBMi4a0AG6l4AGg...')
#1 /home/eventodigital/public_html/api_controlAccesos/system/CodeIgniter.php(832): App\Controllers\RestController->create()
#2 /home/eventodigital/public_html/api_controlAccesos/system/CodeIgniter.php(419): CodeIgniter\CodeIgniter->runController(Object(App\Controllers\RestController))
#3 /home/eventodigital/public_html/api_controlAccesos/system/CodeIgniter.php(326): CodeIgniter\CodeIgniter->handleRequest(NULL, Object(Config\Cache), false)
#4 /home/eventodigital/public_html/api_controlAccesos/public/index.php(37): CodeIgniter\CodeIgniter->run()
#5 {main}
CRITICAL - 2023-11-11 04:26:43 --> Class 'App\Libraries\Exception' not found
#0 /home/eventodigital/public_html/api_controlAccesos/app/Controllers/RestController.php(185): App\Libraries\vCard->__construct(false, 'FBMi442AG7aegGg...')
#1 /home/eventodigital/public_html/api_controlAccesos/system/CodeIgniter.php(832): App\Controllers\RestController->create()
#2 /home/eventodigital/public_html/api_controlAccesos/system/CodeIgniter.php(419): CodeIgniter\CodeIgniter->runController(Object(App\Controllers\RestController))
#3 /home/eventodigital/public_html/api_controlAccesos/system/CodeIgniter.php(326): CodeIgniter\CodeIgniter->handleRequest(NULL, Object(Config\Cache), false)
#4 /home/eventodigital/public_html/api_controlAccesos/public/index.php(37): CodeIgniter\CodeIgniter->run()
#5 {main}
CRITICAL - 2023-11-11 04:28:25 --> Class 'App\Libraries\Exception' not found
#0 /home/eventodigital/public_html/api_controlAccesos/app/Controllers/RestController.php(185): App\Libraries\vCard->__construct(false, 'FBMi48SAGvTFAHg...')
#1 /home/eventodigital/public_html/api_controlAccesos/system/CodeIgniter.php(832): App\Controllers\RestController->create()
#2 /home/eventodigital/public_html/api_controlAccesos/system/CodeIgniter.php(419): CodeIgniter\CodeIgniter->runController(Object(App\Controllers\RestController))
#3 /home/eventodigital/public_html/api_controlAccesos/system/CodeIgniter.php(326): CodeIgniter\CodeIgniter->handleRequest(NULL, Object(Config\Cache), false)
#4 /home/eventodigital/public_html/api_controlAccesos/public/index.php(37): CodeIgniter\CodeIgniter->run()
#5 {main}
CRITICAL - 2023-11-11 04:28:28 --> Class 'App\Libraries\Exception' not found
#0 /home/eventodigital/public_html/api_controlAccesos/app/Controllers/RestController.php(185): App\Libraries\vCard->__construct(false, 'FBMi48SAGvTFALA...')
#1 /home/eventodigital/public_html/api_controlAccesos/system/CodeIgniter.php(832): App\Controllers\RestController->create()
#2 /home/eventodigital/public_html/api_controlAccesos/system/CodeIgniter.php(419): CodeIgniter\CodeIgniter->runController(Object(App\Controllers\RestController))
#3 /home/eventodigital/public_html/api_controlAccesos/system/CodeIgniter.php(326): CodeIgniter\CodeIgniter->handleRequest(NULL, Object(Config\Cache), false)
#4 /home/eventodigital/public_html/api_controlAccesos/public/index.php(37): CodeIgniter\CodeIgniter->run()
#5 {main}
CRITICAL - 2023-11-11 04:31:53 --> Class 'App\Libraries\Exception' not found
#0 /home/eventodigital/public_html/api_controlAccesos/app/Controllers/RestController.php(185): App\Libraries\vCard->__construct(false, 'FBMi48SAF99IAOQ...')
#1 /home/eventodigital/public_html/api_controlAccesos/system/CodeIgniter.php(832): App\Controllers\RestController->create()
#2 /home/eventodigital/public_html/api_controlAccesos/system/CodeIgniter.php(419): CodeIgniter\CodeIgniter->runController(Object(App\Controllers\RestController))
#3 /home/eventodigital/public_html/api_controlAccesos/system/CodeIgniter.php(326): CodeIgniter\CodeIgniter->handleRequest(NULL, Object(Config\Cache), false)
#4 /home/eventodigital/public_html/api_controlAccesos/public/index.php(37): CodeIgniter\CodeIgniter->run()
#5 {main}
CRITICAL - 2023-11-11 04:32:17 --> Class 'App\Libraries\Exception' not found
#0 /home/eventodigital/public_html/api_controlAccesos/app/Controllers/RestController.php(185): App\Libraries\vCard->__construct(false, 'FBMi442AG7aygGg...')
#1 /home/eventodigital/public_html/api_controlAccesos/system/CodeIgniter.php(832): App\Controllers\RestController->create()
#2 /home/eventodigital/public_html/api_controlAccesos/system/CodeIgniter.php(419): CodeIgniter\CodeIgniter->runController(Object(App\Controllers\RestController))
#3 /home/eventodigital/public_html/api_controlAccesos/system/CodeIgniter.php(326): CodeIgniter\CodeIgniter->handleRequest(NULL, Object(Config\Cache), false)
#4 /home/eventodigital/public_html/api_controlAccesos/public/index.php(37): CodeIgniter\CodeIgniter->run()
#5 {main}
CRITICAL - 2023-11-11 04:35:19 --> Class 'App\Libraries\Exception' not found
#0 /home/eventodigital/public_html/api_controlAccesos/app/Controllers/RestController.php(185): App\Libraries\vCard->__construct(false, 'FBMi442AG7bqQGg...')
#1 /home/eventodigital/public_html/api_controlAccesos/system/CodeIgniter.php(832): App\Controllers\RestController->create()
#2 /home/eventodigital/public_html/api_controlAccesos/system/CodeIgniter.php(419): CodeIgniter\CodeIgniter->runController(Object(App\Controllers\RestController))
#3 /home/eventodigital/public_html/api_controlAccesos/system/CodeIgniter.php(326): CodeIgniter\CodeIgniter->handleRequest(NULL, Object(Config\Cache), false)
#4 /home/eventodigital/public_html/api_controlAccesos/public/index.php(37): CodeIgniter\CodeIgniter->run()
#5 {main}
CRITICAL - 2023-11-11 04:35:34 --> Class 'App\Libraries\Exception' not found
#0 /home/eventodigital/public_html/api_controlAccesos/app/Controllers/RestController.php(185): App\Libraries\vCard->__construct(false, 'FBMi442AG4iywGQ...')
#1 /home/eventodigital/public_html/api_controlAccesos/system/CodeIgniter.php(832): App\Controllers\RestController->create()
#2 /home/eventodigital/public_html/api_controlAccesos/system/CodeIgniter.php(419): CodeIgniter\CodeIgniter->runController(Object(App\Controllers\RestController))
#3 /home/eventodigital/public_html/api_controlAccesos/system/CodeIgniter.php(326): CodeIgniter\CodeIgniter->handleRequest(NULL, Object(Config\Cache), false)
#4 /home/eventodigital/public_html/api_controlAccesos/public/index.php(37): CodeIgniter\CodeIgniter->run()
#5 {main}
CRITICAL - 2023-11-11 04:35:36 --> Class 'App\Libraries\Exception' not found
#0 /home/eventodigital/public_html/api_controlAccesos/app/Controllers/RestController.php(185): App\Libraries\vCard->__construct(false, 'FBMi442AG4iywKw...')
#1 /home/eventodigital/public_html/api_controlAccesos/system/CodeIgniter.php(832): App\Controllers\RestController->create()
#2 /home/eventodigital/public_html/api_controlAccesos/system/CodeIgniter.php(419): CodeIgniter\CodeIgniter->runController(Object(App\Controllers\RestController))
#3 /home/eventodigital/public_html/api_controlAccesos/system/CodeIgniter.php(326): CodeIgniter\CodeIgniter->handleRequest(NULL, Object(Config\Cache), false)
#4 /home/eventodigital/public_html/api_controlAccesos/public/index.php(37): CodeIgniter\CodeIgniter->run()
#5 {main}
CRITICAL - 2023-11-11 04:37:15 --> Class 'App\Libraries\Exception' not found
#0 /home/eventodigital/public_html/api_controlAccesos/app/Controllers/RestController.php(185): App\Libraries\vCard->__construct(false, 'FBMi4a0AG663wHQ...')
#1 /home/eventodigital/public_html/api_controlAccesos/system/CodeIgniter.php(832): App\Controllers\RestController->create()
#2 /home/eventodigital/public_html/api_controlAccesos/system/CodeIgniter.php(419): CodeIgniter\CodeIgniter->runController(Object(App\Controllers\RestController))
#3 /home/eventodigital/public_html/api_controlAccesos/system/CodeIgniter.php(326): CodeIgniter\CodeIgniter->handleRequest(NULL, Object(Config\Cache), false)
#4 /home/eventodigital/public_html/api_controlAccesos/public/index.php(37): CodeIgniter\CodeIgniter->run()
#5 {main}
CRITICAL - 2023-11-11 04:37:17 --> Class 'App\Libraries\Exception' not found
#0 /home/eventodigital/public_html/api_controlAccesos/app/Controllers/RestController.php(185): App\Libraries\vCard->__construct(false, 'FBMi4a0AG663wKg...')
#1 /home/eventodigital/public_html/api_controlAccesos/system/CodeIgniter.php(832): App\Controllers\RestController->create()
#2 /home/eventodigital/public_html/api_controlAccesos/system/CodeIgniter.php(419): CodeIgniter\CodeIgniter->runController(Object(App\Controllers\RestController))
#3 /home/eventodigital/public_html/api_controlAccesos/system/CodeIgniter.php(326): CodeIgniter\CodeIgniter->handleRequest(NULL, Object(Config\Cache), false)
#4 /home/eventodigital/public_html/api_controlAccesos/public/index.php(37): CodeIgniter\CodeIgniter->run()
#5 {main}
CRITICAL - 2023-11-11 04:40:20 --> Class 'App\Libraries\Exception' not found
#0 /home/eventodigital/public_html/api_controlAccesos/app/Controllers/RestController.php(185): App\Libraries\vCard->__construct(false, 'FBMi4dYAG7ckQGg...')
#1 /home/eventodigital/public_html/api_controlAccesos/system/CodeIgniter.php(832): App\Controllers\RestController->create()
#2 /home/eventodigital/public_html/api_controlAccesos/system/CodeIgniter.php(419): CodeIgniter\CodeIgniter->runController(Object(App\Controllers\RestController))
#3 /home/eventodigital/public_html/api_controlAccesos/system/CodeIgniter.php(326): CodeIgniter\CodeIgniter->handleRequest(NULL, Object(Config\Cache), false)
#4 /home/eventodigital/public_html/api_controlAccesos/public/index.php(37): CodeIgniter\CodeIgniter->run()
#5 {main}
CRITICAL - 2023-11-11 04:41:42 --> Class 'App\Libraries\Exception' not found
#0 /home/eventodigital/public_html/api_controlAccesos/app/Controllers/RestController.php(185): App\Libraries\vCard->__construct(false, 'FBMi4a0AG6oxwGw...')
#1 /home/eventodigital/public_html/api_controlAccesos/system/CodeIgniter.php(832): App\Controllers\RestController->create()
#2 /home/eventodigital/public_html/api_controlAccesos/system/CodeIgniter.php(419): CodeIgniter\CodeIgniter->runController(Object(App\Controllers\RestController))
#3 /home/eventodigital/public_html/api_controlAccesos/system/CodeIgniter.php(326): CodeIgniter\CodeIgniter->handleRequest(NULL, Object(Config\Cache), false)
#4 /home/eventodigital/public_html/api_controlAccesos/public/index.php(37): CodeIgniter\CodeIgniter->run()
#5 {main}
CRITICAL - 2023-11-11 04:41:44 --> Class 'App\Libraries\Exception' not found
#0 /home/eventodigital/public_html/api_controlAccesos/app/Controllers/RestController.php(185): App\Libraries\vCard->__construct(false, 'FBMi4a0AG6oxwKQ...')
#1 /home/eventodigital/public_html/api_controlAccesos/system/CodeIgniter.php(832): App\Controllers\RestController->create()
#2 /home/eventodigital/public_html/api_controlAccesos/system/CodeIgniter.php(419): CodeIgniter\CodeIgniter->runController(Object(App\Controllers\RestController))
#3 /home/eventodigital/public_html/api_controlAccesos/system/CodeIgniter.php(326): CodeIgniter\CodeIgniter->handleRequest(NULL, Object(Config\Cache), false)
#4 /home/eventodigital/public_html/api_controlAccesos/public/index.php(37): CodeIgniter\CodeIgniter->run()
#5 {main}
CRITICAL - 2023-11-11 04:41:45 --> Class 'App\Libraries\Exception' not found
#0 /home/eventodigital/public_html/api_controlAccesos/app/Controllers/RestController.php(185): App\Libraries\vCard->__construct(false, 'FBMi4a0AG6oxwKQ...')
#1 /home/eventodigital/public_html/api_controlAccesos/system/CodeIgniter.php(832): App\Controllers\RestController->create()
#2 /home/eventodigital/public_html/api_controlAccesos/system/CodeIgniter.php(419): CodeIgniter\CodeIgniter->runController(Object(App\Controllers\RestController))
#3 /home/eventodigital/public_html/api_controlAccesos/system/CodeIgniter.php(326): CodeIgniter\CodeIgniter->handleRequest(NULL, Object(Config\Cache), false)
#4 /home/eventodigital/public_html/api_controlAccesos/public/index.php(37): CodeIgniter\CodeIgniter->run()
#5 {main}
CRITICAL - 2023-11-11 04:41:48 --> Class 'App\Libraries\Exception' not found
#0 /home/eventodigital/public_html/api_controlAccesos/app/Controllers/RestController.php(185): App\Libraries\vCard->__construct(false, 'FBMi4a0AG6oxwPA...')
#1 /home/eventodigital/public_html/api_controlAccesos/system/CodeIgniter.php(832): App\Controllers\RestController->create()
#2 /home/eventodigital/public_html/api_controlAccesos/system/CodeIgniter.php(419): CodeIgniter\CodeIgniter->runController(Object(App\Controllers\RestController))
#3 /home/eventodigital/public_html/api_controlAccesos/system/CodeIgniter.php(326): CodeIgniter\CodeIgniter->handleRequest(NULL, Object(Config\Cache), false)
#4 /home/eventodigital/public_html/api_controlAccesos/public/index.php(37): CodeIgniter\CodeIgniter->run()
#5 {main}
CRITICAL - 2023-11-11 04:41:51 --> Class 'App\Libraries\Exception' not found
#0 /home/eventodigital/public_html/api_controlAccesos/app/Controllers/RestController.php(185): App\Libraries\vCard->__construct(false, 'FBMi4a0AG6oxwSQ...')
#1 /home/eventodigital/public_html/api_controlAccesos/system/CodeIgniter.php(832): App\Controllers\RestController->create()
#2 /home/eventodigital/public_html/api_controlAccesos/system/CodeIgniter.php(419): CodeIgniter\CodeIgniter->runController(Object(App\Controllers\RestController))
#3 /home/eventodigital/public_html/api_controlAccesos/system/CodeIgniter.php(326): CodeIgniter\CodeIgniter->handleRequest(NULL, Object(Config\Cache), false)
#4 /home/eventodigital/public_html/api_controlAccesos/public/index.php(37): CodeIgniter\CodeIgniter->run()
#5 {main}
CRITICAL - 2023-11-11 04:43:24 --> Class 'App\Libraries\Exception' not found
#0 /home/eventodigital/public_html/api_controlAccesos/app/Controllers/RestController.php(185): App\Libraries\vCard->__construct(false, 'FBMi4a0AG6E_gHA...')
#1 /home/eventodigital/public_html/api_controlAccesos/system/CodeIgniter.php(832): App\Controllers\RestController->create()
#2 /home/eventodigital/public_html/api_controlAccesos/system/CodeIgniter.php(419): CodeIgniter\CodeIgniter->runController(Object(App\Controllers\RestController))
#3 /home/eventodigital/public_html/api_controlAccesos/system/CodeIgniter.php(326): CodeIgniter\CodeIgniter->handleRequest(NULL, Object(Config\Cache), false)
#4 /home/eventodigital/public_html/api_controlAccesos/public/index.php(37): CodeIgniter\CodeIgniter->run()
#5 {main}
CRITICAL - 2023-11-11 04:43:27 --> Class 'App\Libraries\Exception' not found
#0 /home/eventodigital/public_html/api_controlAccesos/app/Controllers/RestController.php(185): App\Libraries\vCard->__construct(false, 'FBMi442AG6UEQHA...')
#1 /home/eventodigital/public_html/api_controlAccesos/system/CodeIgniter.php(832): App\Controllers\RestController->create()
#2 /home/eventodigital/public_html/api_controlAccesos/system/CodeIgniter.php(419): CodeIgniter\CodeIgniter->runController(Object(App\Controllers\RestController))
#3 /home/eventodigital/public_html/api_controlAccesos/system/CodeIgniter.php(326): CodeIgniter\CodeIgniter->handleRequest(NULL, Object(Config\Cache), false)
#4 /home/eventodigital/public_html/api_controlAccesos/public/index.php(37): CodeIgniter\CodeIgniter->run()
#5 {main}
CRITICAL - 2023-11-11 04:43:28 --> Class 'App\Libraries\Exception' not found
#0 /home/eventodigital/public_html/api_controlAccesos/app/Controllers/RestController.php(185): App\Libraries\vCard->__construct(false, 'FBMi442AG7GLwHw...')
#1 /home/eventodigital/public_html/api_controlAccesos/system/CodeIgniter.php(832): App\Controllers\RestController->create()
#2 /home/eventodigital/public_html/api_controlAccesos/system/CodeIgniter.php(419): CodeIgniter\CodeIgniter->runController(Object(App\Controllers\RestController))
#3 /home/eventodigital/public_html/api_controlAccesos/system/CodeIgniter.php(326): CodeIgniter\CodeIgniter->handleRequest(NULL, Object(Config\Cache), false)
#4 /home/eventodigital/public_html/api_controlAccesos/public/index.php(37): CodeIgniter\CodeIgniter->run()
#5 {main}
CRITICAL - 2023-11-11 04:43:35 --> Class 'App\Libraries\Exception' not found
#0 /home/eventodigital/public_html/api_controlAccesos/app/Controllers/RestController.php(185): App\Libraries\vCard->__construct(false, 'FBMi442AG6gqQHQ...')
#1 /home/eventodigital/public_html/api_controlAccesos/system/CodeIgniter.php(832): App\Controllers\RestController->create()
#2 /home/eventodigital/public_html/api_controlAccesos/system/CodeIgniter.php(419): CodeIgniter\CodeIgniter->runController(Object(App\Controllers\RestController))
#3 /home/eventodigital/public_html/api_controlAccesos/system/CodeIgniter.php(326): CodeIgniter\CodeIgniter->handleRequest(NULL, Object(Config\Cache), false)
#4 /home/eventodigital/public_html/api_controlAccesos/public/index.php(37): CodeIgniter\CodeIgniter->run()
#5 {main}
CRITICAL - 2023-11-11 04:43:54 --> Class 'App\Libraries\Exception' not found
#0 /home/eventodigital/public_html/api_controlAccesos/app/Controllers/RestController.php(185): App\Libraries\vCard->__construct(false, 'FBMi442AG4-XQGg...')
#1 /home/eventodigital/public_html/api_controlAccesos/system/CodeIgniter.php(832): App\Controllers\RestController->create()
#2 /home/eventodigital/public_html/api_controlAccesos/system/CodeIgniter.php(419): CodeIgniter\CodeIgniter->runController(Object(App\Controllers\RestController))
#3 /home/eventodigital/public_html/api_controlAccesos/system/CodeIgniter.php(326): CodeIgniter\CodeIgniter->handleRequest(NULL, Object(Config\Cache), false)
#4 /home/eventodigital/public_html/api_controlAccesos/public/index.php(37): CodeIgniter\CodeIgniter->run()
#5 {main}
CRITICAL - 2023-11-11 04:44:06 --> Class 'App\Libraries\Exception' not found
#0 /home/eventodigital/public_html/api_controlAccesos/app/Controllers/RestController.php(185): App\Libraries\vCard->__construct(false, 'FBMi4a0AG7JmwGg...')
#1 /home/eventodigital/public_html/api_controlAccesos/system/CodeIgniter.php(832): App\Controllers\RestController->create()
#2 /home/eventodigital/public_html/api_controlAccesos/system/CodeIgniter.php(419): CodeIgniter\CodeIgniter->runController(Object(App\Controllers\RestController))
#3 /home/eventodigital/public_html/api_controlAccesos/system/CodeIgniter.php(326): CodeIgniter\CodeIgniter->handleRequest(NULL, Object(Config\Cache), false)
#4 /home/eventodigital/public_html/api_controlAccesos/public/index.php(37): CodeIgniter\CodeIgniter->run()
#5 {main}
CRITICAL - 2023-11-11 04:44:07 --> Class 'App\Libraries\Exception' not found
#0 /home/eventodigital/public_html/api_controlAccesos/app/Controllers/RestController.php(185): App\Libraries\vCard->__construct(false, 'FBMi4a0AG6QgAHA...')
#1 /home/eventodigital/public_html/api_controlAccesos/system/CodeIgniter.php(832): App\Controllers\RestController->create()
#2 /home/eventodigital/public_html/api_controlAccesos/system/CodeIgniter.php(419): CodeIgniter\CodeIgniter->runController(Object(App\Controllers\RestController))
#3 /home/eventodigital/public_html/api_controlAccesos/system/CodeIgniter.php(326): CodeIgniter\CodeIgniter->handleRequest(NULL, Object(Config\Cache), false)
#4 /home/eventodigital/public_html/api_controlAccesos/public/index.php(37): CodeIgniter\CodeIgniter->run()
#5 {main}
CRITICAL - 2023-11-11 04:44:22 --> Class 'App\Libraries\Exception' not found
#0 /home/eventodigital/public_html/api_controlAccesos/app/Controllers/RestController.php(185): App\Libraries\vCard->__construct(false, 'FBMi4a0AG6QgALg...')
#1 /home/eventodigital/public_html/api_controlAccesos/system/CodeIgniter.php(832): App\Controllers\RestController->create()
#2 /home/eventodigital/public_html/api_controlAccesos/system/CodeIgniter.php(419): CodeIgniter\CodeIgniter->runController(Object(App\Controllers\RestController))
#3 /home/eventodigital/public_html/api_controlAccesos/system/CodeIgniter.php(326): CodeIgniter\CodeIgniter->handleRequest(NULL, Object(Config\Cache), false)
#4 /home/eventodigital/public_html/api_controlAccesos/public/index.php(37): CodeIgniter\CodeIgniter->run()
#5 {main}
CRITICAL - 2023-11-11 04:44:24 --> Class 'App\Libraries\Exception' not found
#0 /home/eventodigital/public_html/api_controlAccesos/app/Controllers/RestController.php(185): App\Libraries\vCard->__construct(false, 'FBMi4a0AG6QgAPQ...')
#1 /home/eventodigital/public_html/api_controlAccesos/system/CodeIgniter.php(832): App\Controllers\RestController->create()
#2 /home/eventodigital/public_html/api_controlAccesos/system/CodeIgniter.php(419): CodeIgniter\CodeIgniter->runController(Object(App\Controllers\RestController))
#3 /home/eventodigital/public_html/api_controlAccesos/system/CodeIgniter.php(326): CodeIgniter\CodeIgniter->handleRequest(NULL, Object(Config\Cache), false)
#4 /home/eventodigital/public_html/api_controlAccesos/public/index.php(37): CodeIgniter\CodeIgniter->run()
#5 {main}
CRITICAL - 2023-11-11 04:46:55 --> Class 'App\Libraries\Exception' not found
#0 /home/eventodigital/public_html/api_controlAccesos/app/Controllers/RestController.php(185): App\Libraries\vCard->__construct(false, 'FBMi48SAG4LnAHQ...')
#1 /home/eventodigital/public_html/api_controlAccesos/system/CodeIgniter.php(832): App\Controllers\RestController->create()
#2 /home/eventodigital/public_html/api_controlAccesos/system/CodeIgniter.php(419): CodeIgniter\CodeIgniter->runController(Object(App\Controllers\RestController))
#3 /home/eventodigital/public_html/api_controlAccesos/system/CodeIgniter.php(326): CodeIgniter\CodeIgniter->handleRequest(NULL, Object(Config\Cache), false)
#4 /home/eventodigital/public_html/api_controlAccesos/public/index.php(37): CodeIgniter\CodeIgniter->run()
#5 {main}
CRITICAL - 2023-11-11 04:48:18 --> Class 'App\Libraries\Exception' not found
#0 /home/eventodigital/public_html/api_controlAccesos/app/Controllers/RestController.php(185): App\Libraries\vCard->__construct(false, 'FBMi4_uAGfcdAGg...')
#1 /home/eventodigital/public_html/api_controlAccesos/system/CodeIgniter.php(832): App\Controllers\RestController->create()
#2 /home/eventodigital/public_html/api_controlAccesos/system/CodeIgniter.php(419): CodeIgniter\CodeIgniter->runController(Object(App\Controllers\RestController))
#3 /home/eventodigital/public_html/api_controlAccesos/system/CodeIgniter.php(326): CodeIgniter\CodeIgniter->handleRequest(NULL, Object(Config\Cache), false)
#4 /home/eventodigital/public_html/api_controlAccesos/public/index.php(37): CodeIgniter\CodeIgniter->run()
#5 {main}
CRITICAL - 2023-11-11 04:48:34 --> Class 'App\Libraries\Exception' not found
#0 /home/eventodigital/public_html/api_controlAccesos/app/Controllers/RestController.php(185): App\Libraries\vCard->__construct(false, 'FBMi4_uAGfcdAGg...')
#1 /home/eventodigital/public_html/api_controlAccesos/system/CodeIgniter.php(832): App\Controllers\RestController->create()
#2 /home/eventodigital/public_html/api_controlAccesos/system/CodeIgniter.php(419): CodeIgniter\CodeIgniter->runController(Object(App\Controllers\RestController))
#3 /home/eventodigital/public_html/api_controlAccesos/system/CodeIgniter.php(326): CodeIgniter\CodeIgniter->handleRequest(NULL, Object(Config\Cache), false)
#4 /home/eventodigital/public_html/api_controlAccesos/public/index.php(37): CodeIgniter\CodeIgniter->run()
#5 {main}
CRITICAL - 2023-11-11 04:51:09 --> Class 'App\Libraries\Exception' not found
#0 /home/eventodigital/public_html/api_controlAccesos/app/Controllers/RestController.php(185): App\Libraries\vCard->__construct(false, 'FBMi4a0AG7LxQGg...')
#1 /home/eventodigital/public_html/api_controlAccesos/system/CodeIgniter.php(832): App\Controllers\RestController->create()
#2 /home/eventodigital/public_html/api_controlAccesos/system/CodeIgniter.php(419): CodeIgniter\CodeIgniter->runController(Object(App\Controllers\RestController))
#3 /home/eventodigital/public_html/api_controlAccesos/system/CodeIgniter.php(326): CodeIgniter\CodeIgniter->handleRequest(NULL, Object(Config\Cache), false)
#4 /home/eventodigital/public_html/api_controlAccesos/public/index.php(37): CodeIgniter\CodeIgniter->run()
#5 {main}
CRITICAL - 2023-11-11 04:51:12 --> Class 'App\Libraries\Exception' not found
#0 /home/eventodigital/public_html/api_controlAccesos/app/Controllers/RestController.php(185): App\Libraries\vCard->__construct(false, 'FBMi4a0AG7LxQKQ...')
#1 /home/eventodigital/public_html/api_controlAccesos/system/CodeIgniter.php(832): App\Controllers\RestController->create()
#2 /home/eventodigital/public_html/api_controlAccesos/system/CodeIgniter.php(419): CodeIgniter\CodeIgniter->runController(Object(App\Controllers\RestController))
#3 /home/eventodigital/public_html/api_controlAccesos/system/CodeIgniter.php(326): CodeIgniter\CodeIgniter->handleRequest(NULL, Object(Config\Cache), false)
#4 /home/eventodigital/public_html/api_controlAccesos/public/index.php(37): CodeIgniter\CodeIgniter->run()
#5 {main}
CRITICAL - 2023-11-11 04:52:55 --> Class 'App\Libraries\Exception' not found
#0 /home/eventodigital/public_html/api_controlAccesos/app/Controllers/RestController.php(185): App\Libraries\vCard->__construct(false, 'FBMi4a0AG6svQHA...')
#1 /home/eventodigital/public_html/api_controlAccesos/system/CodeIgniter.php(832): App\Controllers\RestController->create()
#2 /home/eventodigital/public_html/api_controlAccesos/system/CodeIgniter.php(419): CodeIgniter\CodeIgniter->runController(Object(App\Controllers\RestController))
#3 /home/eventodigital/public_html/api_controlAccesos/system/CodeIgniter.php(326): CodeIgniter\CodeIgniter->handleRequest(NULL, Object(Config\Cache), false)
#4 /home/eventodigital/public_html/api_controlAccesos/public/index.php(37): CodeIgniter\CodeIgniter->run()
#5 {main}
CRITICAL - 2023-11-11 04:54:59 --> Class 'App\Libraries\Exception' not found
#0 /home/eventodigital/public_html/api_controlAccesos/app/Controllers/RestController.php(185): App\Libraries\vCard->__construct(false, 'FBMi4a0AG6QgALg...')
#1 /home/eventodigital/public_html/api_controlAccesos/system/CodeIgniter.php(832): App\Controllers\RestController->create()
#2 /home/eventodigital/public_html/api_controlAccesos/system/CodeIgniter.php(419): CodeIgniter\CodeIgniter->runController(Object(App\Controllers\RestController))
#3 /home/eventodigital/public_html/api_controlAccesos/system/CodeIgniter.php(326): CodeIgniter\CodeIgniter->handleRequest(NULL, Object(Config\Cache), false)
#4 /home/eventodigital/public_html/api_controlAccesos/public/index.php(37): CodeIgniter\CodeIgniter->run()
#5 {main}
CRITICAL - 2023-11-11 04:55:13 --> Class 'App\Libraries\Exception' not found
#0 /home/eventodigital/public_html/api_controlAccesos/app/Controllers/RestController.php(185): App\Libraries\vCard->__construct(false, 'FBMi4a0AG6KaQHA...')
#1 /home/eventodigital/public_html/api_controlAccesos/system/CodeIgniter.php(832): App\Controllers\RestController->create()
#2 /home/eventodigital/public_html/api_controlAccesos/system/CodeIgniter.php(419): CodeIgniter\CodeIgniter->runController(Object(App\Controllers\RestController))
#3 /home/eventodigital/public_html/api_controlAccesos/system/CodeIgniter.php(326): CodeIgniter\CodeIgniter->handleRequest(NULL, Object(Config\Cache), false)
#4 /home/eventodigital/public_html/api_controlAccesos/public/index.php(37): CodeIgniter\CodeIgniter->run()
#5 {main}
CRITICAL - 2023-11-11 04:55:30 --> Class 'App\Libraries\Exception' not found
#0 /home/eventodigital/public_html/api_controlAccesos/app/Controllers/RestController.php(185): App\Libraries\vCard->__construct(false, 'FBMi4a0AG4VfQGw...')
#1 /home/eventodigital/public_html/api_controlAccesos/system/CodeIgniter.php(832): App\Controllers\RestController->create()
#2 /home/eventodigital/public_html/api_controlAccesos/system/CodeIgniter.php(419): CodeIgniter\CodeIgniter->runController(Object(App\Controllers\RestController))
#3 /home/eventodigital/public_html/api_controlAccesos/system/CodeIgniter.php(326): CodeIgniter\CodeIgniter->handleRequest(NULL, Object(Config\Cache), false)
#4 /home/eventodigital/public_html/api_controlAccesos/public/index.php(37): CodeIgniter\CodeIgniter->run()
#5 {main}
CRITICAL - 2023-11-11 04:55:46 --> Class 'App\Libraries\Exception' not found
#0 /home/eventodigital/public_html/api_controlAccesos/app/Controllers/RestController.php(185): App\Libraries\vCard->__construct(false, 'FBMi4a0AG5MbwHA...')
#1 /home/eventodigital/public_html/api_controlAccesos/system/CodeIgniter.php(832): App\Controllers\RestController->create()
#2 /home/eventodigital/public_html/api_controlAccesos/system/CodeIgniter.php(419): CodeIgniter\CodeIgniter->runController(Object(App\Controllers\RestController))
#3 /home/eventodigital/public_html/api_controlAccesos/system/CodeIgniter.php(326): CodeIgniter\CodeIgniter->handleRequest(NULL, Object(Config\Cache), false)
#4 /home/eventodigital/public_html/api_controlAccesos/public/index.php(37): CodeIgniter\CodeIgniter->run()
#5 {main}
CRITICAL - 2023-11-11 04:56:12 --> Class 'App\Libraries\Exception' not found
#0 /home/eventodigital/public_html/api_controlAccesos/app/Controllers/RestController.php(185): App\Libraries\vCard->__construct(false, 'FBMi5lfAGqqPgGQ...')
#1 /home/eventodigital/public_html/api_controlAccesos/system/CodeIgniter.php(832): App\Controllers\RestController->create()
#2 /home/eventodigital/public_html/api_controlAccesos/system/CodeIgniter.php(419): CodeIgniter\CodeIgniter->runController(Object(App\Controllers\RestController))
#3 /home/eventodigital/public_html/api_controlAccesos/system/CodeIgniter.php(326): CodeIgniter\CodeIgniter->handleRequest(NULL, Object(Config\Cache), false)
#4 /home/eventodigital/public_html/api_controlAccesos/public/index.php(37): CodeIgniter\CodeIgniter->run()
#5 {main}
CRITICAL - 2023-11-11 05:02:42 --> Class 'App\Libraries\Exception' not found
#0 /home/eventodigital/public_html/api_controlAccesos/app/Controllers/RestController.php(185): App\Libraries\vCard->__construct(false, 'FBMi4dYAG7dJgHQ...')
#1 /home/eventodigital/public_html/api_controlAccesos/system/CodeIgniter.php(832): App\Controllers\RestController->create()
#2 /home/eventodigital/public_html/api_controlAccesos/system/CodeIgniter.php(419): CodeIgniter\CodeIgniter->runController(Object(App\Controllers\RestController))
#3 /home/eventodigital/public_html/api_controlAccesos/system/CodeIgniter.php(326): CodeIgniter\CodeIgniter->handleRequest(NULL, Object(Config\Cache), false)
#4 /home/eventodigital/public_html/api_controlAccesos/public/index.php(37): CodeIgniter\CodeIgniter->run()
#5 {main}
CRITICAL - 2023-11-11 05:02:47 --> Class 'App\Libraries\Exception' not found
#0 /home/eventodigital/public_html/api_controlAccesos/app/Controllers/RestController.php(185): App\Libraries\vCard->__construct(false, 'FBMi4dYAG7dJgLw...')
#1 /home/eventodigital/public_html/api_controlAccesos/system/CodeIgniter.php(832): App\Controllers\RestController->create()
#2 /home/eventodigital/public_html/api_controlAccesos/system/CodeIgniter.php(419): CodeIgniter\CodeIgniter->runController(Object(App\Controllers\RestController))
#3 /home/eventodigital/public_html/api_controlAccesos/system/CodeIgniter.php(326): CodeIgniter\CodeIgniter->handleRequest(NULL, Object(Config\Cache), false)
#4 /home/eventodigital/public_html/api_controlAccesos/public/index.php(37): CodeIgniter\CodeIgniter->run()
#5 {main}
CRITICAL - 2023-11-11 05:03:06 --> Class 'App\Libraries\Exception' not found
#0 /home/eventodigital/public_html/api_controlAccesos/app/Controllers/RestController.php(185): App\Libraries\vCard->__construct(false, 'FBMi442AG59_QGQ...')
#1 /home/eventodigital/public_html/api_controlAccesos/system/CodeIgniter.php(832): App\Controllers\RestController->create()
#2 /home/eventodigital/public_html/api_controlAccesos/system/CodeIgniter.php(419): CodeIgniter\CodeIgniter->runController(Object(App\Controllers\RestController))
#3 /home/eventodigital/public_html/api_controlAccesos/system/CodeIgniter.php(326): CodeIgniter\CodeIgniter->handleRequest(NULL, Object(Config\Cache), false)
#4 /home/eventodigital/public_html/api_controlAccesos/public/index.php(37): CodeIgniter\CodeIgniter->run()
#5 {main}
CRITICAL - 2023-11-11 05:05:35 --> Class 'App\Libraries\Exception' not found
#0 /home/eventodigital/public_html/api_controlAccesos/app/Controllers/RestController.php(185): App\Libraries\vCard->__construct(false, 'FBMi4a0AG6tagHQ...')
#1 /home/eventodigital/public_html/api_controlAccesos/system/CodeIgniter.php(832): App\Controllers\RestController->create()
#2 /home/eventodigital/public_html/api_controlAccesos/system/CodeIgniter.php(419): CodeIgniter\CodeIgniter->runController(Object(App\Controllers\RestController))
#3 /home/eventodigital/public_html/api_controlAccesos/system/CodeIgniter.php(326): CodeIgniter\CodeIgniter->handleRequest(NULL, Object(Config\Cache), false)
#4 /home/eventodigital/public_html/api_controlAccesos/public/index.php(37): CodeIgniter\CodeIgniter->run()
#5 {main}
CRITICAL - 2023-11-11 05:05:39 --> Class 'App\Libraries\Exception' not found
#0 /home/eventodigital/public_html/api_controlAccesos/app/Controllers/RestController.php(185): App\Libraries\vCard->__construct(false, 'FBMi4a0AG6tagKQ...')
#1 /home/eventodigital/public_html/api_controlAccesos/system/CodeIgniter.php(832): App\Controllers\RestController->create()
#2 /home/eventodigital/public_html/api_controlAccesos/system/CodeIgniter.php(419): CodeIgniter\CodeIgniter->runController(Object(App\Controllers\RestController))
#3 /home/eventodigital/public_html/api_controlAccesos/system/CodeIgniter.php(326): CodeIgniter\CodeIgniter->handleRequest(NULL, Object(Config\Cache), false)
#4 /home/eventodigital/public_html/api_controlAccesos/public/index.php(37): CodeIgniter\CodeIgniter->run()
#5 {main}
CRITICAL - 2023-11-11 05:07:04 --> Class 'App\Libraries\Exception' not found
#0 /home/eventodigital/public_html/api_controlAccesos/app/Controllers/RestController.php(185): App\Libraries\vCard->__construct(false, 'FBMi4a0AG6VBwHA...')
#1 /home/eventodigital/public_html/api_controlAccesos/system/CodeIgniter.php(832): App\Controllers\RestController->create()
#2 /home/eventodigital/public_html/api_controlAccesos/system/CodeIgniter.php(419): CodeIgniter\CodeIgniter->runController(Object(App\Controllers\RestController))
#3 /home/eventodigital/public_html/api_controlAccesos/system/CodeIgniter.php(326): CodeIgniter\CodeIgniter->handleRequest(NULL, Object(Config\Cache), false)
#4 /home/eventodigital/public_html/api_controlAccesos/public/index.php(37): CodeIgniter\CodeIgniter->run()
#5 {main}
CRITICAL - 2023-11-11 05:07:06 --> Class 'App\Libraries\Exception' not found
#0 /home/eventodigital/public_html/api_controlAccesos/app/Controllers/RestController.php(185): App\Libraries\vCard->__construct(false, 'FBMi4a0AG6VBwLw...')
#1 /home/eventodigital/public_html/api_controlAccesos/system/CodeIgniter.php(832): App\Controllers\RestController->create()
#2 /home/eventodigital/public_html/api_controlAccesos/system/CodeIgniter.php(419): CodeIgniter\CodeIgniter->runController(Object(App\Controllers\RestController))
#3 /home/eventodigital/public_html/api_controlAccesos/system/CodeIgniter.php(326): CodeIgniter\CodeIgniter->handleRequest(NULL, Object(Config\Cache), false)
#4 /home/eventodigital/public_html/api_controlAccesos/public/index.php(37): CodeIgniter\CodeIgniter->run()
#5 {main}
CRITICAL - 2023-11-11 05:12:43 --> Class 'App\Libraries\Exception' not found
#0 /home/eventodigital/public_html/api_controlAccesos/app/Controllers/RestController.php(185): App\Libraries\vCard->__construct(false, 'FBMi4a0AG6VgAHw...')
#1 /home/eventodigital/public_html/api_controlAccesos/system/CodeIgniter.php(832): App\Controllers\RestController->create()
#2 /home/eventodigital/public_html/api_controlAccesos/system/CodeIgniter.php(419): CodeIgniter\CodeIgniter->runController(Object(App\Controllers\RestController))
#3 /home/eventodigital/public_html/api_controlAccesos/system/CodeIgniter.php(326): CodeIgniter\CodeIgniter->handleRequest(NULL, Object(Config\Cache), false)
#4 /home/eventodigital/public_html/api_controlAccesos/public/index.php(37): CodeIgniter\CodeIgniter->run()
#5 {main}
CRITICAL - 2023-11-11 05:14:32 --> Class 'App\Libraries\Exception' not found
#0 /home/eventodigital/public_html/api_controlAccesos/app/Controllers/RestController.php(185): App\Libraries\vCard->__construct(false, 'FBMi4a0AG6YiAHw...')
#1 /home/eventodigital/public_html/api_controlAccesos/system/CodeIgniter.php(832): App\Controllers\RestController->create()
#2 /home/eventodigital/public_html/api_controlAccesos/system/CodeIgniter.php(419): CodeIgniter\CodeIgniter->runController(Object(App\Controllers\RestController))
#3 /home/eventodigital/public_html/api_controlAccesos/system/CodeIgniter.php(326): CodeIgniter\CodeIgniter->handleRequest(NULL, Object(Config\Cache), false)
#4 /home/eventodigital/public_html/api_controlAccesos/public/index.php(37): CodeIgniter\CodeIgniter->run()
#5 {main}
CRITICAL - 2023-11-11 05:30:46 --> Class 'App\Libraries\Exception' not found
#0 /home/eventodigital/public_html/api_controlAccesos/app/Controllers/RestController.php(185): App\Libraries\vCard->__construct(false, 'FBMi4a0AG6QpQHg...')
#1 /home/eventodigital/public_html/api_controlAccesos/system/CodeIgniter.php(832): App\Controllers\RestController->create()
#2 /home/eventodigital/public_html/api_controlAccesos/system/CodeIgniter.php(419): CodeIgniter\CodeIgniter->runController(Object(App\Controllers\RestController))
#3 /home/eventodigital/public_html/api_controlAccesos/system/CodeIgniter.php(326): CodeIgniter\CodeIgniter->handleRequest(NULL, Object(Config\Cache), false)
#4 /home/eventodigital/public_html/api_controlAccesos/public/index.php(37): CodeIgniter\CodeIgniter->run()
#5 {main}
CRITICAL - 2023-11-11 05:32:00 --> Class 'App\Libraries\Exception' not found
#0 /home/eventodigital/public_html/api_controlAccesos/app/Controllers/RestController.php(185): App\Libraries\vCard->__construct(false, 'FBMi4a0AG6TxQGg...')
#1 /home/eventodigital/public_html/api_controlAccesos/system/CodeIgniter.php(832): App\Controllers\RestController->create()
#2 /home/eventodigital/public_html/api_controlAccesos/system/CodeIgniter.php(419): CodeIgniter\CodeIgniter->runController(Object(App\Controllers\RestController))
#3 /home/eventodigital/public_html/api_controlAccesos/system/CodeIgniter.php(326): CodeIgniter\CodeIgniter->handleRequest(NULL, Object(Config\Cache), false)
#4 /home/eventodigital/public_html/api_controlAccesos/public/index.php(37): CodeIgniter\CodeIgniter->run()
#5 {main}
CRITICAL - 2023-11-11 05:37:09 --> Class 'App\Libraries\Exception' not found
#0 /home/eventodigital/public_html/api_controlAccesos/app/Controllers/RestController.php(185): App\Libraries\vCard->__construct(false, 'FBMi4a0AG6sDAHw...')
#1 /home/eventodigital/public_html/api_controlAccesos/system/CodeIgniter.php(832): App\Controllers\RestController->create()
#2 /home/eventodigital/public_html/api_controlAccesos/system/CodeIgniter.php(419): CodeIgniter\CodeIgniter->runController(Object(App\Controllers\RestController))
#3 /home/eventodigital/public_html/api_controlAccesos/system/CodeIgniter.php(326): CodeIgniter\CodeIgniter->handleRequest(NULL, Object(Config\Cache), false)
#4 /home/eventodigital/public_html/api_controlAccesos/public/index.php(37): CodeIgniter\CodeIgniter->run()
#5 {main}
CRITICAL - 2023-11-11 05:37:25 --> Class 'App\Libraries\Exception' not found
#0 /home/eventodigital/public_html/api_controlAccesos/app/Controllers/RestController.php(185): App\Libraries\vCard->__construct(false, 'FBMi4a0AG7K-gHg...')
#1 /home/eventodigital/public_html/api_controlAccesos/system/CodeIgniter.php(832): App\Controllers\RestController->create()
#2 /home/eventodigital/public_html/api_controlAccesos/system/CodeIgniter.php(419): CodeIgniter\CodeIgniter->runController(Object(App\Controllers\RestController))
#3 /home/eventodigital/public_html/api_controlAccesos/system/CodeIgniter.php(326): CodeIgniter\CodeIgniter->handleRequest(NULL, Object(Config\Cache), false)
#4 /home/eventodigital/public_html/api_controlAccesos/public/index.php(37): CodeIgniter\CodeIgniter->run()
#5 {main}
CRITICAL - 2023-11-11 05:37:29 --> Class 'App\Libraries\Exception' not found
#0 /home/eventodigital/public_html/api_controlAccesos/app/Controllers/RestController.php(185): App\Libraries\vCard->__construct(false, 'FBMi4a0AG7K-gHg...')
#1 /home/eventodigital/public_html/api_controlAccesos/system/CodeIgniter.php(832): App\Controllers\RestController->create()
#2 /home/eventodigital/public_html/api_controlAccesos/system/CodeIgniter.php(419): CodeIgniter\CodeIgniter->runController(Object(App\Controllers\RestController))
#3 /home/eventodigital/public_html/api_controlAccesos/system/CodeIgniter.php(326): CodeIgniter\CodeIgniter->handleRequest(NULL, Object(Config\Cache), false)
#4 /home/eventodigital/public_html/api_controlAccesos/public/index.php(37): CodeIgniter\CodeIgniter->run()
#5 {main}
CRITICAL - 2023-11-11 05:37:32 --> Class 'App\Libraries\Exception' not found
#0 /home/eventodigital/public_html/api_controlAccesos/app/Controllers/RestController.php(185): App\Libraries\vCard->__construct(false, 'FBMi4a0AG7K-gLA...')
#1 /home/eventodigital/public_html/api_controlAccesos/system/CodeIgniter.php(832): App\Controllers\RestController->create()
#2 /home/eventodigital/public_html/api_controlAccesos/system/CodeIgniter.php(419): CodeIgniter\CodeIgniter->runController(Object(App\Controllers\RestController))
#3 /home/eventodigital/public_html/api_controlAccesos/system/CodeIgniter.php(326): CodeIgniter\CodeIgniter->handleRequest(NULL, Object(Config\Cache), false)
#4 /home/eventodigital/public_html/api_controlAccesos/public/index.php(37): CodeIgniter\CodeIgniter->run()
#5 {main}
CRITICAL - 2023-11-11 05:38:42 --> Class 'App\Libraries\Exception' not found
#0 /home/eventodigital/public_html/api_controlAccesos/app/Controllers/RestController.php(185): App\Libraries\vCard->__construct(false, 'FBMi4a0AG6pjgSQ...')
#1 /home/eventodigital/public_html/api_controlAccesos/system/CodeIgniter.php(832): App\Controllers\RestController->create()
#2 /home/eventodigital/public_html/api_controlAccesos/system/CodeIgniter.php(419): CodeIgniter\CodeIgniter->runController(Object(App\Controllers\RestController))
#3 /home/eventodigital/public_html/api_controlAccesos/system/CodeIgniter.php(326): CodeIgniter\CodeIgniter->handleRequest(NULL, Object(Config\Cache), false)
#4 /home/eventodigital/public_html/api_controlAccesos/public/index.php(37): CodeIgniter\CodeIgniter->run()
#5 {main}
CRITICAL - 2023-11-11 05:41:12 --> Class 'App\Libraries\Exception' not found
#0 /home/eventodigital/public_html/api_controlAccesos/app/Controllers/RestController.php(185): App\Libraries\vCard->__construct(false, 'FBMi4a0AG6TlgGw...')
#1 /home/eventodigital/public_html/api_controlAccesos/system/CodeIgniter.php(832): App\Controllers\RestController->create()
#2 /home/eventodigital/public_html/api_controlAccesos/system/CodeIgniter.php(419): CodeIgniter\CodeIgniter->runController(Object(App\Controllers\RestController))
#3 /home/eventodigital/public_html/api_controlAccesos/system/CodeIgniter.php(326): CodeIgniter\CodeIgniter->handleRequest(NULL, Object(Config\Cache), false)
#4 /home/eventodigital/public_html/api_controlAccesos/public/index.php(37): CodeIgniter\CodeIgniter->run()
#5 {main}
CRITICAL - 2023-11-11 05:41:13 --> Class 'App\Libraries\Exception' not found
#0 /home/eventodigital/public_html/api_controlAccesos/app/Controllers/RestController.php(185): App\Libraries\vCard->__construct(false, 'FBMi4a0AG6ToQHg...')
#1 /home/eventodigital/public_html/api_controlAccesos/system/CodeIgniter.php(832): App\Controllers\RestController->create()
#2 /home/eventodigital/public_html/api_controlAccesos/system/CodeIgniter.php(419): CodeIgniter\CodeIgniter->runController(Object(App\Controllers\RestController))
#3 /home/eventodigital/public_html/api_controlAccesos/system/CodeIgniter.php(326): CodeIgniter\CodeIgniter->handleRequest(NULL, Object(Config\Cache), false)
#4 /home/eventodigital/public_html/api_controlAccesos/public/index.php(37): CodeIgniter\CodeIgniter->run()
#5 {main}
CRITICAL - 2023-11-11 05:42:16 --> Class 'App\Libraries\Exception' not found
#0 /home/eventodigital/public_html/api_controlAccesos/app/Controllers/RestController.php(185): App\Libraries\vCard->__construct(false, 'FBMi4a0AG6gcgHg...')
#1 /home/eventodigital/public_html/api_controlAccesos/system/CodeIgniter.php(832): App\Controllers\RestController->create()
#2 /home/eventodigital/public_html/api_controlAccesos/system/CodeIgniter.php(419): CodeIgniter\CodeIgniter->runController(Object(App\Controllers\RestController))
#3 /home/eventodigital/public_html/api_controlAccesos/system/CodeIgniter.php(326): CodeIgniter\CodeIgniter->handleRequest(NULL, Object(Config\Cache), false)
#4 /home/eventodigital/public_html/api_controlAccesos/public/index.php(37): CodeIgniter\CodeIgniter->run()
#5 {main}
CRITICAL - 2023-11-11 05:42:18 --> Class 'App\Libraries\Exception' not found
#0 /home/eventodigital/public_html/api_controlAccesos/app/Controllers/RestController.php(185): App\Libraries\vCard->__construct(false, 'FBMi4a0AG6gcgKw...')
#1 /home/eventodigital/public_html/api_controlAccesos/system/CodeIgniter.php(832): App\Controllers\RestController->create()
#2 /home/eventodigital/public_html/api_controlAccesos/system/CodeIgniter.php(419): CodeIgniter\CodeIgniter->runController(Object(App\Controllers\RestController))
#3 /home/eventodigital/public_html/api_controlAccesos/system/CodeIgniter.php(326): CodeIgniter\CodeIgniter->handleRequest(NULL, Object(Config\Cache), false)
#4 /home/eventodigital/public_html/api_controlAccesos/public/index.php(37): CodeIgniter\CodeIgniter->run()
#5 {main}
CRITICAL - 2023-11-11 05:42:27 --> Class 'App\Libraries\Exception' not found
#0 /home/eventodigital/public_html/api_controlAccesos/app/Controllers/RestController.php(185): App\Libraries\vCard->__construct(false, 'FBMi442AG6-nAGw...')
#1 /home/eventodigital/public_html/api_controlAccesos/system/CodeIgniter.php(832): App\Controllers\RestController->create()
#2 /home/eventodigital/public_html/api_controlAccesos/system/CodeIgniter.php(419): CodeIgniter\CodeIgniter->runController(Object(App\Controllers\RestController))
#3 /home/eventodigital/public_html/api_controlAccesos/system/CodeIgniter.php(326): CodeIgniter\CodeIgniter->handleRequest(NULL, Object(Config\Cache), false)
#4 /home/eventodigital/public_html/api_controlAccesos/public/index.php(37): CodeIgniter\CodeIgniter->run()
#5 {main}
CRITICAL - 2023-11-11 05:42:30 --> Class 'App\Libraries\Exception' not found
#0 /home/eventodigital/public_html/api_controlAccesos/app/Controllers/RestController.php(185): App\Libraries\vCard->__construct(false, 'FBMi442AG6-nAKg...')
#1 /home/eventodigital/public_html/api_controlAccesos/system/CodeIgniter.php(832): App\Controllers\RestController->create()
#2 /home/eventodigital/public_html/api_controlAccesos/system/CodeIgniter.php(419): CodeIgniter\CodeIgniter->runController(Object(App\Controllers\RestController))
#3 /home/eventodigital/public_html/api_controlAccesos/system/CodeIgniter.php(326): CodeIgniter\CodeIgniter->handleRequest(NULL, Object(Config\Cache), false)
#4 /home/eventodigital/public_html/api_controlAccesos/public/index.php(37): CodeIgniter\CodeIgniter->run()
#5 {main}
CRITICAL - 2023-11-11 05:43:08 --> Class 'App\Libraries\Exception' not found
#0 /home/eventodigital/public_html/api_controlAccesos/app/Controllers/RestController.php(185): App\Libraries\vCard->__construct(false, 'FBMi4dYAG7YcgHg...')
#1 /home/eventodigital/public_html/api_controlAccesos/system/CodeIgniter.php(832): App\Controllers\RestController->create()
#2 /home/eventodigital/public_html/api_controlAccesos/system/CodeIgniter.php(419): CodeIgniter\CodeIgniter->runController(Object(App\Controllers\RestController))
#3 /home/eventodigital/public_html/api_controlAccesos/system/CodeIgniter.php(326): CodeIgniter\CodeIgniter->handleRequest(NULL, Object(Config\Cache), false)
#4 /home/eventodigital/public_html/api_controlAccesos/public/index.php(37): CodeIgniter\CodeIgniter->run()
#5 {main}
CRITICAL - 2023-11-11 05:43:11 --> Class 'App\Libraries\Exception' not found
#0 /home/eventodigital/public_html/api_controlAccesos/app/Controllers/RestController.php(185): App\Libraries\vCard->__construct(false, 'FBMi4dYAG7YcgLw...')
#1 /home/eventodigital/public_html/api_controlAccesos/system/CodeIgniter.php(832): App\Controllers\RestController->create()
#2 /home/eventodigital/public_html/api_controlAccesos/system/CodeIgniter.php(419): CodeIgniter\CodeIgniter->runController(Object(App\Controllers\RestController))
#3 /home/eventodigital/public_html/api_controlAccesos/system/CodeIgniter.php(326): CodeIgniter\CodeIgniter->handleRequest(NULL, Object(Config\Cache), false)
#4 /home/eventodigital/public_html/api_controlAccesos/public/index.php(37): CodeIgniter\CodeIgniter->run()
#5 {main}
CRITICAL - 2023-11-11 05:43:55 --> Class 'App\Libraries\Exception' not found
#0 /home/eventodigital/public_html/api_controlAccesos/app/Controllers/RestController.php(185): App\Libraries\vCard->__construct(false, 'FBMi442AG7PDQTw...')
#1 /home/eventodigital/public_html/api_controlAccesos/system/CodeIgniter.php(832): App\Controllers\RestController->create()
#2 /home/eventodigital/public_html/api_controlAccesos/system/CodeIgniter.php(419): CodeIgniter\CodeIgniter->runController(Object(App\Controllers\RestController))
#3 /home/eventodigital/public_html/api_controlAccesos/system/CodeIgniter.php(326): CodeIgniter\CodeIgniter->handleRequest(NULL, Object(Config\Cache), false)
#4 /home/eventodigital/public_html/api_controlAccesos/public/index.php(37): CodeIgniter\CodeIgniter->run()
#5 {main}
CRITICAL - 2023-11-11 05:43:56 --> Class 'App\Libraries\Exception' not found
#0 /home/eventodigital/public_html/api_controlAccesos/app/Controllers/RestController.php(185): App\Libraries\vCard->__construct(false, 'FBMi442AG7PDQPQ...')
#1 /home/eventodigital/public_html/api_controlAccesos/system/CodeIgniter.php(832): App\Controllers\RestController->create()
#2 /home/eventodigital/public_html/api_controlAccesos/system/CodeIgniter.php(419): CodeIgniter\CodeIgniter->runController(Object(App\Controllers\RestController))
#3 /home/eventodigital/public_html/api_controlAccesos/system/CodeIgniter.php(326): CodeIgniter\CodeIgniter->handleRequest(NULL, Object(Config\Cache), false)
#4 /home/eventodigital/public_html/api_controlAccesos/public/index.php(37): CodeIgniter\CodeIgniter->run()
#5 {main}
CRITICAL - 2023-11-11 05:43:58 --> Class 'App\Libraries\Exception' not found
#0 /home/eventodigital/public_html/api_controlAccesos/app/Controllers/RestController.php(185): App\Libraries\vCard->__construct(false, 'FBMi442AG7PDQLg...')
#1 /home/eventodigital/public_html/api_controlAccesos/system/CodeIgniter.php(832): App\Controllers\RestController->create()
#2 /home/eventodigital/public_html/api_controlAccesos/system/CodeIgniter.php(419): CodeIgniter\CodeIgniter->runController(Object(App\Controllers\RestController))
#3 /home/eventodigital/public_html/api_controlAccesos/system/CodeIgniter.php(326): CodeIgniter\CodeIgniter->handleRequest(NULL, Object(Config\Cache), false)
#4 /home/eventodigital/public_html/api_controlAccesos/public/index.php(37): CodeIgniter\CodeIgniter->run()
#5 {main}
CRITICAL - 2023-11-11 05:44:00 --> Class 'App\Libraries\Exception' not found
#0 /home/eventodigital/public_html/api_controlAccesos/app/Controllers/RestController.php(185): App\Libraries\vCard->__construct(false, 'FBMi442AG7PDQLg...')
#1 /home/eventodigital/public_html/api_controlAccesos/system/CodeIgniter.php(832): App\Controllers\RestController->create()
#2 /home/eventodigital/public_html/api_controlAccesos/system/CodeIgniter.php(419): CodeIgniter\CodeIgniter->runController(Object(App\Controllers\RestController))
#3 /home/eventodigital/public_html/api_controlAccesos/system/CodeIgniter.php(326): CodeIgniter\CodeIgniter->handleRequest(NULL, Object(Config\Cache), false)
#4 /home/eventodigital/public_html/api_controlAccesos/public/index.php(37): CodeIgniter\CodeIgniter->run()
#5 {main}
CRITICAL - 2023-11-11 05:44:03 --> Class 'App\Libraries\Exception' not found
#0 /home/eventodigital/public_html/api_controlAccesos/app/Controllers/RestController.php(185): App\Libraries\vCard->__construct(false, 'FBMi442AG7PDQGQ...')
#1 /home/eventodigital/public_html/api_controlAccesos/system/CodeIgniter.php(832): App\Controllers\RestController->create()
#2 /home/eventodigital/public_html/api_controlAccesos/system/CodeIgniter.php(419): CodeIgniter\CodeIgniter->runController(Object(App\Controllers\RestController))
#3 /home/eventodigital/public_html/api_controlAccesos/system/CodeIgniter.php(326): CodeIgniter\CodeIgniter->handleRequest(NULL, Object(Config\Cache), false)
#4 /home/eventodigital/public_html/api_controlAccesos/public/index.php(37): CodeIgniter\CodeIgniter->run()
#5 {main}
CRITICAL - 2023-11-11 05:47:41 --> Class 'App\Libraries\Exception' not found
#0 /home/eventodigital/public_html/api_controlAccesos/app/Controllers/RestController.php(185): App\Libraries\vCard->__construct(false, 'FBMi442AG6QIQGw...')
#1 /home/eventodigital/public_html/api_controlAccesos/system/CodeIgniter.php(832): App\Controllers\RestController->create()
#2 /home/eventodigital/public_html/api_controlAccesos/system/CodeIgniter.php(419): CodeIgniter\CodeIgniter->runController(Object(App\Controllers\RestController))
#3 /home/eventodigital/public_html/api_controlAccesos/system/CodeIgniter.php(326): CodeIgniter\CodeIgniter->handleRequest(NULL, Object(Config\Cache), false)
#4 /home/eventodigital/public_html/api_controlAccesos/public/index.php(37): CodeIgniter\CodeIgniter->run()
#5 {main}
CRITICAL - 2023-11-11 05:47:44 --> Class 'App\Libraries\Exception' not found
#0 /home/eventodigital/public_html/api_controlAccesos/app/Controllers/RestController.php(185): App\Libraries\vCard->__construct(false, 'FBMi442AG6QIQKw...')
#1 /home/eventodigital/public_html/api_controlAccesos/system/CodeIgniter.php(832): App\Controllers\RestController->create()
#2 /home/eventodigital/public_html/api_controlAccesos/system/CodeIgniter.php(419): CodeIgniter\CodeIgniter->runController(Object(App\Controllers\RestController))
#3 /home/eventodigital/public_html/api_controlAccesos/system/CodeIgniter.php(326): CodeIgniter\CodeIgniter->handleRequest(NULL, Object(Config\Cache), false)
#4 /home/eventodigital/public_html/api_controlAccesos/public/index.php(37): CodeIgniter\CodeIgniter->run()
#5 {main}
CRITICAL - 2023-11-11 05:47:46 --> Class 'App\Libraries\Exception' not found
#0 /home/eventodigital/public_html/api_controlAccesos/app/Controllers/RestController.php(185): App\Libraries\vCard->__construct(false, 'FBMi442AG6QIQKw...')
#1 /home/eventodigital/public_html/api_controlAccesos/system/CodeIgniter.php(832): App\Controllers\RestController->create()
#2 /home/eventodigital/public_html/api_controlAccesos/system/CodeIgniter.php(419): CodeIgniter\CodeIgniter->runController(Object(App\Controllers\RestController))
#3 /home/eventodigital/public_html/api_controlAccesos/system/CodeIgniter.php(326): CodeIgniter\CodeIgniter->handleRequest(NULL, Object(Config\Cache), false)
#4 /home/eventodigital/public_html/api_controlAccesos/public/index.php(37): CodeIgniter\CodeIgniter->run()
#5 {main}
CRITICAL - 2023-11-11 05:48:49 --> Class 'App\Libraries\Exception' not found
#0 /home/eventodigital/public_html/api_controlAccesos/app/Controllers/RestController.php(185): App\Libraries\vCard->__construct(false, 'FBMi442AG66hwGQ...')
#1 /home/eventodigital/public_html/api_controlAccesos/system/CodeIgniter.php(832): App\Controllers\RestController->create()
#2 /home/eventodigital/public_html/api_controlAccesos/system/CodeIgniter.php(419): CodeIgniter\CodeIgniter->runController(Object(App\Controllers\RestController))
#3 /home/eventodigital/public_html/api_controlAccesos/system/CodeIgniter.php(326): CodeIgniter\CodeIgniter->handleRequest(NULL, Object(Config\Cache), false)
#4 /home/eventodigital/public_html/api_controlAccesos/public/index.php(37): CodeIgniter\CodeIgniter->run()
#5 {main}
CRITICAL - 2023-11-11 05:48:50 --> Class 'App\Libraries\Exception' not found
#0 /home/eventodigital/public_html/api_controlAccesos/app/Controllers/RestController.php(185): App\Libraries\vCard->__construct(false, 'FBMi4a0AG6QMAHw...')
#1 /home/eventodigital/public_html/api_controlAccesos/system/CodeIgniter.php(832): App\Controllers\RestController->create()
#2 /home/eventodigital/public_html/api_controlAccesos/system/CodeIgniter.php(419): CodeIgniter\CodeIgniter->runController(Object(App\Controllers\RestController))
#3 /home/eventodigital/public_html/api_controlAccesos/system/CodeIgniter.php(326): CodeIgniter\CodeIgniter->handleRequest(NULL, Object(Config\Cache), false)
#4 /home/eventodigital/public_html/api_controlAccesos/public/index.php(37): CodeIgniter\CodeIgniter->run()
#5 {main}
CRITICAL - 2023-11-11 05:54:02 --> Class 'App\Libraries\Exception' not found
#0 /home/eventodigital/public_html/api_controlAccesos/app/Controllers/RestController.php(185): App\Libraries\vCard->__construct(false, 'FBMi4dYAG7ejgGw...')
#1 /home/eventodigital/public_html/api_controlAccesos/system/CodeIgniter.php(832): App\Controllers\RestController->create()
#2 /home/eventodigital/public_html/api_controlAccesos/system/CodeIgniter.php(419): CodeIgniter\CodeIgniter->runController(Object(App\Controllers\RestController))
#3 /home/eventodigital/public_html/api_controlAccesos/system/CodeIgniter.php(326): CodeIgniter\CodeIgniter->handleRequest(NULL, Object(Config\Cache), false)
#4 /home/eventodigital/public_html/api_controlAccesos/public/index.php(37): CodeIgniter\CodeIgniter->run()
#5 {main}
CRITICAL - 2023-11-11 05:58:16 --> Class 'App\Libraries\Exception' not found
#0 /home/eventodigital/public_html/api_controlAccesos/app/Controllers/RestController.php(185): App\Libraries\vCard->__construct(false, 'FBMi4a0AG6EkAGQ...')
#1 /home/eventodigital/public_html/api_controlAccesos/system/CodeIgniter.php(832): App\Controllers\RestController->create()
#2 /home/eventodigital/public_html/api_controlAccesos/system/CodeIgniter.php(419): CodeIgniter\CodeIgniter->runController(Object(App\Controllers\RestController))
#3 /home/eventodigital/public_html/api_controlAccesos/system/CodeIgniter.php(326): CodeIgniter\CodeIgniter->handleRequest(NULL, Object(Config\Cache), false)
#4 /home/eventodigital/public_html/api_controlAccesos/public/index.php(37): CodeIgniter\CodeIgniter->run()
#5 {main}
CRITICAL - 2023-11-11 05:59:14 --> Class 'App\Libraries\Exception' not found
#0 /home/eventodigital/public_html/api_controlAccesos/app/Controllers/RestController.php(185): App\Libraries\vCard->__construct(false, 'FBMi48SAG4CdgHg...')
#1 /home/eventodigital/public_html/api_controlAccesos/system/CodeIgniter.php(832): App\Controllers\RestController->create()
#2 /home/eventodigital/public_html/api_controlAccesos/system/CodeIgniter.php(419): CodeIgniter\CodeIgniter->runController(Object(App\Controllers\RestController))
#3 /home/eventodigital/public_html/api_controlAccesos/system/CodeIgniter.php(326): CodeIgniter\CodeIgniter->handleRequest(NULL, Object(Config\Cache), false)
#4 /home/eventodigital/public_html/api_controlAccesos/public/index.php(37): CodeIgniter\CodeIgniter->run()
#5 {main}
CRITICAL - 2023-11-11 05:59:17 --> Class 'App\Libraries\Exception' not found
#0 /home/eventodigital/public_html/api_controlAccesos/app/Controllers/RestController.php(185): App\Libraries\vCard->__construct(false, 'FBMi48SAG4CdgLg...')
#1 /home/eventodigital/public_html/api_controlAccesos/system/CodeIgniter.php(832): App\Controllers\RestController->create()
#2 /home/eventodigital/public_html/api_controlAccesos/system/CodeIgniter.php(419): CodeIgniter\CodeIgniter->runController(Object(App\Controllers\RestController))
#3 /home/eventodigital/public_html/api_controlAccesos/system/CodeIgniter.php(326): CodeIgniter\CodeIgniter->handleRequest(NULL, Object(Config\Cache), false)
#4 /home/eventodigital/public_html/api_controlAccesos/public/index.php(37): CodeIgniter\CodeIgniter->run()
#5 {main}
CRITICAL - 2023-11-11 05:59:21 --> Class 'App\Libraries\Exception' not found
#0 /home/eventodigital/public_html/api_controlAccesos/app/Controllers/RestController.php(185): App\Libraries\vCard->__construct(false, 'FBMi48SAG4HtwHQ...')
#1 /home/eventodigital/public_html/api_controlAccesos/system/CodeIgniter.php(832): App\Controllers\RestController->create()
#2 /home/eventodigital/public_html/api_controlAccesos/system/CodeIgniter.php(419): CodeIgniter\CodeIgniter->runController(Object(App\Controllers\RestController))
#3 /home/eventodigital/public_html/api_controlAccesos/system/CodeIgniter.php(326): CodeIgniter\CodeIgniter->handleRequest(NULL, Object(Config\Cache), false)
#4 /home/eventodigital/public_html/api_controlAccesos/public/index.php(37): CodeIgniter\CodeIgniter->run()
#5 {main}
CRITICAL - 2023-11-11 05:59:53 --> Class 'App\Libraries\Exception' not found
#0 /home/eventodigital/public_html/api_controlAccesos/app/Controllers/RestController.php(185): App\Libraries\vCard->__construct(false, 'FBMi4a0AG7CYQHA...')
#1 /home/eventodigital/public_html/api_controlAccesos/system/CodeIgniter.php(832): App\Controllers\RestController->create()
#2 /home/eventodigital/public_html/api_controlAccesos/system/CodeIgniter.php(419): CodeIgniter\CodeIgniter->runController(Object(App\Controllers\RestController))
#3 /home/eventodigital/public_html/api_controlAccesos/system/CodeIgniter.php(326): CodeIgniter\CodeIgniter->handleRequest(NULL, Object(Config\Cache), false)
#4 /home/eventodigital/public_html/api_controlAccesos/public/index.php(37): CodeIgniter\CodeIgniter->run()
#5 {main}
CRITICAL - 2023-11-11 06:02:33 --> Class 'App\Libraries\Exception' not found
#0 /home/eventodigital/public_html/api_controlAccesos/app/Controllers/RestController.php(185): App\Libraries\vCard->__construct(false, 'FBMi4a0AG6PCQHg...')
#1 /home/eventodigital/public_html/api_controlAccesos/system/CodeIgniter.php(832): App\Controllers\RestController->create()
#2 /home/eventodigital/public_html/api_controlAccesos/system/CodeIgniter.php(419): CodeIgniter\CodeIgniter->runController(Object(App\Controllers\RestController))
#3 /home/eventodigital/public_html/api_controlAccesos/system/CodeIgniter.php(326): CodeIgniter\CodeIgniter->handleRequest(NULL, Object(Config\Cache), false)
#4 /home/eventodigital/public_html/api_controlAccesos/public/index.php(37): CodeIgniter\CodeIgniter->run()
#5 {main}
CRITICAL - 2023-11-11 06:05:22 --> Class 'App\Libraries\Exception' not found
#0 /home/eventodigital/public_html/api_controlAccesos/app/Controllers/RestController.php(185): App\Libraries\vCard->__construct(false, 'FBMi442AG5YagLA...')
#1 /home/eventodigital/public_html/api_controlAccesos/system/CodeIgniter.php(832): App\Controllers\RestController->create()
#2 /home/eventodigital/public_html/api_controlAccesos/system/CodeIgniter.php(419): CodeIgniter\CodeIgniter->runController(Object(App\Controllers\RestController))
#3 /home/eventodigital/public_html/api_controlAccesos/system/CodeIgniter.php(326): CodeIgniter\CodeIgniter->handleRequest(NULL, Object(Config\Cache), false)
#4 /home/eventodigital/public_html/api_controlAccesos/public/index.php(37): CodeIgniter\CodeIgniter->run()
#5 {main}
CRITICAL - 2023-11-11 06:05:25 --> Class 'App\Libraries\Exception' not found
#0 /home/eventodigital/public_html/api_controlAccesos/app/Controllers/RestController.php(185): App\Libraries\vCard->__construct(false, 'FBMi442AG5YagHg...')
#1 /home/eventodigital/public_html/api_controlAccesos/system/CodeIgniter.php(832): App\Controllers\RestController->create()
#2 /home/eventodigital/public_html/api_controlAccesos/system/CodeIgniter.php(419): CodeIgniter\CodeIgniter->runController(Object(App\Controllers\RestController))
#3 /home/eventodigital/public_html/api_controlAccesos/system/CodeIgniter.php(326): CodeIgniter\CodeIgniter->handleRequest(NULL, Object(Config\Cache), false)
#4 /home/eventodigital/public_html/api_controlAccesos/public/index.php(37): CodeIgniter\CodeIgniter->run()
#5 {main}
CRITICAL - 2023-11-11 06:09:59 --> Class 'App\Libraries\Exception' not found
#0 /home/eventodigital/public_html/api_controlAccesos/app/Controllers/RestController.php(185): App\Libraries\vCard->__construct(false, 'FBMi442AG7aMwGQ...')
#1 /home/eventodigital/public_html/api_controlAccesos/system/CodeIgniter.php(832): App\Controllers\RestController->create()
#2 /home/eventodigital/public_html/api_controlAccesos/system/CodeIgniter.php(419): CodeIgniter\CodeIgniter->runController(Object(App\Controllers\RestController))
#3 /home/eventodigital/public_html/api_controlAccesos/system/CodeIgniter.php(326): CodeIgniter\CodeIgniter->handleRequest(NULL, Object(Config\Cache), false)
#4 /home/eventodigital/public_html/api_controlAccesos/public/index.php(37): CodeIgniter\CodeIgniter->run()
#5 {main}
CRITICAL - 2023-11-11 06:10:02 --> Class 'App\Libraries\Exception' not found
#0 /home/eventodigital/public_html/api_controlAccesos/app/Controllers/RestController.php(185): App\Libraries\vCard->__construct(false, 'FBMi442AG7aMwLg...')
#1 /home/eventodigital/public_html/api_controlAccesos/system/CodeIgniter.php(832): App\Controllers\RestController->create()
#2 /home/eventodigital/public_html/api_controlAccesos/system/CodeIgniter.php(419): CodeIgniter\CodeIgniter->runController(Object(App\Controllers\RestController))
#3 /home/eventodigital/public_html/api_controlAccesos/system/CodeIgniter.php(326): CodeIgniter\CodeIgniter->handleRequest(NULL, Object(Config\Cache), false)
#4 /home/eventodigital/public_html/api_controlAccesos/public/index.php(37): CodeIgniter\CodeIgniter->run()
#5 {main}
CRITICAL - 2023-11-11 06:11:22 --> Class 'App\Libraries\Exception' not found
#0 /home/eventodigital/public_html/api_controlAccesos/app/Controllers/RestController.php(185): App\Libraries\vCard->__construct(false, 'FBMi4a0AG6gAAHw...')
#1 /home/eventodigital/public_html/api_controlAccesos/system/CodeIgniter.php(832): App\Controllers\RestController->create()
#2 /home/eventodigital/public_html/api_controlAccesos/system/CodeIgniter.php(419): CodeIgniter\CodeIgniter->runController(Object(App\Controllers\RestController))
#3 /home/eventodigital/public_html/api_controlAccesos/system/CodeIgniter.php(326): CodeIgniter\CodeIgniter->handleRequest(NULL, Object(Config\Cache), false)
#4 /home/eventodigital/public_html/api_controlAccesos/public/index.php(37): CodeIgniter\CodeIgniter->run()
#5 {main}
CRITICAL - 2023-11-11 06:11:28 --> Class 'App\Libraries\Exception' not found
#0 /home/eventodigital/public_html/api_controlAccesos/app/Controllers/RestController.php(185): App\Libraries\vCard->__construct(false, 'FBMi4a0AG6gAALw...')
#1 /home/eventodigital/public_html/api_controlAccesos/system/CodeIgniter.php(832): App\Controllers\RestController->create()
#2 /home/eventodigital/public_html/api_controlAccesos/system/CodeIgniter.php(419): CodeIgniter\CodeIgniter->runController(Object(App\Controllers\RestController))
#3 /home/eventodigital/public_html/api_controlAccesos/system/CodeIgniter.php(326): CodeIgniter\CodeIgniter->handleRequest(NULL, Object(Config\Cache), false)
#4 /home/eventodigital/public_html/api_controlAccesos/public/index.php(37): CodeIgniter\CodeIgniter->run()
#5 {main}
CRITICAL - 2023-11-11 06:12:03 --> Class 'App\Libraries\Exception' not found
#0 /home/eventodigital/public_html/api_controlAccesos/app/Controllers/RestController.php(185): App\Libraries\vCard->__construct(false, 'FBMi4_uAGd5qgHg...')
#1 /home/eventodigital/public_html/api_controlAccesos/system/CodeIgniter.php(832): App\Controllers\RestController->create()
#2 /home/eventodigital/public_html/api_controlAccesos/system/CodeIgniter.php(419): CodeIgniter\CodeIgniter->runController(Object(App\Controllers\RestController))
#3 /home/eventodigital/public_html/api_controlAccesos/system/CodeIgniter.php(326): CodeIgniter\CodeIgniter->handleRequest(NULL, Object(Config\Cache), false)
#4 /home/eventodigital/public_html/api_controlAccesos/public/index.php(37): CodeIgniter\CodeIgniter->run()
#5 {main}
CRITICAL - 2023-11-11 06:16:25 --> Class 'App\Libraries\Exception' not found
#0 /home/eventodigital/public_html/api_controlAccesos/app/Controllers/RestController.php(185): App\Libraries\vCard->__construct(false, 'FBMi48SAGsWegGw...')
#1 /home/eventodigital/public_html/api_controlAccesos/system/CodeIgniter.php(832): App\Controllers\RestController->create()
#2 /home/eventodigital/public_html/api_controlAccesos/system/CodeIgniter.php(419): CodeIgniter\CodeIgniter->runController(Object(App\Controllers\RestController))
#3 /home/eventodigital/public_html/api_controlAccesos/system/CodeIgniter.php(326): CodeIgniter\CodeIgniter->handleRequest(NULL, Object(Config\Cache), false)
#4 /home/eventodigital/public_html/api_controlAccesos/public/index.php(37): CodeIgniter\CodeIgniter->run()
#5 {main}
CRITICAL - 2023-11-11 06:16:31 --> Class 'App\Libraries\Exception' not found
#0 /home/eventodigital/public_html/api_controlAccesos/app/Controllers/RestController.php(185): App\Libraries\vCard->__construct(false, 'FBMi48SAGsWegSQ...')
#1 /home/eventodigital/public_html/api_controlAccesos/system/CodeIgniter.php(832): App\Controllers\RestController->create()
#2 /home/eventodigital/public_html/api_controlAccesos/system/CodeIgniter.php(419): CodeIgniter\CodeIgniter->runController(Object(App\Controllers\RestController))
#3 /home/eventodigital/public_html/api_controlAccesos/system/CodeIgniter.php(326): CodeIgniter\CodeIgniter->handleRequest(NULL, Object(Config\Cache), false)
#4 /home/eventodigital/public_html/api_controlAccesos/public/index.php(37): CodeIgniter\CodeIgniter->run()
#5 {main}
CRITICAL - 2023-11-11 06:16:35 --> Class 'App\Libraries\Exception' not found
#0 /home/eventodigital/public_html/api_controlAccesos/app/Controllers/RestController.php(185): App\Libraries\vCard->__construct(false, 'FBMi48SAGsWegOw...')
#1 /home/eventodigital/public_html/api_controlAccesos/system/CodeIgniter.php(832): App\Controllers\RestController->create()
#2 /home/eventodigital/public_html/api_controlAccesos/system/CodeIgniter.php(419): CodeIgniter\CodeIgniter->runController(Object(App\Controllers\RestController))
#3 /home/eventodigital/public_html/api_controlAccesos/system/CodeIgniter.php(326): CodeIgniter\CodeIgniter->handleRequest(NULL, Object(Config\Cache), false)
#4 /home/eventodigital/public_html/api_controlAccesos/public/index.php(37): CodeIgniter\CodeIgniter->run()
#5 {main}
CRITICAL - 2023-11-11 06:16:38 --> Class 'App\Libraries\Exception' not found
#0 /home/eventodigital/public_html/api_controlAccesos/app/Controllers/RestController.php(185): App\Libraries\vCard->__construct(false, 'FBMi48SAGsWegLA...')
#1 /home/eventodigital/public_html/api_controlAccesos/system/CodeIgniter.php(832): App\Controllers\RestController->create()
#2 /home/eventodigital/public_html/api_controlAccesos/system/CodeIgniter.php(419): CodeIgniter\CodeIgniter->runController(Object(App\Controllers\RestController))
#3 /home/eventodigital/public_html/api_controlAccesos/system/CodeIgniter.php(326): CodeIgniter\CodeIgniter->handleRequest(NULL, Object(Config\Cache), false)
#4 /home/eventodigital/public_html/api_controlAccesos/public/index.php(37): CodeIgniter\CodeIgniter->run()
#5 {main}
CRITICAL - 2023-11-11 06:16:45 --> Class 'App\Libraries\Exception' not found
#0 /home/eventodigital/public_html/api_controlAccesos/app/Controllers/RestController.php(185): App\Libraries\vCard->__construct(false, 'FBMi48SAGsWegGw...')
#1 /home/eventodigital/public_html/api_controlAccesos/system/CodeIgniter.php(832): App\Controllers\RestController->create()
#2 /home/eventodigital/public_html/api_controlAccesos/system/CodeIgniter.php(419): CodeIgniter\CodeIgniter->runController(Object(App\Controllers\RestController))
#3 /home/eventodigital/public_html/api_controlAccesos/system/CodeIgniter.php(326): CodeIgniter\CodeIgniter->handleRequest(NULL, Object(Config\Cache), false)
#4 /home/eventodigital/public_html/api_controlAccesos/public/index.php(37): CodeIgniter\CodeIgniter->run()
#5 {main}
CRITICAL - 2023-11-11 06:17:26 --> Class 'App\Libraries\Exception' not found
#0 /home/eventodigital/public_html/api_controlAccesos/app/Controllers/RestController.php(185): App\Libraries\vCard->__construct(false, 'FBMi48SAGubvQHA...')
#1 /home/eventodigital/public_html/api_controlAccesos/system/CodeIgniter.php(832): App\Controllers\RestController->create()
#2 /home/eventodigital/public_html/api_controlAccesos/system/CodeIgniter.php(419): CodeIgniter\CodeIgniter->runController(Object(App\Controllers\RestController))
#3 /home/eventodigital/public_html/api_controlAccesos/system/CodeIgniter.php(326): CodeIgniter\CodeIgniter->handleRequest(NULL, Object(Config\Cache), false)
#4 /home/eventodigital/public_html/api_controlAccesos/public/index.php(37): CodeIgniter\CodeIgniter->run()
#5 {main}
CRITICAL - 2023-11-11 06:18:51 --> Class 'App\Libraries\Exception' not found
#0 /home/eventodigital/public_html/api_controlAccesos/app/Controllers/RestController.php(185): App\Libraries\vCard->__construct(false, 'FBMi48SAGrOvgLw...')
#1 /home/eventodigital/public_html/api_controlAccesos/system/CodeIgniter.php(832): App\Controllers\RestController->create()
#2 /home/eventodigital/public_html/api_controlAccesos/system/CodeIgniter.php(419): CodeIgniter\CodeIgniter->runController(Object(App\Controllers\RestController))
#3 /home/eventodigital/public_html/api_controlAccesos/system/CodeIgniter.php(326): CodeIgniter\CodeIgniter->handleRequest(NULL, Object(Config\Cache), false)
#4 /home/eventodigital/public_html/api_controlAccesos/public/index.php(37): CodeIgniter\CodeIgniter->run()
#5 {main}
CRITICAL - 2023-11-11 06:18:58 --> Class 'App\Libraries\Exception' not found
#0 /home/eventodigital/public_html/api_controlAccesos/app/Controllers/RestController.php(185): App\Libraries\vCard->__construct(false, 'FBMi48SAGrOvgHQ...')
#1 /home/eventodigital/public_html/api_controlAccesos/system/CodeIgniter.php(832): App\Controllers\RestController->create()
#2 /home/eventodigital/public_html/api_controlAccesos/system/CodeIgniter.php(419): CodeIgniter\CodeIgniter->runController(Object(App\Controllers\RestController))
#3 /home/eventodigital/public_html/api_controlAccesos/system/CodeIgniter.php(326): CodeIgniter\CodeIgniter->handleRequest(NULL, Object(Config\Cache), false)
#4 /home/eventodigital/public_html/api_controlAccesos/public/index.php(37): CodeIgniter\CodeIgniter->run()
#5 {main}
CRITICAL - 2023-11-11 06:19:16 --> Class 'App\Libraries\Exception' not found
#0 /home/eventodigital/public_html/api_controlAccesos/app/Controllers/RestController.php(185): App\Libraries\vCard->__construct(false, 'FBMi4a0AG6pcAHA...')
#1 /home/eventodigital/public_html/api_controlAccesos/system/CodeIgniter.php(832): App\Controllers\RestController->create()
#2 /home/eventodigital/public_html/api_controlAccesos/system/CodeIgniter.php(419): CodeIgniter\CodeIgniter->runController(Object(App\Controllers\RestController))
#3 /home/eventodigital/public_html/api_controlAccesos/system/CodeIgniter.php(326): CodeIgniter\CodeIgniter->handleRequest(NULL, Object(Config\Cache), false)
#4 /home/eventodigital/public_html/api_controlAccesos/public/index.php(37): CodeIgniter\CodeIgniter->run()
#5 {main}
CRITICAL - 2023-11-11 06:19:19 --> Class 'App\Libraries\Exception' not found
#0 /home/eventodigital/public_html/api_controlAccesos/app/Controllers/RestController.php(185): App\Libraries\vCard->__construct(false, 'FBMi4a0AG6pcALQ...')
#1 /home/eventodigital/public_html/api_controlAccesos/system/CodeIgniter.php(832): App\Controllers\RestController->create()
#2 /home/eventodigital/public_html/api_controlAccesos/system/CodeIgniter.php(419): CodeIgniter\CodeIgniter->runController(Object(App\Controllers\RestController))
#3 /home/eventodigital/public_html/api_controlAccesos/system/CodeIgniter.php(326): CodeIgniter\CodeIgniter->handleRequest(NULL, Object(Config\Cache), false)
#4 /home/eventodigital/public_html/api_controlAccesos/public/index.php(37): CodeIgniter\CodeIgniter->run()
#5 {main}
CRITICAL - 2023-11-11 06:26:40 --> Class 'App\Libraries\Exception' not found
#0 /home/eventodigital/public_html/api_controlAccesos/app/Controllers/RestController.php(185): App\Libraries\vCard->__construct(false, 'FBMi4a0AG6BPwGg...')
#1 /home/eventodigital/public_html/api_controlAccesos/system/CodeIgniter.php(832): App\Controllers\RestController->create()
#2 /home/eventodigital/public_html/api_controlAccesos/system/CodeIgniter.php(419): CodeIgniter\CodeIgniter->runController(Object(App\Controllers\RestController))
#3 /home/eventodigital/public_html/api_controlAccesos/system/CodeIgniter.php(326): CodeIgniter\CodeIgniter->handleRequest(NULL, Object(Config\Cache), false)
#4 /home/eventodigital/public_html/api_controlAccesos/public/index.php(37): CodeIgniter\CodeIgniter->run()
#5 {main}
CRITICAL - 2023-11-11 06:26:44 --> Class 'App\Libraries\Exception' not found
#0 /home/eventodigital/public_html/api_controlAccesos/app/Controllers/RestController.php(185): App\Libraries\vCard->__construct(false, 'FBMi4a0AG6BPwKg...')
#1 /home/eventodigital/public_html/api_controlAccesos/system/CodeIgniter.php(832): App\Controllers\RestController->create()
#2 /home/eventodigital/public_html/api_controlAccesos/system/CodeIgniter.php(419): CodeIgniter\CodeIgniter->runController(Object(App\Controllers\RestController))
#3 /home/eventodigital/public_html/api_controlAccesos/system/CodeIgniter.php(326): CodeIgniter\CodeIgniter->handleRequest(NULL, Object(Config\Cache), false)
#4 /home/eventodigital/public_html/api_controlAccesos/public/index.php(37): CodeIgniter\CodeIgniter->run()
#5 {main}
CRITICAL - 2023-11-11 06:26:47 --> Class 'App\Libraries\Exception' not found
#0 /home/eventodigital/public_html/api_controlAccesos/app/Controllers/RestController.php(185): App\Libraries\vCard->__construct(false, 'FBMi4a0AG6BPwOw...')
#1 /home/eventodigital/public_html/api_controlAccesos/system/CodeIgniter.php(832): App\Controllers\RestController->create()
#2 /home/eventodigital/public_html/api_controlAccesos/system/CodeIgniter.php(419): CodeIgniter\CodeIgniter->runController(Object(App\Controllers\RestController))
#3 /home/eventodigital/public_html/api_controlAccesos/system/CodeIgniter.php(326): CodeIgniter\CodeIgniter->handleRequest(NULL, Object(Config\Cache), false)
#4 /home/eventodigital/public_html/api_controlAccesos/public/index.php(37): CodeIgniter\CodeIgniter->run()
#5 {main}
CRITICAL - 2023-11-11 06:26:51 --> Class 'App\Libraries\Exception' not found
#0 /home/eventodigital/public_html/api_controlAccesos/app/Controllers/RestController.php(185): App\Libraries\vCard->__construct(false, 'FBMi4a0AG6BPwSw...')
#1 /home/eventodigital/public_html/api_controlAccesos/system/CodeIgniter.php(832): App\Controllers\RestController->create()
#2 /home/eventodigital/public_html/api_controlAccesos/system/CodeIgniter.php(419): CodeIgniter\CodeIgniter->runController(Object(App\Controllers\RestController))
#3 /home/eventodigital/public_html/api_controlAccesos/system/CodeIgniter.php(326): CodeIgniter\CodeIgniter->handleRequest(NULL, Object(Config\Cache), false)
#4 /home/eventodigital/public_html/api_controlAccesos/public/index.php(37): CodeIgniter\CodeIgniter->run()
#5 {main}
CRITICAL - 2023-11-11 06:33:53 --> Class 'App\Libraries\Exception' not found
#0 /home/eventodigital/public_html/api_controlAccesos/app/Controllers/RestController.php(185): App\Libraries\vCard->__construct(false, 'FBMi442AG5m-AGQ...')
#1 /home/eventodigital/public_html/api_controlAccesos/system/CodeIgniter.php(832): App\Controllers\RestController->create()
#2 /home/eventodigital/public_html/api_controlAccesos/system/CodeIgniter.php(419): CodeIgniter\CodeIgniter->runController(Object(App\Controllers\RestController))
#3 /home/eventodigital/public_html/api_controlAccesos/system/CodeIgniter.php(326): CodeIgniter\CodeIgniter->handleRequest(NULL, Object(Config\Cache), false)
#4 /home/eventodigital/public_html/api_controlAccesos/public/index.php(37): CodeIgniter\CodeIgniter->run()
#5 {main}
CRITICAL - 2023-11-11 06:33:56 --> Class 'App\Libraries\Exception' not found
#0 /home/eventodigital/public_html/api_controlAccesos/app/Controllers/RestController.php(185): App\Libraries\vCard->__construct(false, 'FBMi442AG5m-AKQ...')
#1 /home/eventodigital/public_html/api_controlAccesos/system/CodeIgniter.php(832): App\Controllers\RestController->create()
#2 /home/eventodigital/public_html/api_controlAccesos/system/CodeIgniter.php(419): CodeIgniter\CodeIgniter->runController(Object(App\Controllers\RestController))
#3 /home/eventodigital/public_html/api_controlAccesos/system/CodeIgniter.php(326): CodeIgniter\CodeIgniter->handleRequest(NULL, Object(Config\Cache), false)
#4 /home/eventodigital/public_html/api_controlAccesos/public/index.php(37): CodeIgniter\CodeIgniter->run()
#5 {main}
CRITICAL - 2023-11-11 06:34:01 --> Class 'App\Libraries\Exception' not found
#0 /home/eventodigital/public_html/api_controlAccesos/app/Controllers/RestController.php(185): App\Libraries\vCard->__construct(false, 'FBMi442AG5m-APA...')
#1 /home/eventodigital/public_html/api_controlAccesos/system/CodeIgniter.php(832): App\Controllers\RestController->create()
#2 /home/eventodigital/public_html/api_controlAccesos/system/CodeIgniter.php(419): CodeIgniter\CodeIgniter->runController(Object(App\Controllers\RestController))
#3 /home/eventodigital/public_html/api_controlAccesos/system/CodeIgniter.php(326): CodeIgniter\CodeIgniter->handleRequest(NULL, Object(Config\Cache), false)
#4 /home/eventodigital/public_html/api_controlAccesos/public/index.php(37): CodeIgniter\CodeIgniter->run()
#5 {main}
CRITICAL - 2023-11-11 06:34:05 --> Class 'App\Libraries\Exception' not found
#0 /home/eventodigital/public_html/api_controlAccesos/app/Controllers/RestController.php(185): App\Libraries\vCard->__construct(false, 'FBMi442AG5m-ATA...')
#1 /home/eventodigital/public_html/api_controlAccesos/system/CodeIgniter.php(832): App\Controllers\RestController->create()
#2 /home/eventodigital/public_html/api_controlAccesos/system/CodeIgniter.php(419): CodeIgniter\CodeIgniter->runController(Object(App\Controllers\RestController))
#3 /home/eventodigital/public_html/api_controlAccesos/system/CodeIgniter.php(326): CodeIgniter\CodeIgniter->handleRequest(NULL, Object(Config\Cache), false)
#4 /home/eventodigital/public_html/api_controlAccesos/public/index.php(37): CodeIgniter\CodeIgniter->run()
#5 {main}
CRITICAL - 2023-11-11 06:40:40 --> Class 'App\Libraries\Exception' not found
#0 /home/eventodigital/public_html/api_controlAccesos/app/Controllers/RestController.php(185): App\Libraries\vCard->__construct(false, 'FBMi4dYAG7X3gHw...')
#1 /home/eventodigital/public_html/api_controlAccesos/system/CodeIgniter.php(832): App\Controllers\RestController->create()
#2 /home/eventodigital/public_html/api_controlAccesos/system/CodeIgniter.php(419): CodeIgniter\CodeIgniter->runController(Object(App\Controllers\RestController))
#3 /home/eventodigital/public_html/api_controlAccesos/system/CodeIgniter.php(326): CodeIgniter\CodeIgniter->handleRequest(NULL, Object(Config\Cache), false)
#4 /home/eventodigital/public_html/api_controlAccesos/public/index.php(37): CodeIgniter\CodeIgniter->run()
#5 {main}
CRITICAL - 2023-11-11 06:42:44 --> Class 'App\Libraries\Exception' not found
#0 /home/eventodigital/public_html/api_controlAccesos/app/Controllers/RestController.php(185): App\Libraries\vCard->__construct(false, 'FBMi4a0AG7ISgHQ...')
#1 /home/eventodigital/public_html/api_controlAccesos/system/CodeIgniter.php(832): App\Controllers\RestController->create()
#2 /home/eventodigital/public_html/api_controlAccesos/system/CodeIgniter.php(419): CodeIgniter\CodeIgniter->runController(Object(App\Controllers\RestController))
#3 /home/eventodigital/public_html/api_controlAccesos/system/CodeIgniter.php(326): CodeIgniter\CodeIgniter->handleRequest(NULL, Object(Config\Cache), false)
#4 /home/eventodigital/public_html/api_controlAccesos/public/index.php(37): CodeIgniter\CodeIgniter->run()
#5 {main}
CRITICAL - 2023-11-11 06:42:54 --> Class 'App\Libraries\Exception' not found
#0 /home/eventodigital/public_html/api_controlAccesos/app/Controllers/RestController.php(185): App\Libraries\vCard->__construct(false, 'FBMi4a0AG7ISgLg...')
#1 /home/eventodigital/public_html/api_controlAccesos/system/CodeIgniter.php(832): App\Controllers\RestController->create()
#2 /home/eventodigital/public_html/api_controlAccesos/system/CodeIgniter.php(419): CodeIgniter\CodeIgniter->runController(Object(App\Controllers\RestController))
#3 /home/eventodigital/public_html/api_controlAccesos/system/CodeIgniter.php(326): CodeIgniter\CodeIgniter->handleRequest(NULL, Object(Config\Cache), false)
#4 /home/eventodigital/public_html/api_controlAccesos/public/index.php(37): CodeIgniter\CodeIgniter->run()
#5 {main}
CRITICAL - 2023-11-11 06:50:00 --> Class 'App\Libraries\Exception' not found
#0 /home/eventodigital/public_html/api_controlAccesos/app/Controllers/RestController.php(185): App\Libraries\vCard->__construct(false, 'FBMi442AG6F6gXg...')
#1 /home/eventodigital/public_html/api_controlAccesos/system/CodeIgniter.php(832): App\Controllers\RestController->create()
#2 /home/eventodigital/public_html/api_controlAccesos/system/CodeIgniter.php(419): CodeIgniter\CodeIgniter->runController(Object(App\Controllers\RestController))
#3 /home/eventodigital/public_html/api_controlAccesos/system/CodeIgniter.php(326): CodeIgniter\CodeIgniter->handleRequest(NULL, Object(Config\Cache), false)
#4 /home/eventodigital/public_html/api_controlAccesos/public/index.php(37): CodeIgniter\CodeIgniter->run()
#5 {main}
CRITICAL - 2023-11-11 06:50:09 --> Class 'App\Libraries\Exception' not found
#0 /home/eventodigital/public_html/api_controlAccesos/app/Controllers/RestController.php(185): App\Libraries\vCard->__construct(false, 'FBMi442AG4kYAHw...')
#1 /home/eventodigital/public_html/api_controlAccesos/system/CodeIgniter.php(832): App\Controllers\RestController->create()
#2 /home/eventodigital/public_html/api_controlAccesos/system/CodeIgniter.php(419): CodeIgniter\CodeIgniter->runController(Object(App\Controllers\RestController))
#3 /home/eventodigital/public_html/api_controlAccesos/system/CodeIgniter.php(326): CodeIgniter\CodeIgniter->handleRequest(NULL, Object(Config\Cache), false)
#4 /home/eventodigital/public_html/api_controlAccesos/public/index.php(37): CodeIgniter\CodeIgniter->run()
#5 {main}
CRITICAL - 2023-11-11 06:50:12 --> Class 'App\Libraries\Exception' not found
#0 /home/eventodigital/public_html/api_controlAccesos/app/Controllers/RestController.php(185): App\Libraries\vCard->__construct(false, 'FBMi442AG4kYALw...')
#1 /home/eventodigital/public_html/api_controlAccesos/system/CodeIgniter.php(832): App\Controllers\RestController->create()
#2 /home/eventodigital/public_html/api_controlAccesos/system/CodeIgniter.php(419): CodeIgniter\CodeIgniter->runController(Object(App\Controllers\RestController))
#3 /home/eventodigital/public_html/api_controlAccesos/system/CodeIgniter.php(326): CodeIgniter\CodeIgniter->handleRequest(NULL, Object(Config\Cache), false)
#4 /home/eventodigital/public_html/api_controlAccesos/public/index.php(37): CodeIgniter\CodeIgniter->run()
#5 {main}
CRITICAL - 2023-11-11 06:52:57 --> Class 'App\Libraries\Exception' not found
#0 /home/eventodigital/public_html/api_controlAccesos/app/Controllers/RestController.php(185): App\Libraries\vCard->__construct(false, 'FBMi48SAGsI3ATA...')
#1 /home/eventodigital/public_html/api_controlAccesos/system/CodeIgniter.php(832): App\Controllers\RestController->create()
#2 /home/eventodigital/public_html/api_controlAccesos/system/CodeIgniter.php(419): CodeIgniter\CodeIgniter->runController(Object(App\Controllers\RestController))
#3 /home/eventodigital/public_html/api_controlAccesos/system/CodeIgniter.php(326): CodeIgniter\CodeIgniter->handleRequest(NULL, Object(Config\Cache), false)
#4 /home/eventodigital/public_html/api_controlAccesos/public/index.php(37): CodeIgniter\CodeIgniter->run()
#5 {main}
CRITICAL - 2023-11-11 06:53:02 --> Class 'App\Libraries\Exception' not found
#0 /home/eventodigital/public_html/api_controlAccesos/app/Controllers/RestController.php(185): App\Libraries\vCard->__construct(false, 'FBMi48SAGsI3AGg...')
#1 /home/eventodigital/public_html/api_controlAccesos/system/CodeIgniter.php(832): App\Controllers\RestController->create()
#2 /home/eventodigital/public_html/api_controlAccesos/system/CodeIgniter.php(419): CodeIgniter\CodeIgniter->runController(Object(App\Controllers\RestController))
#3 /home/eventodigital/public_html/api_controlAccesos/system/CodeIgniter.php(326): CodeIgniter\CodeIgniter->handleRequest(NULL, Object(Config\Cache), false)
#4 /home/eventodigital/public_html/api_controlAccesos/public/index.php(37): CodeIgniter\CodeIgniter->run()
#5 {main}
CRITICAL - 2023-11-11 06:54:53 --> Class 'App\Libraries\Exception' not found
#0 /home/eventodigital/public_html/api_controlAccesos/app/Controllers/RestController.php(185): App\Libraries\vCard->__construct(false, 'FBMi4a0AG6yfQHA...')
#1 /home/eventodigital/public_html/api_controlAccesos/system/CodeIgniter.php(832): App\Controllers\RestController->create()
#2 /home/eventodigital/public_html/api_controlAccesos/system/CodeIgniter.php(419): CodeIgniter\CodeIgniter->runController(Object(App\Controllers\RestController))
#3 /home/eventodigital/public_html/api_controlAccesos/system/CodeIgniter.php(326): CodeIgniter\CodeIgniter->handleRequest(NULL, Object(Config\Cache), false)
#4 /home/eventodigital/public_html/api_controlAccesos/public/index.php(37): CodeIgniter\CodeIgniter->run()
#5 {main}
CRITICAL - 2023-11-11 06:55:45 --> Class 'App\Libraries\Exception' not found
#0 /home/eventodigital/public_html/api_controlAccesos/app/Controllers/RestController.php(185): App\Libraries\vCard->__construct(false, 'FBMi4a0AG6xeQKw...')
#1 /home/eventodigital/public_html/api_controlAccesos/system/CodeIgniter.php(832): App\Controllers\RestController->create()
#2 /home/eventodigital/public_html/api_controlAccesos/system/CodeIgniter.php(419): CodeIgniter\CodeIgniter->runController(Object(App\Controllers\RestController))
#3 /home/eventodigital/public_html/api_controlAccesos/system/CodeIgniter.php(326): CodeIgniter\CodeIgniter->handleRequest(NULL, Object(Config\Cache), false)
#4 /home/eventodigital/public_html/api_controlAccesos/public/index.php(37): CodeIgniter\CodeIgniter->run()
#5 {main}
CRITICAL - 2023-11-11 06:58:57 --> Class 'App\Libraries\Exception' not found
#0 /home/eventodigital/public_html/api_controlAccesos/app/Controllers/RestController.php(185): App\Libraries\vCard->__construct(false, 'FBMi4a0AG7GBQGQ...')
#1 /home/eventodigital/public_html/api_controlAccesos/system/CodeIgniter.php(832): App\Controllers\RestController->create()
#2 /home/eventodigital/public_html/api_controlAccesos/system/CodeIgniter.php(419): CodeIgniter\CodeIgniter->runController(Object(App\Controllers\RestController))
#3 /home/eventodigital/public_html/api_controlAccesos/system/CodeIgniter.php(326): CodeIgniter\CodeIgniter->handleRequest(NULL, Object(Config\Cache), false)
#4 /home/eventodigital/public_html/api_controlAccesos/public/index.php(37): CodeIgniter\CodeIgniter->run()
#5 {main}
CRITICAL - 2023-11-11 06:59:00 --> Class 'App\Libraries\Exception' not found
#0 /home/eventodigital/public_html/api_controlAccesos/app/Controllers/RestController.php(185): App\Libraries\vCard->__construct(false, 'FBMi4a0AG7GBQLA...')
#1 /home/eventodigital/public_html/api_controlAccesos/system/CodeIgniter.php(832): App\Controllers\RestController->create()
#2 /home/eventodigital/public_html/api_controlAccesos/system/CodeIgniter.php(419): CodeIgniter\CodeIgniter->runController(Object(App\Controllers\RestController))
#3 /home/eventodigital/public_html/api_controlAccesos/system/CodeIgniter.php(326): CodeIgniter\CodeIgniter->handleRequest(NULL, Object(Config\Cache), false)
#4 /home/eventodigital/public_html/api_controlAccesos/public/index.php(37): CodeIgniter\CodeIgniter->run()
#5 {main}
CRITICAL - 2023-11-11 06:59:11 --> Class 'App\Libraries\Exception' not found
#0 /home/eventodigital/public_html/api_controlAccesos/app/Controllers/RestController.php(185): App\Libraries\vCard->__construct(false, 'FBMi4a0AG7E0gGg...')
#1 /home/eventodigital/public_html/api_controlAccesos/system/CodeIgniter.php(832): App\Controllers\RestController->create()
#2 /home/eventodigital/public_html/api_controlAccesos/system/CodeIgniter.php(419): CodeIgniter\CodeIgniter->runController(Object(App\Controllers\RestController))
#3 /home/eventodigital/public_html/api_controlAccesos/system/CodeIgniter.php(326): CodeIgniter\CodeIgniter->handleRequest(NULL, Object(Config\Cache), false)
#4 /home/eventodigital/public_html/api_controlAccesos/public/index.php(37): CodeIgniter\CodeIgniter->run()
#5 {main}
CRITICAL - 2023-11-11 06:59:14 --> Class 'App\Libraries\Exception' not found
#0 /home/eventodigital/public_html/api_controlAccesos/app/Controllers/RestController.php(185): App\Libraries\vCard->__construct(false, 'FBMi4a0AG7E0gKw...')
#1 /home/eventodigital/public_html/api_controlAccesos/system/CodeIgniter.php(832): App\Controllers\RestController->create()
#2 /home/eventodigital/public_html/api_controlAccesos/system/CodeIgniter.php(419): CodeIgniter\CodeIgniter->runController(Object(App\Controllers\RestController))
#3 /home/eventodigital/public_html/api_controlAccesos/system/CodeIgniter.php(326): CodeIgniter\CodeIgniter->handleRequest(NULL, Object(Config\Cache), false)
#4 /home/eventodigital/public_html/api_controlAccesos/public/index.php(37): CodeIgniter\CodeIgniter->run()
#5 {main}
CRITICAL - 2023-11-11 07:01:05 --> Class 'App\Libraries\Exception' not found
#0 /home/eventodigital/public_html/api_controlAccesos/app/Controllers/RestController.php(185): App\Libraries\vCard->__construct(false, 'FBMi4dYAG7bHwKw...')
#1 /home/eventodigital/public_html/api_controlAccesos/system/CodeIgniter.php(832): App\Controllers\RestController->create()
#2 /home/eventodigital/public_html/api_controlAccesos/system/CodeIgniter.php(419): CodeIgniter\CodeIgniter->runController(Object(App\Controllers\RestController))
#3 /home/eventodigital/public_html/api_controlAccesos/system/CodeIgniter.php(326): CodeIgniter\CodeIgniter->handleRequest(NULL, Object(Config\Cache), false)
#4 /home/eventodigital/public_html/api_controlAccesos/public/index.php(37): CodeIgniter\CodeIgniter->run()
#5 {main}
CRITICAL - 2023-11-11 07:01:08 --> Class 'App\Libraries\Exception' not found
#0 /home/eventodigital/public_html/api_controlAccesos/app/Controllers/RestController.php(185): App\Libraries\vCard->__construct(false, 'FBMi4dYAG7bHwGQ...')
#1 /home/eventodigital/public_html/api_controlAccesos/system/CodeIgniter.php(832): App\Controllers\RestController->create()
#2 /home/eventodigital/public_html/api_controlAccesos/system/CodeIgniter.php(419): CodeIgniter\CodeIgniter->runController(Object(App\Controllers\RestController))
#3 /home/eventodigital/public_html/api_controlAccesos/system/CodeIgniter.php(326): CodeIgniter\CodeIgniter->handleRequest(NULL, Object(Config\Cache), false)
#4 /home/eventodigital/public_html/api_controlAccesos/public/index.php(37): CodeIgniter\CodeIgniter->run()
#5 {main}
CRITICAL - 2023-11-11 07:01:21 --> Class 'App\Libraries\Exception' not found
#0 /home/eventodigital/public_html/api_controlAccesos/app/Controllers/RestController.php(185): App\Libraries\vCard->__construct(false, 'FBMi442AG6FngHQ...')
#1 /home/eventodigital/public_html/api_controlAccesos/system/CodeIgniter.php(832): App\Controllers\RestController->create()
#2 /home/eventodigital/public_html/api_controlAccesos/system/CodeIgniter.php(419): CodeIgniter\CodeIgniter->runController(Object(App\Controllers\RestController))
#3 /home/eventodigital/public_html/api_controlAccesos/system/CodeIgniter.php(326): CodeIgniter\CodeIgniter->handleRequest(NULL, Object(Config\Cache), false)
#4 /home/eventodigital/public_html/api_controlAccesos/public/index.php(37): CodeIgniter\CodeIgniter->run()
#5 {main}
CRITICAL - 2023-11-11 07:01:24 --> Class 'App\Libraries\Exception' not found
#0 /home/eventodigital/public_html/api_controlAccesos/app/Controllers/RestController.php(185): App\Libraries\vCard->__construct(false, 'FBMi442AG6DWAGw...')
#1 /home/eventodigital/public_html/api_controlAccesos/system/CodeIgniter.php(832): App\Controllers\RestController->create()
#2 /home/eventodigital/public_html/api_controlAccesos/system/CodeIgniter.php(419): CodeIgniter\CodeIgniter->runController(Object(App\Controllers\RestController))
#3 /home/eventodigital/public_html/api_controlAccesos/system/CodeIgniter.php(326): CodeIgniter\CodeIgniter->handleRequest(NULL, Object(Config\Cache), false)
#4 /home/eventodigital/public_html/api_controlAccesos/public/index.php(37): CodeIgniter\CodeIgniter->run()
#5 {main}
CRITICAL - 2023-11-11 07:01:28 --> Class 'App\Libraries\Exception' not found
#0 /home/eventodigital/public_html/api_controlAccesos/app/Controllers/RestController.php(185): App\Libraries\vCard->__construct(false, 'FBMi442AG6DWALA...')
#1 /home/eventodigital/public_html/api_controlAccesos/system/CodeIgniter.php(832): App\Controllers\RestController->create()
#2 /home/eventodigital/public_html/api_controlAccesos/system/CodeIgniter.php(419): CodeIgniter\CodeIgniter->runController(Object(App\Controllers\RestController))
#3 /home/eventodigital/public_html/api_controlAccesos/system/CodeIgniter.php(326): CodeIgniter\CodeIgniter->handleRequest(NULL, Object(Config\Cache), false)
#4 /home/eventodigital/public_html/api_controlAccesos/public/index.php(37): CodeIgniter\CodeIgniter->run()
#5 {main}
CRITICAL - 2023-11-11 07:01:56 --> Class 'App\Libraries\Exception' not found
#0 /home/eventodigital/public_html/api_controlAccesos/app/Controllers/RestController.php(185): App\Libraries\vCard->__construct(false, 'FBMi4dYAG7ekgGg...')
#1 /home/eventodigital/public_html/api_controlAccesos/system/CodeIgniter.php(832): App\Controllers\RestController->create()
#2 /home/eventodigital/public_html/api_controlAccesos/system/CodeIgniter.php(419): CodeIgniter\CodeIgniter->runController(Object(App\Controllers\RestController))
#3 /home/eventodigital/public_html/api_controlAccesos/system/CodeIgniter.php(326): CodeIgniter\CodeIgniter->handleRequest(NULL, Object(Config\Cache), false)
#4 /home/eventodigital/public_html/api_controlAccesos/public/index.php(37): CodeIgniter\CodeIgniter->run()
#5 {main}
CRITICAL - 2023-11-11 07:05:42 --> Class 'App\Libraries\Exception' not found
#0 /home/eventodigital/public_html/api_controlAccesos/app/Controllers/RestController.php(185): App\Libraries\vCard->__construct(false, 'FBMi4_uAGXvNAGw...')
#1 /home/eventodigital/public_html/api_controlAccesos/system/CodeIgniter.php(832): App\Controllers\RestController->create()
#2 /home/eventodigital/public_html/api_controlAccesos/system/CodeIgniter.php(419): CodeIgniter\CodeIgniter->runController(Object(App\Controllers\RestController))
#3 /home/eventodigital/public_html/api_controlAccesos/system/CodeIgniter.php(326): CodeIgniter\CodeIgniter->handleRequest(NULL, Object(Config\Cache), false)
#4 /home/eventodigital/public_html/api_controlAccesos/public/index.php(37): CodeIgniter\CodeIgniter->run()
#5 {main}
CRITICAL - 2023-11-11 07:05:44 --> Class 'App\Libraries\Exception' not found
#0 /home/eventodigital/public_html/api_controlAccesos/app/Controllers/RestController.php(185): App\Libraries\vCard->__construct(false, 'FBMi4_uAGXvIwGw...')
#1 /home/eventodigital/public_html/api_controlAccesos/system/CodeIgniter.php(832): App\Controllers\RestController->create()
#2 /home/eventodigital/public_html/api_controlAccesos/system/CodeIgniter.php(419): CodeIgniter\CodeIgniter->runController(Object(App\Controllers\RestController))
#3 /home/eventodigital/public_html/api_controlAccesos/system/CodeIgniter.php(326): CodeIgniter\CodeIgniter->handleRequest(NULL, Object(Config\Cache), false)
#4 /home/eventodigital/public_html/api_controlAccesos/public/index.php(37): CodeIgniter\CodeIgniter->run()
#5 {main}
CRITICAL - 2023-11-11 07:12:23 --> Class 'App\Libraries\Exception' not found
#0 /home/eventodigital/public_html/api_controlAccesos/app/Controllers/RestController.php(185): App\Libraries\vCard->__construct(false, 'FBMi48SAG3rDwGg...')
#1 /home/eventodigital/public_html/api_controlAccesos/system/CodeIgniter.php(832): App\Controllers\RestController->create()
#2 /home/eventodigital/public_html/api_controlAccesos/system/CodeIgniter.php(419): CodeIgniter\CodeIgniter->runController(Object(App\Controllers\RestController))
#3 /home/eventodigital/public_html/api_controlAccesos/system/CodeIgniter.php(326): CodeIgniter\CodeIgniter->handleRequest(NULL, Object(Config\Cache), false)
#4 /home/eventodigital/public_html/api_controlAccesos/public/index.php(37): CodeIgniter\CodeIgniter->run()
#5 {main}
CRITICAL - 2023-11-11 07:12:26 --> Class 'App\Libraries\Exception' not found
#0 /home/eventodigital/public_html/api_controlAccesos/app/Controllers/RestController.php(185): App\Libraries\vCard->__construct(false, 'FBMi48SAG3rDwLA...')
#1 /home/eventodigital/public_html/api_controlAccesos/system/CodeIgniter.php(832): App\Controllers\RestController->create()
#2 /home/eventodigital/public_html/api_controlAccesos/system/CodeIgniter.php(419): CodeIgniter\CodeIgniter->runController(Object(App\Controllers\RestController))
#3 /home/eventodigital/public_html/api_controlAccesos/system/CodeIgniter.php(326): CodeIgniter\CodeIgniter->handleRequest(NULL, Object(Config\Cache), false)
#4 /home/eventodigital/public_html/api_controlAccesos/public/index.php(37): CodeIgniter\CodeIgniter->run()
#5 {main}
CRITICAL - 2023-11-11 07:14:06 --> Class 'App\Libraries\Exception' not found
#0 /home/eventodigital/public_html/api_controlAccesos/app/Controllers/RestController.php(185): App\Libraries\vCard->__construct(false, 'FBMi4dYAG7dUgHQ...')
#1 /home/eventodigital/public_html/api_controlAccesos/system/CodeIgniter.php(832): App\Controllers\RestController->create()
#2 /home/eventodigital/public_html/api_controlAccesos/system/CodeIgniter.php(419): CodeIgniter\CodeIgniter->runController(Object(App\Controllers\RestController))
#3 /home/eventodigital/public_html/api_controlAccesos/system/CodeIgniter.php(326): CodeIgniter\CodeIgniter->handleRequest(NULL, Object(Config\Cache), false)
#4 /home/eventodigital/public_html/api_controlAccesos/public/index.php(37): CodeIgniter\CodeIgniter->run()
#5 {main}
CRITICAL - 2023-11-11 07:18:29 --> Class 'App\Libraries\Exception' not found
#0 /home/eventodigital/public_html/api_controlAccesos/app/Controllers/RestController.php(185): App\Libraries\vCard->__construct(false, 'FBMi4a0AG7JlgHg...')
#1 /home/eventodigital/public_html/api_controlAccesos/system/CodeIgniter.php(832): App\Controllers\RestController->create()
#2 /home/eventodigital/public_html/api_controlAccesos/system/CodeIgniter.php(419): CodeIgniter\CodeIgniter->runController(Object(App\Controllers\RestController))
#3 /home/eventodigital/public_html/api_controlAccesos/system/CodeIgniter.php(326): CodeIgniter\CodeIgniter->handleRequest(NULL, Object(Config\Cache), false)
#4 /home/eventodigital/public_html/api_controlAccesos/public/index.php(37): CodeIgniter\CodeIgniter->run()
#5 {main}
CRITICAL - 2023-11-11 07:21:31 --> Class 'App\Libraries\Exception' not found
#0 /home/eventodigital/public_html/api_controlAccesos/app/Controllers/RestController.php(185): App\Libraries\vCard->__construct(false, 'FBMi442AG66LAHg...')
#1 /home/eventodigital/public_html/api_controlAccesos/system/CodeIgniter.php(832): App\Controllers\RestController->create()
#2 /home/eventodigital/public_html/api_controlAccesos/system/CodeIgniter.php(419): CodeIgniter\CodeIgniter->runController(Object(App\Controllers\RestController))
#3 /home/eventodigital/public_html/api_controlAccesos/system/CodeIgniter.php(326): CodeIgniter\CodeIgniter->handleRequest(NULL, Object(Config\Cache), false)
#4 /home/eventodigital/public_html/api_controlAccesos/public/index.php(37): CodeIgniter\CodeIgniter->run()
#5 {main}
CRITICAL - 2023-11-11 07:22:57 --> Class 'App\Libraries\Exception' not found
#0 /home/eventodigital/public_html/api_controlAccesos/app/Controllers/RestController.php(185): App\Libraries\vCard->__construct(false, 'FBMi442AG6pQAGw...')
#1 /home/eventodigital/public_html/api_controlAccesos/system/CodeIgniter.php(832): App\Controllers\RestController->create()
#2 /home/eventodigital/public_html/api_controlAccesos/system/CodeIgniter.php(419): CodeIgniter\CodeIgniter->runController(Object(App\Controllers\RestController))
#3 /home/eventodigital/public_html/api_controlAccesos/system/CodeIgniter.php(326): CodeIgniter\CodeIgniter->handleRequest(NULL, Object(Config\Cache), false)
#4 /home/eventodigital/public_html/api_controlAccesos/public/index.php(37): CodeIgniter\CodeIgniter->run()
#5 {main}
CRITICAL - 2023-11-11 07:23:00 --> Class 'App\Libraries\Exception' not found
#0 /home/eventodigital/public_html/api_controlAccesos/app/Controllers/RestController.php(185): App\Libraries\vCard->__construct(false, 'FBMi442AG6pQALg...')
#1 /home/eventodigital/public_html/api_controlAccesos/system/CodeIgniter.php(832): App\Controllers\RestController->create()
#2 /home/eventodigital/public_html/api_controlAccesos/system/CodeIgniter.php(419): CodeIgniter\CodeIgniter->runController(Object(App\Controllers\RestController))
#3 /home/eventodigital/public_html/api_controlAccesos/system/CodeIgniter.php(326): CodeIgniter\CodeIgniter->handleRequest(NULL, Object(Config\Cache), false)
#4 /home/eventodigital/public_html/api_controlAccesos/public/index.php(37): CodeIgniter\CodeIgniter->run()
#5 {main}
CRITICAL - 2023-11-11 07:23:02 --> Class 'App\Libraries\Exception' not found
#0 /home/eventodigital/public_html/api_controlAccesos/app/Controllers/RestController.php(185): App\Libraries\vCard->__construct(false, 'FBMi442AG6pQAPw...')
#1 /home/eventodigital/public_html/api_controlAccesos/system/CodeIgniter.php(832): App\Controllers\RestController->create()
#2 /home/eventodigital/public_html/api_controlAccesos/system/CodeIgniter.php(419): CodeIgniter\CodeIgniter->runController(Object(App\Controllers\RestController))
#3 /home/eventodigital/public_html/api_controlAccesos/system/CodeIgniter.php(326): CodeIgniter\CodeIgniter->handleRequest(NULL, Object(Config\Cache), false)
#4 /home/eventodigital/public_html/api_controlAccesos/public/index.php(37): CodeIgniter\CodeIgniter->run()
#5 {main}
CRITICAL - 2023-11-11 07:23:27 --> Class 'App\Libraries\Exception' not found
#0 /home/eventodigital/public_html/api_controlAccesos/app/Controllers/RestController.php(185): App\Libraries\vCard->__construct(false, 'FBMi442AG7XOgGQ...')
#1 /home/eventodigital/public_html/api_controlAccesos/system/CodeIgniter.php(832): App\Controllers\RestController->create()
#2 /home/eventodigital/public_html/api_controlAccesos/system/CodeIgniter.php(419): CodeIgniter\CodeIgniter->runController(Object(App\Controllers\RestController))
#3 /home/eventodigital/public_html/api_controlAccesos/system/CodeIgniter.php(326): CodeIgniter\CodeIgniter->handleRequest(NULL, Object(Config\Cache), false)
#4 /home/eventodigital/public_html/api_controlAccesos/public/index.php(37): CodeIgniter\CodeIgniter->run()
#5 {main}
CRITICAL - 2023-11-11 07:34:03 --> Class 'App\Libraries\Exception' not found
#0 /home/eventodigital/public_html/api_controlAccesos/app/Controllers/RestController.php(185): App\Libraries\vCard->__construct(false, 'FBMi442AG7VpAHA...')
#1 /home/eventodigital/public_html/api_controlAccesos/system/CodeIgniter.php(832): App\Controllers\RestController->create()
#2 /home/eventodigital/public_html/api_controlAccesos/system/CodeIgniter.php(419): CodeIgniter\CodeIgniter->runController(Object(App\Controllers\RestController))
#3 /home/eventodigital/public_html/api_controlAccesos/system/CodeIgniter.php(326): CodeIgniter\CodeIgniter->handleRequest(NULL, Object(Config\Cache), false)
#4 /home/eventodigital/public_html/api_controlAccesos/public/index.php(37): CodeIgniter\CodeIgniter->run()
#5 {main}
CRITICAL - 2023-11-11 07:42:25 --> Class 'App\Libraries\Exception' not found
#0 /home/eventodigital/public_html/api_controlAccesos/app/Controllers/RestController.php(185): App\Libraries\vCard->__construct(false, 'FBMi442AGBaIgeg...')
#1 /home/eventodigital/public_html/api_controlAccesos/system/CodeIgniter.php(832): App\Controllers\RestController->create()
#2 /home/eventodigital/public_html/api_controlAccesos/system/CodeIgniter.php(419): CodeIgniter\CodeIgniter->runController(Object(App\Controllers\RestController))
#3 /home/eventodigital/public_html/api_controlAccesos/system/CodeIgniter.php(326): CodeIgniter\CodeIgniter->handleRequest(NULL, Object(Config\Cache), false)
#4 /home/eventodigital/public_html/api_controlAccesos/public/index.php(37): CodeIgniter\CodeIgniter->run()
#5 {main}
CRITICAL - 2023-11-11 07:47:47 --> Class 'App\Libraries\Exception' not found
#0 /home/eventodigital/public_html/api_controlAccesos/app/Controllers/RestController.php(185): App\Libraries\vCard->__construct(false, 'FBMi442AG7YHAHQ...')
#1 /home/eventodigital/public_html/api_controlAccesos/system/CodeIgniter.php(832): App\Controllers\RestController->create()
#2 /home/eventodigital/public_html/api_controlAccesos/system/CodeIgniter.php(419): CodeIgniter\CodeIgniter->runController(Object(App\Controllers\RestController))
#3 /home/eventodigital/public_html/api_controlAccesos/system/CodeIgniter.php(326): CodeIgniter\CodeIgniter->handleRequest(NULL, Object(Config\Cache), false)
#4 /home/eventodigital/public_html/api_controlAccesos/public/index.php(37): CodeIgniter\CodeIgniter->run()
#5 {main}
CRITICAL - 2023-11-11 07:51:26 --> Class 'App\Libraries\Exception' not found
#0 /home/eventodigital/public_html/api_controlAccesos/app/Controllers/RestController.php(185): App\Libraries\vCard->__construct(false, 'FBMi442AG57xALg...')
#1 /home/eventodigital/public_html/api_controlAccesos/system/CodeIgniter.php(832): App\Controllers\RestController->create()
#2 /home/eventodigital/public_html/api_controlAccesos/system/CodeIgniter.php(419): CodeIgniter\CodeIgniter->runController(Object(App\Controllers\RestController))
#3 /home/eventodigital/public_html/api_controlAccesos/system/CodeIgniter.php(326): CodeIgniter\CodeIgniter->handleRequest(NULL, Object(Config\Cache), false)
#4 /home/eventodigital/public_html/api_controlAccesos/public/index.php(37): CodeIgniter\CodeIgniter->run()
#5 {main}
CRITICAL - 2023-11-11 07:51:30 --> Class 'App\Libraries\Exception' not found
#0 /home/eventodigital/public_html/api_controlAccesos/app/Controllers/RestController.php(185): App\Libraries\vCard->__construct(false, 'FBMi442AG57xAHw...')
#1 /home/eventodigital/public_html/api_controlAccesos/system/CodeIgniter.php(832): App\Controllers\RestController->create()
#2 /home/eventodigital/public_html/api_controlAccesos/system/CodeIgniter.php(419): CodeIgniter\CodeIgniter->runController(Object(App\Controllers\RestController))
#3 /home/eventodigital/public_html/api_controlAccesos/system/CodeIgniter.php(326): CodeIgniter\CodeIgniter->handleRequest(NULL, Object(Config\Cache), false)
#4 /home/eventodigital/public_html/api_controlAccesos/public/index.php(37): CodeIgniter\CodeIgniter->run()
#5 {main}
CRITICAL - 2023-11-11 07:53:11 --> Class 'App\Libraries\Exception' not found
#0 /home/eventodigital/public_html/api_controlAccesos/app/Controllers/RestController.php(185): App\Libraries\vCard->__construct(false, 'FBMi442AG7UlwHw...')
#1 /home/eventodigital/public_html/api_controlAccesos/system/CodeIgniter.php(832): App\Controllers\RestController->create()
#2 /home/eventodigital/public_html/api_controlAccesos/system/CodeIgniter.php(419): CodeIgniter\CodeIgniter->runController(Object(App\Controllers\RestController))
#3 /home/eventodigital/public_html/api_controlAccesos/system/CodeIgniter.php(326): CodeIgniter\CodeIgniter->handleRequest(NULL, Object(Config\Cache), false)
#4 /home/eventodigital/public_html/api_controlAccesos/public/index.php(37): CodeIgniter\CodeIgniter->run()
#5 {main}
CRITICAL - 2023-11-11 07:57:50 --> Class 'App\Libraries\Exception' not found
#0 /home/eventodigital/public_html/api_controlAccesos/app/Controllers/RestController.php(185): App\Libraries\vCard->__construct(false, 'FBMi4dYAG7enwHw...')
#1 /home/eventodigital/public_html/api_controlAccesos/system/CodeIgniter.php(832): App\Controllers\RestController->create()
#2 /home/eventodigital/public_html/api_controlAccesos/system/CodeIgniter.php(419): CodeIgniter\CodeIgniter->runController(Object(App\Controllers\RestController))
#3 /home/eventodigital/public_html/api_controlAccesos/system/CodeIgniter.php(326): CodeIgniter\CodeIgniter->handleRequest(NULL, Object(Config\Cache), false)
#4 /home/eventodigital/public_html/api_controlAccesos/public/index.php(37): CodeIgniter\CodeIgniter->run()
#5 {main}
CRITICAL - 2023-11-11 07:57:54 --> Class 'App\Libraries\Exception' not found
#0 /home/eventodigital/public_html/api_controlAccesos/app/Controllers/RestController.php(185): App\Libraries\vCard->__construct(false, 'FBMi4dYAG7enwLQ...')
#1 /home/eventodigital/public_html/api_controlAccesos/system/CodeIgniter.php(832): App\Controllers\RestController->create()
#2 /home/eventodigital/public_html/api_controlAccesos/system/CodeIgniter.php(419): CodeIgniter\CodeIgniter->runController(Object(App\Controllers\RestController))
#3 /home/eventodigital/public_html/api_controlAccesos/system/CodeIgniter.php(326): CodeIgniter\CodeIgniter->handleRequest(NULL, Object(Config\Cache), false)
#4 /home/eventodigital/public_html/api_controlAccesos/public/index.php(37): CodeIgniter\CodeIgniter->run()
#5 {main}
CRITICAL - 2023-11-11 07:57:58 --> Class 'App\Libraries\Exception' not found
#0 /home/eventodigital/public_html/api_controlAccesos/app/Controllers/RestController.php(185): App\Libraries\vCard->__construct(false, 'FBMi4dYAG7enwPw...')
#1 /home/eventodigital/public_html/api_controlAccesos/system/CodeIgniter.php(832): App\Controllers\RestController->create()
#2 /home/eventodigital/public_html/api_controlAccesos/system/CodeIgniter.php(419): CodeIgniter\CodeIgniter->runController(Object(App\Controllers\RestController))
#3 /home/eventodigital/public_html/api_controlAccesos/system/CodeIgniter.php(326): CodeIgniter\CodeIgniter->handleRequest(NULL, Object(Config\Cache), false)
#4 /home/eventodigital/public_html/api_controlAccesos/public/index.php(37): CodeIgniter\CodeIgniter->run()
#5 {main}
CRITICAL - 2023-11-11 07:58:01 --> Class 'App\Libraries\Exception' not found
#0 /home/eventodigital/public_html/api_controlAccesos/app/Controllers/RestController.php(185): App\Libraries\vCard->__construct(false, 'FBMi4dYAG7enwTQ...')
#1 /home/eventodigital/public_html/api_controlAccesos/system/CodeIgniter.php(832): App\Controllers\RestController->create()
#2 /home/eventodigital/public_html/api_controlAccesos/system/CodeIgniter.php(419): CodeIgniter\CodeIgniter->runController(Object(App\Controllers\RestController))
#3 /home/eventodigital/public_html/api_controlAccesos/system/CodeIgniter.php(326): CodeIgniter\CodeIgniter->handleRequest(NULL, Object(Config\Cache), false)
#4 /home/eventodigital/public_html/api_controlAccesos/public/index.php(37): CodeIgniter\CodeIgniter->run()
#5 {main}
CRITICAL - 2023-11-11 08:03:46 --> Class 'App\Libraries\Exception' not found
#0 /home/eventodigital/public_html/api_controlAccesos/app/Controllers/RestController.php(185): App\Libraries\vCard->__construct(false, 'FBMi4a0AG7BlQGw...')
#1 /home/eventodigital/public_html/api_controlAccesos/system/CodeIgniter.php(832): App\Controllers\RestController->create()
#2 /home/eventodigital/public_html/api_controlAccesos/system/CodeIgniter.php(419): CodeIgniter\CodeIgniter->runController(Object(App\Controllers\RestController))
#3 /home/eventodigital/public_html/api_controlAccesos/system/CodeIgniter.php(326): CodeIgniter\CodeIgniter->handleRequest(NULL, Object(Config\Cache), false)
#4 /home/eventodigital/public_html/api_controlAccesos/public/index.php(37): CodeIgniter\CodeIgniter->run()
#5 {main}
CRITICAL - 2023-11-11 08:03:50 --> Class 'App\Libraries\Exception' not found
#0 /home/eventodigital/public_html/api_controlAccesos/app/Controllers/RestController.php(185): App\Libraries\vCard->__construct(false, 'FBMi4a0AG7BlQKg...')
#1 /home/eventodigital/public_html/api_controlAccesos/system/CodeIgniter.php(832): App\Controllers\RestController->create()
#2 /home/eventodigital/public_html/api_controlAccesos/system/CodeIgniter.php(419): CodeIgniter\CodeIgniter->runController(Object(App\Controllers\RestController))
#3 /home/eventodigital/public_html/api_controlAccesos/system/CodeIgniter.php(326): CodeIgniter\CodeIgniter->handleRequest(NULL, Object(Config\Cache), false)
#4 /home/eventodigital/public_html/api_controlAccesos/public/index.php(37): CodeIgniter\CodeIgniter->run()
#5 {main}
CRITICAL - 2023-11-11 08:03:53 --> Class 'App\Libraries\Exception' not found
#0 /home/eventodigital/public_html/api_controlAccesos/app/Controllers/RestController.php(185): App\Libraries\vCard->__construct(false, 'FBMi4a0AG7BlQPA...')
#1 /home/eventodigital/public_html/api_controlAccesos/system/CodeIgniter.php(832): App\Controllers\RestController->create()
#2 /home/eventodigital/public_html/api_controlAccesos/system/CodeIgniter.php(419): CodeIgniter\CodeIgniter->runController(Object(App\Controllers\RestController))
#3 /home/eventodigital/public_html/api_controlAccesos/system/CodeIgniter.php(326): CodeIgniter\CodeIgniter->handleRequest(NULL, Object(Config\Cache), false)
#4 /home/eventodigital/public_html/api_controlAccesos/public/index.php(37): CodeIgniter\CodeIgniter->run()
#5 {main}
CRITICAL - 2023-11-11 08:04:45 --> Class 'App\Libraries\Exception' not found
#0 /home/eventodigital/public_html/api_controlAccesos/app/Controllers/RestController.php(185): App\Libraries\vCard->__construct(false, 'FBMi4a0AG7KxgHw...')
#1 /home/eventodigital/public_html/api_controlAccesos/system/CodeIgniter.php(832): App\Controllers\RestController->create()
#2 /home/eventodigital/public_html/api_controlAccesos/system/CodeIgniter.php(419): CodeIgniter\CodeIgniter->runController(Object(App\Controllers\RestController))
#3 /home/eventodigital/public_html/api_controlAccesos/system/CodeIgniter.php(326): CodeIgniter\CodeIgniter->handleRequest(NULL, Object(Config\Cache), false)
#4 /home/eventodigital/public_html/api_controlAccesos/public/index.php(37): CodeIgniter\CodeIgniter->run()
#5 {main}
CRITICAL - 2023-11-11 08:05:01 --> Class 'App\Libraries\Exception' not found
#0 /home/eventodigital/public_html/api_controlAccesos/app/Controllers/RestController.php(185): App\Libraries\vCard->__construct(false, 'FBMi4a0AG6ycwHA...')
#1 /home/eventodigital/public_html/api_controlAccesos/system/CodeIgniter.php(832): App\Controllers\RestController->create()
#2 /home/eventodigital/public_html/api_controlAccesos/system/CodeIgniter.php(419): CodeIgniter\CodeIgniter->runController(Object(App\Controllers\RestController))
#3 /home/eventodigital/public_html/api_controlAccesos/system/CodeIgniter.php(326): CodeIgniter\CodeIgniter->handleRequest(NULL, Object(Config\Cache), false)
#4 /home/eventodigital/public_html/api_controlAccesos/public/index.php(37): CodeIgniter\CodeIgniter->run()
#5 {main}
CRITICAL - 2023-11-11 08:05:08 --> Class 'App\Libraries\Exception' not found
#0 /home/eventodigital/public_html/api_controlAccesos/app/Controllers/RestController.php(185): App\Libraries\vCard->__construct(false, 'FBMi4a0AG6ydwGw...')
#1 /home/eventodigital/public_html/api_controlAccesos/system/CodeIgniter.php(832): App\Controllers\RestController->create()
#2 /home/eventodigital/public_html/api_controlAccesos/system/CodeIgniter.php(419): CodeIgniter\CodeIgniter->runController(Object(App\Controllers\RestController))
#3 /home/eventodigital/public_html/api_controlAccesos/system/CodeIgniter.php(326): CodeIgniter\CodeIgniter->handleRequest(NULL, Object(Config\Cache), false)
#4 /home/eventodigital/public_html/api_controlAccesos/public/index.php(37): CodeIgniter\CodeIgniter->run()
#5 {main}
CRITICAL - 2023-11-11 08:08:48 --> Class 'App\Libraries\Exception' not found
#0 /home/eventodigital/public_html/api_controlAccesos/app/Controllers/RestController.php(185): App\Libraries\vCard->__construct(false, 'FBMi442AG6jzAHg...')
#1 /home/eventodigital/public_html/api_controlAccesos/system/CodeIgniter.php(832): App\Controllers\RestController->create()
#2 /home/eventodigital/public_html/api_controlAccesos/system/CodeIgniter.php(419): CodeIgniter\CodeIgniter->runController(Object(App\Controllers\RestController))
#3 /home/eventodigital/public_html/api_controlAccesos/system/CodeIgniter.php(326): CodeIgniter\CodeIgniter->handleRequest(NULL, Object(Config\Cache), false)
#4 /home/eventodigital/public_html/api_controlAccesos/public/index.php(37): CodeIgniter\CodeIgniter->run()
#5 {main}
CRITICAL - 2023-11-11 08:08:51 --> Class 'App\Libraries\Exception' not found
#0 /home/eventodigital/public_html/api_controlAccesos/app/Controllers/RestController.php(185): App\Libraries\vCard->__construct(false, 'FBMi442AG7XQQGQ...')
#1 /home/eventodigital/public_html/api_controlAccesos/system/CodeIgniter.php(832): App\Controllers\RestController->create()
#2 /home/eventodigital/public_html/api_controlAccesos/system/CodeIgniter.php(419): CodeIgniter\CodeIgniter->runController(Object(App\Controllers\RestController))
#3 /home/eventodigital/public_html/api_controlAccesos/system/CodeIgniter.php(326): CodeIgniter\CodeIgniter->handleRequest(NULL, Object(Config\Cache), false)
#4 /home/eventodigital/public_html/api_controlAccesos/public/index.php(37): CodeIgniter\CodeIgniter->run()
#5 {main}
CRITICAL - 2023-11-11 08:09:10 --> Class 'App\Libraries\Exception' not found
#0 /home/eventodigital/public_html/api_controlAccesos/app/Controllers/RestController.php(185): App\Libraries\vCard->__construct(false, 'FBMi442AG6LWgHg...')
#1 /home/eventodigital/public_html/api_controlAccesos/system/CodeIgniter.php(832): App\Controllers\RestController->create()
#2 /home/eventodigital/public_html/api_controlAccesos/system/CodeIgniter.php(419): CodeIgniter\CodeIgniter->runController(Object(App\Controllers\RestController))
#3 /home/eventodigital/public_html/api_controlAccesos/system/CodeIgniter.php(326): CodeIgniter\CodeIgniter->handleRequest(NULL, Object(Config\Cache), false)
#4 /home/eventodigital/public_html/api_controlAccesos/public/index.php(37): CodeIgniter\CodeIgniter->run()
#5 {main}
CRITICAL - 2023-11-11 08:09:24 --> Class 'App\Libraries\Exception' not found
#0 /home/eventodigital/public_html/api_controlAccesos/app/Controllers/RestController.php(185): App\Libraries\vCard->__construct(false, 'FBMi442AG6LWgSg...')
#1 /home/eventodigital/public_html/api_controlAccesos/system/CodeIgniter.php(832): App\Controllers\RestController->create()
#2 /home/eventodigital/public_html/api_controlAccesos/system/CodeIgniter.php(419): CodeIgniter\CodeIgniter->runController(Object(App\Controllers\RestController))
#3 /home/eventodigital/public_html/api_controlAccesos/system/CodeIgniter.php(326): CodeIgniter\CodeIgniter->handleRequest(NULL, Object(Config\Cache), false)
#4 /home/eventodigital/public_html/api_controlAccesos/public/index.php(37): CodeIgniter\CodeIgniter->run()
#5 {main}
CRITICAL - 2023-11-11 08:09:27 --> Class 'App\Libraries\Exception' not found
#0 /home/eventodigital/public_html/api_controlAccesos/app/Controllers/RestController.php(185): App\Libraries\vCard->__construct(false, 'FBMi442AG6LWgOw...')
#1 /home/eventodigital/public_html/api_controlAccesos/system/CodeIgniter.php(832): App\Controllers\RestController->create()
#2 /home/eventodigital/public_html/api_controlAccesos/system/CodeIgniter.php(419): CodeIgniter\CodeIgniter->runController(Object(App\Controllers\RestController))
#3 /home/eventodigital/public_html/api_controlAccesos/system/CodeIgniter.php(326): CodeIgniter\CodeIgniter->handleRequest(NULL, Object(Config\Cache), false)
#4 /home/eventodigital/public_html/api_controlAccesos/public/index.php(37): CodeIgniter\CodeIgniter->run()
#5 {main}
CRITICAL - 2023-11-11 08:15:34 --> Class 'App\Libraries\Exception' not found
#0 /home/eventodigital/public_html/api_controlAccesos/app/Controllers/RestController.php(185): App\Libraries\vCard->__construct(false, 'FBMi442AG7inwGg...')
#1 /home/eventodigital/public_html/api_controlAccesos/system/CodeIgniter.php(832): App\Controllers\RestController->create()
#2 /home/eventodigital/public_html/api_controlAccesos/system/CodeIgniter.php(419): CodeIgniter\CodeIgniter->runController(Object(App\Controllers\RestController))
#3 /home/eventodigital/public_html/api_controlAccesos/system/CodeIgniter.php(326): CodeIgniter\CodeIgniter->handleRequest(NULL, Object(Config\Cache), false)
#4 /home/eventodigital/public_html/api_controlAccesos/public/index.php(37): CodeIgniter\CodeIgniter->run()
#5 {main}
CRITICAL - 2023-11-11 08:19:42 --> Class 'App\Libraries\Exception' not found
#0 /home/eventodigital/public_html/api_controlAccesos/app/Controllers/RestController.php(185): App\Libraries\vCard->__construct(false, 'FBMi4dYAG7N4wKQ...')
#1 /home/eventodigital/public_html/api_controlAccesos/system/CodeIgniter.php(832): App\Controllers\RestController->create()
#2 /home/eventodigital/public_html/api_controlAccesos/system/CodeIgniter.php(419): CodeIgniter\CodeIgniter->runController(Object(App\Controllers\RestController))
#3 /home/eventodigital/public_html/api_controlAccesos/system/CodeIgniter.php(326): CodeIgniter\CodeIgniter->handleRequest(NULL, Object(Config\Cache), false)
#4 /home/eventodigital/public_html/api_controlAccesos/public/index.php(37): CodeIgniter\CodeIgniter->run()
#5 {main}
CRITICAL - 2023-11-11 08:20:27 --> Class 'App\Libraries\Exception' not found
#0 /home/eventodigital/public_html/api_controlAccesos/app/Controllers/RestController.php(185): App\Libraries\vCard->__construct(false, 'FBMi4a0AG6yZAHg...')
#1 /home/eventodigital/public_html/api_controlAccesos/system/CodeIgniter.php(832): App\Controllers\RestController->create()
#2 /home/eventodigital/public_html/api_controlAccesos/system/CodeIgniter.php(419): CodeIgniter\CodeIgniter->runController(Object(App\Controllers\RestController))
#3 /home/eventodigital/public_html/api_controlAccesos/system/CodeIgniter.php(326): CodeIgniter\CodeIgniter->handleRequest(NULL, Object(Config\Cache), false)
#4 /home/eventodigital/public_html/api_controlAccesos/public/index.php(37): CodeIgniter\CodeIgniter->run()
#5 {main}
CRITICAL - 2023-11-11 08:20:41 --> Class 'App\Libraries\Exception' not found
#0 /home/eventodigital/public_html/api_controlAccesos/app/Controllers/RestController.php(185): App\Libraries\vCard->__construct(false, 'FBMi4a0AG6ygwGQ...')
#1 /home/eventodigital/public_html/api_controlAccesos/system/CodeIgniter.php(832): App\Controllers\RestController->create()
#2 /home/eventodigital/public_html/api_controlAccesos/system/CodeIgniter.php(419): CodeIgniter\CodeIgniter->runController(Object(App\Controllers\RestController))
#3 /home/eventodigital/public_html/api_controlAccesos/system/CodeIgniter.php(326): CodeIgniter\CodeIgniter->handleRequest(NULL, Object(Config\Cache), false)
#4 /home/eventodigital/public_html/api_controlAccesos/public/index.php(37): CodeIgniter\CodeIgniter->run()
#5 {main}
CRITICAL - 2023-11-11 08:23:58 --> Class 'App\Libraries\Exception' not found
#0 /home/eventodigital/public_html/api_controlAccesos/app/Controllers/RestController.php(185): App\Libraries\vCard->__construct(false, 'FBMi442AG593AHg...')
#1 /home/eventodigital/public_html/api_controlAccesos/system/CodeIgniter.php(832): App\Controllers\RestController->create()
#2 /home/eventodigital/public_html/api_controlAccesos/system/CodeIgniter.php(419): CodeIgniter\CodeIgniter->runController(Object(App\Controllers\RestController))
#3 /home/eventodigital/public_html/api_controlAccesos/system/CodeIgniter.php(326): CodeIgniter\CodeIgniter->handleRequest(NULL, Object(Config\Cache), false)
#4 /home/eventodigital/public_html/api_controlAccesos/public/index.php(37): CodeIgniter\CodeIgniter->run()
#5 {main}
CRITICAL - 2023-11-11 08:24:03 --> Class 'App\Libraries\Exception' not found
#0 /home/eventodigital/public_html/api_controlAccesos/app/Controllers/RestController.php(185): App\Libraries\vCard->__construct(false, 'FBMi442AG593ALA...')
#1 /home/eventodigital/public_html/api_controlAccesos/system/CodeIgniter.php(832): App\Controllers\RestController->create()
#2 /home/eventodigital/public_html/api_controlAccesos/system/CodeIgniter.php(419): CodeIgniter\CodeIgniter->runController(Object(App\Controllers\RestController))
#3 /home/eventodigital/public_html/api_controlAccesos/system/CodeIgniter.php(326): CodeIgniter\CodeIgniter->handleRequest(NULL, Object(Config\Cache), false)
#4 /home/eventodigital/public_html/api_controlAccesos/public/index.php(37): CodeIgniter\CodeIgniter->run()
#5 {main}
CRITICAL - 2023-11-11 08:24:23 --> Class 'App\Libraries\Exception' not found
#0 /home/eventodigital/public_html/api_controlAccesos/app/Controllers/RestController.php(185): App\Libraries\vCard->__construct(false, 'FBMi442AG4WVQGw...')
#1 /home/eventodigital/public_html/api_controlAccesos/system/CodeIgniter.php(832): App\Controllers\RestController->create()
#2 /home/eventodigital/public_html/api_controlAccesos/system/CodeIgniter.php(419): CodeIgniter\CodeIgniter->runController(Object(App\Controllers\RestController))
#3 /home/eventodigital/public_html/api_controlAccesos/system/CodeIgniter.php(326): CodeIgniter\CodeIgniter->handleRequest(NULL, Object(Config\Cache), false)
#4 /home/eventodigital/public_html/api_controlAccesos/public/index.php(37): CodeIgniter\CodeIgniter->run()
#5 {main}
CRITICAL - 2023-11-11 08:24:26 --> Class 'App\Libraries\Exception' not found
#0 /home/eventodigital/public_html/api_controlAccesos/app/Controllers/RestController.php(185): App\Libraries\vCard->__construct(false, 'FBMi442AG4WVQKw...')
#1 /home/eventodigital/public_html/api_controlAccesos/system/CodeIgniter.php(832): App\Controllers\RestController->create()
#2 /home/eventodigital/public_html/api_controlAccesos/system/CodeIgniter.php(419): CodeIgniter\CodeIgniter->runController(Object(App\Controllers\RestController))
#3 /home/eventodigital/public_html/api_controlAccesos/system/CodeIgniter.php(326): CodeIgniter\CodeIgniter->handleRequest(NULL, Object(Config\Cache), false)
#4 /home/eventodigital/public_html/api_controlAccesos/public/index.php(37): CodeIgniter\CodeIgniter->run()
#5 {main}
CRITICAL - 2023-11-11 08:27:45 --> Class 'App\Libraries\Exception' not found
#0 /home/eventodigital/public_html/api_controlAccesos/app/Controllers/RestController.php(185): App\Libraries\vCard->__construct(false, 'FBMi4a0AG6SaAHQ...')
#1 /home/eventodigital/public_html/api_controlAccesos/system/CodeIgniter.php(832): App\Controllers\RestController->create()
#2 /home/eventodigital/public_html/api_controlAccesos/system/CodeIgniter.php(419): CodeIgniter\CodeIgniter->runController(Object(App\Controllers\RestController))
#3 /home/eventodigital/public_html/api_controlAccesos/system/CodeIgniter.php(326): CodeIgniter\CodeIgniter->handleRequest(NULL, Object(Config\Cache), false)
#4 /home/eventodigital/public_html/api_controlAccesos/public/index.php(37): CodeIgniter\CodeIgniter->run()
#5 {main}
CRITICAL - 2023-11-11 08:31:39 --> Class 'App\Libraries\Exception' not found
#0 /home/eventodigital/public_html/api_controlAccesos/app/Controllers/RestController.php(185): App\Libraries\vCard->__construct(false, 'FBMi442AG7fFgGg...')
#1 /home/eventodigital/public_html/api_controlAccesos/system/CodeIgniter.php(832): App\Controllers\RestController->create()
#2 /home/eventodigital/public_html/api_controlAccesos/system/CodeIgniter.php(419): CodeIgniter\CodeIgniter->runController(Object(App\Controllers\RestController))
#3 /home/eventodigital/public_html/api_controlAccesos/system/CodeIgniter.php(326): CodeIgniter\CodeIgniter->handleRequest(NULL, Object(Config\Cache), false)
#4 /home/eventodigital/public_html/api_controlAccesos/public/index.php(37): CodeIgniter\CodeIgniter->run()
#5 {main}
CRITICAL - 2023-11-11 08:34:13 --> Class 'App\Libraries\Exception' not found
#0 /home/eventodigital/public_html/api_controlAccesos/app/Controllers/RestController.php(185): App\Libraries\vCard->__construct(false, 'FBMi4a0AG7JNwKg...')
#1 /home/eventodigital/public_html/api_controlAccesos/system/CodeIgniter.php(832): App\Controllers\RestController->create()
#2 /home/eventodigital/public_html/api_controlAccesos/system/CodeIgniter.php(419): CodeIgniter\CodeIgniter->runController(Object(App\Controllers\RestController))
#3 /home/eventodigital/public_html/api_controlAccesos/system/CodeIgniter.php(326): CodeIgniter\CodeIgniter->handleRequest(NULL, Object(Config\Cache), false)
#4 /home/eventodigital/public_html/api_controlAccesos/public/index.php(37): CodeIgniter\CodeIgniter->run()
#5 {main}
CRITICAL - 2023-11-11 08:34:44 --> Class 'App\Libraries\Exception' not found
#0 /home/eventodigital/public_html/api_controlAccesos/app/Controllers/RestController.php(185): App\Libraries\vCard->__construct(false, 'FBMi4a0AG6AzwGg...')
#1 /home/eventodigital/public_html/api_controlAccesos/system/CodeIgniter.php(832): App\Controllers\RestController->create()
#2 /home/eventodigital/public_html/api_controlAccesos/system/CodeIgniter.php(419): CodeIgniter\CodeIgniter->runController(Object(App\Controllers\RestController))
#3 /home/eventodigital/public_html/api_controlAccesos/system/CodeIgniter.php(326): CodeIgniter\CodeIgniter->handleRequest(NULL, Object(Config\Cache), false)
#4 /home/eventodigital/public_html/api_controlAccesos/public/index.php(37): CodeIgniter\CodeIgniter->run()
#5 {main}
CRITICAL - 2023-11-11 08:34:48 --> Class 'App\Libraries\Exception' not found
#0 /home/eventodigital/public_html/api_controlAccesos/app/Controllers/RestController.php(185): App\Libraries\vCard->__construct(false, 'FBMi4a0AG6AzwLA...')
#1 /home/eventodigital/public_html/api_controlAccesos/system/CodeIgniter.php(832): App\Controllers\RestController->create()
#2 /home/eventodigital/public_html/api_controlAccesos/system/CodeIgniter.php(419): CodeIgniter\CodeIgniter->runController(Object(App\Controllers\RestController))
#3 /home/eventodigital/public_html/api_controlAccesos/system/CodeIgniter.php(326): CodeIgniter\CodeIgniter->handleRequest(NULL, Object(Config\Cache), false)
#4 /home/eventodigital/public_html/api_controlAccesos/public/index.php(37): CodeIgniter\CodeIgniter->run()
#5 {main}
CRITICAL - 2023-11-11 08:42:20 --> Class 'App\Libraries\Exception' not found
#0 /home/eventodigital/public_html/api_controlAccesos/app/Controllers/RestController.php(185): App\Libraries\vCard->__construct(false, 'FBMi442AG6Y7gHg...')
#1 /home/eventodigital/public_html/api_controlAccesos/system/CodeIgniter.php(832): App\Controllers\RestController->create()
#2 /home/eventodigital/public_html/api_controlAccesos/system/CodeIgniter.php(419): CodeIgniter\CodeIgniter->runController(Object(App\Controllers\RestController))
#3 /home/eventodigital/public_html/api_controlAccesos/system/CodeIgniter.php(326): CodeIgniter\CodeIgniter->handleRequest(NULL, Object(Config\Cache), false)
#4 /home/eventodigital/public_html/api_controlAccesos/public/index.php(37): CodeIgniter\CodeIgniter->run()
#5 {main}
CRITICAL - 2023-11-11 08:42:23 --> Class 'App\Libraries\Exception' not found
#0 /home/eventodigital/public_html/api_controlAccesos/app/Controllers/RestController.php(185): App\Libraries\vCard->__construct(false, 'FBMi442AG6akgHA...')
#1 /home/eventodigital/public_html/api_controlAccesos/system/CodeIgniter.php(832): App\Controllers\RestController->create()
#2 /home/eventodigital/public_html/api_controlAccesos/system/CodeIgniter.php(419): CodeIgniter\CodeIgniter->runController(Object(App\Controllers\RestController))
#3 /home/eventodigital/public_html/api_controlAccesos/system/CodeIgniter.php(326): CodeIgniter\CodeIgniter->handleRequest(NULL, Object(Config\Cache), false)
#4 /home/eventodigital/public_html/api_controlAccesos/public/index.php(37): CodeIgniter\CodeIgniter->run()
#5 {main}
CRITICAL - 2023-11-11 08:42:26 --> Class 'App\Libraries\Exception' not found
#0 /home/eventodigital/public_html/api_controlAccesos/app/Controllers/RestController.php(185): App\Libraries\vCard->__construct(false, 'FBMi442AG7cgAHw...')
#1 /home/eventodigital/public_html/api_controlAccesos/system/CodeIgniter.php(832): App\Controllers\RestController->create()
#2 /home/eventodigital/public_html/api_controlAccesos/system/CodeIgniter.php(419): CodeIgniter\CodeIgniter->runController(Object(App\Controllers\RestController))
#3 /home/eventodigital/public_html/api_controlAccesos/system/CodeIgniter.php(326): CodeIgniter\CodeIgniter->handleRequest(NULL, Object(Config\Cache), false)
#4 /home/eventodigital/public_html/api_controlAccesos/public/index.php(37): CodeIgniter\CodeIgniter->run()
#5 {main}
CRITICAL - 2023-11-11 08:44:26 --> Class 'App\Libraries\Exception' not found
#0 /home/eventodigital/public_html/api_controlAccesos/app/Controllers/RestController.php(185): App\Libraries\vCard->__construct(false, 'FBMi442AG4tUQLg...')
#1 /home/eventodigital/public_html/api_controlAccesos/system/CodeIgniter.php(832): App\Controllers\RestController->create()
#2 /home/eventodigital/public_html/api_controlAccesos/system/CodeIgniter.php(419): CodeIgniter\CodeIgniter->runController(Object(App\Controllers\RestController))
#3 /home/eventodigital/public_html/api_controlAccesos/system/CodeIgniter.php(326): CodeIgniter\CodeIgniter->handleRequest(NULL, Object(Config\Cache), false)
#4 /home/eventodigital/public_html/api_controlAccesos/public/index.php(37): CodeIgniter\CodeIgniter->run()
#5 {main}
CRITICAL - 2023-11-11 08:44:29 --> Class 'App\Libraries\Exception' not found
#0 /home/eventodigital/public_html/api_controlAccesos/app/Controllers/RestController.php(185): App\Libraries\vCard->__construct(false, 'FBMi442AG4tUQHA...')
#1 /home/eventodigital/public_html/api_controlAccesos/system/CodeIgniter.php(832): App\Controllers\RestController->create()
#2 /home/eventodigital/public_html/api_controlAccesos/system/CodeIgniter.php(419): CodeIgniter\CodeIgniter->runController(Object(App\Controllers\RestController))
#3 /home/eventodigital/public_html/api_controlAccesos/system/CodeIgniter.php(326): CodeIgniter\CodeIgniter->handleRequest(NULL, Object(Config\Cache), false)
#4 /home/eventodigital/public_html/api_controlAccesos/public/index.php(37): CodeIgniter\CodeIgniter->run()
#5 {main}
CRITICAL - 2023-11-11 08:46:34 --> Class 'App\Libraries\Exception' not found
#0 /home/eventodigital/public_html/api_controlAccesos/app/Controllers/RestController.php(185): App\Libraries\vCard->__construct(false, 'FBMi4a0AG6ycwHA...')
#1 /home/eventodigital/public_html/api_controlAccesos/system/CodeIgniter.php(832): App\Controllers\RestController->create()
#2 /home/eventodigital/public_html/api_controlAccesos/system/CodeIgniter.php(419): CodeIgniter\CodeIgniter->runController(Object(App\Controllers\RestController))
#3 /home/eventodigital/public_html/api_controlAccesos/system/CodeIgniter.php(326): CodeIgniter\CodeIgniter->handleRequest(NULL, Object(Config\Cache), false)
#4 /home/eventodigital/public_html/api_controlAccesos/public/index.php(37): CodeIgniter\CodeIgniter->run()
#5 {main}
CRITICAL - 2023-11-11 08:50:41 --> Class 'App\Libraries\Exception' not found
#0 /home/eventodigital/public_html/api_controlAccesos/app/Controllers/RestController.php(185): App\Libraries\vCard->__construct(false, 'FBMi4a0AG6TOwHw...')
#1 /home/eventodigital/public_html/api_controlAccesos/system/CodeIgniter.php(832): App\Controllers\RestController->create()
#2 /home/eventodigital/public_html/api_controlAccesos/system/CodeIgniter.php(419): CodeIgniter\CodeIgniter->runController(Object(App\Controllers\RestController))
#3 /home/eventodigital/public_html/api_controlAccesos/system/CodeIgniter.php(326): CodeIgniter\CodeIgniter->handleRequest(NULL, Object(Config\Cache), false)
#4 /home/eventodigital/public_html/api_controlAccesos/public/index.php(37): CodeIgniter\CodeIgniter->run()
#5 {main}
CRITICAL - 2023-11-11 08:50:44 --> Class 'App\Libraries\Exception' not found
#0 /home/eventodigital/public_html/api_controlAccesos/app/Controllers/RestController.php(185): App\Libraries\vCard->__construct(false, 'FBMi4a0AG6TOwLQ...')
#1 /home/eventodigital/public_html/api_controlAccesos/system/CodeIgniter.php(832): App\Controllers\RestController->create()
#2 /home/eventodigital/public_html/api_controlAccesos/system/CodeIgniter.php(419): CodeIgniter\CodeIgniter->runController(Object(App\Controllers\RestController))
#3 /home/eventodigital/public_html/api_controlAccesos/system/CodeIgniter.php(326): CodeIgniter\CodeIgniter->handleRequest(NULL, Object(Config\Cache), false)
#4 /home/eventodigital/public_html/api_controlAccesos/public/index.php(37): CodeIgniter\CodeIgniter->run()
#5 {main}
CRITICAL - 2023-11-11 08:50:51 --> Class 'App\Libraries\Exception' not found
#0 /home/eventodigital/public_html/api_controlAccesos/app/Controllers/RestController.php(185): App\Libraries\vCard->__construct(false, 'FBMi4a0AG6TMQGg...')
#1 /home/eventodigital/public_html/api_controlAccesos/system/CodeIgniter.php(832): App\Controllers\RestController->create()
#2 /home/eventodigital/public_html/api_controlAccesos/system/CodeIgniter.php(419): CodeIgniter\CodeIgniter->runController(Object(App\Controllers\RestController))
#3 /home/eventodigital/public_html/api_controlAccesos/system/CodeIgniter.php(326): CodeIgniter\CodeIgniter->handleRequest(NULL, Object(Config\Cache), false)
#4 /home/eventodigital/public_html/api_controlAccesos/public/index.php(37): CodeIgniter\CodeIgniter->run()
#5 {main}
CRITICAL - 2023-11-11 08:50:56 --> Class 'App\Libraries\Exception' not found
#0 /home/eventodigital/public_html/api_controlAccesos/app/Controllers/RestController.php(185): App\Libraries\vCard->__construct(false, 'FBMi4a0AG6TMQKg...')
#1 /home/eventodigital/public_html/api_controlAccesos/system/CodeIgniter.php(832): App\Controllers\RestController->create()
#2 /home/eventodigital/public_html/api_controlAccesos/system/CodeIgniter.php(419): CodeIgniter\CodeIgniter->runController(Object(App\Controllers\RestController))
#3 /home/eventodigital/public_html/api_controlAccesos/system/CodeIgniter.php(326): CodeIgniter\CodeIgniter->handleRequest(NULL, Object(Config\Cache), false)
#4 /home/eventodigital/public_html/api_controlAccesos/public/index.php(37): CodeIgniter\CodeIgniter->run()
#5 {main}
CRITICAL - 2023-11-11 08:54:11 --> Class 'App\Libraries\Exception' not found
#0 /home/eventodigital/public_html/api_controlAccesos/app/Controllers/RestController.php(185): App\Libraries\vCard->__construct(false, 'FBMi4_uAGaEEQHg...')
#1 /home/eventodigital/public_html/api_controlAccesos/system/CodeIgniter.php(832): App\Controllers\RestController->create()
#2 /home/eventodigital/public_html/api_controlAccesos/system/CodeIgniter.php(419): CodeIgniter\CodeIgniter->runController(Object(App\Controllers\RestController))
#3 /home/eventodigital/public_html/api_controlAccesos/system/CodeIgniter.php(326): CodeIgniter\CodeIgniter->handleRequest(NULL, Object(Config\Cache), false)
#4 /home/eventodigital/public_html/api_controlAccesos/public/index.php(37): CodeIgniter\CodeIgniter->run()
#5 {main}
CRITICAL - 2023-11-11 08:54:15 --> Class 'App\Libraries\Exception' not found
#0 /home/eventodigital/public_html/api_controlAccesos/app/Controllers/RestController.php(185): App\Libraries\vCard->__construct(false, 'FBMi442AG6J9QHg...')
#1 /home/eventodigital/public_html/api_controlAccesos/system/CodeIgniter.php(832): App\Controllers\RestController->create()
#2 /home/eventodigital/public_html/api_controlAccesos/system/CodeIgniter.php(419): CodeIgniter\CodeIgniter->runController(Object(App\Controllers\RestController))
#3 /home/eventodigital/public_html/api_controlAccesos/system/CodeIgniter.php(326): CodeIgniter\CodeIgniter->handleRequest(NULL, Object(Config\Cache), false)
#4 /home/eventodigital/public_html/api_controlAccesos/public/index.php(37): CodeIgniter\CodeIgniter->run()
#5 {main}
CRITICAL - 2023-11-11 08:54:21 --> Class 'App\Libraries\Exception' not found
#0 /home/eventodigital/public_html/api_controlAccesos/app/Controllers/RestController.php(185): App\Libraries\vCard->__construct(false, 'FBMi48SAG1bUAGw...')
#1 /home/eventodigital/public_html/api_controlAccesos/system/CodeIgniter.php(832): App\Controllers\RestController->create()
#2 /home/eventodigital/public_html/api_controlAccesos/system/CodeIgniter.php(419): CodeIgniter\CodeIgniter->runController(Object(App\Controllers\RestController))
#3 /home/eventodigital/public_html/api_controlAccesos/system/CodeIgniter.php(326): CodeIgniter\CodeIgniter->handleRequest(NULL, Object(Config\Cache), false)
#4 /home/eventodigital/public_html/api_controlAccesos/public/index.php(37): CodeIgniter\CodeIgniter->run()
#5 {main}
CRITICAL - 2023-11-11 08:54:25 --> Class 'App\Libraries\Exception' not found
#0 /home/eventodigital/public_html/api_controlAccesos/app/Controllers/RestController.php(185): App\Libraries\vCard->__construct(false, 'FBMi442AG7VQgHQ...')
#1 /home/eventodigital/public_html/api_controlAccesos/system/CodeIgniter.php(832): App\Controllers\RestController->create()
#2 /home/eventodigital/public_html/api_controlAccesos/system/CodeIgniter.php(419): CodeIgniter\CodeIgniter->runController(Object(App\Controllers\RestController))
#3 /home/eventodigital/public_html/api_controlAccesos/system/CodeIgniter.php(326): CodeIgniter\CodeIgniter->handleRequest(NULL, Object(Config\Cache), false)
#4 /home/eventodigital/public_html/api_controlAccesos/public/index.php(37): CodeIgniter\CodeIgniter->run()
#5 {main}
CRITICAL - 2023-11-11 08:55:37 --> Class 'App\Libraries\Exception' not found
#0 /home/eventodigital/public_html/api_controlAccesos/app/Controllers/RestController.php(185): App\Libraries\vCard->__construct(false, 'FBMi4_uAGaEEQKg...')
#1 /home/eventodigital/public_html/api_controlAccesos/system/CodeIgniter.php(832): App\Controllers\RestController->create()
#2 /home/eventodigital/public_html/api_controlAccesos/system/CodeIgniter.php(419): CodeIgniter\CodeIgniter->runController(Object(App\Controllers\RestController))
#3 /home/eventodigital/public_html/api_controlAccesos/system/CodeIgniter.php(326): CodeIgniter\CodeIgniter->handleRequest(NULL, Object(Config\Cache), false)
#4 /home/eventodigital/public_html/api_controlAccesos/public/index.php(37): CodeIgniter\CodeIgniter->run()
#5 {main}
CRITICAL - 2023-11-11 08:57:36 --> Class 'App\Libraries\Exception' not found
#0 /home/eventodigital/public_html/api_controlAccesos/app/Controllers/RestController.php(185): App\Libraries\vCard->__construct(false, 'FBMi4a0AG7BqQHQ...')
#1 /home/eventodigital/public_html/api_controlAccesos/system/CodeIgniter.php(832): App\Controllers\RestController->create()
#2 /home/eventodigital/public_html/api_controlAccesos/system/CodeIgniter.php(419): CodeIgniter\CodeIgniter->runController(Object(App\Controllers\RestController))
#3 /home/eventodigital/public_html/api_controlAccesos/system/CodeIgniter.php(326): CodeIgniter\CodeIgniter->handleRequest(NULL, Object(Config\Cache), false)
#4 /home/eventodigital/public_html/api_controlAccesos/public/index.php(37): CodeIgniter\CodeIgniter->run()
#5 {main}
CRITICAL - 2023-11-11 08:57:45 --> Class 'App\Libraries\Exception' not found
#0 /home/eventodigital/public_html/api_controlAccesos/app/Controllers/RestController.php(185): App\Libraries\vCard->__construct(false, 'FBMi4a0AG7BqQKw...')
#1 /home/eventodigital/public_html/api_controlAccesos/system/CodeIgniter.php(832): App\Controllers\RestController->create()
#2 /home/eventodigital/public_html/api_controlAccesos/system/CodeIgniter.php(419): CodeIgniter\CodeIgniter->runController(Object(App\Controllers\RestController))
#3 /home/eventodigital/public_html/api_controlAccesos/system/CodeIgniter.php(326): CodeIgniter\CodeIgniter->handleRequest(NULL, Object(Config\Cache), false)
#4 /home/eventodigital/public_html/api_controlAccesos/public/index.php(37): CodeIgniter\CodeIgniter->run()
#5 {main}
CRITICAL - 2023-11-11 08:58:07 --> Class 'App\Libraries\Exception' not found
#0 /home/eventodigital/public_html/api_controlAccesos/app/Controllers/RestController.php(185): App\Libraries\vCard->__construct(false, 'FBMi442AG7fOALw...')
#1 /home/eventodigital/public_html/api_controlAccesos/system/CodeIgniter.php(832): App\Controllers\RestController->create()
#2 /home/eventodigital/public_html/api_controlAccesos/system/CodeIgniter.php(419): CodeIgniter\CodeIgniter->runController(Object(App\Controllers\RestController))
#3 /home/eventodigital/public_html/api_controlAccesos/system/CodeIgniter.php(326): CodeIgniter\CodeIgniter->handleRequest(NULL, Object(Config\Cache), false)
#4 /home/eventodigital/public_html/api_controlAccesos/public/index.php(37): CodeIgniter\CodeIgniter->run()
#5 {main}
CRITICAL - 2023-11-11 08:58:09 --> Class 'App\Libraries\Exception' not found
#0 /home/eventodigital/public_html/api_controlAccesos/app/Controllers/RestController.php(185): App\Libraries\vCard->__construct(false, 'FBMi442AG7fOAOw...')
#1 /home/eventodigital/public_html/api_controlAccesos/system/CodeIgniter.php(832): App\Controllers\RestController->create()
#2 /home/eventodigital/public_html/api_controlAccesos/system/CodeIgniter.php(419): CodeIgniter\CodeIgniter->runController(Object(App\Controllers\RestController))
#3 /home/eventodigital/public_html/api_controlAccesos/system/CodeIgniter.php(326): CodeIgniter\CodeIgniter->handleRequest(NULL, Object(Config\Cache), false)
#4 /home/eventodigital/public_html/api_controlAccesos/public/index.php(37): CodeIgniter\CodeIgniter->run()
#5 {main}
CRITICAL - 2023-11-11 09:01:30 --> Class 'App\Libraries\Exception' not found
#0 /home/eventodigital/public_html/api_controlAccesos/app/Controllers/RestController.php(185): App\Libraries\vCard->__construct(false, 'FBMi4dYAG7dOwHA...')
#1 /home/eventodigital/public_html/api_controlAccesos/system/CodeIgniter.php(832): App\Controllers\RestController->create()
#2 /home/eventodigital/public_html/api_controlAccesos/system/CodeIgniter.php(419): CodeIgniter\CodeIgniter->runController(Object(App\Controllers\RestController))
#3 /home/eventodigital/public_html/api_controlAccesos/system/CodeIgniter.php(326): CodeIgniter\CodeIgniter->handleRequest(NULL, Object(Config\Cache), false)
#4 /home/eventodigital/public_html/api_controlAccesos/public/index.php(37): CodeIgniter\CodeIgniter->run()
#5 {main}
CRITICAL - 2023-11-11 09:01:35 --> Class 'App\Libraries\Exception' not found
#0 /home/eventodigital/public_html/api_controlAccesos/app/Controllers/RestController.php(185): App\Libraries\vCard->__construct(false, 'FBMi4dYAG7dOwKg...')
#1 /home/eventodigital/public_html/api_controlAccesos/system/CodeIgniter.php(832): App\Controllers\RestController->create()
#2 /home/eventodigital/public_html/api_controlAccesos/system/CodeIgniter.php(419): CodeIgniter\CodeIgniter->runController(Object(App\Controllers\RestController))
#3 /home/eventodigital/public_html/api_controlAccesos/system/CodeIgniter.php(326): CodeIgniter\CodeIgniter->handleRequest(NULL, Object(Config\Cache), false)
#4 /home/eventodigital/public_html/api_controlAccesos/public/index.php(37): CodeIgniter\CodeIgniter->run()
#5 {main}
CRITICAL - 2023-11-11 09:01:40 --> Class 'App\Libraries\Exception' not found
#0 /home/eventodigital/public_html/api_controlAccesos/app/Controllers/RestController.php(185): App\Libraries\vCard->__construct(false, 'FBMi4dYAG7dOwPA...')
#1 /home/eventodigital/public_html/api_controlAccesos/system/CodeIgniter.php(832): App\Controllers\RestController->create()
#2 /home/eventodigital/public_html/api_controlAccesos/system/CodeIgniter.php(419): CodeIgniter\CodeIgniter->runController(Object(App\Controllers\RestController))
#3 /home/eventodigital/public_html/api_controlAccesos/system/CodeIgniter.php(326): CodeIgniter\CodeIgniter->handleRequest(NULL, Object(Config\Cache), false)
#4 /home/eventodigital/public_html/api_controlAccesos/public/index.php(37): CodeIgniter\CodeIgniter->run()
#5 {main}
CRITICAL - 2023-11-11 09:01:47 --> Class 'App\Libraries\Exception' not found
#0 /home/eventodigital/public_html/api_controlAccesos/app/Controllers/RestController.php(185): App\Libraries\vCard->__construct(false, 'FBMi442AG7GLwHw...')
#1 /home/eventodigital/public_html/api_controlAccesos/system/CodeIgniter.php(832): App\Controllers\RestController->create()
#2 /home/eventodigital/public_html/api_controlAccesos/system/CodeIgniter.php(419): CodeIgniter\CodeIgniter->runController(Object(App\Controllers\RestController))
#3 /home/eventodigital/public_html/api_controlAccesos/system/CodeIgniter.php(326): CodeIgniter\CodeIgniter->handleRequest(NULL, Object(Config\Cache), false)
#4 /home/eventodigital/public_html/api_controlAccesos/public/index.php(37): CodeIgniter\CodeIgniter->run()
#5 {main}
CRITICAL - 2023-11-11 09:02:06 --> Class 'App\Libraries\Exception' not found
#0 /home/eventodigital/public_html/api_controlAccesos/app/Controllers/RestController.php(185): App\Libraries\vCard->__construct(false, 'FBMi4a0AG5lCwHg...')
#1 /home/eventodigital/public_html/api_controlAccesos/system/CodeIgniter.php(832): App\Controllers\RestController->create()
#2 /home/eventodigital/public_html/api_controlAccesos/system/CodeIgniter.php(419): CodeIgniter\CodeIgniter->runController(Object(App\Controllers\RestController))
#3 /home/eventodigital/public_html/api_controlAccesos/system/CodeIgniter.php(326): CodeIgniter\CodeIgniter->handleRequest(NULL, Object(Config\Cache), false)
#4 /home/eventodigital/public_html/api_controlAccesos/public/index.php(37): CodeIgniter\CodeIgniter->run()
#5 {main}
CRITICAL - 2023-11-11 09:09:23 --> Class 'App\Libraries\Exception' not found
#0 /home/eventodigital/public_html/api_controlAccesos/app/Controllers/RestController.php(185): App\Libraries\vCard->__construct(false, 'FBMi442AG57-QHw...')
#1 /home/eventodigital/public_html/api_controlAccesos/system/CodeIgniter.php(832): App\Controllers\RestController->create()
#2 /home/eventodigital/public_html/api_controlAccesos/system/CodeIgniter.php(419): CodeIgniter\CodeIgniter->runController(Object(App\Controllers\RestController))
#3 /home/eventodigital/public_html/api_controlAccesos/system/CodeIgniter.php(326): CodeIgniter\CodeIgniter->handleRequest(NULL, Object(Config\Cache), false)
#4 /home/eventodigital/public_html/api_controlAccesos/public/index.php(37): CodeIgniter\CodeIgniter->run()
#5 {main}
CRITICAL - 2023-11-11 09:09:27 --> Class 'App\Libraries\Exception' not found
#0 /home/eventodigital/public_html/api_controlAccesos/app/Controllers/RestController.php(185): App\Libraries\vCard->__construct(false, 'FBMi442AG57-QLg...')
#1 /home/eventodigital/public_html/api_controlAccesos/system/CodeIgniter.php(832): App\Controllers\RestController->create()
#2 /home/eventodigital/public_html/api_controlAccesos/system/CodeIgniter.php(419): CodeIgniter\CodeIgniter->runController(Object(App\Controllers\RestController))
#3 /home/eventodigital/public_html/api_controlAccesos/system/CodeIgniter.php(326): CodeIgniter\CodeIgniter->handleRequest(NULL, Object(Config\Cache), false)
#4 /home/eventodigital/public_html/api_controlAccesos/public/index.php(37): CodeIgniter\CodeIgniter->run()
#5 {main}
CRITICAL - 2023-11-11 09:11:37 --> Class 'App\Libraries\Exception' not found
#0 /home/eventodigital/public_html/api_controlAccesos/app/Controllers/RestController.php(185): App\Libraries\vCard->__construct(false, 'FBMi4a0AG67jwHQ...')
#1 /home/eventodigital/public_html/api_controlAccesos/system/CodeIgniter.php(832): App\Controllers\RestController->create()
#2 /home/eventodigital/public_html/api_controlAccesos/system/CodeIgniter.php(419): CodeIgniter\CodeIgniter->runController(Object(App\Controllers\RestController))
#3 /home/eventodigital/public_html/api_controlAccesos/system/CodeIgniter.php(326): CodeIgniter\CodeIgniter->handleRequest(NULL, Object(Config\Cache), false)
#4 /home/eventodigital/public_html/api_controlAccesos/public/index.php(37): CodeIgniter\CodeIgniter->run()
#5 {main}
CRITICAL - 2023-11-11 09:11:38 --> Class 'App\Libraries\Exception' not found
#0 /home/eventodigital/public_html/api_controlAccesos/app/Controllers/RestController.php(185): App\Libraries\vCard->__construct(false, 'FBMi442AG7PpQHA...')
#1 /home/eventodigital/public_html/api_controlAccesos/system/CodeIgniter.php(832): App\Controllers\RestController->create()
#2 /home/eventodigital/public_html/api_controlAccesos/system/CodeIgniter.php(419): CodeIgniter\CodeIgniter->runController(Object(App\Controllers\RestController))
#3 /home/eventodigital/public_html/api_controlAccesos/system/CodeIgniter.php(326): CodeIgniter\CodeIgniter->handleRequest(NULL, Object(Config\Cache), false)
#4 /home/eventodigital/public_html/api_controlAccesos/public/index.php(37): CodeIgniter\CodeIgniter->run()
#5 {main}
CRITICAL - 2023-11-11 09:12:13 --> Class 'App\Libraries\Exception' not found
#0 /home/eventodigital/public_html/api_controlAccesos/app/Controllers/RestController.php(185): App\Libraries\vCard->__construct(false, 'FBMi4dYAG7bvgKg...')
#1 /home/eventodigital/public_html/api_controlAccesos/system/CodeIgniter.php(832): App\Controllers\RestController->create()
#2 /home/eventodigital/public_html/api_controlAccesos/system/CodeIgniter.php(419): CodeIgniter\CodeIgniter->runController(Object(App\Controllers\RestController))
#3 /home/eventodigital/public_html/api_controlAccesos/system/CodeIgniter.php(326): CodeIgniter\CodeIgniter->handleRequest(NULL, Object(Config\Cache), false)
#4 /home/eventodigital/public_html/api_controlAccesos/public/index.php(37): CodeIgniter\CodeIgniter->run()
#5 {main}
CRITICAL - 2023-11-11 09:12:16 --> Class 'App\Libraries\Exception' not found
#0 /home/eventodigital/public_html/api_controlAccesos/app/Controllers/RestController.php(185): App\Libraries\vCard->__construct(false, 'FBMi4dYAG7bvgGw...')
#1 /home/eventodigital/public_html/api_controlAccesos/system/CodeIgniter.php(832): App\Controllers\RestController->create()
#2 /home/eventodigital/public_html/api_controlAccesos/system/CodeIgniter.php(419): CodeIgniter\CodeIgniter->runController(Object(App\Controllers\RestController))
#3 /home/eventodigital/public_html/api_controlAccesos/system/CodeIgniter.php(326): CodeIgniter\CodeIgniter->handleRequest(NULL, Object(Config\Cache), false)
#4 /home/eventodigital/public_html/api_controlAccesos/public/index.php(37): CodeIgniter\CodeIgniter->run()
#5 {main}
CRITICAL - 2023-11-11 09:23:30 --> Class 'App\Libraries\Exception' not found
#0 /home/eventodigital/public_html/api_controlAccesos/app/Controllers/RestController.php(185): App\Libraries\vCard->__construct(false, 'FBMi4a0AG6ilwHg...')
#1 /home/eventodigital/public_html/api_controlAccesos/system/CodeIgniter.php(832): App\Controllers\RestController->create()
#2 /home/eventodigital/public_html/api_controlAccesos/system/CodeIgniter.php(419): CodeIgniter\CodeIgniter->runController(Object(App\Controllers\RestController))
#3 /home/eventodigital/public_html/api_controlAccesos/system/CodeIgniter.php(326): CodeIgniter\CodeIgniter->handleRequest(NULL, Object(Config\Cache), false)
#4 /home/eventodigital/public_html/api_controlAccesos/public/index.php(37): CodeIgniter\CodeIgniter->run()
#5 {main}
CRITICAL - 2023-11-11 09:26:35 --> Class 'App\Libraries\Exception' not found
#0 /home/eventodigital/public_html/api_controlAccesos/app/Controllers/RestController.php(185): App\Libraries\vCard->__construct(false, 'FBMi442AG6g8gHg...')
#1 /home/eventodigital/public_html/api_controlAccesos/system/CodeIgniter.php(832): App\Controllers\RestController->create()
#2 /home/eventodigital/public_html/api_controlAccesos/system/CodeIgniter.php(419): CodeIgniter\CodeIgniter->runController(Object(App\Controllers\RestController))
#3 /home/eventodigital/public_html/api_controlAccesos/system/CodeIgniter.php(326): CodeIgniter\CodeIgniter->handleRequest(NULL, Object(Config\Cache), false)
#4 /home/eventodigital/public_html/api_controlAccesos/public/index.php(37): CodeIgniter\CodeIgniter->run()
#5 {main}
CRITICAL - 2023-11-11 09:26:38 --> Class 'App\Libraries\Exception' not found
#0 /home/eventodigital/public_html/api_controlAccesos/app/Controllers/RestController.php(185): App\Libraries\vCard->__construct(false, '478212XLN4G9TX')
#1 /home/eventodigital/public_html/api_controlAccesos/system/CodeIgniter.php(832): App\Controllers\RestController->create()
#2 /home/eventodigital/public_html/api_controlAccesos/system/CodeIgniter.php(419): CodeIgniter\CodeIgniter->runController(Object(App\Controllers\RestController))
#3 /home/eventodigital/public_html/api_controlAccesos/system/CodeIgniter.php(326): CodeIgniter\CodeIgniter->handleRequest(NULL, Object(Config\Cache), false)
#4 /home/eventodigital/public_html/api_controlAccesos/public/index.php(37): CodeIgniter\CodeIgniter->run()
#5 {main}
CRITICAL - 2023-11-11 09:26:43 --> Class 'App\Libraries\Exception' not found
#0 /home/eventodigital/public_html/api_controlAccesos/app/Controllers/RestController.php(185): App\Libraries\vCard->__construct(false, 'FBMi442AG6g2QHg...')
#1 /home/eventodigital/public_html/api_controlAccesos/system/CodeIgniter.php(832): App\Controllers\RestController->create()
#2 /home/eventodigital/public_html/api_controlAccesos/system/CodeIgniter.php(419): CodeIgniter\CodeIgniter->runController(Object(App\Controllers\RestController))
#3 /home/eventodigital/public_html/api_controlAccesos/system/CodeIgniter.php(326): CodeIgniter\CodeIgniter->handleRequest(NULL, Object(Config\Cache), false)
#4 /home/eventodigital/public_html/api_controlAccesos/public/index.php(37): CodeIgniter\CodeIgniter->run()
#5 {main}
CRITICAL - 2023-11-11 09:30:53 --> Class 'App\Libraries\Exception' not found
#0 /home/eventodigital/public_html/api_controlAccesos/app/Controllers/RestController.php(185): App\Libraries\vCard->__construct(false, 'FBMi4dYAG7jVAGQ...')
#1 /home/eventodigital/public_html/api_controlAccesos/system/CodeIgniter.php(832): App\Controllers\RestController->create()
#2 /home/eventodigital/public_html/api_controlAccesos/system/CodeIgniter.php(419): CodeIgniter\CodeIgniter->runController(Object(App\Controllers\RestController))
#3 /home/eventodigital/public_html/api_controlAccesos/system/CodeIgniter.php(326): CodeIgniter\CodeIgniter->handleRequest(NULL, Object(Config\Cache), false)
#4 /home/eventodigital/public_html/api_controlAccesos/public/index.php(37): CodeIgniter\CodeIgniter->run()
#5 {main}
CRITICAL - 2023-11-11 09:30:56 --> Class 'App\Libraries\Exception' not found
#0 /home/eventodigital/public_html/api_controlAccesos/app/Controllers/RestController.php(185): App\Libraries\vCard->__construct(false, 'FBMi4dYAG7jVAKg...')
#1 /home/eventodigital/public_html/api_controlAccesos/system/CodeIgniter.php(832): App\Controllers\RestController->create()
#2 /home/eventodigital/public_html/api_controlAccesos/system/CodeIgniter.php(419): CodeIgniter\CodeIgniter->runController(Object(App\Controllers\RestController))
#3 /home/eventodigital/public_html/api_controlAccesos/system/CodeIgniter.php(326): CodeIgniter\CodeIgniter->handleRequest(NULL, Object(Config\Cache), false)
#4 /home/eventodigital/public_html/api_controlAccesos/public/index.php(37): CodeIgniter\CodeIgniter->run()
#5 {main}
CRITICAL - 2023-11-11 09:32:03 --> Class 'App\Libraries\Exception' not found
#0 /home/eventodigital/public_html/api_controlAccesos/app/Controllers/RestController.php(185): App\Libraries\vCard->__construct(false, 'FBMi442AG7VQgHQ...')
#1 /home/eventodigital/public_html/api_controlAccesos/system/CodeIgniter.php(832): App\Controllers\RestController->create()
#2 /home/eventodigital/public_html/api_controlAccesos/system/CodeIgniter.php(419): CodeIgniter\CodeIgniter->runController(Object(App\Controllers\RestController))
#3 /home/eventodigital/public_html/api_controlAccesos/system/CodeIgniter.php(326): CodeIgniter\CodeIgniter->handleRequest(NULL, Object(Config\Cache), false)
#4 /home/eventodigital/public_html/api_controlAccesos/public/index.php(37): CodeIgniter\CodeIgniter->run()
#5 {main}
CRITICAL - 2023-11-11 09:32:18 --> Class 'App\Libraries\Exception' not found
#0 /home/eventodigital/public_html/api_controlAccesos/app/Controllers/RestController.php(185): App\Libraries\vCard->__construct(false, 'FBMi4a0AG6OoAGQ...')
#1 /home/eventodigital/public_html/api_controlAccesos/system/CodeIgniter.php(832): App\Controllers\RestController->create()
#2 /home/eventodigital/public_html/api_controlAccesos/system/CodeIgniter.php(419): CodeIgniter\CodeIgniter->runController(Object(App\Controllers\RestController))
#3 /home/eventodigital/public_html/api_controlAccesos/system/CodeIgniter.php(326): CodeIgniter\CodeIgniter->handleRequest(NULL, Object(Config\Cache), false)
#4 /home/eventodigital/public_html/api_controlAccesos/public/index.php(37): CodeIgniter\CodeIgniter->run()
#5 {main}
CRITICAL - 2023-11-11 09:32:21 --> Class 'App\Libraries\Exception' not found
#0 /home/eventodigital/public_html/api_controlAccesos/app/Controllers/RestController.php(185): App\Libraries\vCard->__construct(false, 'FBMi4a0AG6OoALQ...')
#1 /home/eventodigital/public_html/api_controlAccesos/system/CodeIgniter.php(832): App\Controllers\RestController->create()
#2 /home/eventodigital/public_html/api_controlAccesos/system/CodeIgniter.php(419): CodeIgniter\CodeIgniter->runController(Object(App\Controllers\RestController))
#3 /home/eventodigital/public_html/api_controlAccesos/system/CodeIgniter.php(326): CodeIgniter\CodeIgniter->handleRequest(NULL, Object(Config\Cache), false)
#4 /home/eventodigital/public_html/api_controlAccesos/public/index.php(37): CodeIgniter\CodeIgniter->run()
#5 {main}
CRITICAL - 2023-11-11 09:32:24 --> Class 'App\Libraries\Exception' not found
#0 /home/eventodigital/public_html/api_controlAccesos/app/Controllers/RestController.php(185): App\Libraries\vCard->__construct(false, 'FBMi442AG6OoAPA...')
#1 /home/eventodigital/public_html/api_controlAccesos/system/CodeIgniter.php(832): App\Controllers\RestController->create()
#2 /home/eventodigital/public_html/api_controlAccesos/system/CodeIgniter.php(419): CodeIgniter\CodeIgniter->runController(Object(App\Controllers\RestController))
#3 /home/eventodigital/public_html/api_controlAccesos/system/CodeIgniter.php(326): CodeIgniter\CodeIgniter->handleRequest(NULL, Object(Config\Cache), false)
#4 /home/eventodigital/public_html/api_controlAccesos/public/index.php(37): CodeIgniter\CodeIgniter->run()
#5 {main}
CRITICAL - 2023-11-11 09:33:35 --> Class 'App\Libraries\Exception' not found
#0 /home/eventodigital/public_html/api_controlAccesos/app/Controllers/RestController.php(185): App\Libraries\vCard->__construct(false, 'FBMi442AG7VAAHA...')
#1 /home/eventodigital/public_html/api_controlAccesos/system/CodeIgniter.php(832): App\Controllers\RestController->create()
#2 /home/eventodigital/public_html/api_controlAccesos/system/CodeIgniter.php(419): CodeIgniter\CodeIgniter->runController(Object(App\Controllers\RestController))
#3 /home/eventodigital/public_html/api_controlAccesos/system/CodeIgniter.php(326): CodeIgniter\CodeIgniter->handleRequest(NULL, Object(Config\Cache), false)
#4 /home/eventodigital/public_html/api_controlAccesos/public/index.php(37): CodeIgniter\CodeIgniter->run()
#5 {main}
CRITICAL - 2023-11-11 09:36:02 --> Class 'App\Libraries\Exception' not found
#0 /home/eventodigital/public_html/api_controlAccesos/app/Controllers/RestController.php(185): App\Libraries\vCard->__construct(false, 'FBMi4a0AG7HZQHg...')
#1 /home/eventodigital/public_html/api_controlAccesos/system/CodeIgniter.php(832): App\Controllers\RestController->create()
#2 /home/eventodigital/public_html/api_controlAccesos/system/CodeIgniter.php(419): CodeIgniter\CodeIgniter->runController(Object(App\Controllers\RestController))
#3 /home/eventodigital/public_html/api_controlAccesos/system/CodeIgniter.php(326): CodeIgniter\CodeIgniter->handleRequest(NULL, Object(Config\Cache), false)
#4 /home/eventodigital/public_html/api_controlAccesos/public/index.php(37): CodeIgniter\CodeIgniter->run()
#5 {main}
CRITICAL - 2023-11-11 09:36:02 --> Class 'App\Libraries\Exception' not found
#0 /home/eventodigital/public_html/api_controlAccesos/app/Controllers/RestController.php(185): App\Libraries\vCard->__construct(false, 'FBMi442AG7CBwOw...')
#1 /home/eventodigital/public_html/api_controlAccesos/system/CodeIgniter.php(832): App\Controllers\RestController->create()
#2 /home/eventodigital/public_html/api_controlAccesos/system/CodeIgniter.php(419): CodeIgniter\CodeIgniter->runController(Object(App\Controllers\RestController))
#3 /home/eventodigital/public_html/api_controlAccesos/system/CodeIgniter.php(326): CodeIgniter\CodeIgniter->handleRequest(NULL, Object(Config\Cache), false)
#4 /home/eventodigital/public_html/api_controlAccesos/public/index.php(37): CodeIgniter\CodeIgniter->run()
#5 {main}
CRITICAL - 2023-11-11 09:36:06 --> Class 'App\Libraries\Exception' not found
#0 /home/eventodigital/public_html/api_controlAccesos/app/Controllers/RestController.php(185): App\Libraries\vCard->__construct(false, 'FBMi442AG7CBwGw...')
#1 /home/eventodigital/public_html/api_controlAccesos/system/CodeIgniter.php(832): App\Controllers\RestController->create()
#2 /home/eventodigital/public_html/api_controlAccesos/system/CodeIgniter.php(419): CodeIgniter\CodeIgniter->runController(Object(App\Controllers\RestController))
#3 /home/eventodigital/public_html/api_controlAccesos/system/CodeIgniter.php(326): CodeIgniter\CodeIgniter->handleRequest(NULL, Object(Config\Cache), false)
#4 /home/eventodigital/public_html/api_controlAccesos/public/index.php(37): CodeIgniter\CodeIgniter->run()
#5 {main}
CRITICAL - 2023-11-11 09:36:09 --> Class 'App\Libraries\Exception' not found
#0 /home/eventodigital/public_html/api_controlAccesos/app/Controllers/RestController.php(185): App\Libraries\vCard->__construct(false, 'FBMi442AG7CBwKw...')
#1 /home/eventodigital/public_html/api_controlAccesos/system/CodeIgniter.php(832): App\Controllers\RestController->create()
#2 /home/eventodigital/public_html/api_controlAccesos/system/CodeIgniter.php(419): CodeIgniter\CodeIgniter->runController(Object(App\Controllers\RestController))
#3 /home/eventodigital/public_html/api_controlAccesos/system/CodeIgniter.php(326): CodeIgniter\CodeIgniter->handleRequest(NULL, Object(Config\Cache), false)
#4 /home/eventodigital/public_html/api_controlAccesos/public/index.php(37): CodeIgniter\CodeIgniter->run()
#5 {main}
CRITICAL - 2023-11-11 09:39:03 --> Class 'App\Libraries\Exception' not found
#0 /home/eventodigital/public_html/api_controlAccesos/app/Controllers/RestController.php(185): App\Libraries\vCard->__construct(false, 'FBMi442AG7kIwOw...')
#1 /home/eventodigital/public_html/api_controlAccesos/system/CodeIgniter.php(832): App\Controllers\RestController->create()
#2 /home/eventodigital/public_html/api_controlAccesos/system/CodeIgniter.php(419): CodeIgniter\CodeIgniter->runController(Object(App\Controllers\RestController))
#3 /home/eventodigital/public_html/api_controlAccesos/system/CodeIgniter.php(326): CodeIgniter\CodeIgniter->handleRequest(NULL, Object(Config\Cache), false)
#4 /home/eventodigital/public_html/api_controlAccesos/public/index.php(37): CodeIgniter\CodeIgniter->run()
#5 {main}
CRITICAL - 2023-11-11 09:39:05 --> Class 'App\Libraries\Exception' not found
#0 /home/eventodigital/public_html/api_controlAccesos/app/Controllers/RestController.php(185): App\Libraries\vCard->__construct(false, 'FBMi442AG7kIwLg...')
#1 /home/eventodigital/public_html/api_controlAccesos/system/CodeIgniter.php(832): App\Controllers\RestController->create()
#2 /home/eventodigital/public_html/api_controlAccesos/system/CodeIgniter.php(419): CodeIgniter\CodeIgniter->runController(Object(App\Controllers\RestController))
#3 /home/eventodigital/public_html/api_controlAccesos/system/CodeIgniter.php(326): CodeIgniter\CodeIgniter->handleRequest(NULL, Object(Config\Cache), false)
#4 /home/eventodigital/public_html/api_controlAccesos/public/index.php(37): CodeIgniter\CodeIgniter->run()
#5 {main}
CRITICAL - 2023-11-11 09:39:07 --> Class 'App\Libraries\Exception' not found
#0 /home/eventodigital/public_html/api_controlAccesos/app/Controllers/RestController.php(185): App\Libraries\vCard->__construct(false, 'FBMi442AG7kIwLg...')
#1 /home/eventodigital/public_html/api_controlAccesos/system/CodeIgniter.php(832): App\Controllers\RestController->create()
#2 /home/eventodigital/public_html/api_controlAccesos/system/CodeIgniter.php(419): CodeIgniter\CodeIgniter->runController(Object(App\Controllers\RestController))
#3 /home/eventodigital/public_html/api_controlAccesos/system/CodeIgniter.php(326): CodeIgniter\CodeIgniter->handleRequest(NULL, Object(Config\Cache), false)
#4 /home/eventodigital/public_html/api_controlAccesos/public/index.php(37): CodeIgniter\CodeIgniter->run()
#5 {main}
CRITICAL - 2023-11-11 09:41:59 --> Class 'App\Libraries\Exception' not found
#0 /home/eventodigital/public_html/api_controlAccesos/app/Controllers/RestController.php(185): App\Libraries\vCard->__construct(false, 'FBMi442AG6tTgXQ...')
#1 /home/eventodigital/public_html/api_controlAccesos/system/CodeIgniter.php(832): App\Controllers\RestController->create()
#2 /home/eventodigital/public_html/api_controlAccesos/system/CodeIgniter.php(419): CodeIgniter\CodeIgniter->runController(Object(App\Controllers\RestController))
#3 /home/eventodigital/public_html/api_controlAccesos/system/CodeIgniter.php(326): CodeIgniter\CodeIgniter->handleRequest(NULL, Object(Config\Cache), false)
#4 /home/eventodigital/public_html/api_controlAccesos/public/index.php(37): CodeIgniter\CodeIgniter->run()
#5 {main}
CRITICAL - 2023-11-11 09:42:07 --> Class 'App\Libraries\Exception' not found
#0 /home/eventodigital/public_html/api_controlAccesos/app/Controllers/RestController.php(185): App\Libraries\vCard->__construct(false, 'FBMi442AG6tTgaw...')
#1 /home/eventodigital/public_html/api_controlAccesos/system/CodeIgniter.php(832): App\Controllers\RestController->create()
#2 /home/eventodigital/public_html/api_controlAccesos/system/CodeIgniter.php(419): CodeIgniter\CodeIgniter->runController(Object(App\Controllers\RestController))
#3 /home/eventodigital/public_html/api_controlAccesos/system/CodeIgniter.php(326): CodeIgniter\CodeIgniter->handleRequest(NULL, Object(Config\Cache), false)
#4 /home/eventodigital/public_html/api_controlAccesos/public/index.php(37): CodeIgniter\CodeIgniter->run()
#5 {main}
CRITICAL - 2023-11-11 09:42:10 --> Class 'App\Libraries\Exception' not found
#0 /home/eventodigital/public_html/api_controlAccesos/app/Controllers/RestController.php(185): App\Libraries\vCard->__construct(false, 'FBMi442AG6tTgeQ...')
#1 /home/eventodigital/public_html/api_controlAccesos/system/CodeIgniter.php(832): App\Controllers\RestController->create()
#2 /home/eventodigital/public_html/api_controlAccesos/system/CodeIgniter.php(419): CodeIgniter\CodeIgniter->runController(Object(App\Controllers\RestController))
#3 /home/eventodigital/public_html/api_controlAccesos/system/CodeIgniter.php(326): CodeIgniter\CodeIgniter->handleRequest(NULL, Object(Config\Cache), false)
#4 /home/eventodigital/public_html/api_controlAccesos/public/index.php(37): CodeIgniter\CodeIgniter->run()
#5 {main}
CRITICAL - 2023-11-11 09:43:53 --> Class 'App\Libraries\Exception' not found
#0 /home/eventodigital/public_html/api_controlAccesos/app/Controllers/RestController.php(185): App\Libraries\vCard->__construct(false, 'FBMi442AG7jZgGw...')
#1 /home/eventodigital/public_html/api_controlAccesos/system/CodeIgniter.php(832): App\Controllers\RestController->create()
#2 /home/eventodigital/public_html/api_controlAccesos/system/CodeIgniter.php(419): CodeIgniter\CodeIgniter->runController(Object(App\Controllers\RestController))
#3 /home/eventodigital/public_html/api_controlAccesos/system/CodeIgniter.php(326): CodeIgniter\CodeIgniter->handleRequest(NULL, Object(Config\Cache), false)
#4 /home/eventodigital/public_html/api_controlAccesos/public/index.php(37): CodeIgniter\CodeIgniter->run()
#5 {main}
CRITICAL - 2023-11-11 09:58:17 --> Class 'App\Libraries\Exception' not found
#0 /home/eventodigital/public_html/api_controlAccesos/app/Controllers/RestController.php(185): App\Libraries\vCard->__construct(false, 'FBMi4a0AG6StAHg...')
#1 /home/eventodigital/public_html/api_controlAccesos/system/CodeIgniter.php(832): App\Controllers\RestController->create()
#2 /home/eventodigital/public_html/api_controlAccesos/system/CodeIgniter.php(419): CodeIgniter\CodeIgniter->runController(Object(App\Controllers\RestController))
#3 /home/eventodigital/public_html/api_controlAccesos/system/CodeIgniter.php(326): CodeIgniter\CodeIgniter->handleRequest(NULL, Object(Config\Cache), false)
#4 /home/eventodigital/public_html/api_controlAccesos/public/index.php(37): CodeIgniter\CodeIgniter->run()
#5 {main}
CRITICAL - 2023-11-11 09:58:19 --> Class 'App\Libraries\Exception' not found
#0 /home/eventodigital/public_html/api_controlAccesos/app/Controllers/RestController.php(185): App\Libraries\vCard->__construct(false, 'FBMi4a0AG6StAKg...')
#1 /home/eventodigital/public_html/api_controlAccesos/system/CodeIgniter.php(832): App\Controllers\RestController->create()
#2 /home/eventodigital/public_html/api_controlAccesos/system/CodeIgniter.php(419): CodeIgniter\CodeIgniter->runController(Object(App\Controllers\RestController))
#3 /home/eventodigital/public_html/api_controlAccesos/system/CodeIgniter.php(326): CodeIgniter\CodeIgniter->handleRequest(NULL, Object(Config\Cache), false)
#4 /home/eventodigital/public_html/api_controlAccesos/public/index.php(37): CodeIgniter\CodeIgniter->run()
#5 {main}
CRITICAL - 2023-11-11 09:58:27 --> Class 'App\Libraries\Exception' not found
#0 /home/eventodigital/public_html/api_controlAccesos/app/Controllers/RestController.php(185): App\Libraries\vCard->__construct(false, 'FBMi442AG7mEQGg...')
#1 /home/eventodigital/public_html/api_controlAccesos/system/CodeIgniter.php(832): App\Controllers\RestController->create()
#2 /home/eventodigital/public_html/api_controlAccesos/system/CodeIgniter.php(419): CodeIgniter\CodeIgniter->runController(Object(App\Controllers\RestController))
#3 /home/eventodigital/public_html/api_controlAccesos/system/CodeIgniter.php(326): CodeIgniter\CodeIgniter->handleRequest(NULL, Object(Config\Cache), false)
#4 /home/eventodigital/public_html/api_controlAccesos/public/index.php(37): CodeIgniter\CodeIgniter->run()
#5 {main}
CRITICAL - 2023-11-11 09:59:35 --> Class 'App\Libraries\Exception' not found
#0 /home/eventodigital/public_html/api_controlAccesos/app/Controllers/RestController.php(185): App\Libraries\vCard->__construct(false, 'FBMi4a0AG627AGw...')
#1 /home/eventodigital/public_html/api_controlAccesos/system/CodeIgniter.php(832): App\Controllers\RestController->create()
#2 /home/eventodigital/public_html/api_controlAccesos/system/CodeIgniter.php(419): CodeIgniter\CodeIgniter->runController(Object(App\Controllers\RestController))
#3 /home/eventodigital/public_html/api_controlAccesos/system/CodeIgniter.php(326): CodeIgniter\CodeIgniter->handleRequest(NULL, Object(Config\Cache), false)
#4 /home/eventodigital/public_html/api_controlAccesos/public/index.php(37): CodeIgniter\CodeIgniter->run()
#5 {main}
CRITICAL - 2023-11-11 09:59:39 --> Class 'App\Libraries\Exception' not found
#0 /home/eventodigital/public_html/api_controlAccesos/app/Controllers/RestController.php(185): App\Libraries\vCard->__construct(false, 'FBMi4a0AG627ALw...')
#1 /home/eventodigital/public_html/api_controlAccesos/system/CodeIgniter.php(832): App\Controllers\RestController->create()
#2 /home/eventodigital/public_html/api_controlAccesos/system/CodeIgniter.php(419): CodeIgniter\CodeIgniter->runController(Object(App\Controllers\RestController))
#3 /home/eventodigital/public_html/api_controlAccesos/system/CodeIgniter.php(326): CodeIgniter\CodeIgniter->handleRequest(NULL, Object(Config\Cache), false)
#4 /home/eventodigital/public_html/api_controlAccesos/public/index.php(37): CodeIgniter\CodeIgniter->run()
#5 {main}
CRITICAL - 2023-11-11 09:59:56 --> Class 'App\Libraries\Exception' not found
#0 /home/eventodigital/public_html/api_controlAccesos/app/Controllers/RestController.php(185): App\Libraries\vCard->__construct(false, 'FBMi442AG7VQgHQ...')
#1 /home/eventodigital/public_html/api_controlAccesos/system/CodeIgniter.php(832): App\Controllers\RestController->create()
#2 /home/eventodigital/public_html/api_controlAccesos/system/CodeIgniter.php(419): CodeIgniter\CodeIgniter->runController(Object(App\Controllers\RestController))
#3 /home/eventodigital/public_html/api_controlAccesos/system/CodeIgniter.php(326): CodeIgniter\CodeIgniter->handleRequest(NULL, Object(Config\Cache), false)
#4 /home/eventodigital/public_html/api_controlAccesos/public/index.php(37): CodeIgniter\CodeIgniter->run()
#5 {main}
CRITICAL - 2023-11-11 10:03:01 --> Class 'App\Libraries\Exception' not found
#0 /home/eventodigital/public_html/api_controlAccesos/app/Controllers/RestController.php(185): App\Libraries\vCard->__construct(false, 'FBMi4a0AG7CwgHw...')
#1 /home/eventodigital/public_html/api_controlAccesos/system/CodeIgniter.php(832): App\Controllers\RestController->create()
#2 /home/eventodigital/public_html/api_controlAccesos/system/CodeIgniter.php(419): CodeIgniter\CodeIgniter->runController(Object(App\Controllers\RestController))
#3 /home/eventodigital/public_html/api_controlAccesos/system/CodeIgniter.php(326): CodeIgniter\CodeIgniter->handleRequest(NULL, Object(Config\Cache), false)
#4 /home/eventodigital/public_html/api_controlAccesos/public/index.php(37): CodeIgniter\CodeIgniter->run()
#5 {main}
CRITICAL - 2023-11-11 10:03:04 --> Class 'App\Libraries\Exception' not found
#0 /home/eventodigital/public_html/api_controlAccesos/app/Controllers/RestController.php(185): App\Libraries\vCard->__construct(false, 'FBMi442AG7l6QHw...')
#1 /home/eventodigital/public_html/api_controlAccesos/system/CodeIgniter.php(832): App\Controllers\RestController->create()
#2 /home/eventodigital/public_html/api_controlAccesos/system/CodeIgniter.php(419): CodeIgniter\CodeIgniter->runController(Object(App\Controllers\RestController))
#3 /home/eventodigital/public_html/api_controlAccesos/system/CodeIgniter.php(326): CodeIgniter\CodeIgniter->handleRequest(NULL, Object(Config\Cache), false)
#4 /home/eventodigital/public_html/api_controlAccesos/public/index.php(37): CodeIgniter\CodeIgniter->run()
#5 {main}
CRITICAL - 2023-11-11 10:03:08 --> Class 'App\Libraries\Exception' not found
#0 /home/eventodigital/public_html/api_controlAccesos/app/Controllers/RestController.php(185): App\Libraries\vCard->__construct(false, 'FBMi442AG7l6QLA...')
#1 /home/eventodigital/public_html/api_controlAccesos/system/CodeIgniter.php(832): App\Controllers\RestController->create()
#2 /home/eventodigital/public_html/api_controlAccesos/system/CodeIgniter.php(419): CodeIgniter\CodeIgniter->runController(Object(App\Controllers\RestController))
#3 /home/eventodigital/public_html/api_controlAccesos/system/CodeIgniter.php(326): CodeIgniter\CodeIgniter->handleRequest(NULL, Object(Config\Cache), false)
#4 /home/eventodigital/public_html/api_controlAccesos/public/index.php(37): CodeIgniter\CodeIgniter->run()
#5 {main}
CRITICAL - 2023-11-11 10:03:22 --> Class 'App\Libraries\Exception' not found
#0 /home/eventodigital/public_html/api_controlAccesos/app/Controllers/RestController.php(185): App\Libraries\vCard->__construct(false, 'FBMi442AG7mOAGQ...')
#1 /home/eventodigital/public_html/api_controlAccesos/system/CodeIgniter.php(832): App\Controllers\RestController->create()
#2 /home/eventodigital/public_html/api_controlAccesos/system/CodeIgniter.php(419): CodeIgniter\CodeIgniter->runController(Object(App\Controllers\RestController))
#3 /home/eventodigital/public_html/api_controlAccesos/system/CodeIgniter.php(326): CodeIgniter\CodeIgniter->handleRequest(NULL, Object(Config\Cache), false)
#4 /home/eventodigital/public_html/api_controlAccesos/public/index.php(37): CodeIgniter\CodeIgniter->run()
#5 {main}
CRITICAL - 2023-11-11 10:03:24 --> Class 'App\Libraries\Exception' not found
#0 /home/eventodigital/public_html/api_controlAccesos/app/Controllers/RestController.php(185): App\Libraries\vCard->__construct(false, 'FBMi442AG7mNQGw...')
#1 /home/eventodigital/public_html/api_controlAccesos/system/CodeIgniter.php(832): App\Controllers\RestController->create()
#2 /home/eventodigital/public_html/api_controlAccesos/system/CodeIgniter.php(419): CodeIgniter\CodeIgniter->runController(Object(App\Controllers\RestController))
#3 /home/eventodigital/public_html/api_controlAccesos/system/CodeIgniter.php(326): CodeIgniter\CodeIgniter->handleRequest(NULL, Object(Config\Cache), false)
#4 /home/eventodigital/public_html/api_controlAccesos/public/index.php(37): CodeIgniter\CodeIgniter->run()
#5 {main}
CRITICAL - 2023-11-11 10:07:32 --> Class 'App\Libraries\Exception' not found
#0 /home/eventodigital/public_html/api_controlAccesos/app/Controllers/RestController.php(185): App\Libraries\vCard->__construct(false, 'FBMi442AG7l5wGg...')
#1 /home/eventodigital/public_html/api_controlAccesos/system/CodeIgniter.php(832): App\Controllers\RestController->create()
#2 /home/eventodigital/public_html/api_controlAccesos/system/CodeIgniter.php(419): CodeIgniter\CodeIgniter->runController(Object(App\Controllers\RestController))
#3 /home/eventodigital/public_html/api_controlAccesos/system/CodeIgniter.php(326): CodeIgniter\CodeIgniter->handleRequest(NULL, Object(Config\Cache), false)
#4 /home/eventodigital/public_html/api_controlAccesos/public/index.php(37): CodeIgniter\CodeIgniter->run()
#5 {main}
CRITICAL - 2023-11-11 10:09:11 --> Class 'App\Libraries\Exception' not found
#0 /home/eventodigital/public_html/api_controlAccesos/app/Controllers/RestController.php(185): App\Libraries\vCard->__construct(false, 'FBMi4a0AG7LcQGw...')
#1 /home/eventodigital/public_html/api_controlAccesos/system/CodeIgniter.php(832): App\Controllers\RestController->create()
#2 /home/eventodigital/public_html/api_controlAccesos/system/CodeIgniter.php(419): CodeIgniter\CodeIgniter->runController(Object(App\Controllers\RestController))
#3 /home/eventodigital/public_html/api_controlAccesos/system/CodeIgniter.php(326): CodeIgniter\CodeIgniter->handleRequest(NULL, Object(Config\Cache), false)
#4 /home/eventodigital/public_html/api_controlAccesos/public/index.php(37): CodeIgniter\CodeIgniter->run()
#5 {main}
CRITICAL - 2023-11-11 10:10:18 --> Class 'App\Libraries\Exception' not found
#0 /home/eventodigital/public_html/api_controlAccesos/app/Controllers/RestController.php(185): App\Libraries\vCard->__construct(false, 'FBMi4a0AG6_7wHg...')
#1 /home/eventodigital/public_html/api_controlAccesos/system/CodeIgniter.php(832): App\Controllers\RestController->create()
#2 /home/eventodigital/public_html/api_controlAccesos/system/CodeIgniter.php(419): CodeIgniter\CodeIgniter->runController(Object(App\Controllers\RestController))
#3 /home/eventodigital/public_html/api_controlAccesos/system/CodeIgniter.php(326): CodeIgniter\CodeIgniter->handleRequest(NULL, Object(Config\Cache), false)
#4 /home/eventodigital/public_html/api_controlAccesos/public/index.php(37): CodeIgniter\CodeIgniter->run()
#5 {main}
CRITICAL - 2023-11-11 10:10:19 --> Class 'App\Libraries\Exception' not found
#0 /home/eventodigital/public_html/api_controlAccesos/app/Controllers/RestController.php(185): App\Libraries\vCard->__construct(false, 'FBMi4a0AG6_4QHQ...')
#1 /home/eventodigital/public_html/api_controlAccesos/system/CodeIgniter.php(832): App\Controllers\RestController->create()
#2 /home/eventodigital/public_html/api_controlAccesos/system/CodeIgniter.php(419): CodeIgniter\CodeIgniter->runController(Object(App\Controllers\RestController))
#3 /home/eventodigital/public_html/api_controlAccesos/system/CodeIgniter.php(326): CodeIgniter\CodeIgniter->handleRequest(NULL, Object(Config\Cache), false)
#4 /home/eventodigital/public_html/api_controlAccesos/public/index.php(37): CodeIgniter\CodeIgniter->run()
#5 {main}
CRITICAL - 2023-11-11 10:11:06 --> Class 'App\Libraries\Exception' not found
#0 /home/eventodigital/public_html/api_controlAccesos/app/Controllers/RestController.php(185): App\Libraries\vCard->__construct(false, 'FBMi4a0AG7KKAHg...')
#1 /home/eventodigital/public_html/api_controlAccesos/system/CodeIgniter.php(832): App\Controllers\RestController->create()
#2 /home/eventodigital/public_html/api_controlAccesos/system/CodeIgniter.php(419): CodeIgniter\CodeIgniter->runController(Object(App\Controllers\RestController))
#3 /home/eventodigital/public_html/api_controlAccesos/system/CodeIgniter.php(326): CodeIgniter\CodeIgniter->handleRequest(NULL, Object(Config\Cache), false)
#4 /home/eventodigital/public_html/api_controlAccesos/public/index.php(37): CodeIgniter\CodeIgniter->run()
#5 {main}
CRITICAL - 2023-11-11 10:13:05 --> Class 'App\Libraries\Exception' not found
#0 /home/eventodigital/public_html/api_controlAccesos/app/Controllers/RestController.php(185): App\Libraries\vCard->__construct(false, 'FBMi442AG6sbgGg...')
#1 /home/eventodigital/public_html/api_controlAccesos/system/CodeIgniter.php(832): App\Controllers\RestController->create()
#2 /home/eventodigital/public_html/api_controlAccesos/system/CodeIgniter.php(419): CodeIgniter\CodeIgniter->runController(Object(App\Controllers\RestController))
#3 /home/eventodigital/public_html/api_controlAccesos/system/CodeIgniter.php(326): CodeIgniter\CodeIgniter->handleRequest(NULL, Object(Config\Cache), false)
#4 /home/eventodigital/public_html/api_controlAccesos/public/index.php(37): CodeIgniter\CodeIgniter->run()
#5 {main}
CRITICAL - 2023-11-11 10:13:09 --> Class 'App\Libraries\Exception' not found
#0 /home/eventodigital/public_html/api_controlAccesos/app/Controllers/RestController.php(185): App\Libraries\vCard->__construct(false, 'FBMi442AG6sbgLA...')
#1 /home/eventodigital/public_html/api_controlAccesos/system/CodeIgniter.php(832): App\Controllers\RestController->create()
#2 /home/eventodigital/public_html/api_controlAccesos/system/CodeIgniter.php(419): CodeIgniter\CodeIgniter->runController(Object(App\Controllers\RestController))
#3 /home/eventodigital/public_html/api_controlAccesos/system/CodeIgniter.php(326): CodeIgniter\CodeIgniter->handleRequest(NULL, Object(Config\Cache), false)
#4 /home/eventodigital/public_html/api_controlAccesos/public/index.php(37): CodeIgniter\CodeIgniter->run()
#5 {main}
CRITICAL - 2023-11-11 10:13:12 --> Class 'App\Libraries\Exception' not found
#0 /home/eventodigital/public_html/api_controlAccesos/app/Controllers/RestController.php(185): App\Libraries\vCard->__construct(false, 'FBMi442AG6sbgPg...')
#1 /home/eventodigital/public_html/api_controlAccesos/system/CodeIgniter.php(832): App\Controllers\RestController->create()
#2 /home/eventodigital/public_html/api_controlAccesos/system/CodeIgniter.php(419): CodeIgniter\CodeIgniter->runController(Object(App\Controllers\RestController))
#3 /home/eventodigital/public_html/api_controlAccesos/system/CodeIgniter.php(326): CodeIgniter\CodeIgniter->handleRequest(NULL, Object(Config\Cache), false)
#4 /home/eventodigital/public_html/api_controlAccesos/public/index.php(37): CodeIgniter\CodeIgniter->run()
#5 {main}
CRITICAL - 2023-11-11 10:13:15 --> Class 'App\Libraries\Exception' not found
#0 /home/eventodigital/public_html/api_controlAccesos/app/Controllers/RestController.php(185): App\Libraries\vCard->__construct(false, 'FBMi442AG6sbgTQ...')
#1 /home/eventodigital/public_html/api_controlAccesos/system/CodeIgniter.php(832): App\Controllers\RestController->create()
#2 /home/eventodigital/public_html/api_controlAccesos/system/CodeIgniter.php(419): CodeIgniter\CodeIgniter->runController(Object(App\Controllers\RestController))
#3 /home/eventodigital/public_html/api_controlAccesos/system/CodeIgniter.php(326): CodeIgniter\CodeIgniter->handleRequest(NULL, Object(Config\Cache), false)
#4 /home/eventodigital/public_html/api_controlAccesos/public/index.php(37): CodeIgniter\CodeIgniter->run()
#5 {main}
CRITICAL - 2023-11-11 10:13:17 --> Class 'App\Libraries\Exception' not found
#0 /home/eventodigital/public_html/api_controlAccesos/app/Controllers/RestController.php(185): App\Libraries\vCard->__construct(false, 'FBMi442AG6U0QHw...')
#1 /home/eventodigital/public_html/api_controlAccesos/system/CodeIgniter.php(832): App\Controllers\RestController->create()
#2 /home/eventodigital/public_html/api_controlAccesos/system/CodeIgniter.php(419): CodeIgniter\CodeIgniter->runController(Object(App\Controllers\RestController))
#3 /home/eventodigital/public_html/api_controlAccesos/system/CodeIgniter.php(326): CodeIgniter\CodeIgniter->handleRequest(NULL, Object(Config\Cache), false)
#4 /home/eventodigital/public_html/api_controlAccesos/public/index.php(37): CodeIgniter\CodeIgniter->run()
#5 {main}
CRITICAL - 2023-11-11 10:13:21 --> Class 'App\Libraries\Exception' not found
#0 /home/eventodigital/public_html/api_controlAccesos/app/Controllers/RestController.php(185): App\Libraries\vCard->__construct(false, 'FBMi442AG4SOAOg...')
#1 /home/eventodigital/public_html/api_controlAccesos/system/CodeIgniter.php(832): App\Controllers\RestController->create()
#2 /home/eventodigital/public_html/api_controlAccesos/system/CodeIgniter.php(419): CodeIgniter\CodeIgniter->runController(Object(App\Controllers\RestController))
#3 /home/eventodigital/public_html/api_controlAccesos/system/CodeIgniter.php(326): CodeIgniter\CodeIgniter->handleRequest(NULL, Object(Config\Cache), false)
#4 /home/eventodigital/public_html/api_controlAccesos/public/index.php(37): CodeIgniter\CodeIgniter->run()
#5 {main}
CRITICAL - 2023-11-11 10:13:23 --> Class 'App\Libraries\Exception' not found
#0 /home/eventodigital/public_html/api_controlAccesos/app/Controllers/RestController.php(185): App\Libraries\vCard->__construct(false, 'FBMi442AG4SOALg...')
#1 /home/eventodigital/public_html/api_controlAccesos/system/CodeIgniter.php(832): App\Controllers\RestController->create()
#2 /home/eventodigital/public_html/api_controlAccesos/system/CodeIgniter.php(419): CodeIgniter\CodeIgniter->runController(Object(App\Controllers\RestController))
#3 /home/eventodigital/public_html/api_controlAccesos/system/CodeIgniter.php(326): CodeIgniter\CodeIgniter->handleRequest(NULL, Object(Config\Cache), false)
#4 /home/eventodigital/public_html/api_controlAccesos/public/index.php(37): CodeIgniter\CodeIgniter->run()
#5 {main}
CRITICAL - 2023-11-11 10:13:25 --> Class 'App\Libraries\Exception' not found
#0 /home/eventodigital/public_html/api_controlAccesos/app/Controllers/RestController.php(185): App\Libraries\vCard->__construct(false, 'FBMi442AG4SOAHQ...')
#1 /home/eventodigital/public_html/api_controlAccesos/system/CodeIgniter.php(832): App\Controllers\RestController->create()
#2 /home/eventodigital/public_html/api_controlAccesos/system/CodeIgniter.php(419): CodeIgniter\CodeIgniter->runController(Object(App\Controllers\RestController))
#3 /home/eventodigital/public_html/api_controlAccesos/system/CodeIgniter.php(326): CodeIgniter\CodeIgniter->handleRequest(NULL, Object(Config\Cache), false)
#4 /home/eventodigital/public_html/api_controlAccesos/public/index.php(37): CodeIgniter\CodeIgniter->run()
#5 {main}
CRITICAL - 2023-11-11 10:13:57 --> Class 'App\Libraries\Exception' not found
#0 /home/eventodigital/public_html/api_controlAccesos/app/Controllers/RestController.php(185): App\Libraries\vCard->__construct(false, 'FBMi4a0AG6zYgHw...')
#1 /home/eventodigital/public_html/api_controlAccesos/system/CodeIgniter.php(832): App\Controllers\RestController->create()
#2 /home/eventodigital/public_html/api_controlAccesos/system/CodeIgniter.php(419): CodeIgniter\CodeIgniter->runController(Object(App\Controllers\RestController))
#3 /home/eventodigital/public_html/api_controlAccesos/system/CodeIgniter.php(326): CodeIgniter\CodeIgniter->handleRequest(NULL, Object(Config\Cache), false)
#4 /home/eventodigital/public_html/api_controlAccesos/public/index.php(37): CodeIgniter\CodeIgniter->run()
#5 {main}
CRITICAL - 2023-11-11 10:14:29 --> Class 'App\Libraries\Exception' not found
#0 /home/eventodigital/public_html/api_controlAccesos/app/Controllers/RestController.php(185): App\Libraries\vCard->__construct(false, 'FBMi442AG6-GgHQ...')
#1 /home/eventodigital/public_html/api_controlAccesos/system/CodeIgniter.php(832): App\Controllers\RestController->create()
#2 /home/eventodigital/public_html/api_controlAccesos/system/CodeIgniter.php(419): CodeIgniter\CodeIgniter->runController(Object(App\Controllers\RestController))
#3 /home/eventodigital/public_html/api_controlAccesos/system/CodeIgniter.php(326): CodeIgniter\CodeIgniter->handleRequest(NULL, Object(Config\Cache), false)
#4 /home/eventodigital/public_html/api_controlAccesos/public/index.php(37): CodeIgniter\CodeIgniter->run()
#5 {main}
CRITICAL - 2023-11-11 10:14:34 --> Class 'App\Libraries\Exception' not found
#0 /home/eventodigital/public_html/api_controlAccesos/app/Controllers/RestController.php(185): App\Libraries\vCard->__construct(false, 'FBMi442AG6-FQHQ...')
#1 /home/eventodigital/public_html/api_controlAccesos/system/CodeIgniter.php(832): App\Controllers\RestController->create()
#2 /home/eventodigital/public_html/api_controlAccesos/system/CodeIgniter.php(419): CodeIgniter\CodeIgniter->runController(Object(App\Controllers\RestController))
#3 /home/eventodigital/public_html/api_controlAccesos/system/CodeIgniter.php(326): CodeIgniter\CodeIgniter->handleRequest(NULL, Object(Config\Cache), false)
#4 /home/eventodigital/public_html/api_controlAccesos/public/index.php(37): CodeIgniter\CodeIgniter->run()
#5 {main}
CRITICAL - 2023-11-11 10:14:35 --> Class 'App\Libraries\Exception' not found
#0 /home/eventodigital/public_html/api_controlAccesos/app/Controllers/RestController.php(185): App\Libraries\vCard->__construct(false, 'FBMi442AG6-qgHw...')
#1 /home/eventodigital/public_html/api_controlAccesos/system/CodeIgniter.php(832): App\Controllers\RestController->create()
#2 /home/eventodigital/public_html/api_controlAccesos/system/CodeIgniter.php(419): CodeIgniter\CodeIgniter->runController(Object(App\Controllers\RestController))
#3 /home/eventodigital/public_html/api_controlAccesos/system/CodeIgniter.php(326): CodeIgniter\CodeIgniter->handleRequest(NULL, Object(Config\Cache), false)
#4 /home/eventodigital/public_html/api_controlAccesos/public/index.php(37): CodeIgniter\CodeIgniter->run()
#5 {main}
CRITICAL - 2023-11-11 10:14:36 --> Class 'App\Libraries\Exception' not found
#0 /home/eventodigital/public_html/api_controlAccesos/app/Controllers/RestController.php(185): App\Libraries\vCard->__construct(false, 'FBMi442AG6-FQKQ...')
#1 /home/eventodigital/public_html/api_controlAccesos/system/CodeIgniter.php(832): App\Controllers\RestController->create()
#2 /home/eventodigital/public_html/api_controlAccesos/system/CodeIgniter.php(419): CodeIgniter\CodeIgniter->runController(Object(App\Controllers\RestController))
#3 /home/eventodigital/public_html/api_controlAccesos/system/CodeIgniter.php(326): CodeIgniter\CodeIgniter->handleRequest(NULL, Object(Config\Cache), false)
#4 /home/eventodigital/public_html/api_controlAccesos/public/index.php(37): CodeIgniter\CodeIgniter->run()
#5 {main}
CRITICAL - 2023-11-11 10:16:03 --> Class 'App\Libraries\Exception' not found
#0 /home/eventodigital/public_html/api_controlAccesos/app/Controllers/RestController.php(185): App\Libraries\vCard->__construct(false, 'FBMi4dYAG7ZvgGQ...')
#1 /home/eventodigital/public_html/api_controlAccesos/system/CodeIgniter.php(832): App\Controllers\RestController->create()
#2 /home/eventodigital/public_html/api_controlAccesos/system/CodeIgniter.php(419): CodeIgniter\CodeIgniter->runController(Object(App\Controllers\RestController))
#3 /home/eventodigital/public_html/api_controlAccesos/system/CodeIgniter.php(326): CodeIgniter\CodeIgniter->handleRequest(NULL, Object(Config\Cache), false)
#4 /home/eventodigital/public_html/api_controlAccesos/public/index.php(37): CodeIgniter\CodeIgniter->run()
#5 {main}
CRITICAL - 2023-11-11 10:16:17 --> Class 'App\Libraries\Exception' not found
#0 /home/eventodigital/public_html/api_controlAccesos/app/Controllers/RestController.php(185): App\Libraries\vCard->__construct(false, 'FBMi4a0AG6QFQGw...')
#1 /home/eventodigital/public_html/api_controlAccesos/system/CodeIgniter.php(832): App\Controllers\RestController->create()
#2 /home/eventodigital/public_html/api_controlAccesos/system/CodeIgniter.php(419): CodeIgniter\CodeIgniter->runController(Object(App\Controllers\RestController))
#3 /home/eventodigital/public_html/api_controlAccesos/system/CodeIgniter.php(326): CodeIgniter\CodeIgniter->handleRequest(NULL, Object(Config\Cache), false)
#4 /home/eventodigital/public_html/api_controlAccesos/public/index.php(37): CodeIgniter\CodeIgniter->run()
#5 {main}
CRITICAL - 2023-11-11 10:16:31 --> Class 'App\Libraries\Exception' not found
#0 /home/eventodigital/public_html/api_controlAccesos/app/Controllers/RestController.php(185): App\Libraries\vCard->__construct(false, 'FBMi4a0AG6QDgHw...')
#1 /home/eventodigital/public_html/api_controlAccesos/system/CodeIgniter.php(832): App\Controllers\RestController->create()
#2 /home/eventodigital/public_html/api_controlAccesos/system/CodeIgniter.php(419): CodeIgniter\CodeIgniter->runController(Object(App\Controllers\RestController))
#3 /home/eventodigital/public_html/api_controlAccesos/system/CodeIgniter.php(326): CodeIgniter\CodeIgniter->handleRequest(NULL, Object(Config\Cache), false)
#4 /home/eventodigital/public_html/api_controlAccesos/public/index.php(37): CodeIgniter\CodeIgniter->run()
#5 {main}
CRITICAL - 2023-11-11 10:16:36 --> Class 'App\Libraries\Exception' not found
#0 /home/eventodigital/public_html/api_controlAccesos/app/Controllers/RestController.php(185): App\Libraries\vCard->__construct(false, 'FBMi4a0AG6QDgLw...')
#1 /home/eventodigital/public_html/api_controlAccesos/system/CodeIgniter.php(832): App\Controllers\RestController->create()
#2 /home/eventodigital/public_html/api_controlAccesos/system/CodeIgniter.php(419): CodeIgniter\CodeIgniter->runController(Object(App\Controllers\RestController))
#3 /home/eventodigital/public_html/api_controlAccesos/system/CodeIgniter.php(326): CodeIgniter\CodeIgniter->handleRequest(NULL, Object(Config\Cache), false)
#4 /home/eventodigital/public_html/api_controlAccesos/public/index.php(37): CodeIgniter\CodeIgniter->run()
#5 {main}
CRITICAL - 2023-11-11 10:17:18 --> Class 'App\Libraries\Exception' not found
#0 /home/eventodigital/public_html/api_controlAccesos/app/Controllers/RestController.php(185): App\Libraries\vCard->__construct(false, 'FBMi442AG7mqQHQ...')
#1 /home/eventodigital/public_html/api_controlAccesos/system/CodeIgniter.php(832): App\Controllers\RestController->create()
#2 /home/eventodigital/public_html/api_controlAccesos/system/CodeIgniter.php(419): CodeIgniter\CodeIgniter->runController(Object(App\Controllers\RestController))
#3 /home/eventodigital/public_html/api_controlAccesos/system/CodeIgniter.php(326): CodeIgniter\CodeIgniter->handleRequest(NULL, Object(Config\Cache), false)
#4 /home/eventodigital/public_html/api_controlAccesos/public/index.php(37): CodeIgniter\CodeIgniter->run()
#5 {main}
CRITICAL - 2023-11-11 10:17:31 --> Class 'App\Libraries\Exception' not found
#0 /home/eventodigital/public_html/api_controlAccesos/app/Controllers/RestController.php(185): App\Libraries\vCard->__construct(false, 'FBMi4dYAG7aVwGQ...')
#1 /home/eventodigital/public_html/api_controlAccesos/system/CodeIgniter.php(832): App\Controllers\RestController->create()
#2 /home/eventodigital/public_html/api_controlAccesos/system/CodeIgniter.php(419): CodeIgniter\CodeIgniter->runController(Object(App\Controllers\RestController))
#3 /home/eventodigital/public_html/api_controlAccesos/system/CodeIgniter.php(326): CodeIgniter\CodeIgniter->handleRequest(NULL, Object(Config\Cache), false)
#4 /home/eventodigital/public_html/api_controlAccesos/public/index.php(37): CodeIgniter\CodeIgniter->run()
#5 {main}
CRITICAL - 2023-11-11 10:17:35 --> Class 'App\Libraries\Exception' not found
#0 /home/eventodigital/public_html/api_controlAccesos/app/Controllers/RestController.php(185): App\Libraries\vCard->__construct(false, 'FBMi4dYAG7aVwLw...')
#1 /home/eventodigital/public_html/api_controlAccesos/system/CodeIgniter.php(832): App\Controllers\RestController->create()
#2 /home/eventodigital/public_html/api_controlAccesos/system/CodeIgniter.php(419): CodeIgniter\CodeIgniter->runController(Object(App\Controllers\RestController))
#3 /home/eventodigital/public_html/api_controlAccesos/system/CodeIgniter.php(326): CodeIgniter\CodeIgniter->handleRequest(NULL, Object(Config\Cache), false)
#4 /home/eventodigital/public_html/api_controlAccesos/public/index.php(37): CodeIgniter\CodeIgniter->run()
#5 {main}
CRITICAL - 2023-11-11 10:17:36 --> Class 'App\Libraries\Exception' not found
#0 /home/eventodigital/public_html/api_controlAccesos/app/Controllers/RestController.php(185): App\Libraries\vCard->__construct(false, 'FBMi442AG7mtAGg...')
#1 /home/eventodigital/public_html/api_controlAccesos/system/CodeIgniter.php(832): App\Controllers\RestController->create()
#2 /home/eventodigital/public_html/api_controlAccesos/system/CodeIgniter.php(419): CodeIgniter\CodeIgniter->runController(Object(App\Controllers\RestController))
#3 /home/eventodigital/public_html/api_controlAccesos/system/CodeIgniter.php(326): CodeIgniter\CodeIgniter->handleRequest(NULL, Object(Config\Cache), false)
#4 /home/eventodigital/public_html/api_controlAccesos/public/index.php(37): CodeIgniter\CodeIgniter->run()
#5 {main}
CRITICAL - 2023-11-11 10:18:53 --> Class 'App\Libraries\Exception' not found
#0 /home/eventodigital/public_html/api_controlAccesos/app/Controllers/RestController.php(185): App\Libraries\vCard->__construct(false, 'FBMi4a0AG7HrwHQ...')
#1 /home/eventodigital/public_html/api_controlAccesos/system/CodeIgniter.php(832): App\Controllers\RestController->create()
#2 /home/eventodigital/public_html/api_controlAccesos/system/CodeIgniter.php(419): CodeIgniter\CodeIgniter->runController(Object(App\Controllers\RestController))
#3 /home/eventodigital/public_html/api_controlAccesos/system/CodeIgniter.php(326): CodeIgniter\CodeIgniter->handleRequest(NULL, Object(Config\Cache), false)
#4 /home/eventodigital/public_html/api_controlAccesos/public/index.php(37): CodeIgniter\CodeIgniter->run()
#5 {main}
CRITICAL - 2023-11-11 10:18:59 --> Class 'App\Libraries\Exception' not found
#0 /home/eventodigital/public_html/api_controlAccesos/app/Controllers/RestController.php(185): App\Libraries\vCard->__construct(false, 'FBMi4a0AG7HrwLA...')
#1 /home/eventodigital/public_html/api_controlAccesos/system/CodeIgniter.php(832): App\Controllers\RestController->create()
#2 /home/eventodigital/public_html/api_controlAccesos/system/CodeIgniter.php(419): CodeIgniter\CodeIgniter->runController(Object(App\Controllers\RestController))
#3 /home/eventodigital/public_html/api_controlAccesos/system/CodeIgniter.php(326): CodeIgniter\CodeIgniter->handleRequest(NULL, Object(Config\Cache), false)
#4 /home/eventodigital/public_html/api_controlAccesos/public/index.php(37): CodeIgniter\CodeIgniter->run()
#5 {main}
CRITICAL - 2023-11-11 10:19:19 --> Class 'App\Libraries\Exception' not found
#0 /home/eventodigital/public_html/api_controlAccesos/app/Controllers/RestController.php(185): App\Libraries\vCard->__construct(false, 'FBMi4dYAG7mwwGg...')
#1 /home/eventodigital/public_html/api_controlAccesos/system/CodeIgniter.php(832): App\Controllers\RestController->create()
#2 /home/eventodigital/public_html/api_controlAccesos/system/CodeIgniter.php(419): CodeIgniter\CodeIgniter->runController(Object(App\Controllers\RestController))
#3 /home/eventodigital/public_html/api_controlAccesos/system/CodeIgniter.php(326): CodeIgniter\CodeIgniter->handleRequest(NULL, Object(Config\Cache), false)
#4 /home/eventodigital/public_html/api_controlAccesos/public/index.php(37): CodeIgniter\CodeIgniter->run()
#5 {main}
CRITICAL - 2023-11-11 10:19:21 --> Class 'App\Libraries\Exception' not found
#0 /home/eventodigital/public_html/api_controlAccesos/app/Controllers/RestController.php(185): App\Libraries\vCard->__construct(false, 'FBMi4dYAG7mwwLQ...')
#1 /home/eventodigital/public_html/api_controlAccesos/system/CodeIgniter.php(832): App\Controllers\RestController->create()
#2 /home/eventodigital/public_html/api_controlAccesos/system/CodeIgniter.php(419): CodeIgniter\CodeIgniter->runController(Object(App\Controllers\RestController))
#3 /home/eventodigital/public_html/api_controlAccesos/system/CodeIgniter.php(326): CodeIgniter\CodeIgniter->handleRequest(NULL, Object(Config\Cache), false)
#4 /home/eventodigital/public_html/api_controlAccesos/public/index.php(37): CodeIgniter\CodeIgniter->run()
#5 {main}
CRITICAL - 2023-11-11 10:19:22 --> Class 'App\Libraries\Exception' not found
#0 /home/eventodigital/public_html/api_controlAccesos/app/Controllers/RestController.php(185): App\Libraries\vCard->__construct(false, 'FBMi4a0AG6r7wHA...')
#1 /home/eventodigital/public_html/api_controlAccesos/system/CodeIgniter.php(832): App\Controllers\RestController->create()
#2 /home/eventodigital/public_html/api_controlAccesos/system/CodeIgniter.php(419): CodeIgniter\CodeIgniter->runController(Object(App\Controllers\RestController))
#3 /home/eventodigital/public_html/api_controlAccesos/system/CodeIgniter.php(326): CodeIgniter\CodeIgniter->handleRequest(NULL, Object(Config\Cache), false)
#4 /home/eventodigital/public_html/api_controlAccesos/public/index.php(37): CodeIgniter\CodeIgniter->run()
#5 {main}
CRITICAL - 2023-11-11 10:19:25 --> Class 'App\Libraries\Exception' not found
#0 /home/eventodigital/public_html/api_controlAccesos/app/Controllers/RestController.php(185): App\Libraries\vCard->__construct(false, 'FBMi4dYAG7mwwOQ...')
#1 /home/eventodigital/public_html/api_controlAccesos/system/CodeIgniter.php(832): App\Controllers\RestController->create()
#2 /home/eventodigital/public_html/api_controlAccesos/system/CodeIgniter.php(419): CodeIgniter\CodeIgniter->runController(Object(App\Controllers\RestController))
#3 /home/eventodigital/public_html/api_controlAccesos/system/CodeIgniter.php(326): CodeIgniter\CodeIgniter->handleRequest(NULL, Object(Config\Cache), false)
#4 /home/eventodigital/public_html/api_controlAccesos/public/index.php(37): CodeIgniter\CodeIgniter->run()
#5 {main}
CRITICAL - 2023-11-11 10:20:54 --> Class 'App\Libraries\Exception' not found
#0 /home/eventodigital/public_html/api_controlAccesos/app/Controllers/RestController.php(185): App\Libraries\vCard->__construct(false, 'FBMi4a0AG6ZIgHA...')
#1 /home/eventodigital/public_html/api_controlAccesos/system/CodeIgniter.php(832): App\Controllers\RestController->create()
#2 /home/eventodigital/public_html/api_controlAccesos/system/CodeIgniter.php(419): CodeIgniter\CodeIgniter->runController(Object(App\Controllers\RestController))
#3 /home/eventodigital/public_html/api_controlAccesos/system/CodeIgniter.php(326): CodeIgniter\CodeIgniter->handleRequest(NULL, Object(Config\Cache), false)
#4 /home/eventodigital/public_html/api_controlAccesos/public/index.php(37): CodeIgniter\CodeIgniter->run()
#5 {main}
CRITICAL - 2023-11-11 10:20:55 --> Class 'App\Libraries\Exception' not found
#0 /home/eventodigital/public_html/api_controlAccesos/app/Controllers/RestController.php(185): App\Libraries\vCard->__construct(false, 'FBMi4a0AG6ZIgLw...')
#1 /home/eventodigital/public_html/api_controlAccesos/system/CodeIgniter.php(832): App\Controllers\RestController->create()
#2 /home/eventodigital/public_html/api_controlAccesos/system/CodeIgniter.php(419): CodeIgniter\CodeIgniter->runController(Object(App\Controllers\RestController))
#3 /home/eventodigital/public_html/api_controlAccesos/system/CodeIgniter.php(326): CodeIgniter\CodeIgniter->handleRequest(NULL, Object(Config\Cache), false)
#4 /home/eventodigital/public_html/api_controlAccesos/public/index.php(37): CodeIgniter\CodeIgniter->run()
#5 {main}
CRITICAL - 2023-11-11 10:21:29 --> Class 'App\Libraries\Exception' not found
#0 /home/eventodigital/public_html/api_controlAccesos/app/Controllers/RestController.php(185): App\Libraries\vCard->__construct(false, 'FBMi442AG7kGgGg...')
#1 /home/eventodigital/public_html/api_controlAccesos/system/CodeIgniter.php(832): App\Controllers\RestController->create()
#2 /home/eventodigital/public_html/api_controlAccesos/system/CodeIgniter.php(419): CodeIgniter\CodeIgniter->runController(Object(App\Controllers\RestController))
#3 /home/eventodigital/public_html/api_controlAccesos/system/CodeIgniter.php(326): CodeIgniter\CodeIgniter->handleRequest(NULL, Object(Config\Cache), false)
#4 /home/eventodigital/public_html/api_controlAccesos/public/index.php(37): CodeIgniter\CodeIgniter->run()
#5 {main}
CRITICAL - 2023-11-11 10:21:52 --> Class 'App\Libraries\Exception' not found
#0 /home/eventodigital/public_html/api_controlAccesos/app/Controllers/RestController.php(185): App\Libraries\vCard->__construct(false, 'FBMi4a0AG67pQHQ...')
#1 /home/eventodigital/public_html/api_controlAccesos/system/CodeIgniter.php(832): App\Controllers\RestController->create()
#2 /home/eventodigital/public_html/api_controlAccesos/system/CodeIgniter.php(419): CodeIgniter\CodeIgniter->runController(Object(App\Controllers\RestController))
#3 /home/eventodigital/public_html/api_controlAccesos/system/CodeIgniter.php(326): CodeIgniter\CodeIgniter->handleRequest(NULL, Object(Config\Cache), false)
#4 /home/eventodigital/public_html/api_controlAccesos/public/index.php(37): CodeIgniter\CodeIgniter->run()
#5 {main}
CRITICAL - 2023-11-11 10:24:39 --> Class 'App\Libraries\Exception' not found
#0 /home/eventodigital/public_html/api_controlAccesos/app/Controllers/RestController.php(185): App\Libraries\vCard->__construct(false, 'FBMi442AG7m9wHA...')
#1 /home/eventodigital/public_html/api_controlAccesos/system/CodeIgniter.php(832): App\Controllers\RestController->create()
#2 /home/eventodigital/public_html/api_controlAccesos/system/CodeIgniter.php(419): CodeIgniter\CodeIgniter->runController(Object(App\Controllers\RestController))
#3 /home/eventodigital/public_html/api_controlAccesos/system/CodeIgniter.php(326): CodeIgniter\CodeIgniter->handleRequest(NULL, Object(Config\Cache), false)
#4 /home/eventodigital/public_html/api_controlAccesos/public/index.php(37): CodeIgniter\CodeIgniter->run()
#5 {main}
CRITICAL - 2023-11-11 10:25:32 --> Class 'App\Libraries\Exception' not found
#0 /home/eventodigital/public_html/api_controlAccesos/app/Controllers/RestController.php(185): App\Libraries\vCard->__construct(false, 'FBMi4a0AG7L1AGQ...')
#1 /home/eventodigital/public_html/api_controlAccesos/system/CodeIgniter.php(832): App\Controllers\RestController->create()
#2 /home/eventodigital/public_html/api_controlAccesos/system/CodeIgniter.php(419): CodeIgniter\CodeIgniter->runController(Object(App\Controllers\RestController))
#3 /home/eventodigital/public_html/api_controlAccesos/system/CodeIgniter.php(326): CodeIgniter\CodeIgniter->handleRequest(NULL, Object(Config\Cache), false)
#4 /home/eventodigital/public_html/api_controlAccesos/public/index.php(37): CodeIgniter\CodeIgniter->run()
#5 {main}
CRITICAL - 2023-11-11 10:28:52 --> Class 'App\Libraries\Exception' not found
#0 /home/eventodigital/public_html/api_controlAccesos/app/Controllers/RestController.php(185): App\Libraries\vCard->__construct(false, 'FBMi4a0AG69sQHg...')
#1 /home/eventodigital/public_html/api_controlAccesos/system/CodeIgniter.php(832): App\Controllers\RestController->create()
#2 /home/eventodigital/public_html/api_controlAccesos/system/CodeIgniter.php(419): CodeIgniter\CodeIgniter->runController(Object(App\Controllers\RestController))
#3 /home/eventodigital/public_html/api_controlAccesos/system/CodeIgniter.php(326): CodeIgniter\CodeIgniter->handleRequest(NULL, Object(Config\Cache), false)
#4 /home/eventodigital/public_html/api_controlAccesos/public/index.php(37): CodeIgniter\CodeIgniter->run()
#5 {main}
CRITICAL - 2023-11-11 10:32:18 --> Class 'App\Libraries\Exception' not found
#0 /home/eventodigital/public_html/api_controlAccesos/app/Controllers/RestController.php(185): App\Libraries\vCard->__construct(false, 'FBMi4a0AG7ESAHA...')
#1 /home/eventodigital/public_html/api_controlAccesos/system/CodeIgniter.php(832): App\Controllers\RestController->create()
#2 /home/eventodigital/public_html/api_controlAccesos/system/CodeIgniter.php(419): CodeIgniter\CodeIgniter->runController(Object(App\Controllers\RestController))
#3 /home/eventodigital/public_html/api_controlAccesos/system/CodeIgniter.php(326): CodeIgniter\CodeIgniter->handleRequest(NULL, Object(Config\Cache), false)
#4 /home/eventodigital/public_html/api_controlAccesos/public/index.php(37): CodeIgniter\CodeIgniter->run()
#5 {main}
CRITICAL - 2023-11-11 10:32:23 --> Class 'App\Libraries\Exception' not found
#0 /home/eventodigital/public_html/api_controlAccesos/app/Controllers/RestController.php(185): App\Libraries\vCard->__construct(false, 'FBMi4a0AG7D1gHg...')
#1 /home/eventodigital/public_html/api_controlAccesos/system/CodeIgniter.php(832): App\Controllers\RestController->create()
#2 /home/eventodigital/public_html/api_controlAccesos/system/CodeIgniter.php(419): CodeIgniter\CodeIgniter->runController(Object(App\Controllers\RestController))
#3 /home/eventodigital/public_html/api_controlAccesos/system/CodeIgniter.php(326): CodeIgniter\CodeIgniter->handleRequest(NULL, Object(Config\Cache), false)
#4 /home/eventodigital/public_html/api_controlAccesos/public/index.php(37): CodeIgniter\CodeIgniter->run()
#5 {main}
CRITICAL - 2023-11-11 10:34:20 --> Class 'App\Libraries\Exception' not found
#0 /home/eventodigital/public_html/api_controlAccesos/app/Controllers/RestController.php(185): App\Libraries\vCard->__construct(false, 'FBMi442AG7nMAHg...')
#1 /home/eventodigital/public_html/api_controlAccesos/system/CodeIgniter.php(832): App\Controllers\RestController->create()
#2 /home/eventodigital/public_html/api_controlAccesos/system/CodeIgniter.php(419): CodeIgniter\CodeIgniter->runController(Object(App\Controllers\RestController))
#3 /home/eventodigital/public_html/api_controlAccesos/system/CodeIgniter.php(326): CodeIgniter\CodeIgniter->handleRequest(NULL, Object(Config\Cache), false)
#4 /home/eventodigital/public_html/api_controlAccesos/public/index.php(37): CodeIgniter\CodeIgniter->run()
#5 {main}
CRITICAL - 2023-11-11 10:34:24 --> Class 'App\Libraries\Exception' not found
#0 /home/eventodigital/public_html/api_controlAccesos/app/Controllers/RestController.php(185): App\Libraries\vCard->__construct(false, 'FBMi442AG7nMAKQ...')
#1 /home/eventodigital/public_html/api_controlAccesos/system/CodeIgniter.php(832): App\Controllers\RestController->create()
#2 /home/eventodigital/public_html/api_controlAccesos/system/CodeIgniter.php(419): CodeIgniter\CodeIgniter->runController(Object(App\Controllers\RestController))
#3 /home/eventodigital/public_html/api_controlAccesos/system/CodeIgniter.php(326): CodeIgniter\CodeIgniter->handleRequest(NULL, Object(Config\Cache), false)
#4 /home/eventodigital/public_html/api_controlAccesos/public/index.php(37): CodeIgniter\CodeIgniter->run()
#5 {main}
CRITICAL - 2023-11-11 10:34:26 --> Class 'App\Libraries\Exception' not found
#0 /home/eventodigital/public_html/api_controlAccesos/app/Controllers/RestController.php(185): App\Libraries\vCard->__construct(false, 'FBMi442AG7nMAPw...')
#1 /home/eventodigital/public_html/api_controlAccesos/system/CodeIgniter.php(832): App\Controllers\RestController->create()
#2 /home/eventodigital/public_html/api_controlAccesos/system/CodeIgniter.php(419): CodeIgniter\CodeIgniter->runController(Object(App\Controllers\RestController))
#3 /home/eventodigital/public_html/api_controlAccesos/system/CodeIgniter.php(326): CodeIgniter\CodeIgniter->handleRequest(NULL, Object(Config\Cache), false)
#4 /home/eventodigital/public_html/api_controlAccesos/public/index.php(37): CodeIgniter\CodeIgniter->run()
#5 {main}
CRITICAL - 2023-11-11 10:35:59 --> Class 'App\Libraries\Exception' not found
#0 /home/eventodigital/public_html/api_controlAccesos/app/Controllers/RestController.php(185): App\Libraries\vCard->__construct(false, 'FBMi442AGXbFAaQ...')
#1 /home/eventodigital/public_html/api_controlAccesos/system/CodeIgniter.php(832): App\Controllers\RestController->create()
#2 /home/eventodigital/public_html/api_controlAccesos/system/CodeIgniter.php(419): CodeIgniter\CodeIgniter->runController(Object(App\Controllers\RestController))
#3 /home/eventodigital/public_html/api_controlAccesos/system/CodeIgniter.php(326): CodeIgniter\CodeIgniter->handleRequest(NULL, Object(Config\Cache), false)
#4 /home/eventodigital/public_html/api_controlAccesos/public/index.php(37): CodeIgniter\CodeIgniter->run()
#5 {main}
CRITICAL - 2023-11-11 10:36:26 --> Class 'App\Libraries\Exception' not found
#0 /home/eventodigital/public_html/api_controlAccesos/app/Controllers/RestController.php(185): App\Libraries\vCard->__construct(false, 'FBMi442AG7nPwGw...')
#1 /home/eventodigital/public_html/api_controlAccesos/system/CodeIgniter.php(832): App\Controllers\RestController->create()
#2 /home/eventodigital/public_html/api_controlAccesos/system/CodeIgniter.php(419): CodeIgniter\CodeIgniter->runController(Object(App\Controllers\RestController))
#3 /home/eventodigital/public_html/api_controlAccesos/system/CodeIgniter.php(326): CodeIgniter\CodeIgniter->handleRequest(NULL, Object(Config\Cache), false)
#4 /home/eventodigital/public_html/api_controlAccesos/public/index.php(37): CodeIgniter\CodeIgniter->run()
#5 {main}
CRITICAL - 2023-11-11 10:36:35 --> Class 'App\Libraries\Exception' not found
#0 /home/eventodigital/public_html/api_controlAccesos/app/Controllers/RestController.php(185): App\Libraries\vCard->__construct(false, 'FBMi442AG7nQAGg...')
#1 /home/eventodigital/public_html/api_controlAccesos/system/CodeIgniter.php(832): App\Controllers\RestController->create()
#2 /home/eventodigital/public_html/api_controlAccesos/system/CodeIgniter.php(419): CodeIgniter\CodeIgniter->runController(Object(App\Controllers\RestController))
#3 /home/eventodigital/public_html/api_controlAccesos/system/CodeIgniter.php(326): CodeIgniter\CodeIgniter->handleRequest(NULL, Object(Config\Cache), false)
#4 /home/eventodigital/public_html/api_controlAccesos/public/index.php(37): CodeIgniter\CodeIgniter->run()
#5 {main}
CRITICAL - 2023-11-11 10:37:20 --> Class 'App\Libraries\Exception' not found
#0 /home/eventodigital/public_html/api_controlAccesos/app/Controllers/RestController.php(185): App\Libraries\vCard->__construct(false, 'FBMi4dYAG7nRgGg...')
#1 /home/eventodigital/public_html/api_controlAccesos/system/CodeIgniter.php(832): App\Controllers\RestController->create()
#2 /home/eventodigital/public_html/api_controlAccesos/system/CodeIgniter.php(419): CodeIgniter\CodeIgniter->runController(Object(App\Controllers\RestController))
#3 /home/eventodigital/public_html/api_controlAccesos/system/CodeIgniter.php(326): CodeIgniter\CodeIgniter->handleRequest(NULL, Object(Config\Cache), false)
#4 /home/eventodigital/public_html/api_controlAccesos/public/index.php(37): CodeIgniter\CodeIgniter->run()
#5 {main}
CRITICAL - 2023-11-11 10:37:22 --> Class 'App\Libraries\Exception' not found
#0 /home/eventodigital/public_html/api_controlAccesos/app/Controllers/RestController.php(185): App\Libraries\vCard->__construct(false, 'FBMi4dYAG7nRgLA...')
#1 /home/eventodigital/public_html/api_controlAccesos/system/CodeIgniter.php(832): App\Controllers\RestController->create()
#2 /home/eventodigital/public_html/api_controlAccesos/system/CodeIgniter.php(419): CodeIgniter\CodeIgniter->runController(Object(App\Controllers\RestController))
#3 /home/eventodigital/public_html/api_controlAccesos/system/CodeIgniter.php(326): CodeIgniter\CodeIgniter->handleRequest(NULL, Object(Config\Cache), false)
#4 /home/eventodigital/public_html/api_controlAccesos/public/index.php(37): CodeIgniter\CodeIgniter->run()
#5 {main}
CRITICAL - 2023-11-11 10:37:25 --> Class 'App\Libraries\Exception' not found
#0 /home/eventodigital/public_html/api_controlAccesos/app/Controllers/RestController.php(185): App\Libraries\vCard->__construct(false, 'FBMi4dYAG7nRgOw...')
#1 /home/eventodigital/public_html/api_controlAccesos/system/CodeIgniter.php(832): App\Controllers\RestController->create()
#2 /home/eventodigital/public_html/api_controlAccesos/system/CodeIgniter.php(419): CodeIgniter\CodeIgniter->runController(Object(App\Controllers\RestController))
#3 /home/eventodigital/public_html/api_controlAccesos/system/CodeIgniter.php(326): CodeIgniter\CodeIgniter->handleRequest(NULL, Object(Config\Cache), false)
#4 /home/eventodigital/public_html/api_controlAccesos/public/index.php(37): CodeIgniter\CodeIgniter->run()
#5 {main}
CRITICAL - 2023-11-11 10:37:38 --> Class 'App\Libraries\Exception' not found
#0 /home/eventodigital/public_html/api_controlAccesos/app/Controllers/RestController.php(185): App\Libraries\vCard->__construct(false, 'FBMi4dYAG7nUQGQ...')
#1 /home/eventodigital/public_html/api_controlAccesos/system/CodeIgniter.php(832): App\Controllers\RestController->create()
#2 /home/eventodigital/public_html/api_controlAccesos/system/CodeIgniter.php(419): CodeIgniter\CodeIgniter->runController(Object(App\Controllers\RestController))
#3 /home/eventodigital/public_html/api_controlAccesos/system/CodeIgniter.php(326): CodeIgniter\CodeIgniter->handleRequest(NULL, Object(Config\Cache), false)
#4 /home/eventodigital/public_html/api_controlAccesos/public/index.php(37): CodeIgniter\CodeIgniter->run()
#5 {main}
CRITICAL - 2023-11-11 10:37:42 --> Class 'App\Libraries\Exception' not found
#0 /home/eventodigital/public_html/api_controlAccesos/app/Controllers/RestController.php(185): App\Libraries\vCard->__construct(false, 'FBMi4dYAG7nUQLQ...')
#1 /home/eventodigital/public_html/api_controlAccesos/system/CodeIgniter.php(832): App\Controllers\RestController->create()
#2 /home/eventodigital/public_html/api_controlAccesos/system/CodeIgniter.php(419): CodeIgniter\CodeIgniter->runController(Object(App\Controllers\RestController))
#3 /home/eventodigital/public_html/api_controlAccesos/system/CodeIgniter.php(326): CodeIgniter\CodeIgniter->handleRequest(NULL, Object(Config\Cache), false)
#4 /home/eventodigital/public_html/api_controlAccesos/public/index.php(37): CodeIgniter\CodeIgniter->run()
#5 {main}
CRITICAL - 2023-11-11 10:38:09 --> Class 'App\Libraries\Exception' not found
#0 /home/eventodigital/public_html/api_controlAccesos/app/Controllers/RestController.php(185): App\Libraries\vCard->__construct(false, 'FBMi4a0AG62qAGg...')
#1 /home/eventodigital/public_html/api_controlAccesos/system/CodeIgniter.php(832): App\Controllers\RestController->create()
#2 /home/eventodigital/public_html/api_controlAccesos/system/CodeIgniter.php(419): CodeIgniter\CodeIgniter->runController(Object(App\Controllers\RestController))
#3 /home/eventodigital/public_html/api_controlAccesos/system/CodeIgniter.php(326): CodeIgniter\CodeIgniter->handleRequest(NULL, Object(Config\Cache), false)
#4 /home/eventodigital/public_html/api_controlAccesos/public/index.php(37): CodeIgniter\CodeIgniter->run()
#5 {main}
CRITICAL - 2023-11-11 10:38:32 --> Class 'App\Libraries\Exception' not found
#0 /home/eventodigital/public_html/api_controlAccesos/app/Controllers/RestController.php(185): App\Libraries\vCard->__construct(false, 'FBMi4a0AG62lgGQ...')
#1 /home/eventodigital/public_html/api_controlAccesos/system/CodeIgniter.php(832): App\Controllers\RestController->create()
#2 /home/eventodigital/public_html/api_controlAccesos/system/CodeIgniter.php(419): CodeIgniter\CodeIgniter->runController(Object(App\Controllers\RestController))
#3 /home/eventodigital/public_html/api_controlAccesos/system/CodeIgniter.php(326): CodeIgniter\CodeIgniter->handleRequest(NULL, Object(Config\Cache), false)
#4 /home/eventodigital/public_html/api_controlAccesos/public/index.php(37): CodeIgniter\CodeIgniter->run()
#5 {main}
CRITICAL - 2023-11-11 10:38:42 --> Class 'App\Libraries\Exception' not found
#0 /home/eventodigital/public_html/api_controlAccesos/app/Controllers/RestController.php(185): App\Libraries\vCard->__construct(false, 'FBMi48SAG3KewHg...')
#1 /home/eventodigital/public_html/api_controlAccesos/system/CodeIgniter.php(832): App\Controllers\RestController->create()
#2 /home/eventodigital/public_html/api_controlAccesos/system/CodeIgniter.php(419): CodeIgniter\CodeIgniter->runController(Object(App\Controllers\RestController))
#3 /home/eventodigital/public_html/api_controlAccesos/system/CodeIgniter.php(326): CodeIgniter\CodeIgniter->handleRequest(NULL, Object(Config\Cache), false)
#4 /home/eventodigital/public_html/api_controlAccesos/public/index.php(37): CodeIgniter\CodeIgniter->run()
#5 {main}
CRITICAL - 2023-11-11 10:38:47 --> Class 'App\Libraries\Exception' not found
#0 /home/eventodigital/public_html/api_controlAccesos/app/Controllers/RestController.php(185): App\Libraries\vCard->__construct(false, 'FBMi48SAG3KewKw...')
#1 /home/eventodigital/public_html/api_controlAccesos/system/CodeIgniter.php(832): App\Controllers\RestController->create()
#2 /home/eventodigital/public_html/api_controlAccesos/system/CodeIgniter.php(419): CodeIgniter\CodeIgniter->runController(Object(App\Controllers\RestController))
#3 /home/eventodigital/public_html/api_controlAccesos/system/CodeIgniter.php(326): CodeIgniter\CodeIgniter->handleRequest(NULL, Object(Config\Cache), false)
#4 /home/eventodigital/public_html/api_controlAccesos/public/index.php(37): CodeIgniter\CodeIgniter->run()
#5 {main}
CRITICAL - 2023-11-11 10:40:47 --> Class 'App\Libraries\Exception' not found
#0 /home/eventodigital/public_html/api_controlAccesos/app/Controllers/RestController.php(185): App\Libraries\vCard->__construct(false, 'FBMi4dYAG7YMQGw...')
#1 /home/eventodigital/public_html/api_controlAccesos/system/CodeIgniter.php(832): App\Controllers\RestController->create()
#2 /home/eventodigital/public_html/api_controlAccesos/system/CodeIgniter.php(419): CodeIgniter\CodeIgniter->runController(Object(App\Controllers\RestController))
#3 /home/eventodigital/public_html/api_controlAccesos/system/CodeIgniter.php(326): CodeIgniter\CodeIgniter->handleRequest(NULL, Object(Config\Cache), false)
#4 /home/eventodigital/public_html/api_controlAccesos/public/index.php(37): CodeIgniter\CodeIgniter->run()
#5 {main}
CRITICAL - 2023-11-11 10:40:50 --> Class 'App\Libraries\Exception' not found
#0 /home/eventodigital/public_html/api_controlAccesos/app/Controllers/RestController.php(185): App\Libraries\vCard->__construct(false, 'FBMi4dYAG7YMQLA...')
#1 /home/eventodigital/public_html/api_controlAccesos/system/CodeIgniter.php(832): App\Controllers\RestController->create()
#2 /home/eventodigital/public_html/api_controlAccesos/system/CodeIgniter.php(419): CodeIgniter\CodeIgniter->runController(Object(App\Controllers\RestController))
#3 /home/eventodigital/public_html/api_controlAccesos/system/CodeIgniter.php(326): CodeIgniter\CodeIgniter->handleRequest(NULL, Object(Config\Cache), false)
#4 /home/eventodigital/public_html/api_controlAccesos/public/index.php(37): CodeIgniter\CodeIgniter->run()
#5 {main}
CRITICAL - 2023-11-11 10:41:14 --> Class 'App\Libraries\Exception' not found
#0 /home/eventodigital/public_html/api_controlAccesos/app/Controllers/RestController.php(185): App\Libraries\vCard->__construct(false, 'FBMi48SAG4HkQHw...')
#1 /home/eventodigital/public_html/api_controlAccesos/system/CodeIgniter.php(832): App\Controllers\RestController->create()
#2 /home/eventodigital/public_html/api_controlAccesos/system/CodeIgniter.php(419): CodeIgniter\CodeIgniter->runController(Object(App\Controllers\RestController))
#3 /home/eventodigital/public_html/api_controlAccesos/system/CodeIgniter.php(326): CodeIgniter\CodeIgniter->handleRequest(NULL, Object(Config\Cache), false)
#4 /home/eventodigital/public_html/api_controlAccesos/public/index.php(37): CodeIgniter\CodeIgniter->run()
#5 {main}
CRITICAL - 2023-11-11 10:41:17 --> Class 'App\Libraries\Exception' not found
#0 /home/eventodigital/public_html/api_controlAccesos/app/Controllers/RestController.php(185): App\Libraries\vCard->__construct(false, 'FBMi48SAG4HkQKQ...')
#1 /home/eventodigital/public_html/api_controlAccesos/system/CodeIgniter.php(832): App\Controllers\RestController->create()
#2 /home/eventodigital/public_html/api_controlAccesos/system/CodeIgniter.php(419): CodeIgniter\CodeIgniter->runController(Object(App\Controllers\RestController))
#3 /home/eventodigital/public_html/api_controlAccesos/system/CodeIgniter.php(326): CodeIgniter\CodeIgniter->handleRequest(NULL, Object(Config\Cache), false)
#4 /home/eventodigital/public_html/api_controlAccesos/public/index.php(37): CodeIgniter\CodeIgniter->run()
#5 {main}
CRITICAL - 2023-11-11 10:42:01 --> Class 'App\Libraries\Exception' not found
#0 /home/eventodigital/public_html/api_controlAccesos/app/Controllers/RestController.php(185): App\Libraries\vCard->__construct(false, 'FBMi4dYAG7dlQGg...')
#1 /home/eventodigital/public_html/api_controlAccesos/system/CodeIgniter.php(832): App\Controllers\RestController->create()
#2 /home/eventodigital/public_html/api_controlAccesos/system/CodeIgniter.php(419): CodeIgniter\CodeIgniter->runController(Object(App\Controllers\RestController))
#3 /home/eventodigital/public_html/api_controlAccesos/system/CodeIgniter.php(326): CodeIgniter\CodeIgniter->handleRequest(NULL, Object(Config\Cache), false)
#4 /home/eventodigital/public_html/api_controlAccesos/public/index.php(37): CodeIgniter\CodeIgniter->run()
#5 {main}
CRITICAL - 2023-11-11 10:42:27 --> Class 'App\Libraries\Exception' not found
#0 /home/eventodigital/public_html/api_controlAccesos/app/Controllers/RestController.php(185): App\Libraries\vCard->__construct(false, 'FBMi4dYAG7QogGw...')
#1 /home/eventodigital/public_html/api_controlAccesos/system/CodeIgniter.php(832): App\Controllers\RestController->create()
#2 /home/eventodigital/public_html/api_controlAccesos/system/CodeIgniter.php(419): CodeIgniter\CodeIgniter->runController(Object(App\Controllers\RestController))
#3 /home/eventodigital/public_html/api_controlAccesos/system/CodeIgniter.php(326): CodeIgniter\CodeIgniter->handleRequest(NULL, Object(Config\Cache), false)
#4 /home/eventodigital/public_html/api_controlAccesos/public/index.php(37): CodeIgniter\CodeIgniter->run()
#5 {main}
CRITICAL - 2023-11-11 10:42:29 --> Class 'App\Libraries\Exception' not found
#0 /home/eventodigital/public_html/api_controlAccesos/app/Controllers/RestController.php(185): App\Libraries\vCard->__construct(false, 'FBMi4dYAG7QogLg...')
#1 /home/eventodigital/public_html/api_controlAccesos/system/CodeIgniter.php(832): App\Controllers\RestController->create()
#2 /home/eventodigital/public_html/api_controlAccesos/system/CodeIgniter.php(419): CodeIgniter\CodeIgniter->runController(Object(App\Controllers\RestController))
#3 /home/eventodigital/public_html/api_controlAccesos/system/CodeIgniter.php(326): CodeIgniter\CodeIgniter->handleRequest(NULL, Object(Config\Cache), false)
#4 /home/eventodigital/public_html/api_controlAccesos/public/index.php(37): CodeIgniter\CodeIgniter->run()
#5 {main}
CRITICAL - 2023-11-11 10:42:33 --> Class 'App\Libraries\Exception' not found
#0 /home/eventodigital/public_html/api_controlAccesos/app/Controllers/RestController.php(185): App\Libraries\vCard->__construct(false, 'FBMi4dYAG7QogPg...')
#1 /home/eventodigital/public_html/api_controlAccesos/system/CodeIgniter.php(832): App\Controllers\RestController->create()
#2 /home/eventodigital/public_html/api_controlAccesos/system/CodeIgniter.php(419): CodeIgniter\CodeIgniter->runController(Object(App\Controllers\RestController))
#3 /home/eventodigital/public_html/api_controlAccesos/system/CodeIgniter.php(326): CodeIgniter\CodeIgniter->handleRequest(NULL, Object(Config\Cache), false)
#4 /home/eventodigital/public_html/api_controlAccesos/public/index.php(37): CodeIgniter\CodeIgniter->run()
#5 {main}
CRITICAL - 2023-11-11 10:42:38 --> Class 'App\Libraries\Exception' not found
#0 /home/eventodigital/public_html/api_controlAccesos/app/Controllers/RestController.php(185): App\Libraries\vCard->__construct(false, 'FBMi442AG7ipAHA...')
#1 /home/eventodigital/public_html/api_controlAccesos/system/CodeIgniter.php(832): App\Controllers\RestController->create()
#2 /home/eventodigital/public_html/api_controlAccesos/system/CodeIgniter.php(419): CodeIgniter\CodeIgniter->runController(Object(App\Controllers\RestController))
#3 /home/eventodigital/public_html/api_controlAccesos/system/CodeIgniter.php(326): CodeIgniter\CodeIgniter->handleRequest(NULL, Object(Config\Cache), false)
#4 /home/eventodigital/public_html/api_controlAccesos/public/index.php(37): CodeIgniter\CodeIgniter->run()
#5 {main}
CRITICAL - 2023-11-11 10:48:07 --> Class 'App\Libraries\Exception' not found
#0 /home/eventodigital/public_html/api_controlAccesos/app/Controllers/RestController.php(185): App\Libraries\vCard->__construct(false, 'FBMi4dYAG7WkQOg...')
#1 /home/eventodigital/public_html/api_controlAccesos/system/CodeIgniter.php(832): App\Controllers\RestController->create()
#2 /home/eventodigital/public_html/api_controlAccesos/system/CodeIgniter.php(419): CodeIgniter\CodeIgniter->runController(Object(App\Controllers\RestController))
#3 /home/eventodigital/public_html/api_controlAccesos/system/CodeIgniter.php(326): CodeIgniter\CodeIgniter->handleRequest(NULL, Object(Config\Cache), false)
#4 /home/eventodigital/public_html/api_controlAccesos/public/index.php(37): CodeIgniter\CodeIgniter->run()
#5 {main}
CRITICAL - 2023-11-11 10:48:08 --> Class 'App\Libraries\Exception' not found
#0 /home/eventodigital/public_html/api_controlAccesos/app/Controllers/RestController.php(185): App\Libraries\vCard->__construct(false, 'FBMi4dYAG7WkQOg...')
#1 /home/eventodigital/public_html/api_controlAccesos/system/CodeIgniter.php(832): App\Controllers\RestController->create()
#2 /home/eventodigital/public_html/api_controlAccesos/system/CodeIgniter.php(419): CodeIgniter\CodeIgniter->runController(Object(App\Controllers\RestController))
#3 /home/eventodigital/public_html/api_controlAccesos/system/CodeIgniter.php(326): CodeIgniter\CodeIgniter->handleRequest(NULL, Object(Config\Cache), false)
#4 /home/eventodigital/public_html/api_controlAccesos/public/index.php(37): CodeIgniter\CodeIgniter->run()
#5 {main}
CRITICAL - 2023-11-11 10:48:12 --> Class 'App\Libraries\Exception' not found
#0 /home/eventodigital/public_html/api_controlAccesos/app/Controllers/RestController.php(185): App\Libraries\vCard->__construct(false, 'FBMi4dYAG7WkQKQ...')
#1 /home/eventodigital/public_html/api_controlAccesos/system/CodeIgniter.php(832): App\Controllers\RestController->create()
#2 /home/eventodigital/public_html/api_controlAccesos/system/CodeIgniter.php(419): CodeIgniter\CodeIgniter->runController(Object(App\Controllers\RestController))
#3 /home/eventodigital/public_html/api_controlAccesos/system/CodeIgniter.php(326): CodeIgniter\CodeIgniter->handleRequest(NULL, Object(Config\Cache), false)
#4 /home/eventodigital/public_html/api_controlAccesos/public/index.php(37): CodeIgniter\CodeIgniter->run()
#5 {main}
CRITICAL - 2023-11-11 10:49:11 --> Class 'App\Libraries\Exception' not found
#0 /home/eventodigital/public_html/api_controlAccesos/app/Controllers/RestController.php(185): App\Libraries\vCard->__construct(false, 'FBMi4a0AG6jjQGQ...')
#1 /home/eventodigital/public_html/api_controlAccesos/system/CodeIgniter.php(832): App\Controllers\RestController->create()
#2 /home/eventodigital/public_html/api_controlAccesos/system/CodeIgniter.php(419): CodeIgniter\CodeIgniter->runController(Object(App\Controllers\RestController))
#3 /home/eventodigital/public_html/api_controlAccesos/system/CodeIgniter.php(326): CodeIgniter\CodeIgniter->handleRequest(NULL, Object(Config\Cache), false)
#4 /home/eventodigital/public_html/api_controlAccesos/public/index.php(37): CodeIgniter\CodeIgniter->run()
#5 {main}
CRITICAL - 2023-11-11 10:49:14 --> Class 'App\Libraries\Exception' not found
#0 /home/eventodigital/public_html/api_controlAccesos/app/Controllers/RestController.php(185): App\Libraries\vCard->__construct(false, 'FBMi4a0AG6jjQKg...')
#1 /home/eventodigital/public_html/api_controlAccesos/system/CodeIgniter.php(832): App\Controllers\RestController->create()
#2 /home/eventodigital/public_html/api_controlAccesos/system/CodeIgniter.php(419): CodeIgniter\CodeIgniter->runController(Object(App\Controllers\RestController))
#3 /home/eventodigital/public_html/api_controlAccesos/system/CodeIgniter.php(326): CodeIgniter\CodeIgniter->handleRequest(NULL, Object(Config\Cache), false)
#4 /home/eventodigital/public_html/api_controlAccesos/public/index.php(37): CodeIgniter\CodeIgniter->run()
#5 {main}
CRITICAL - 2023-11-11 10:50:57 --> Class 'App\Libraries\Exception' not found
#0 /home/eventodigital/public_html/api_controlAccesos/app/Controllers/RestController.php(185): App\Libraries\vCard->__construct(false, 'FBMi442AG7UlwHw...')
#1 /home/eventodigital/public_html/api_controlAccesos/system/CodeIgniter.php(832): App\Controllers\RestController->create()
#2 /home/eventodigital/public_html/api_controlAccesos/system/CodeIgniter.php(419): CodeIgniter\CodeIgniter->runController(Object(App\Controllers\RestController))
#3 /home/eventodigital/public_html/api_controlAccesos/system/CodeIgniter.php(326): CodeIgniter\CodeIgniter->handleRequest(NULL, Object(Config\Cache), false)
#4 /home/eventodigital/public_html/api_controlAccesos/public/index.php(37): CodeIgniter\CodeIgniter->run()
#5 {main}
CRITICAL - 2023-11-11 10:51:16 --> Class 'App\Libraries\Exception' not found
#0 /home/eventodigital/public_html/api_controlAccesos/app/Controllers/RestController.php(185): App\Libraries\vCard->__construct(false, 'FBMi442AG6o_AHA...')
#1 /home/eventodigital/public_html/api_controlAccesos/system/CodeIgniter.php(832): App\Controllers\RestController->create()
#2 /home/eventodigital/public_html/api_controlAccesos/system/CodeIgniter.php(419): CodeIgniter\CodeIgniter->runController(Object(App\Controllers\RestController))
#3 /home/eventodigital/public_html/api_controlAccesos/system/CodeIgniter.php(326): CodeIgniter\CodeIgniter->handleRequest(NULL, Object(Config\Cache), false)
#4 /home/eventodigital/public_html/api_controlAccesos/public/index.php(37): CodeIgniter\CodeIgniter->run()
#5 {main}
CRITICAL - 2023-11-11 10:51:18 --> Class 'App\Libraries\Exception' not found
#0 /home/eventodigital/public_html/api_controlAccesos/app/Controllers/RestController.php(185): App\Libraries\vCard->__construct(false, 'FBMi442AG6o_ALw...')
#1 /home/eventodigital/public_html/api_controlAccesos/system/CodeIgniter.php(832): App\Controllers\RestController->create()
#2 /home/eventodigital/public_html/api_controlAccesos/system/CodeIgniter.php(419): CodeIgniter\CodeIgniter->runController(Object(App\Controllers\RestController))
#3 /home/eventodigital/public_html/api_controlAccesos/system/CodeIgniter.php(326): CodeIgniter\CodeIgniter->handleRequest(NULL, Object(Config\Cache), false)
#4 /home/eventodigital/public_html/api_controlAccesos/public/index.php(37): CodeIgniter\CodeIgniter->run()
#5 {main}
CRITICAL - 2023-11-11 10:51:22 --> Class 'App\Libraries\Exception' not found
#0 /home/eventodigital/public_html/api_controlAccesos/app/Controllers/RestController.php(185): App\Libraries\vCard->__construct(false, 'FBMi442AG6o_APw...')
#1 /home/eventodigital/public_html/api_controlAccesos/system/CodeIgniter.php(832): App\Controllers\RestController->create()
#2 /home/eventodigital/public_html/api_controlAccesos/system/CodeIgniter.php(419): CodeIgniter\CodeIgniter->runController(Object(App\Controllers\RestController))
#3 /home/eventodigital/public_html/api_controlAccesos/system/CodeIgniter.php(326): CodeIgniter\CodeIgniter->handleRequest(NULL, Object(Config\Cache), false)
#4 /home/eventodigital/public_html/api_controlAccesos/public/index.php(37): CodeIgniter\CodeIgniter->run()
#5 {main}
CRITICAL - 2023-11-11 10:51:24 --> Class 'App\Libraries\Exception' not found
#0 /home/eventodigital/public_html/api_controlAccesos/app/Controllers/RestController.php(185): App\Libraries\vCard->__construct(false, 'FBMi442AG6o_ASg...')
#1 /home/eventodigital/public_html/api_controlAccesos/system/CodeIgniter.php(832): App\Controllers\RestController->create()
#2 /home/eventodigital/public_html/api_controlAccesos/system/CodeIgniter.php(419): CodeIgniter\CodeIgniter->runController(Object(App\Controllers\RestController))
#3 /home/eventodigital/public_html/api_controlAccesos/system/CodeIgniter.php(326): CodeIgniter\CodeIgniter->handleRequest(NULL, Object(Config\Cache), false)
#4 /home/eventodigital/public_html/api_controlAccesos/public/index.php(37): CodeIgniter\CodeIgniter->run()
#5 {main}
CRITICAL - 2023-11-11 10:54:45 --> Class 'App\Libraries\Exception' not found
#0 /home/eventodigital/public_html/api_controlAccesos/app/Controllers/RestController.php(185): App\Libraries\vCard->__construct(false, 'FBMi4dYAG7VkQHA...')
#1 /home/eventodigital/public_html/api_controlAccesos/system/CodeIgniter.php(832): App\Controllers\RestController->create()
#2 /home/eventodigital/public_html/api_controlAccesos/system/CodeIgniter.php(419): CodeIgniter\CodeIgniter->runController(Object(App\Controllers\RestController))
#3 /home/eventodigital/public_html/api_controlAccesos/system/CodeIgniter.php(326): CodeIgniter\CodeIgniter->handleRequest(NULL, Object(Config\Cache), false)
#4 /home/eventodigital/public_html/api_controlAccesos/public/index.php(37): CodeIgniter\CodeIgniter->run()
#5 {main}
CRITICAL - 2023-11-11 10:54:48 --> Class 'App\Libraries\Exception' not found
#0 /home/eventodigital/public_html/api_controlAccesos/app/Controllers/RestController.php(185): App\Libraries\vCard->__construct(false, 'FBMi4dYAG7VkQLQ...')
#1 /home/eventodigital/public_html/api_controlAccesos/system/CodeIgniter.php(832): App\Controllers\RestController->create()
#2 /home/eventodigital/public_html/api_controlAccesos/system/CodeIgniter.php(419): CodeIgniter\CodeIgniter->runController(Object(App\Controllers\RestController))
#3 /home/eventodigital/public_html/api_controlAccesos/system/CodeIgniter.php(326): CodeIgniter\CodeIgniter->handleRequest(NULL, Object(Config\Cache), false)
#4 /home/eventodigital/public_html/api_controlAccesos/public/index.php(37): CodeIgniter\CodeIgniter->run()
#5 {main}
CRITICAL - 2023-11-11 10:55:40 --> Class 'App\Libraries\Exception' not found
#0 /home/eventodigital/public_html/api_controlAccesos/app/Controllers/RestController.php(185): App\Libraries\vCard->__construct(false, 'FBMi442AG4csgHA...')
#1 /home/eventodigital/public_html/api_controlAccesos/system/CodeIgniter.php(832): App\Controllers\RestController->create()
#2 /home/eventodigital/public_html/api_controlAccesos/system/CodeIgniter.php(419): CodeIgniter\CodeIgniter->runController(Object(App\Controllers\RestController))
#3 /home/eventodigital/public_html/api_controlAccesos/system/CodeIgniter.php(326): CodeIgniter\CodeIgniter->handleRequest(NULL, Object(Config\Cache), false)
#4 /home/eventodigital/public_html/api_controlAccesos/public/index.php(37): CodeIgniter\CodeIgniter->run()
#5 {main}
CRITICAL - 2023-11-11 10:55:42 --> Class 'App\Libraries\Exception' not found
#0 /home/eventodigital/public_html/api_controlAccesos/app/Controllers/RestController.php(185): App\Libraries\vCard->__construct(false, 'FBMi442AG4csgLQ...')
#1 /home/eventodigital/public_html/api_controlAccesos/system/CodeIgniter.php(832): App\Controllers\RestController->create()
#2 /home/eventodigital/public_html/api_controlAccesos/system/CodeIgniter.php(419): CodeIgniter\CodeIgniter->runController(Object(App\Controllers\RestController))
#3 /home/eventodigital/public_html/api_controlAccesos/system/CodeIgniter.php(326): CodeIgniter\CodeIgniter->handleRequest(NULL, Object(Config\Cache), false)
#4 /home/eventodigital/public_html/api_controlAccesos/public/index.php(37): CodeIgniter\CodeIgniter->run()
#5 {main}
CRITICAL - 2023-11-11 10:56:30 --> Class 'App\Libraries\Exception' not found
#0 /home/eventodigital/public_html/api_controlAccesos/app/Controllers/RestController.php(185): App\Libraries\vCard->__construct(false, 'FBMi48SAGBUggOg...')
#1 /home/eventodigital/public_html/api_controlAccesos/system/CodeIgniter.php(832): App\Controllers\RestController->create()
#2 /home/eventodigital/public_html/api_controlAccesos/system/CodeIgniter.php(419): CodeIgniter\CodeIgniter->runController(Object(App\Controllers\RestController))
#3 /home/eventodigital/public_html/api_controlAccesos/system/CodeIgniter.php(326): CodeIgniter\CodeIgniter->handleRequest(NULL, Object(Config\Cache), false)
#4 /home/eventodigital/public_html/api_controlAccesos/public/index.php(37): CodeIgniter\CodeIgniter->run()
#5 {main}
CRITICAL - 2023-11-11 10:57:39 --> Class 'App\Libraries\Exception' not found
#0 /home/eventodigital/public_html/api_controlAccesos/app/Controllers/RestController.php(185): App\Libraries\vCard->__construct(false, 'FBMi4a0AG6l7QGw...')
#1 /home/eventodigital/public_html/api_controlAccesos/system/CodeIgniter.php(832): App\Controllers\RestController->create()
#2 /home/eventodigital/public_html/api_controlAccesos/system/CodeIgniter.php(419): CodeIgniter\CodeIgniter->runController(Object(App\Controllers\RestController))
#3 /home/eventodigital/public_html/api_controlAccesos/system/CodeIgniter.php(326): CodeIgniter\CodeIgniter->handleRequest(NULL, Object(Config\Cache), false)
#4 /home/eventodigital/public_html/api_controlAccesos/public/index.php(37): CodeIgniter\CodeIgniter->run()
#5 {main}
CRITICAL - 2023-11-11 10:57:43 --> Class 'App\Libraries\Exception' not found
#0 /home/eventodigital/public_html/api_controlAccesos/app/Controllers/RestController.php(185): App\Libraries\vCard->__construct(false, 'FBMi4a0AG6l7QKQ...')
#1 /home/eventodigital/public_html/api_controlAccesos/system/CodeIgniter.php(832): App\Controllers\RestController->create()
#2 /home/eventodigital/public_html/api_controlAccesos/system/CodeIgniter.php(419): CodeIgniter\CodeIgniter->runController(Object(App\Controllers\RestController))
#3 /home/eventodigital/public_html/api_controlAccesos/system/CodeIgniter.php(326): CodeIgniter\CodeIgniter->handleRequest(NULL, Object(Config\Cache), false)
#4 /home/eventodigital/public_html/api_controlAccesos/public/index.php(37): CodeIgniter\CodeIgniter->run()
#5 {main}
CRITICAL - 2023-11-11 10:57:47 --> Class 'App\Libraries\Exception' not found
#0 /home/eventodigital/public_html/api_controlAccesos/app/Controllers/RestController.php(185): App\Libraries\vCard->__construct(false, 'FBMi4a0AG6l7QOQ...')
#1 /home/eventodigital/public_html/api_controlAccesos/system/CodeIgniter.php(832): App\Controllers\RestController->create()
#2 /home/eventodigital/public_html/api_controlAccesos/system/CodeIgniter.php(419): CodeIgniter\CodeIgniter->runController(Object(App\Controllers\RestController))
#3 /home/eventodigital/public_html/api_controlAccesos/system/CodeIgniter.php(326): CodeIgniter\CodeIgniter->handleRequest(NULL, Object(Config\Cache), false)
#4 /home/eventodigital/public_html/api_controlAccesos/public/index.php(37): CodeIgniter\CodeIgniter->run()
#5 {main}
CRITICAL - 2023-11-11 10:57:53 --> Class 'App\Libraries\Exception' not found
#0 /home/eventodigital/public_html/api_controlAccesos/app/Controllers/RestController.php(185): App\Libraries\vCard->__construct(false, 'FBMi4a0AG6l7QTg...')
#1 /home/eventodigital/public_html/api_controlAccesos/system/CodeIgniter.php(832): App\Controllers\RestController->create()
#2 /home/eventodigital/public_html/api_controlAccesos/system/CodeIgniter.php(419): CodeIgniter\CodeIgniter->runController(Object(App\Controllers\RestController))
#3 /home/eventodigital/public_html/api_controlAccesos/system/CodeIgniter.php(326): CodeIgniter\CodeIgniter->handleRequest(NULL, Object(Config\Cache), false)
#4 /home/eventodigital/public_html/api_controlAccesos/public/index.php(37): CodeIgniter\CodeIgniter->run()
#5 {main}
CRITICAL - 2023-11-11 10:59:17 --> Class 'App\Libraries\Exception' not found
#0 /home/eventodigital/public_html/api_controlAccesos/app/Controllers/RestController.php(185): App\Libraries\vCard->__construct(false, 'FBMi4dYAG7lQQPQ...')
#1 /home/eventodigital/public_html/api_controlAccesos/system/CodeIgniter.php(832): App\Controllers\RestController->create()
#2 /home/eventodigital/public_html/api_controlAccesos/system/CodeIgniter.php(419): CodeIgniter\CodeIgniter->runController(Object(App\Controllers\RestController))
#3 /home/eventodigital/public_html/api_controlAccesos/system/CodeIgniter.php(326): CodeIgniter\CodeIgniter->handleRequest(NULL, Object(Config\Cache), false)
#4 /home/eventodigital/public_html/api_controlAccesos/public/index.php(37): CodeIgniter\CodeIgniter->run()
#5 {main}
CRITICAL - 2023-11-11 10:59:22 --> Class 'App\Libraries\Exception' not found
#0 /home/eventodigital/public_html/api_controlAccesos/app/Controllers/RestController.php(185): App\Libraries\vCard->__construct(false, 'FBMi4dYAG7lQQLg...')
#1 /home/eventodigital/public_html/api_controlAccesos/system/CodeIgniter.php(832): App\Controllers\RestController->create()
#2 /home/eventodigital/public_html/api_controlAccesos/system/CodeIgniter.php(419): CodeIgniter\CodeIgniter->runController(Object(App\Controllers\RestController))
#3 /home/eventodigital/public_html/api_controlAccesos/system/CodeIgniter.php(326): CodeIgniter\CodeIgniter->handleRequest(NULL, Object(Config\Cache), false)
#4 /home/eventodigital/public_html/api_controlAccesos/public/index.php(37): CodeIgniter\CodeIgniter->run()
#5 {main}
CRITICAL - 2023-11-11 11:00:24 --> Class 'App\Libraries\Exception' not found
#0 /home/eventodigital/public_html/api_controlAccesos/app/Controllers/RestController.php(185): App\Libraries\vCard->__construct(false, 'FBMi4a0AG57OQGw...')
#1 /home/eventodigital/public_html/api_controlAccesos/system/CodeIgniter.php(832): App\Controllers\RestController->create()
#2 /home/eventodigital/public_html/api_controlAccesos/system/CodeIgniter.php(419): CodeIgniter\CodeIgniter->runController(Object(App\Controllers\RestController))
#3 /home/eventodigital/public_html/api_controlAccesos/system/CodeIgniter.php(326): CodeIgniter\CodeIgniter->handleRequest(NULL, Object(Config\Cache), false)
#4 /home/eventodigital/public_html/api_controlAccesos/public/index.php(37): CodeIgniter\CodeIgniter->run()
#5 {main}
CRITICAL - 2023-11-11 11:01:07 --> Class 'App\Libraries\Exception' not found
#0 /home/eventodigital/public_html/api_controlAccesos/app/Controllers/RestController.php(185): App\Libraries\vCard->__construct(false, 'FBMi442AG7I_wHA...')
#1 /home/eventodigital/public_html/api_controlAccesos/system/CodeIgniter.php(832): App\Controllers\RestController->create()
#2 /home/eventodigital/public_html/api_controlAccesos/system/CodeIgniter.php(419): CodeIgniter\CodeIgniter->runController(Object(App\Controllers\RestController))
#3 /home/eventodigital/public_html/api_controlAccesos/system/CodeIgniter.php(326): CodeIgniter\CodeIgniter->handleRequest(NULL, Object(Config\Cache), false)
#4 /home/eventodigital/public_html/api_controlAccesos/public/index.php(37): CodeIgniter\CodeIgniter->run()
#5 {main}
CRITICAL - 2023-11-11 11:01:43 --> Class 'App\Libraries\Exception' not found
#0 /home/eventodigital/public_html/api_controlAccesos/app/Controllers/RestController.php(185): App\Libraries\vCard->__construct(false, 'FBMi4dYAG7XMAGg...')
#1 /home/eventodigital/public_html/api_controlAccesos/system/CodeIgniter.php(832): App\Controllers\RestController->create()
#2 /home/eventodigital/public_html/api_controlAccesos/system/CodeIgniter.php(419): CodeIgniter\CodeIgniter->runController(Object(App\Controllers\RestController))
#3 /home/eventodigital/public_html/api_controlAccesos/system/CodeIgniter.php(326): CodeIgniter\CodeIgniter->handleRequest(NULL, Object(Config\Cache), false)
#4 /home/eventodigital/public_html/api_controlAccesos/public/index.php(37): CodeIgniter\CodeIgniter->run()
#5 {main}
CRITICAL - 2023-11-11 11:01:47 --> Class 'App\Libraries\Exception' not found
#0 /home/eventodigital/public_html/api_controlAccesos/app/Controllers/RestController.php(185): App\Libraries\vCard->__construct(false, 'FBMi4dYAG7XMAKw...')
#1 /home/eventodigital/public_html/api_controlAccesos/system/CodeIgniter.php(832): App\Controllers\RestController->create()
#2 /home/eventodigital/public_html/api_controlAccesos/system/CodeIgniter.php(419): CodeIgniter\CodeIgniter->runController(Object(App\Controllers\RestController))
#3 /home/eventodigital/public_html/api_controlAccesos/system/CodeIgniter.php(326): CodeIgniter\CodeIgniter->handleRequest(NULL, Object(Config\Cache), false)
#4 /home/eventodigital/public_html/api_controlAccesos/public/index.php(37): CodeIgniter\CodeIgniter->run()
#5 {main}
CRITICAL - 2023-11-11 11:02:47 --> Class 'App\Libraries\Exception' not found
#0 /home/eventodigital/public_html/api_controlAccesos/app/Controllers/RestController.php(185): App\Libraries\vCard->__construct(false, 'FBMi4a0AG68KAHQ...')
#1 /home/eventodigital/public_html/api_controlAccesos/system/CodeIgniter.php(832): App\Controllers\RestController->create()
#2 /home/eventodigital/public_html/api_controlAccesos/system/CodeIgniter.php(419): CodeIgniter\CodeIgniter->runController(Object(App\Controllers\RestController))
#3 /home/eventodigital/public_html/api_controlAccesos/system/CodeIgniter.php(326): CodeIgniter\CodeIgniter->handleRequest(NULL, Object(Config\Cache), false)
#4 /home/eventodigital/public_html/api_controlAccesos/public/index.php(37): CodeIgniter\CodeIgniter->run()
#5 {main}
CRITICAL - 2023-11-11 11:02:50 --> Class 'App\Libraries\Exception' not found
#0 /home/eventodigital/public_html/api_controlAccesos/app/Controllers/RestController.php(185): App\Libraries\vCard->__construct(false, 'FBMi4a0AG68KALA...')
#1 /home/eventodigital/public_html/api_controlAccesos/system/CodeIgniter.php(832): App\Controllers\RestController->create()
#2 /home/eventodigital/public_html/api_controlAccesos/system/CodeIgniter.php(419): CodeIgniter\CodeIgniter->runController(Object(App\Controllers\RestController))
#3 /home/eventodigital/public_html/api_controlAccesos/system/CodeIgniter.php(326): CodeIgniter\CodeIgniter->handleRequest(NULL, Object(Config\Cache), false)
#4 /home/eventodigital/public_html/api_controlAccesos/public/index.php(37): CodeIgniter\CodeIgniter->run()
#5 {main}
CRITICAL - 2023-11-11 11:04:05 --> Class 'App\Libraries\Exception' not found
#0 /home/eventodigital/public_html/api_controlAccesos/app/Controllers/RestController.php(185): App\Libraries\vCard->__construct(false, 'FBMi4a0AG6oRgGQ...')
#1 /home/eventodigital/public_html/api_controlAccesos/system/CodeIgniter.php(832): App\Controllers\RestController->create()
#2 /home/eventodigital/public_html/api_controlAccesos/system/CodeIgniter.php(419): CodeIgniter\CodeIgniter->runController(Object(App\Controllers\RestController))
#3 /home/eventodigital/public_html/api_controlAccesos/system/CodeIgniter.php(326): CodeIgniter\CodeIgniter->handleRequest(NULL, Object(Config\Cache), false)
#4 /home/eventodigital/public_html/api_controlAccesos/public/index.php(37): CodeIgniter\CodeIgniter->run()
#5 {main}
CRITICAL - 2023-11-11 11:04:12 --> Class 'App\Libraries\Exception' not found
#0 /home/eventodigital/public_html/api_controlAccesos/app/Controllers/RestController.php(185): App\Libraries\vCard->__construct(false, 'FBMi4a0AG6oOAGw...')
#1 /home/eventodigital/public_html/api_controlAccesos/system/CodeIgniter.php(832): App\Controllers\RestController->create()
#2 /home/eventodigital/public_html/api_controlAccesos/system/CodeIgniter.php(419): CodeIgniter\CodeIgniter->runController(Object(App\Controllers\RestController))
#3 /home/eventodigital/public_html/api_controlAccesos/system/CodeIgniter.php(326): CodeIgniter\CodeIgniter->handleRequest(NULL, Object(Config\Cache), false)
#4 /home/eventodigital/public_html/api_controlAccesos/public/index.php(37): CodeIgniter\CodeIgniter->run()
#5 {main}
CRITICAL - 2023-11-11 11:04:19 --> Class 'App\Libraries\Exception' not found
#0 /home/eventodigital/public_html/api_controlAccesos/app/Controllers/RestController.php(185): App\Libraries\vCard->__construct(false, 'FBMi442AG7XqgGg...')
#1 /home/eventodigital/public_html/api_controlAccesos/system/CodeIgniter.php(832): App\Controllers\RestController->create()
#2 /home/eventodigital/public_html/api_controlAccesos/system/CodeIgniter.php(419): CodeIgniter\CodeIgniter->runController(Object(App\Controllers\RestController))
#3 /home/eventodigital/public_html/api_controlAccesos/system/CodeIgniter.php(326): CodeIgniter\CodeIgniter->handleRequest(NULL, Object(Config\Cache), false)
#4 /home/eventodigital/public_html/api_controlAccesos/public/index.php(37): CodeIgniter\CodeIgniter->run()
#5 {main}
CRITICAL - 2023-11-11 11:04:26 --> Class 'App\Libraries\Exception' not found
#0 /home/eventodigital/public_html/api_controlAccesos/app/Controllers/RestController.php(185): App\Libraries\vCard->__construct(false, 'FBMi442AG7XqgKw...')
#1 /home/eventodigital/public_html/api_controlAccesos/system/CodeIgniter.php(832): App\Controllers\RestController->create()
#2 /home/eventodigital/public_html/api_controlAccesos/system/CodeIgniter.php(419): CodeIgniter\CodeIgniter->runController(Object(App\Controllers\RestController))
#3 /home/eventodigital/public_html/api_controlAccesos/system/CodeIgniter.php(326): CodeIgniter\CodeIgniter->handleRequest(NULL, Object(Config\Cache), false)
#4 /home/eventodigital/public_html/api_controlAccesos/public/index.php(37): CodeIgniter\CodeIgniter->run()
#5 {main}
CRITICAL - 2023-11-11 11:04:28 --> Class 'App\Libraries\Exception' not found
#0 /home/eventodigital/public_html/api_controlAccesos/app/Controllers/RestController.php(185): App\Libraries\vCard->__construct(false, 'FBMi442AG7XqgPw...')
#1 /home/eventodigital/public_html/api_controlAccesos/system/CodeIgniter.php(832): App\Controllers\RestController->create()
#2 /home/eventodigital/public_html/api_controlAccesos/system/CodeIgniter.php(419): CodeIgniter\CodeIgniter->runController(Object(App\Controllers\RestController))
#3 /home/eventodigital/public_html/api_controlAccesos/system/CodeIgniter.php(326): CodeIgniter\CodeIgniter->handleRequest(NULL, Object(Config\Cache), false)
#4 /home/eventodigital/public_html/api_controlAccesos/public/index.php(37): CodeIgniter\CodeIgniter->run()
#5 {main}
CRITICAL - 2023-11-11 11:04:49 --> Class 'App\Libraries\Exception' not found
#0 /home/eventodigital/public_html/api_controlAccesos/app/Controllers/RestController.php(185): App\Libraries\vCard->__construct(false, 'FBMi4a0AG6WXAHw...')
#1 /home/eventodigital/public_html/api_controlAccesos/system/CodeIgniter.php(832): App\Controllers\RestController->create()
#2 /home/eventodigital/public_html/api_controlAccesos/system/CodeIgniter.php(419): CodeIgniter\CodeIgniter->runController(Object(App\Controllers\RestController))
#3 /home/eventodigital/public_html/api_controlAccesos/system/CodeIgniter.php(326): CodeIgniter\CodeIgniter->handleRequest(NULL, Object(Config\Cache), false)
#4 /home/eventodigital/public_html/api_controlAccesos/public/index.php(37): CodeIgniter\CodeIgniter->run()
#5 {main}
CRITICAL - 2023-11-11 11:05:50 --> Class 'App\Libraries\Exception' not found
#0 /home/eventodigital/public_html/api_controlAccesos/app/Controllers/RestController.php(185): App\Libraries\vCard->__construct(false, 'FBMi442AG7mIgHg...')
#1 /home/eventodigital/public_html/api_controlAccesos/system/CodeIgniter.php(832): App\Controllers\RestController->create()
#2 /home/eventodigital/public_html/api_controlAccesos/system/CodeIgniter.php(419): CodeIgniter\CodeIgniter->runController(Object(App\Controllers\RestController))
#3 /home/eventodigital/public_html/api_controlAccesos/system/CodeIgniter.php(326): CodeIgniter\CodeIgniter->handleRequest(NULL, Object(Config\Cache), false)
#4 /home/eventodigital/public_html/api_controlAccesos/public/index.php(37): CodeIgniter\CodeIgniter->run()
#5 {main}
CRITICAL - 2023-11-11 11:06:55 --> Class 'App\Libraries\Exception' not found
#0 /home/eventodigital/public_html/api_controlAccesos/app/Controllers/RestController.php(185): App\Libraries\vCard->__construct(false, 'FBMi442AG7oJwGw...')
#1 /home/eventodigital/public_html/api_controlAccesos/system/CodeIgniter.php(832): App\Controllers\RestController->create()
#2 /home/eventodigital/public_html/api_controlAccesos/system/CodeIgniter.php(419): CodeIgniter\CodeIgniter->runController(Object(App\Controllers\RestController))
#3 /home/eventodigital/public_html/api_controlAccesos/system/CodeIgniter.php(326): CodeIgniter\CodeIgniter->handleRequest(NULL, Object(Config\Cache), false)
#4 /home/eventodigital/public_html/api_controlAccesos/public/index.php(37): CodeIgniter\CodeIgniter->run()
#5 {main}
CRITICAL - 2023-11-11 11:07:03 --> Class 'App\Libraries\Exception' not found
#0 /home/eventodigital/public_html/api_controlAccesos/app/Controllers/RestController.php(185): App\Libraries\vCard->__construct(false, 'FBMi442AG7lCQTA...')
#1 /home/eventodigital/public_html/api_controlAccesos/system/CodeIgniter.php(832): App\Controllers\RestController->create()
#2 /home/eventodigital/public_html/api_controlAccesos/system/CodeIgniter.php(419): CodeIgniter\CodeIgniter->runController(Object(App\Controllers\RestController))
#3 /home/eventodigital/public_html/api_controlAccesos/system/CodeIgniter.php(326): CodeIgniter\CodeIgniter->handleRequest(NULL, Object(Config\Cache), false)
#4 /home/eventodigital/public_html/api_controlAccesos/public/index.php(37): CodeIgniter\CodeIgniter->run()
#5 {main}
CRITICAL - 2023-11-11 11:07:06 --> Class 'App\Libraries\Exception' not found
#0 /home/eventodigital/public_html/api_controlAccesos/app/Controllers/RestController.php(185): App\Libraries\vCard->__construct(false, 'FBMi442AG7lCQOw...')
#1 /home/eventodigital/public_html/api_controlAccesos/system/CodeIgniter.php(832): App\Controllers\RestController->create()
#2 /home/eventodigital/public_html/api_controlAccesos/system/CodeIgniter.php(419): CodeIgniter\CodeIgniter->runController(Object(App\Controllers\RestController))
#3 /home/eventodigital/public_html/api_controlAccesos/system/CodeIgniter.php(326): CodeIgniter\CodeIgniter->handleRequest(NULL, Object(Config\Cache), false)
#4 /home/eventodigital/public_html/api_controlAccesos/public/index.php(37): CodeIgniter\CodeIgniter->run()
#5 {main}
CRITICAL - 2023-11-11 11:07:10 --> Class 'App\Libraries\Exception' not found
#0 /home/eventodigital/public_html/api_controlAccesos/app/Controllers/RestController.php(185): App\Libraries\vCard->__construct(false, 'FBMi442AG7lCQLw...')
#1 /home/eventodigital/public_html/api_controlAccesos/system/CodeIgniter.php(832): App\Controllers\RestController->create()
#2 /home/eventodigital/public_html/api_controlAccesos/system/CodeIgniter.php(419): CodeIgniter\CodeIgniter->runController(Object(App\Controllers\RestController))
#3 /home/eventodigital/public_html/api_controlAccesos/system/CodeIgniter.php(326): CodeIgniter\CodeIgniter->handleRequest(NULL, Object(Config\Cache), false)
#4 /home/eventodigital/public_html/api_controlAccesos/public/index.php(37): CodeIgniter\CodeIgniter->run()
#5 {main}
CRITICAL - 2023-11-11 11:07:14 --> Class 'App\Libraries\Exception' not found
#0 /home/eventodigital/public_html/api_controlAccesos/app/Controllers/RestController.php(185): App\Libraries\vCard->__construct(false, 'FBMi442AG7lCQGg...')
#1 /home/eventodigital/public_html/api_controlAccesos/system/CodeIgniter.php(832): App\Controllers\RestController->create()
#2 /home/eventodigital/public_html/api_controlAccesos/system/CodeIgniter.php(419): CodeIgniter\CodeIgniter->runController(Object(App\Controllers\RestController))
#3 /home/eventodigital/public_html/api_controlAccesos/system/CodeIgniter.php(326): CodeIgniter\CodeIgniter->handleRequest(NULL, Object(Config\Cache), false)
#4 /home/eventodigital/public_html/api_controlAccesos/public/index.php(37): CodeIgniter\CodeIgniter->run()
#5 {main}
CRITICAL - 2023-11-11 11:07:53 --> Class 'App\Libraries\Exception' not found
#0 /home/eventodigital/public_html/api_controlAccesos/app/Controllers/RestController.php(185): App\Libraries\vCard->__construct(false, 'FBMi442AG7LPwGg...')
#1 /home/eventodigital/public_html/api_controlAccesos/system/CodeIgniter.php(832): App\Controllers\RestController->create()
#2 /home/eventodigital/public_html/api_controlAccesos/system/CodeIgniter.php(419): CodeIgniter\CodeIgniter->runController(Object(App\Controllers\RestController))
#3 /home/eventodigital/public_html/api_controlAccesos/system/CodeIgniter.php(326): CodeIgniter\CodeIgniter->handleRequest(NULL, Object(Config\Cache), false)
#4 /home/eventodigital/public_html/api_controlAccesos/public/index.php(37): CodeIgniter\CodeIgniter->run()
#5 {main}
CRITICAL - 2023-11-11 11:10:38 --> Class 'App\Libraries\Exception' not found
#0 /home/eventodigital/public_html/api_controlAccesos/app/Controllers/RestController.php(185): App\Libraries\vCard->__construct(false, 'FBMi442AG5zvAOw...')
#1 /home/eventodigital/public_html/api_controlAccesos/system/CodeIgniter.php(832): App\Controllers\RestController->create()
#2 /home/eventodigital/public_html/api_controlAccesos/system/CodeIgniter.php(419): CodeIgniter\CodeIgniter->runController(Object(App\Controllers\RestController))
#3 /home/eventodigital/public_html/api_controlAccesos/system/CodeIgniter.php(326): CodeIgniter\CodeIgniter->handleRequest(NULL, Object(Config\Cache), false)
#4 /home/eventodigital/public_html/api_controlAccesos/public/index.php(37): CodeIgniter\CodeIgniter->run()
#5 {main}
CRITICAL - 2023-11-11 11:10:42 --> Class 'App\Libraries\Exception' not found
#0 /home/eventodigital/public_html/api_controlAccesos/app/Controllers/RestController.php(185): App\Libraries\vCard->__construct(false, 'FBMi442AG5zvALg...')
#1 /home/eventodigital/public_html/api_controlAccesos/system/CodeIgniter.php(832): App\Controllers\RestController->create()
#2 /home/eventodigital/public_html/api_controlAccesos/system/CodeIgniter.php(419): CodeIgniter\CodeIgniter->runController(Object(App\Controllers\RestController))
#3 /home/eventodigital/public_html/api_controlAccesos/system/CodeIgniter.php(326): CodeIgniter\CodeIgniter->handleRequest(NULL, Object(Config\Cache), false)
#4 /home/eventodigital/public_html/api_controlAccesos/public/index.php(37): CodeIgniter\CodeIgniter->run()
#5 {main}
CRITICAL - 2023-11-11 11:10:45 --> Class 'App\Libraries\Exception' not found
#0 /home/eventodigital/public_html/api_controlAccesos/app/Controllers/RestController.php(185): App\Libraries\vCard->__construct(false, 'FBMi442AG5zvAHw...')
#1 /home/eventodigital/public_html/api_controlAccesos/system/CodeIgniter.php(832): App\Controllers\RestController->create()
#2 /home/eventodigital/public_html/api_controlAccesos/system/CodeIgniter.php(419): CodeIgniter\CodeIgniter->runController(Object(App\Controllers\RestController))
#3 /home/eventodigital/public_html/api_controlAccesos/system/CodeIgniter.php(326): CodeIgniter\CodeIgniter->handleRequest(NULL, Object(Config\Cache), false)
#4 /home/eventodigital/public_html/api_controlAccesos/public/index.php(37): CodeIgniter\CodeIgniter->run()
#5 {main}
CRITICAL - 2023-11-11 11:12:05 --> Class 'App\Libraries\Exception' not found
#0 /home/eventodigital/public_html/api_controlAccesos/app/Controllers/RestController.php(185): App\Libraries\vCard->__construct(false, 'FBMi442AG7oTAGg...')
#1 /home/eventodigital/public_html/api_controlAccesos/system/CodeIgniter.php(832): App\Controllers\RestController->create()
#2 /home/eventodigital/public_html/api_controlAccesos/system/CodeIgniter.php(419): CodeIgniter\CodeIgniter->runController(Object(App\Controllers\RestController))
#3 /home/eventodigital/public_html/api_controlAccesos/system/CodeIgniter.php(326): CodeIgniter\CodeIgniter->handleRequest(NULL, Object(Config\Cache), false)
#4 /home/eventodigital/public_html/api_controlAccesos/public/index.php(37): CodeIgniter\CodeIgniter->run()
#5 {main}
CRITICAL - 2023-11-11 11:12:10 --> Class 'App\Libraries\Exception' not found
#0 /home/eventodigital/public_html/api_controlAccesos/app/Controllers/RestController.php(185): App\Libraries\vCard->__construct(false, 'FBMi442AG7oTALw...')
#1 /home/eventodigital/public_html/api_controlAccesos/system/CodeIgniter.php(832): App\Controllers\RestController->create()
#2 /home/eventodigital/public_html/api_controlAccesos/system/CodeIgniter.php(419): CodeIgniter\CodeIgniter->runController(Object(App\Controllers\RestController))
#3 /home/eventodigital/public_html/api_controlAccesos/system/CodeIgniter.php(326): CodeIgniter\CodeIgniter->handleRequest(NULL, Object(Config\Cache), false)
#4 /home/eventodigital/public_html/api_controlAccesos/public/index.php(37): CodeIgniter\CodeIgniter->run()
#5 {main}
CRITICAL - 2023-11-11 11:16:10 --> Class 'App\Libraries\Exception' not found
#0 /home/eventodigital/public_html/api_controlAccesos/app/Controllers/RestController.php(185): App\Libraries\vCard->__construct(false, 'FBMi442AG7oeAGg...')
#1 /home/eventodigital/public_html/api_controlAccesos/system/CodeIgniter.php(832): App\Controllers\RestController->create()
#2 /home/eventodigital/public_html/api_controlAccesos/system/CodeIgniter.php(419): CodeIgniter\CodeIgniter->runController(Object(App\Controllers\RestController))
#3 /home/eventodigital/public_html/api_controlAccesos/system/CodeIgniter.php(326): CodeIgniter\CodeIgniter->handleRequest(NULL, Object(Config\Cache), false)
#4 /home/eventodigital/public_html/api_controlAccesos/public/index.php(37): CodeIgniter\CodeIgniter->run()
#5 {main}
CRITICAL - 2023-11-11 11:16:17 --> Class 'App\Libraries\Exception' not found
#0 /home/eventodigital/public_html/api_controlAccesos/app/Controllers/RestController.php(185): App\Libraries\vCard->__construct(false, 'FBMi442AG7oeALA...')
#1 /home/eventodigital/public_html/api_controlAccesos/system/CodeIgniter.php(832): App\Controllers\RestController->create()
#2 /home/eventodigital/public_html/api_controlAccesos/system/CodeIgniter.php(419): CodeIgniter\CodeIgniter->runController(Object(App\Controllers\RestController))
#3 /home/eventodigital/public_html/api_controlAccesos/system/CodeIgniter.php(326): CodeIgniter\CodeIgniter->handleRequest(NULL, Object(Config\Cache), false)
#4 /home/eventodigital/public_html/api_controlAccesos/public/index.php(37): CodeIgniter\CodeIgniter->run()
#5 {main}
CRITICAL - 2023-11-11 11:20:29 --> Class 'App\Libraries\Exception' not found
#0 /home/eventodigital/public_html/api_controlAccesos/app/Controllers/RestController.php(185): App\Libraries\vCard->__construct(false, 'FBMi442AG6xLQHw...')
#1 /home/eventodigital/public_html/api_controlAccesos/system/CodeIgniter.php(832): App\Controllers\RestController->create()
#2 /home/eventodigital/public_html/api_controlAccesos/system/CodeIgniter.php(419): CodeIgniter\CodeIgniter->runController(Object(App\Controllers\RestController))
#3 /home/eventodigital/public_html/api_controlAccesos/system/CodeIgniter.php(326): CodeIgniter\CodeIgniter->handleRequest(NULL, Object(Config\Cache), false)
#4 /home/eventodigital/public_html/api_controlAccesos/public/index.php(37): CodeIgniter\CodeIgniter->run()
#5 {main}
CRITICAL - 2023-11-11 11:20:33 --> Class 'App\Libraries\Exception' not found
#0 /home/eventodigital/public_html/api_controlAccesos/app/Controllers/RestController.php(185): App\Libraries\vCard->__construct(false, 'FBMi442AG6xLQLg...')
#1 /home/eventodigital/public_html/api_controlAccesos/system/CodeIgniter.php(832): App\Controllers\RestController->create()
#2 /home/eventodigital/public_html/api_controlAccesos/system/CodeIgniter.php(419): CodeIgniter\CodeIgniter->runController(Object(App\Controllers\RestController))
#3 /home/eventodigital/public_html/api_controlAccesos/system/CodeIgniter.php(326): CodeIgniter\CodeIgniter->handleRequest(NULL, Object(Config\Cache), false)
#4 /home/eventodigital/public_html/api_controlAccesos/public/index.php(37): CodeIgniter\CodeIgniter->run()
#5 {main}
CRITICAL - 2023-11-11 11:20:36 --> Class 'App\Libraries\Exception' not found
#0 /home/eventodigital/public_html/api_controlAccesos/app/Controllers/RestController.php(185): App\Libraries\vCard->__construct(false, 'FBMi442AG6xLQOQ...')
#1 /home/eventodigital/public_html/api_controlAccesos/system/CodeIgniter.php(832): App\Controllers\RestController->create()
#2 /home/eventodigital/public_html/api_controlAccesos/system/CodeIgniter.php(419): CodeIgniter\CodeIgniter->runController(Object(App\Controllers\RestController))
#3 /home/eventodigital/public_html/api_controlAccesos/system/CodeIgniter.php(326): CodeIgniter\CodeIgniter->handleRequest(NULL, Object(Config\Cache), false)
#4 /home/eventodigital/public_html/api_controlAccesos/public/index.php(37): CodeIgniter\CodeIgniter->run()
#5 {main}
CRITICAL - 2023-11-11 11:20:38 --> Class 'App\Libraries\Exception' not found
#0 /home/eventodigital/public_html/api_controlAccesos/app/Controllers/RestController.php(185): App\Libraries\vCard->__construct(false, 'FBMi442AG6xLQSw...')
#1 /home/eventodigital/public_html/api_controlAccesos/system/CodeIgniter.php(832): App\Controllers\RestController->create()
#2 /home/eventodigital/public_html/api_controlAccesos/system/CodeIgniter.php(419): CodeIgniter\CodeIgniter->runController(Object(App\Controllers\RestController))
#3 /home/eventodigital/public_html/api_controlAccesos/system/CodeIgniter.php(326): CodeIgniter\CodeIgniter->handleRequest(NULL, Object(Config\Cache), false)
#4 /home/eventodigital/public_html/api_controlAccesos/public/index.php(37): CodeIgniter\CodeIgniter->run()
#5 {main}
CRITICAL - 2023-11-11 11:20:41 --> Class 'App\Libraries\Exception' not found
#0 /home/eventodigital/public_html/api_controlAccesos/app/Controllers/RestController.php(185): App\Libraries\vCard->__construct(false, 'FBMi4a0AG6xLQXg...')
#1 /home/eventodigital/public_html/api_controlAccesos/system/CodeIgniter.php(832): App\Controllers\RestController->create()
#2 /home/eventodigital/public_html/api_controlAccesos/system/CodeIgniter.php(419): CodeIgniter\CodeIgniter->runController(Object(App\Controllers\RestController))
#3 /home/eventodigital/public_html/api_controlAccesos/system/CodeIgniter.php(326): CodeIgniter\CodeIgniter->handleRequest(NULL, Object(Config\Cache), false)
#4 /home/eventodigital/public_html/api_controlAccesos/public/index.php(37): CodeIgniter\CodeIgniter->run()
#5 {main}
CRITICAL - 2023-11-11 11:20:44 --> Class 'App\Libraries\Exception' not found
#0 /home/eventodigital/public_html/api_controlAccesos/app/Controllers/RestController.php(185): App\Libraries\vCard->__construct(false, 'FBMi4a0AG6xLQbw...')
#1 /home/eventodigital/public_html/api_controlAccesos/system/CodeIgniter.php(832): App\Controllers\RestController->create()
#2 /home/eventodigital/public_html/api_controlAccesos/system/CodeIgniter.php(419): CodeIgniter\CodeIgniter->runController(Object(App\Controllers\RestController))
#3 /home/eventodigital/public_html/api_controlAccesos/system/CodeIgniter.php(326): CodeIgniter\CodeIgniter->handleRequest(NULL, Object(Config\Cache), false)
#4 /home/eventodigital/public_html/api_controlAccesos/public/index.php(37): CodeIgniter\CodeIgniter->run()
#5 {main}
CRITICAL - 2023-11-11 11:22:48 --> Class 'App\Libraries\Exception' not found
#0 /home/eventodigital/public_html/api_controlAccesos/app/Controllers/RestController.php(185): App\Libraries\vCard->__construct(false, 'FBMi442AG7mlAbw...')
#1 /home/eventodigital/public_html/api_controlAccesos/system/CodeIgniter.php(832): App\Controllers\RestController->create()
#2 /home/eventodigital/public_html/api_controlAccesos/system/CodeIgniter.php(419): CodeIgniter\CodeIgniter->runController(Object(App\Controllers\RestController))
#3 /home/eventodigital/public_html/api_controlAccesos/system/CodeIgniter.php(326): CodeIgniter\CodeIgniter->handleRequest(NULL, Object(Config\Cache), false)
#4 /home/eventodigital/public_html/api_controlAccesos/public/index.php(37): CodeIgniter\CodeIgniter->run()
#5 {main}
CRITICAL - 2023-11-11 11:22:50 --> Class 'App\Libraries\Exception' not found
#0 /home/eventodigital/public_html/api_controlAccesos/app/Controllers/RestController.php(185): App\Libraries\vCard->__construct(false, 'FBMi442AG7mlAWw...')
#1 /home/eventodigital/public_html/api_controlAccesos/system/CodeIgniter.php(832): App\Controllers\RestController->create()
#2 /home/eventodigital/public_html/api_controlAccesos/system/CodeIgniter.php(419): CodeIgniter\CodeIgniter->runController(Object(App\Controllers\RestController))
#3 /home/eventodigital/public_html/api_controlAccesos/system/CodeIgniter.php(326): CodeIgniter\CodeIgniter->handleRequest(NULL, Object(Config\Cache), false)
#4 /home/eventodigital/public_html/api_controlAccesos/public/index.php(37): CodeIgniter\CodeIgniter->run()
#5 {main}
CRITICAL - 2023-11-11 11:22:52 --> Class 'App\Libraries\Exception' not found
#0 /home/eventodigital/public_html/api_controlAccesos/app/Controllers/RestController.php(185): App\Libraries\vCard->__construct(false, 'FBMi442AG7mlASg...')
#1 /home/eventodigital/public_html/api_controlAccesos/system/CodeIgniter.php(832): App\Controllers\RestController->create()
#2 /home/eventodigital/public_html/api_controlAccesos/system/CodeIgniter.php(419): CodeIgniter\CodeIgniter->runController(Object(App\Controllers\RestController))
#3 /home/eventodigital/public_html/api_controlAccesos/system/CodeIgniter.php(326): CodeIgniter\CodeIgniter->handleRequest(NULL, Object(Config\Cache), false)
#4 /home/eventodigital/public_html/api_controlAccesos/public/index.php(37): CodeIgniter\CodeIgniter->run()
#5 {main}
CRITICAL - 2023-11-11 11:23:10 --> Class 'App\Libraries\Exception' not found
#0 /home/eventodigital/public_html/api_controlAccesos/app/Controllers/RestController.php(185): App\Libraries\vCard->__construct(false, 'FBMi442AG7okgGw...')
#1 /home/eventodigital/public_html/api_controlAccesos/system/CodeIgniter.php(832): App\Controllers\RestController->create()
#2 /home/eventodigital/public_html/api_controlAccesos/system/CodeIgniter.php(419): CodeIgniter\CodeIgniter->runController(Object(App\Controllers\RestController))
#3 /home/eventodigital/public_html/api_controlAccesos/system/CodeIgniter.php(326): CodeIgniter\CodeIgniter->handleRequest(NULL, Object(Config\Cache), false)
#4 /home/eventodigital/public_html/api_controlAccesos/public/index.php(37): CodeIgniter\CodeIgniter->run()
#5 {main}
CRITICAL - 2023-11-11 11:23:15 --> Class 'App\Libraries\Exception' not found
#0 /home/eventodigital/public_html/api_controlAccesos/app/Controllers/RestController.php(185): App\Libraries\vCard->__construct(false, 'FBMi442AG7okgKw...')
#1 /home/eventodigital/public_html/api_controlAccesos/system/CodeIgniter.php(832): App\Controllers\RestController->create()
#2 /home/eventodigital/public_html/api_controlAccesos/system/CodeIgniter.php(419): CodeIgniter\CodeIgniter->runController(Object(App\Controllers\RestController))
#3 /home/eventodigital/public_html/api_controlAccesos/system/CodeIgniter.php(326): CodeIgniter\CodeIgniter->handleRequest(NULL, Object(Config\Cache), false)
#4 /home/eventodigital/public_html/api_controlAccesos/public/index.php(37): CodeIgniter\CodeIgniter->run()
#5 {main}
CRITICAL - 2023-11-11 11:27:28 --> Class 'App\Libraries\Exception' not found
#0 /home/eventodigital/public_html/api_controlAccesos/app/Controllers/RestController.php(185): App\Libraries\vCard->__construct(false, 'FBMi4a0AG6CQgHA...')
#1 /home/eventodigital/public_html/api_controlAccesos/system/CodeIgniter.php(832): App\Controllers\RestController->create()
#2 /home/eventodigital/public_html/api_controlAccesos/system/CodeIgniter.php(419): CodeIgniter\CodeIgniter->runController(Object(App\Controllers\RestController))
#3 /home/eventodigital/public_html/api_controlAccesos/system/CodeIgniter.php(326): CodeIgniter\CodeIgniter->handleRequest(NULL, Object(Config\Cache), false)
#4 /home/eventodigital/public_html/api_controlAccesos/public/index.php(37): CodeIgniter\CodeIgniter->run()
#5 {main}
CRITICAL - 2023-11-11 11:27:30 --> Class 'App\Libraries\Exception' not found
#0 /home/eventodigital/public_html/api_controlAccesos/app/Controllers/RestController.php(185): App\Libraries\vCard->__construct(false, 'FBMi4a0AG6CQgLw...')
#1 /home/eventodigital/public_html/api_controlAccesos/system/CodeIgniter.php(832): App\Controllers\RestController->create()
#2 /home/eventodigital/public_html/api_controlAccesos/system/CodeIgniter.php(419): CodeIgniter\CodeIgniter->runController(Object(App\Controllers\RestController))
#3 /home/eventodigital/public_html/api_controlAccesos/system/CodeIgniter.php(326): CodeIgniter\CodeIgniter->handleRequest(NULL, Object(Config\Cache), false)
#4 /home/eventodigital/public_html/api_controlAccesos/public/index.php(37): CodeIgniter\CodeIgniter->run()
#5 {main}
CRITICAL - 2023-11-11 11:28:13 --> Class 'App\Libraries\Exception' not found
#0 /home/eventodigital/public_html/api_controlAccesos/app/Controllers/RestController.php(185): App\Libraries\vCard->__construct(false, 'FBMi48SAG3xuwGQ...')
#1 /home/eventodigital/public_html/api_controlAccesos/system/CodeIgniter.php(832): App\Controllers\RestController->create()
#2 /home/eventodigital/public_html/api_controlAccesos/system/CodeIgniter.php(419): CodeIgniter\CodeIgniter->runController(Object(App\Controllers\RestController))
#3 /home/eventodigital/public_html/api_controlAccesos/system/CodeIgniter.php(326): CodeIgniter\CodeIgniter->handleRequest(NULL, Object(Config\Cache), false)
#4 /home/eventodigital/public_html/api_controlAccesos/public/index.php(37): CodeIgniter\CodeIgniter->run()
#5 {main}
CRITICAL - 2023-11-11 11:28:16 --> Class 'App\Libraries\Exception' not found
#0 /home/eventodigital/public_html/api_controlAccesos/app/Controllers/RestController.php(185): App\Libraries\vCard->__construct(false, 'FBMi48SAG3xuwKQ...')
#1 /home/eventodigital/public_html/api_controlAccesos/system/CodeIgniter.php(832): App\Controllers\RestController->create()
#2 /home/eventodigital/public_html/api_controlAccesos/system/CodeIgniter.php(419): CodeIgniter\CodeIgniter->runController(Object(App\Controllers\RestController))
#3 /home/eventodigital/public_html/api_controlAccesos/system/CodeIgniter.php(326): CodeIgniter\CodeIgniter->handleRequest(NULL, Object(Config\Cache), false)
#4 /home/eventodigital/public_html/api_controlAccesos/public/index.php(37): CodeIgniter\CodeIgniter->run()
#5 {main}
CRITICAL - 2023-11-11 11:28:40 --> Class 'App\Libraries\Exception' not found
#0 /home/eventodigital/public_html/api_controlAccesos/app/Controllers/RestController.php(185): App\Libraries\vCard->__construct(false, 'FBMi442AG7o4AHQ...')
#1 /home/eventodigital/public_html/api_controlAccesos/system/CodeIgniter.php(832): App\Controllers\RestController->create()
#2 /home/eventodigital/public_html/api_controlAccesos/system/CodeIgniter.php(419): CodeIgniter\CodeIgniter->runController(Object(App\Controllers\RestController))
#3 /home/eventodigital/public_html/api_controlAccesos/system/CodeIgniter.php(326): CodeIgniter\CodeIgniter->handleRequest(NULL, Object(Config\Cache), false)
#4 /home/eventodigital/public_html/api_controlAccesos/public/index.php(37): CodeIgniter\CodeIgniter->run()
#5 {main}
CRITICAL - 2023-11-11 11:28:44 --> Class 'App\Libraries\Exception' not found
#0 /home/eventodigital/public_html/api_controlAccesos/app/Controllers/RestController.php(185): App\Libraries\vCard->__construct(false, 'FBMi442AG7o4ALg...')
#1 /home/eventodigital/public_html/api_controlAccesos/system/CodeIgniter.php(832): App\Controllers\RestController->create()
#2 /home/eventodigital/public_html/api_controlAccesos/system/CodeIgniter.php(419): CodeIgniter\CodeIgniter->runController(Object(App\Controllers\RestController))
#3 /home/eventodigital/public_html/api_controlAccesos/system/CodeIgniter.php(326): CodeIgniter\CodeIgniter->handleRequest(NULL, Object(Config\Cache), false)
#4 /home/eventodigital/public_html/api_controlAccesos/public/index.php(37): CodeIgniter\CodeIgniter->run()
#5 {main}
CRITICAL - 2023-11-11 11:29:51 --> Class 'App\Libraries\Exception' not found
#0 /home/eventodigital/public_html/api_controlAccesos/app/Controllers/RestController.php(185): App\Libraries\vCard->__construct(false, 'FBMi4a0AG6AnQHQ...')
#1 /home/eventodigital/public_html/api_controlAccesos/system/CodeIgniter.php(832): App\Controllers\RestController->create()
#2 /home/eventodigital/public_html/api_controlAccesos/system/CodeIgniter.php(419): CodeIgniter\CodeIgniter->runController(Object(App\Controllers\RestController))
#3 /home/eventodigital/public_html/api_controlAccesos/system/CodeIgniter.php(326): CodeIgniter\CodeIgniter->handleRequest(NULL, Object(Config\Cache), false)
#4 /home/eventodigital/public_html/api_controlAccesos/public/index.php(37): CodeIgniter\CodeIgniter->run()
#5 {main}
CRITICAL - 2023-11-11 11:29:53 --> Class 'App\Libraries\Exception' not found
#0 /home/eventodigital/public_html/api_controlAccesos/app/Controllers/RestController.php(185): App\Libraries\vCard->__construct(false, 'FBMi4a0AG6A9gHw...')
#1 /home/eventodigital/public_html/api_controlAccesos/system/CodeIgniter.php(832): App\Controllers\RestController->create()
#2 /home/eventodigital/public_html/api_controlAccesos/system/CodeIgniter.php(419): CodeIgniter\CodeIgniter->runController(Object(App\Controllers\RestController))
#3 /home/eventodigital/public_html/api_controlAccesos/system/CodeIgniter.php(326): CodeIgniter\CodeIgniter->handleRequest(NULL, Object(Config\Cache), false)
#4 /home/eventodigital/public_html/api_controlAccesos/public/index.php(37): CodeIgniter\CodeIgniter->run()
#5 {main}
CRITICAL - 2023-11-11 11:29:55 --> Class 'App\Libraries\Exception' not found
#0 /home/eventodigital/public_html/api_controlAccesos/app/Controllers/RestController.php(185): App\Libraries\vCard->__construct(false, 'FBMi4a0AG6AeAHQ...')
#1 /home/eventodigital/public_html/api_controlAccesos/system/CodeIgniter.php(832): App\Controllers\RestController->create()
#2 /home/eventodigital/public_html/api_controlAccesos/system/CodeIgniter.php(419): CodeIgniter\CodeIgniter->runController(Object(App\Controllers\RestController))
#3 /home/eventodigital/public_html/api_controlAccesos/system/CodeIgniter.php(326): CodeIgniter\CodeIgniter->handleRequest(NULL, Object(Config\Cache), false)
#4 /home/eventodigital/public_html/api_controlAccesos/public/index.php(37): CodeIgniter\CodeIgniter->run()
#5 {main}
CRITICAL - 2023-11-11 11:30:36 --> Class 'App\Libraries\Exception' not found
#0 /home/eventodigital/public_html/api_controlAccesos/app/Controllers/RestController.php(185): App\Libraries\vCard->__construct(false, 'FBMi442AG7RwQHg...')
#1 /home/eventodigital/public_html/api_controlAccesos/system/CodeIgniter.php(832): App\Controllers\RestController->create()
#2 /home/eventodigital/public_html/api_controlAccesos/system/CodeIgniter.php(419): CodeIgniter\CodeIgniter->runController(Object(App\Controllers\RestController))
#3 /home/eventodigital/public_html/api_controlAccesos/system/CodeIgniter.php(326): CodeIgniter\CodeIgniter->handleRequest(NULL, Object(Config\Cache), false)
#4 /home/eventodigital/public_html/api_controlAccesos/public/index.php(37): CodeIgniter\CodeIgniter->run()
#5 {main}
CRITICAL - 2023-11-11 11:31:26 --> Class 'App\Libraries\Exception' not found
#0 /home/eventodigital/public_html/api_controlAccesos/app/Controllers/RestController.php(185): App\Libraries\vCard->__construct(false, 'FBMi4a0AG6gAAHw...')
#1 /home/eventodigital/public_html/api_controlAccesos/system/CodeIgniter.php(832): App\Controllers\RestController->create()
#2 /home/eventodigital/public_html/api_controlAccesos/system/CodeIgniter.php(419): CodeIgniter\CodeIgniter->runController(Object(App\Controllers\RestController))
#3 /home/eventodigital/public_html/api_controlAccesos/system/CodeIgniter.php(326): CodeIgniter\CodeIgniter->handleRequest(NULL, Object(Config\Cache), false)
#4 /home/eventodigital/public_html/api_controlAccesos/public/index.php(37): CodeIgniter\CodeIgniter->run()
#5 {main}
CRITICAL - 2023-11-11 11:32:01 --> Class 'App\Libraries\Exception' not found
#0 /home/eventodigital/public_html/api_controlAccesos/app/Controllers/RestController.php(185): App\Libraries\vCard->__construct(false, 'FBMi4a0AG68CwGQ...')
#1 /home/eventodigital/public_html/api_controlAccesos/system/CodeIgniter.php(832): App\Controllers\RestController->create()
#2 /home/eventodigital/public_html/api_controlAccesos/system/CodeIgniter.php(419): CodeIgniter\CodeIgniter->runController(Object(App\Controllers\RestController))
#3 /home/eventodigital/public_html/api_controlAccesos/system/CodeIgniter.php(326): CodeIgniter\CodeIgniter->handleRequest(NULL, Object(Config\Cache), false)
#4 /home/eventodigital/public_html/api_controlAccesos/public/index.php(37): CodeIgniter\CodeIgniter->run()
#5 {main}
CRITICAL - 2023-11-11 11:32:17 --> Class 'App\Libraries\Exception' not found
#0 /home/eventodigital/public_html/api_controlAccesos/app/Controllers/RestController.php(185): App\Libraries\vCard->__construct(false, 'FBMi442AG6oywHQ...')
#1 /home/eventodigital/public_html/api_controlAccesos/system/CodeIgniter.php(832): App\Controllers\RestController->create()
#2 /home/eventodigital/public_html/api_controlAccesos/system/CodeIgniter.php(419): CodeIgniter\CodeIgniter->runController(Object(App\Controllers\RestController))
#3 /home/eventodigital/public_html/api_controlAccesos/system/CodeIgniter.php(326): CodeIgniter\CodeIgniter->handleRequest(NULL, Object(Config\Cache), false)
#4 /home/eventodigital/public_html/api_controlAccesos/public/index.php(37): CodeIgniter\CodeIgniter->run()
#5 {main}
CRITICAL - 2023-11-11 11:32:25 --> Class 'App\Libraries\Exception' not found
#0 /home/eventodigital/public_html/api_controlAccesos/app/Controllers/RestController.php(185): App\Libraries\vCard->__construct(false, 'FBMi442AG6oywLw...')
#1 /home/eventodigital/public_html/api_controlAccesos/system/CodeIgniter.php(832): App\Controllers\RestController->create()
#2 /home/eventodigital/public_html/api_controlAccesos/system/CodeIgniter.php(419): CodeIgniter\CodeIgniter->runController(Object(App\Controllers\RestController))
#3 /home/eventodigital/public_html/api_controlAccesos/system/CodeIgniter.php(326): CodeIgniter\CodeIgniter->handleRequest(NULL, Object(Config\Cache), false)
#4 /home/eventodigital/public_html/api_controlAccesos/public/index.php(37): CodeIgniter\CodeIgniter->run()
#5 {main}
CRITICAL - 2023-11-11 11:32:33 --> Class 'App\Libraries\Exception' not found
#0 /home/eventodigital/public_html/api_controlAccesos/app/Controllers/RestController.php(185): App\Libraries\vCard->__construct(false, 'FBMi442AG6oywPw...')
#1 /home/eventodigital/public_html/api_controlAccesos/system/CodeIgniter.php(832): App\Controllers\RestController->create()
#2 /home/eventodigital/public_html/api_controlAccesos/system/CodeIgniter.php(419): CodeIgniter\CodeIgniter->runController(Object(App\Controllers\RestController))
#3 /home/eventodigital/public_html/api_controlAccesos/system/CodeIgniter.php(326): CodeIgniter\CodeIgniter->handleRequest(NULL, Object(Config\Cache), false)
#4 /home/eventodigital/public_html/api_controlAccesos/public/index.php(37): CodeIgniter\CodeIgniter->run()
#5 {main}
CRITICAL - 2023-11-11 11:33:10 --> Class 'App\Libraries\Exception' not found
#0 /home/eventodigital/public_html/api_controlAccesos/app/Controllers/RestController.php(185): App\Libraries\vCard->__construct(false, 'FBMi442AG7pDAGw...')
#1 /home/eventodigital/public_html/api_controlAccesos/system/CodeIgniter.php(832): App\Controllers\RestController->create()
#2 /home/eventodigital/public_html/api_controlAccesos/system/CodeIgniter.php(419): CodeIgniter\CodeIgniter->runController(Object(App\Controllers\RestController))
#3 /home/eventodigital/public_html/api_controlAccesos/system/CodeIgniter.php(326): CodeIgniter\CodeIgniter->handleRequest(NULL, Object(Config\Cache), false)
#4 /home/eventodigital/public_html/api_controlAccesos/public/index.php(37): CodeIgniter\CodeIgniter->run()
#5 {main}
CRITICAL - 2023-11-11 11:33:13 --> Class 'App\Libraries\Exception' not found
#0 /home/eventodigital/public_html/api_controlAccesos/app/Controllers/RestController.php(185): App\Libraries\vCard->__construct(false, 'FBMi442AG7pDALA...')
#1 /home/eventodigital/public_html/api_controlAccesos/system/CodeIgniter.php(832): App\Controllers\RestController->create()
#2 /home/eventodigital/public_html/api_controlAccesos/system/CodeIgniter.php(419): CodeIgniter\CodeIgniter->runController(Object(App\Controllers\RestController))
#3 /home/eventodigital/public_html/api_controlAccesos/system/CodeIgniter.php(326): CodeIgniter\CodeIgniter->handleRequest(NULL, Object(Config\Cache), false)
#4 /home/eventodigital/public_html/api_controlAccesos/public/index.php(37): CodeIgniter\CodeIgniter->run()
#5 {main}
CRITICAL - 2023-11-11 11:34:40 --> Class 'App\Libraries\Exception' not found
#0 /home/eventodigital/public_html/api_controlAccesos/app/Controllers/RestController.php(185): App\Libraries\vCard->__construct(false, 'FBMi4a0AG6PDAHQ...')
#1 /home/eventodigital/public_html/api_controlAccesos/system/CodeIgniter.php(832): App\Controllers\RestController->create()
#2 /home/eventodigital/public_html/api_controlAccesos/system/CodeIgniter.php(419): CodeIgniter\CodeIgniter->runController(Object(App\Controllers\RestController))
#3 /home/eventodigital/public_html/api_controlAccesos/system/CodeIgniter.php(326): CodeIgniter\CodeIgniter->handleRequest(NULL, Object(Config\Cache), false)
#4 /home/eventodigital/public_html/api_controlAccesos/public/index.php(37): CodeIgniter\CodeIgniter->run()
#5 {main}
CRITICAL - 2023-11-11 11:35:11 --> Class 'App\Libraries\Exception' not found
#0 /home/eventodigital/public_html/api_controlAccesos/app/Controllers/RestController.php(185): App\Libraries\vCard->__construct(false, 'FBMi4a0AG6BbgHQ...')
#1 /home/eventodigital/public_html/api_controlAccesos/system/CodeIgniter.php(832): App\Controllers\RestController->create()
#2 /home/eventodigital/public_html/api_controlAccesos/system/CodeIgniter.php(419): CodeIgniter\CodeIgniter->runController(Object(App\Controllers\RestController))
#3 /home/eventodigital/public_html/api_controlAccesos/system/CodeIgniter.php(326): CodeIgniter\CodeIgniter->handleRequest(NULL, Object(Config\Cache), false)
#4 /home/eventodigital/public_html/api_controlAccesos/public/index.php(37): CodeIgniter\CodeIgniter->run()
#5 {main}
CRITICAL - 2023-11-11 11:35:14 --> Class 'App\Libraries\Exception' not found
#0 /home/eventodigital/public_html/api_controlAccesos/app/Controllers/RestController.php(185): App\Libraries\vCard->__construct(false, 'FBMi4a0AG6cEgHw...')
#1 /home/eventodigital/public_html/api_controlAccesos/system/CodeIgniter.php(832): App\Controllers\RestController->create()
#2 /home/eventodigital/public_html/api_controlAccesos/system/CodeIgniter.php(419): CodeIgniter\CodeIgniter->runController(Object(App\Controllers\RestController))
#3 /home/eventodigital/public_html/api_controlAccesos/system/CodeIgniter.php(326): CodeIgniter\CodeIgniter->handleRequest(NULL, Object(Config\Cache), false)
#4 /home/eventodigital/public_html/api_controlAccesos/public/index.php(37): CodeIgniter\CodeIgniter->run()
#5 {main}
CRITICAL - 2023-11-11 11:35:41 --> Class 'App\Libraries\Exception' not found
#0 /home/eventodigital/public_html/api_controlAccesos/app/Controllers/RestController.php(185): App\Libraries\vCard->__construct(false, 'FBMi4a0AG6pXwHw...')
#1 /home/eventodigital/public_html/api_controlAccesos/system/CodeIgniter.php(832): App\Controllers\RestController->create()
#2 /home/eventodigital/public_html/api_controlAccesos/system/CodeIgniter.php(419): CodeIgniter\CodeIgniter->runController(Object(App\Controllers\RestController))
#3 /home/eventodigital/public_html/api_controlAccesos/system/CodeIgniter.php(326): CodeIgniter\CodeIgniter->handleRequest(NULL, Object(Config\Cache), false)
#4 /home/eventodigital/public_html/api_controlAccesos/public/index.php(37): CodeIgniter\CodeIgniter->run()
#5 {main}
CRITICAL - 2023-11-11 11:35:47 --> Class 'App\Libraries\Exception' not found
#0 /home/eventodigital/public_html/api_controlAccesos/app/Controllers/RestController.php(185): App\Libraries\vCard->__construct(false, 'FBMi4a0AG6pXwLw...')
#1 /home/eventodigital/public_html/api_controlAccesos/system/CodeIgniter.php(832): App\Controllers\RestController->create()
#2 /home/eventodigital/public_html/api_controlAccesos/system/CodeIgniter.php(419): CodeIgniter\CodeIgniter->runController(Object(App\Controllers\RestController))
#3 /home/eventodigital/public_html/api_controlAccesos/system/CodeIgniter.php(326): CodeIgniter\CodeIgniter->handleRequest(NULL, Object(Config\Cache), false)
#4 /home/eventodigital/public_html/api_controlAccesos/public/index.php(37): CodeIgniter\CodeIgniter->run()
#5 {main}
CRITICAL - 2023-11-11 11:35:50 --> Class 'App\Libraries\Exception' not found
#0 /home/eventodigital/public_html/api_controlAccesos/app/Controllers/RestController.php(185): App\Libraries\vCard->__construct(false, 'FBMi4a0AG6pXwPg...')
#1 /home/eventodigital/public_html/api_controlAccesos/system/CodeIgniter.php(832): App\Controllers\RestController->create()
#2 /home/eventodigital/public_html/api_controlAccesos/system/CodeIgniter.php(419): CodeIgniter\CodeIgniter->runController(Object(App\Controllers\RestController))
#3 /home/eventodigital/public_html/api_controlAccesos/system/CodeIgniter.php(326): CodeIgniter\CodeIgniter->handleRequest(NULL, Object(Config\Cache), false)
#4 /home/eventodigital/public_html/api_controlAccesos/public/index.php(37): CodeIgniter\CodeIgniter->run()
#5 {main}
CRITICAL - 2023-11-11 11:35:53 --> Class 'App\Libraries\Exception' not found
#0 /home/eventodigital/public_html/api_controlAccesos/app/Controllers/RestController.php(185): App\Libraries\vCard->__construct(false, 'FBMi4a0AG6pXwTw...')
#1 /home/eventodigital/public_html/api_controlAccesos/system/CodeIgniter.php(832): App\Controllers\RestController->create()
#2 /home/eventodigital/public_html/api_controlAccesos/system/CodeIgniter.php(419): CodeIgniter\CodeIgniter->runController(Object(App\Controllers\RestController))
#3 /home/eventodigital/public_html/api_controlAccesos/system/CodeIgniter.php(326): CodeIgniter\CodeIgniter->handleRequest(NULL, Object(Config\Cache), false)
#4 /home/eventodigital/public_html/api_controlAccesos/public/index.php(37): CodeIgniter\CodeIgniter->run()
#5 {main}
CRITICAL - 2023-11-11 11:38:30 --> Class 'App\Libraries\Exception' not found
#0 /home/eventodigital/public_html/api_controlAccesos/app/Controllers/RestController.php(185): App\Libraries\vCard->__construct(false, 'FBMi442AG7JNgHg...')
#1 /home/eventodigital/public_html/api_controlAccesos/system/CodeIgniter.php(832): App\Controllers\RestController->create()
#2 /home/eventodigital/public_html/api_controlAccesos/system/CodeIgniter.php(419): CodeIgniter\CodeIgniter->runController(Object(App\Controllers\RestController))
#3 /home/eventodigital/public_html/api_controlAccesos/system/CodeIgniter.php(326): CodeIgniter\CodeIgniter->handleRequest(NULL, Object(Config\Cache), false)
#4 /home/eventodigital/public_html/api_controlAccesos/public/index.php(37): CodeIgniter\CodeIgniter->run()
#5 {main}
CRITICAL - 2023-11-11 11:38:33 --> Class 'App\Libraries\Exception' not found
#0 /home/eventodigital/public_html/api_controlAccesos/app/Controllers/RestController.php(185): App\Libraries\vCard->__construct(false, 'FBMi442AG7JNgLg...')
#1 /home/eventodigital/public_html/api_controlAccesos/system/CodeIgniter.php(832): App\Controllers\RestController->create()
#2 /home/eventodigital/public_html/api_controlAccesos/system/CodeIgniter.php(419): CodeIgniter\CodeIgniter->runController(Object(App\Controllers\RestController))
#3 /home/eventodigital/public_html/api_controlAccesos/system/CodeIgniter.php(326): CodeIgniter\CodeIgniter->handleRequest(NULL, Object(Config\Cache), false)
#4 /home/eventodigital/public_html/api_controlAccesos/public/index.php(37): CodeIgniter\CodeIgniter->run()
#5 {main}
CRITICAL - 2023-11-11 11:38:36 --> Class 'App\Libraries\Exception' not found
#0 /home/eventodigital/public_html/api_controlAccesos/app/Controllers/RestController.php(185): App\Libraries\vCard->__construct(false, 'FBMi442AG7JNgOg...')
#1 /home/eventodigital/public_html/api_controlAccesos/system/CodeIgniter.php(832): App\Controllers\RestController->create()
#2 /home/eventodigital/public_html/api_controlAccesos/system/CodeIgniter.php(419): CodeIgniter\CodeIgniter->runController(Object(App\Controllers\RestController))
#3 /home/eventodigital/public_html/api_controlAccesos/system/CodeIgniter.php(326): CodeIgniter\CodeIgniter->handleRequest(NULL, Object(Config\Cache), false)
#4 /home/eventodigital/public_html/api_controlAccesos/public/index.php(37): CodeIgniter\CodeIgniter->run()
#5 {main}
CRITICAL - 2023-11-11 11:38:39 --> Class 'App\Libraries\Exception' not found
#0 /home/eventodigital/public_html/api_controlAccesos/app/Controllers/RestController.php(185): App\Libraries\vCard->__construct(false, 'FBMi442AG7JNgSw...')
#1 /home/eventodigital/public_html/api_controlAccesos/system/CodeIgniter.php(832): App\Controllers\RestController->create()
#2 /home/eventodigital/public_html/api_controlAccesos/system/CodeIgniter.php(419): CodeIgniter\CodeIgniter->runController(Object(App\Controllers\RestController))
#3 /home/eventodigital/public_html/api_controlAccesos/system/CodeIgniter.php(326): CodeIgniter\CodeIgniter->handleRequest(NULL, Object(Config\Cache), false)
#4 /home/eventodigital/public_html/api_controlAccesos/public/index.php(37): CodeIgniter\CodeIgniter->run()
#5 {main}
CRITICAL - 2023-11-11 11:38:48 --> Class 'App\Libraries\Exception' not found
#0 /home/eventodigital/public_html/api_controlAccesos/app/Controllers/RestController.php(185): App\Libraries\vCard->__construct(false, 'FBMi442AG6w8gGQ...')
#1 /home/eventodigital/public_html/api_controlAccesos/system/CodeIgniter.php(832): App\Controllers\RestController->create()
#2 /home/eventodigital/public_html/api_controlAccesos/system/CodeIgniter.php(419): CodeIgniter\CodeIgniter->runController(Object(App\Controllers\RestController))
#3 /home/eventodigital/public_html/api_controlAccesos/system/CodeIgniter.php(326): CodeIgniter\CodeIgniter->handleRequest(NULL, Object(Config\Cache), false)
#4 /home/eventodigital/public_html/api_controlAccesos/public/index.php(37): CodeIgniter\CodeIgniter->run()
#5 {main}
CRITICAL - 2023-11-11 11:39:36 --> Class 'App\Libraries\Exception' not found
#0 /home/eventodigital/public_html/api_controlAccesos/app/Controllers/RestController.php(185): App\Libraries\vCard->__construct(false, 'FBMi4a0AG7A3AHQ...')
#1 /home/eventodigital/public_html/api_controlAccesos/system/CodeIgniter.php(832): App\Controllers\RestController->create()
#2 /home/eventodigital/public_html/api_controlAccesos/system/CodeIgniter.php(419): CodeIgniter\CodeIgniter->runController(Object(App\Controllers\RestController))
#3 /home/eventodigital/public_html/api_controlAccesos/system/CodeIgniter.php(326): CodeIgniter\CodeIgniter->handleRequest(NULL, Object(Config\Cache), false)
#4 /home/eventodigital/public_html/api_controlAccesos/public/index.php(37): CodeIgniter\CodeIgniter->run()
#5 {main}
CRITICAL - 2023-11-11 11:41:00 --> Class 'App\Libraries\Exception' not found
#0 /home/eventodigital/public_html/api_controlAccesos/app/Controllers/RestController.php(185): App\Libraries\vCard->__construct(false, 'FBMi4a0AG7DtgKQ...')
#1 /home/eventodigital/public_html/api_controlAccesos/system/CodeIgniter.php(832): App\Controllers\RestController->create()
#2 /home/eventodigital/public_html/api_controlAccesos/system/CodeIgniter.php(419): CodeIgniter\CodeIgniter->runController(Object(App\Controllers\RestController))
#3 /home/eventodigital/public_html/api_controlAccesos/system/CodeIgniter.php(326): CodeIgniter\CodeIgniter->handleRequest(NULL, Object(Config\Cache), false)
#4 /home/eventodigital/public_html/api_controlAccesos/public/index.php(37): CodeIgniter\CodeIgniter->run()
#5 {main}
CRITICAL - 2023-11-11 11:43:37 --> Class 'App\Libraries\Exception' not found
#0 /home/eventodigital/public_html/api_controlAccesos/app/Controllers/RestController.php(185): App\Libraries\vCard->__construct(false, 'FBMi442AG7cwgGw...')
#1 /home/eventodigital/public_html/api_controlAccesos/system/CodeIgniter.php(832): App\Controllers\RestController->create()
#2 /home/eventodigital/public_html/api_controlAccesos/system/CodeIgniter.php(419): CodeIgniter\CodeIgniter->runController(Object(App\Controllers\RestController))
#3 /home/eventodigital/public_html/api_controlAccesos/system/CodeIgniter.php(326): CodeIgniter\CodeIgniter->handleRequest(NULL, Object(Config\Cache), false)
#4 /home/eventodigital/public_html/api_controlAccesos/public/index.php(37): CodeIgniter\CodeIgniter->run()
#5 {main}
CRITICAL - 2023-11-11 11:43:40 --> Class 'App\Libraries\Exception' not found
#0 /home/eventodigital/public_html/api_controlAccesos/app/Controllers/RestController.php(185): App\Libraries\vCard->__construct(false, 'FBMi442AG7cwgKQ...')
#1 /home/eventodigital/public_html/api_controlAccesos/system/CodeIgniter.php(832): App\Controllers\RestController->create()
#2 /home/eventodigital/public_html/api_controlAccesos/system/CodeIgniter.php(419): CodeIgniter\CodeIgniter->runController(Object(App\Controllers\RestController))
#3 /home/eventodigital/public_html/api_controlAccesos/system/CodeIgniter.php(326): CodeIgniter\CodeIgniter->handleRequest(NULL, Object(Config\Cache), false)
#4 /home/eventodigital/public_html/api_controlAccesos/public/index.php(37): CodeIgniter\CodeIgniter->run()
#5 {main}
CRITICAL - 2023-11-11 11:47:38 --> Class 'App\Libraries\Exception' not found
#0 /home/eventodigital/public_html/api_controlAccesos/app/Controllers/RestController.php(185): App\Libraries\vCard->__construct(false, 'FBMi442AG7phgHQ...')
#1 /home/eventodigital/public_html/api_controlAccesos/system/CodeIgniter.php(832): App\Controllers\RestController->create()
#2 /home/eventodigital/public_html/api_controlAccesos/system/CodeIgniter.php(419): CodeIgniter\CodeIgniter->runController(Object(App\Controllers\RestController))
#3 /home/eventodigital/public_html/api_controlAccesos/system/CodeIgniter.php(326): CodeIgniter\CodeIgniter->handleRequest(NULL, Object(Config\Cache), false)
#4 /home/eventodigital/public_html/api_controlAccesos/public/index.php(37): CodeIgniter\CodeIgniter->run()
#5 {main}
CRITICAL - 2023-11-11 11:48:23 --> Class 'App\Libraries\Exception' not found
#0 /home/eventodigital/public_html/api_controlAccesos/app/Controllers/RestController.php(185): App\Libraries\vCard->__construct(false, 'FBMi4a0AG7GyAGQ...')
#1 /home/eventodigital/public_html/api_controlAccesos/system/CodeIgniter.php(832): App\Controllers\RestController->create()
#2 /home/eventodigital/public_html/api_controlAccesos/system/CodeIgniter.php(419): CodeIgniter\CodeIgniter->runController(Object(App\Controllers\RestController))
#3 /home/eventodigital/public_html/api_controlAccesos/system/CodeIgniter.php(326): CodeIgniter\CodeIgniter->handleRequest(NULL, Object(Config\Cache), false)
#4 /home/eventodigital/public_html/api_controlAccesos/public/index.php(37): CodeIgniter\CodeIgniter->run()
#5 {main}
CRITICAL - 2023-11-11 11:48:49 --> Class 'App\Libraries\Exception' not found
#0 /home/eventodigital/public_html/api_controlAccesos/app/Controllers/RestController.php(185): App\Libraries\vCard->__construct(false, 'FBMi442AG6_wAHA...')
#1 /home/eventodigital/public_html/api_controlAccesos/system/CodeIgniter.php(832): App\Controllers\RestController->create()
#2 /home/eventodigital/public_html/api_controlAccesos/system/CodeIgniter.php(419): CodeIgniter\CodeIgniter->runController(Object(App\Controllers\RestController))
#3 /home/eventodigital/public_html/api_controlAccesos/system/CodeIgniter.php(326): CodeIgniter\CodeIgniter->handleRequest(NULL, Object(Config\Cache), false)
#4 /home/eventodigital/public_html/api_controlAccesos/public/index.php(37): CodeIgniter\CodeIgniter->run()
#5 {main}
CRITICAL - 2023-11-11 11:48:58 --> Class 'App\Libraries\Exception' not found
#0 /home/eventodigital/public_html/api_controlAccesos/app/Controllers/RestController.php(185): App\Libraries\vCard->__construct(false, 'FBMi442AG6_wALg...')
#1 /home/eventodigital/public_html/api_controlAccesos/system/CodeIgniter.php(832): App\Controllers\RestController->create()
#2 /home/eventodigital/public_html/api_controlAccesos/system/CodeIgniter.php(419): CodeIgniter\CodeIgniter->runController(Object(App\Controllers\RestController))
#3 /home/eventodigital/public_html/api_controlAccesos/system/CodeIgniter.php(326): CodeIgniter\CodeIgniter->handleRequest(NULL, Object(Config\Cache), false)
#4 /home/eventodigital/public_html/api_controlAccesos/public/index.php(37): CodeIgniter\CodeIgniter->run()
#5 {main}
CRITICAL - 2023-11-11 11:50:58 --> Class 'App\Libraries\Exception' not found
#0 /home/eventodigital/public_html/api_controlAccesos/app/Controllers/RestController.php(185): App\Libraries\vCard->__construct(false, 'FBMi442AG7eVgKg...')
#1 /home/eventodigital/public_html/api_controlAccesos/system/CodeIgniter.php(832): App\Controllers\RestController->create()
#2 /home/eventodigital/public_html/api_controlAccesos/system/CodeIgniter.php(419): CodeIgniter\CodeIgniter->runController(Object(App\Controllers\RestController))
#3 /home/eventodigital/public_html/api_controlAccesos/system/CodeIgniter.php(326): CodeIgniter\CodeIgniter->handleRequest(NULL, Object(Config\Cache), false)
#4 /home/eventodigital/public_html/api_controlAccesos/public/index.php(37): CodeIgniter\CodeIgniter->run()
#5 {main}
CRITICAL - 2023-11-11 11:55:39 --> Class 'App\Libraries\Exception' not found
#0 /home/eventodigital/public_html/api_controlAccesos/app/Controllers/RestController.php(185): App\Libraries\vCard->__construct(false, 'FBMi442AG6LUgGw...')
#1 /home/eventodigital/public_html/api_controlAccesos/system/CodeIgniter.php(832): App\Controllers\RestController->create()
#2 /home/eventodigital/public_html/api_controlAccesos/system/CodeIgniter.php(419): CodeIgniter\CodeIgniter->runController(Object(App\Controllers\RestController))
#3 /home/eventodigital/public_html/api_controlAccesos/system/CodeIgniter.php(326): CodeIgniter\CodeIgniter->handleRequest(NULL, Object(Config\Cache), false)
#4 /home/eventodigital/public_html/api_controlAccesos/public/index.php(37): CodeIgniter\CodeIgniter->run()
#5 {main}
CRITICAL - 2023-11-11 11:55:46 --> Class 'App\Libraries\Exception' not found
#0 /home/eventodigital/public_html/api_controlAccesos/app/Controllers/RestController.php(185): App\Libraries\vCard->__construct(false, 'FBMi442AG6LcgHQ...')
#1 /home/eventodigital/public_html/api_controlAccesos/system/CodeIgniter.php(832): App\Controllers\RestController->create()
#2 /home/eventodigital/public_html/api_controlAccesos/system/CodeIgniter.php(419): CodeIgniter\CodeIgniter->runController(Object(App\Controllers\RestController))
#3 /home/eventodigital/public_html/api_controlAccesos/system/CodeIgniter.php(326): CodeIgniter\CodeIgniter->handleRequest(NULL, Object(Config\Cache), false)
#4 /home/eventodigital/public_html/api_controlAccesos/public/index.php(37): CodeIgniter\CodeIgniter->run()
#5 {main}
CRITICAL - 2023-11-11 11:57:32 --> Class 'App\Libraries\Exception' not found
#0 /home/eventodigital/public_html/api_controlAccesos/app/Controllers/RestController.php(185): App\Libraries\vCard->__construct(false, 'FBMi4a0AG65KwHg...')
#1 /home/eventodigital/public_html/api_controlAccesos/system/CodeIgniter.php(832): App\Controllers\RestController->create()
#2 /home/eventodigital/public_html/api_controlAccesos/system/CodeIgniter.php(419): CodeIgniter\CodeIgniter->runController(Object(App\Controllers\RestController))
#3 /home/eventodigital/public_html/api_controlAccesos/system/CodeIgniter.php(326): CodeIgniter\CodeIgniter->handleRequest(NULL, Object(Config\Cache), false)
#4 /home/eventodigital/public_html/api_controlAccesos/public/index.php(37): CodeIgniter\CodeIgniter->run()
#5 {main}
CRITICAL - 2023-11-11 11:57:35 --> Class 'App\Libraries\Exception' not found
#0 /home/eventodigital/public_html/api_controlAccesos/app/Controllers/RestController.php(185): App\Libraries\vCard->__construct(false, 'FBMi4a0AG65KwLg...')
#1 /home/eventodigital/public_html/api_controlAccesos/system/CodeIgniter.php(832): App\Controllers\RestController->create()
#2 /home/eventodigital/public_html/api_controlAccesos/system/CodeIgniter.php(419): CodeIgniter\CodeIgniter->runController(Object(App\Controllers\RestController))
#3 /home/eventodigital/public_html/api_controlAccesos/system/CodeIgniter.php(326): CodeIgniter\CodeIgniter->handleRequest(NULL, Object(Config\Cache), false)
#4 /home/eventodigital/public_html/api_controlAccesos/public/index.php(37): CodeIgniter\CodeIgniter->run()
#5 {main}
CRITICAL - 2023-11-11 11:57:41 --> Class 'App\Libraries\Exception' not found
#0 /home/eventodigital/public_html/api_controlAccesos/app/Controllers/RestController.php(185): App\Libraries\vCard->__construct(false, 'FBMi4a0AG65KwOw...')
#1 /home/eventodigital/public_html/api_controlAccesos/system/CodeIgniter.php(832): App\Controllers\RestController->create()
#2 /home/eventodigital/public_html/api_controlAccesos/system/CodeIgniter.php(419): CodeIgniter\CodeIgniter->runController(Object(App\Controllers\RestController))
#3 /home/eventodigital/public_html/api_controlAccesos/system/CodeIgniter.php(326): CodeIgniter\CodeIgniter->handleRequest(NULL, Object(Config\Cache), false)
#4 /home/eventodigital/public_html/api_controlAccesos/public/index.php(37): CodeIgniter\CodeIgniter->run()
#5 {main}
CRITICAL - 2023-11-11 11:57:45 --> Class 'App\Libraries\Exception' not found
#0 /home/eventodigital/public_html/api_controlAccesos/app/Controllers/RestController.php(185): App\Libraries\vCard->__construct(false, 'FBMi4a0AG65KwTA...')
#1 /home/eventodigital/public_html/api_controlAccesos/system/CodeIgniter.php(832): App\Controllers\RestController->create()
#2 /home/eventodigital/public_html/api_controlAccesos/system/CodeIgniter.php(419): CodeIgniter\CodeIgniter->runController(Object(App\Controllers\RestController))
#3 /home/eventodigital/public_html/api_controlAccesos/system/CodeIgniter.php(326): CodeIgniter\CodeIgniter->handleRequest(NULL, Object(Config\Cache), false)
#4 /home/eventodigital/public_html/api_controlAccesos/public/index.php(37): CodeIgniter\CodeIgniter->run()
#5 {main}
CRITICAL - 2023-11-11 11:57:48 --> Class 'App\Libraries\Exception' not found
#0 /home/eventodigital/public_html/api_controlAccesos/app/Controllers/RestController.php(185): App\Libraries\vCard->__construct(false, 'FBMi4a0AG65KwWQ...')
#1 /home/eventodigital/public_html/api_controlAccesos/system/CodeIgniter.php(832): App\Controllers\RestController->create()
#2 /home/eventodigital/public_html/api_controlAccesos/system/CodeIgniter.php(419): CodeIgniter\CodeIgniter->runController(Object(App\Controllers\RestController))
#3 /home/eventodigital/public_html/api_controlAccesos/system/CodeIgniter.php(326): CodeIgniter\CodeIgniter->handleRequest(NULL, Object(Config\Cache), false)
#4 /home/eventodigital/public_html/api_controlAccesos/public/index.php(37): CodeIgniter\CodeIgniter->run()
#5 {main}
CRITICAL - 2023-11-11 11:57:54 --> Class 'App\Libraries\Exception' not found
#0 /home/eventodigital/public_html/api_controlAccesos/app/Controllers/RestController.php(185): App\Libraries\vCard->__construct(false, 'FBMi4a0AG65Kwaw...')
#1 /home/eventodigital/public_html/api_controlAccesos/system/CodeIgniter.php(832): App\Controllers\RestController->create()
#2 /home/eventodigital/public_html/api_controlAccesos/system/CodeIgniter.php(419): CodeIgniter\CodeIgniter->runController(Object(App\Controllers\RestController))
#3 /home/eventodigital/public_html/api_controlAccesos/system/CodeIgniter.php(326): CodeIgniter\CodeIgniter->handleRequest(NULL, Object(Config\Cache), false)
#4 /home/eventodigital/public_html/api_controlAccesos/public/index.php(37): CodeIgniter\CodeIgniter->run()
#5 {main}
CRITICAL - 2023-11-11 11:58:09 --> Class 'App\Libraries\Exception' not found
#0 /home/eventodigital/public_html/api_controlAccesos/app/Controllers/RestController.php(185): App\Libraries\vCard->__construct(false, 'FBMi4a0AG7McQHw...')
#1 /home/eventodigital/public_html/api_controlAccesos/system/CodeIgniter.php(832): App\Controllers\RestController->create()
#2 /home/eventodigital/public_html/api_controlAccesos/system/CodeIgniter.php(419): CodeIgniter\CodeIgniter->runController(Object(App\Controllers\RestController))
#3 /home/eventodigital/public_html/api_controlAccesos/system/CodeIgniter.php(326): CodeIgniter\CodeIgniter->handleRequest(NULL, Object(Config\Cache), false)
#4 /home/eventodigital/public_html/api_controlAccesos/public/index.php(37): CodeIgniter\CodeIgniter->run()
#5 {main}
CRITICAL - 2023-11-11 11:59:51 --> Class 'App\Libraries\Exception' not found
#0 /home/eventodigital/public_html/api_controlAccesos/app/Controllers/RestController.php(185): App\Libraries\vCard->__construct(false, 'FBMi442AG5xhwHg...')
#1 /home/eventodigital/public_html/api_controlAccesos/system/CodeIgniter.php(832): App\Controllers\RestController->create()
#2 /home/eventodigital/public_html/api_controlAccesos/system/CodeIgniter.php(419): CodeIgniter\CodeIgniter->runController(Object(App\Controllers\RestController))
#3 /home/eventodigital/public_html/api_controlAccesos/system/CodeIgniter.php(326): CodeIgniter\CodeIgniter->handleRequest(NULL, Object(Config\Cache), false)
#4 /home/eventodigital/public_html/api_controlAccesos/public/index.php(37): CodeIgniter\CodeIgniter->run()
#5 {main}
CRITICAL - 2023-11-11 11:59:58 --> Class 'App\Libraries\Exception' not found
#0 /home/eventodigital/public_html/api_controlAccesos/app/Controllers/RestController.php(185): App\Libraries\vCard->__construct(false, 'FBMi442AG5xhwKQ...')
#1 /home/eventodigital/public_html/api_controlAccesos/system/CodeIgniter.php(832): App\Controllers\RestController->create()
#2 /home/eventodigital/public_html/api_controlAccesos/system/CodeIgniter.php(419): CodeIgniter\CodeIgniter->runController(Object(App\Controllers\RestController))
#3 /home/eventodigital/public_html/api_controlAccesos/system/CodeIgniter.php(326): CodeIgniter\CodeIgniter->handleRequest(NULL, Object(Config\Cache), false)
#4 /home/eventodigital/public_html/api_controlAccesos/public/index.php(37): CodeIgniter\CodeIgniter->run()
#5 {main}
CRITICAL - 2023-11-11 12:02:52 --> Class 'App\Libraries\Exception' not found
#0 /home/eventodigital/public_html/api_controlAccesos/app/Controllers/RestController.php(185): App\Libraries\vCard->__construct(false, 'FBMi442AG7ElAGg...')
#1 /home/eventodigital/public_html/api_controlAccesos/system/CodeIgniter.php(832): App\Controllers\RestController->create()
#2 /home/eventodigital/public_html/api_controlAccesos/system/CodeIgniter.php(419): CodeIgniter\CodeIgniter->runController(Object(App\Controllers\RestController))
#3 /home/eventodigital/public_html/api_controlAccesos/system/CodeIgniter.php(326): CodeIgniter\CodeIgniter->handleRequest(NULL, Object(Config\Cache), false)
#4 /home/eventodigital/public_html/api_controlAccesos/public/index.php(37): CodeIgniter\CodeIgniter->run()
#5 {main}
CRITICAL - 2023-11-11 12:02:59 --> Class 'App\Libraries\Exception' not found
#0 /home/eventodigital/public_html/api_controlAccesos/app/Controllers/RestController.php(185): App\Libraries\vCard->__construct(false, 'FBMi442AG7ElALw...')
#1 /home/eventodigital/public_html/api_controlAccesos/system/CodeIgniter.php(832): App\Controllers\RestController->create()
#2 /home/eventodigital/public_html/api_controlAccesos/system/CodeIgniter.php(419): CodeIgniter\CodeIgniter->runController(Object(App\Controllers\RestController))
#3 /home/eventodigital/public_html/api_controlAccesos/system/CodeIgniter.php(326): CodeIgniter\CodeIgniter->handleRequest(NULL, Object(Config\Cache), false)
#4 /home/eventodigital/public_html/api_controlAccesos/public/index.php(37): CodeIgniter\CodeIgniter->run()
#5 {main}
CRITICAL - 2023-11-11 12:03:46 --> Class 'App\Libraries\Exception' not found
#0 /home/eventodigital/public_html/api_controlAccesos/app/Controllers/RestController.php(185): App\Libraries\vCard->__construct(false, 'FBMi48SAG3KewPQ...')
#1 /home/eventodigital/public_html/api_controlAccesos/system/CodeIgniter.php(832): App\Controllers\RestController->create()
#2 /home/eventodigital/public_html/api_controlAccesos/system/CodeIgniter.php(419): CodeIgniter\CodeIgniter->runController(Object(App\Controllers\RestController))
#3 /home/eventodigital/public_html/api_controlAccesos/system/CodeIgniter.php(326): CodeIgniter\CodeIgniter->handleRequest(NULL, Object(Config\Cache), false)
#4 /home/eventodigital/public_html/api_controlAccesos/public/index.php(37): CodeIgniter\CodeIgniter->run()
#5 {main}
CRITICAL - 2023-11-11 12:06:28 --> Class 'App\Libraries\Exception' not found
#0 /home/eventodigital/public_html/api_controlAccesos/app/Controllers/RestController.php(185): App\Libraries\vCard->__construct(false, 'FBMi442AG6DsAGw...')
#1 /home/eventodigital/public_html/api_controlAccesos/system/CodeIgniter.php(832): App\Controllers\RestController->create()
#2 /home/eventodigital/public_html/api_controlAccesos/system/CodeIgniter.php(419): CodeIgniter\CodeIgniter->runController(Object(App\Controllers\RestController))
#3 /home/eventodigital/public_html/api_controlAccesos/system/CodeIgniter.php(326): CodeIgniter\CodeIgniter->handleRequest(NULL, Object(Config\Cache), false)
#4 /home/eventodigital/public_html/api_controlAccesos/public/index.php(37): CodeIgniter\CodeIgniter->run()
#5 {main}
CRITICAL - 2023-11-11 12:06:36 --> Class 'App\Libraries\Exception' not found
#0 /home/eventodigital/public_html/api_controlAccesos/app/Controllers/RestController.php(185): App\Libraries\vCard->__construct(false, 'FBMi442AG6DsAKQ...')
#1 /home/eventodigital/public_html/api_controlAccesos/system/CodeIgniter.php(832): App\Controllers\RestController->create()
#2 /home/eventodigital/public_html/api_controlAccesos/system/CodeIgniter.php(419): CodeIgniter\CodeIgniter->runController(Object(App\Controllers\RestController))
#3 /home/eventodigital/public_html/api_controlAccesos/system/CodeIgniter.php(326): CodeIgniter\CodeIgniter->handleRequest(NULL, Object(Config\Cache), false)
#4 /home/eventodigital/public_html/api_controlAccesos/public/index.php(37): CodeIgniter\CodeIgniter->run()
#5 {main}
CRITICAL - 2023-11-11 12:06:40 --> Class 'App\Libraries\Exception' not found
#0 /home/eventodigital/public_html/api_controlAccesos/app/Controllers/RestController.php(185): App\Libraries\vCard->__construct(false, 'FBMi442AG6DsAOg...')
#1 /home/eventodigital/public_html/api_controlAccesos/system/CodeIgniter.php(832): App\Controllers\RestController->create()
#2 /home/eventodigital/public_html/api_controlAccesos/system/CodeIgniter.php(419): CodeIgniter\CodeIgniter->runController(Object(App\Controllers\RestController))
#3 /home/eventodigital/public_html/api_controlAccesos/system/CodeIgniter.php(326): CodeIgniter\CodeIgniter->handleRequest(NULL, Object(Config\Cache), false)
#4 /home/eventodigital/public_html/api_controlAccesos/public/index.php(37): CodeIgniter\CodeIgniter->run()
#5 {main}
CRITICAL - 2023-11-11 12:06:44 --> Class 'App\Libraries\Exception' not found
#0 /home/eventodigital/public_html/api_controlAccesos/app/Controllers/RestController.php(185): App\Libraries\vCard->__construct(false, 'FBMi442AG6DsASg...')
#1 /home/eventodigital/public_html/api_controlAccesos/system/CodeIgniter.php(832): App\Controllers\RestController->create()
#2 /home/eventodigital/public_html/api_controlAccesos/system/CodeIgniter.php(419): CodeIgniter\CodeIgniter->runController(Object(App\Controllers\RestController))
#3 /home/eventodigital/public_html/api_controlAccesos/system/CodeIgniter.php(326): CodeIgniter\CodeIgniter->handleRequest(NULL, Object(Config\Cache), false)
#4 /home/eventodigital/public_html/api_controlAccesos/public/index.php(37): CodeIgniter\CodeIgniter->run()
#5 {main}
CRITICAL - 2023-11-11 12:08:09 --> Class 'App\Libraries\Exception' not found
#0 /home/eventodigital/public_html/api_controlAccesos/app/Controllers/RestController.php(185): App\Libraries\vCard->__construct(false, 'FBMi442AG7DlQHA...')
#1 /home/eventodigital/public_html/api_controlAccesos/system/CodeIgniter.php(832): App\Controllers\RestController->create()
#2 /home/eventodigital/public_html/api_controlAccesos/system/CodeIgniter.php(419): CodeIgniter\CodeIgniter->runController(Object(App\Controllers\RestController))
#3 /home/eventodigital/public_html/api_controlAccesos/system/CodeIgniter.php(326): CodeIgniter\CodeIgniter->handleRequest(NULL, Object(Config\Cache), false)
#4 /home/eventodigital/public_html/api_controlAccesos/public/index.php(37): CodeIgniter\CodeIgniter->run()
#5 {main}
CRITICAL - 2023-11-11 12:08:14 --> Class 'App\Libraries\Exception' not found
#0 /home/eventodigital/public_html/api_controlAccesos/app/Controllers/RestController.php(185): App\Libraries\vCard->__construct(false, 'FBMi442AG6p8QGw...')
#1 /home/eventodigital/public_html/api_controlAccesos/system/CodeIgniter.php(832): App\Controllers\RestController->create()
#2 /home/eventodigital/public_html/api_controlAccesos/system/CodeIgniter.php(419): CodeIgniter\CodeIgniter->runController(Object(App\Controllers\RestController))
#3 /home/eventodigital/public_html/api_controlAccesos/system/CodeIgniter.php(326): CodeIgniter\CodeIgniter->handleRequest(NULL, Object(Config\Cache), false)
#4 /home/eventodigital/public_html/api_controlAccesos/public/index.php(37): CodeIgniter\CodeIgniter->run()
#5 {main}
CRITICAL - 2023-11-11 12:08:26 --> Class 'App\Libraries\Exception' not found
#0 /home/eventodigital/public_html/api_controlAccesos/app/Controllers/RestController.php(185): App\Libraries\vCard->__construct(false, 'FBMi4a0AG6pzQHw...')
#1 /home/eventodigital/public_html/api_controlAccesos/system/CodeIgniter.php(832): App\Controllers\RestController->create()
#2 /home/eventodigital/public_html/api_controlAccesos/system/CodeIgniter.php(419): CodeIgniter\CodeIgniter->runController(Object(App\Controllers\RestController))
#3 /home/eventodigital/public_html/api_controlAccesos/system/CodeIgniter.php(326): CodeIgniter\CodeIgniter->handleRequest(NULL, Object(Config\Cache), false)
#4 /home/eventodigital/public_html/api_controlAccesos/public/index.php(37): CodeIgniter\CodeIgniter->run()
#5 {main}
CRITICAL - 2023-11-11 12:08:58 --> Class 'App\Libraries\Exception' not found
#0 /home/eventodigital/public_html/api_controlAccesos/app/Controllers/RestController.php(185): App\Libraries\vCard->__construct(false, 'https://live.ub...')
#1 /home/eventodigital/public_html/api_controlAccesos/system/CodeIgniter.php(832): App\Controllers\RestController->create()
#2 /home/eventodigital/public_html/api_controlAccesos/system/CodeIgniter.php(419): CodeIgniter\CodeIgniter->runController(Object(App\Controllers\RestController))
#3 /home/eventodigital/public_html/api_controlAccesos/system/CodeIgniter.php(326): CodeIgniter\CodeIgniter->handleRequest(NULL, Object(Config\Cache), false)
#4 /home/eventodigital/public_html/api_controlAccesos/public/index.php(37): CodeIgniter\CodeIgniter->run()
#5 {main}
CRITICAL - 2023-11-11 12:10:08 --> Class 'App\Libraries\Exception' not found
#0 /home/eventodigital/public_html/api_controlAccesos/app/Controllers/RestController.php(185): App\Libraries\vCard->__construct(false, 'FBMi442AG7I_wHA...')
#1 /home/eventodigital/public_html/api_controlAccesos/system/CodeIgniter.php(832): App\Controllers\RestController->create()
#2 /home/eventodigital/public_html/api_controlAccesos/system/CodeIgniter.php(419): CodeIgniter\CodeIgniter->runController(Object(App\Controllers\RestController))
#3 /home/eventodigital/public_html/api_controlAccesos/system/CodeIgniter.php(326): CodeIgniter\CodeIgniter->handleRequest(NULL, Object(Config\Cache), false)
#4 /home/eventodigital/public_html/api_controlAccesos/public/index.php(37): CodeIgniter\CodeIgniter->run()
#5 {main}
CRITICAL - 2023-11-11 12:10:12 --> Class 'App\Libraries\Exception' not found
#0 /home/eventodigital/public_html/api_controlAccesos/app/Controllers/RestController.php(185): App\Libraries\vCard->__construct(false, 'FBMi442AG7qOgGQ...')
#1 /home/eventodigital/public_html/api_controlAccesos/system/CodeIgniter.php(832): App\Controllers\RestController->create()
#2 /home/eventodigital/public_html/api_controlAccesos/system/CodeIgniter.php(419): CodeIgniter\CodeIgniter->runController(Object(App\Controllers\RestController))
#3 /home/eventodigital/public_html/api_controlAccesos/system/CodeIgniter.php(326): CodeIgniter\CodeIgniter->handleRequest(NULL, Object(Config\Cache), false)
#4 /home/eventodigital/public_html/api_controlAccesos/public/index.php(37): CodeIgniter\CodeIgniter->run()
#5 {main}
CRITICAL - 2023-11-11 12:10:46 --> Class 'App\Libraries\Exception' not found
#0 /home/eventodigital/public_html/api_controlAccesos/app/Controllers/RestController.php(185): App\Libraries\vCard->__construct(false, 'FBMi4a0AG6VgAHw...')
#1 /home/eventodigital/public_html/api_controlAccesos/system/CodeIgniter.php(832): App\Controllers\RestController->create()
#2 /home/eventodigital/public_html/api_controlAccesos/system/CodeIgniter.php(419): CodeIgniter\CodeIgniter->runController(Object(App\Controllers\RestController))
#3 /home/eventodigital/public_html/api_controlAccesos/system/CodeIgniter.php(326): CodeIgniter\CodeIgniter->handleRequest(NULL, Object(Config\Cache), false)
#4 /home/eventodigital/public_html/api_controlAccesos/public/index.php(37): CodeIgniter\CodeIgniter->run()
#5 {main}
CRITICAL - 2023-11-11 12:11:15 --> Class 'App\Libraries\Exception' not found
#0 /home/eventodigital/public_html/api_controlAccesos/app/Controllers/RestController.php(185): App\Libraries\vCard->__construct(false, 'FBMi442AG7hOwHg...')
#1 /home/eventodigital/public_html/api_controlAccesos/system/CodeIgniter.php(832): App\Controllers\RestController->create()
#2 /home/eventodigital/public_html/api_controlAccesos/system/CodeIgniter.php(419): CodeIgniter\CodeIgniter->runController(Object(App\Controllers\RestController))
#3 /home/eventodigital/public_html/api_controlAccesos/system/CodeIgniter.php(326): CodeIgniter\CodeIgniter->handleRequest(NULL, Object(Config\Cache), false)
#4 /home/eventodigital/public_html/api_controlAccesos/public/index.php(37): CodeIgniter\CodeIgniter->run()
#5 {main}
CRITICAL - 2023-11-11 12:13:02 --> Class 'App\Libraries\Exception' not found
#0 /home/eventodigital/public_html/api_controlAccesos/app/Controllers/RestController.php(185): App\Libraries\vCard->__construct(false, 'FBMi442AG7qUwGw...')
#1 /home/eventodigital/public_html/api_controlAccesos/system/CodeIgniter.php(832): App\Controllers\RestController->create()
#2 /home/eventodigital/public_html/api_controlAccesos/system/CodeIgniter.php(419): CodeIgniter\CodeIgniter->runController(Object(App\Controllers\RestController))
#3 /home/eventodigital/public_html/api_controlAccesos/system/CodeIgniter.php(326): CodeIgniter\CodeIgniter->handleRequest(NULL, Object(Config\Cache), false)
#4 /home/eventodigital/public_html/api_controlAccesos/public/index.php(37): CodeIgniter\CodeIgniter->run()
#5 {main}
CRITICAL - 2023-11-11 12:13:06 --> Class 'App\Libraries\Exception' not found
#0 /home/eventodigital/public_html/api_controlAccesos/app/Controllers/RestController.php(185): App\Libraries\vCard->__construct(false, 'FBMi442AG7qUwLw...')
#1 /home/eventodigital/public_html/api_controlAccesos/system/CodeIgniter.php(832): App\Controllers\RestController->create()
#2 /home/eventodigital/public_html/api_controlAccesos/system/CodeIgniter.php(419): CodeIgniter\CodeIgniter->runController(Object(App\Controllers\RestController))
#3 /home/eventodigital/public_html/api_controlAccesos/system/CodeIgniter.php(326): CodeIgniter\CodeIgniter->handleRequest(NULL, Object(Config\Cache), false)
#4 /home/eventodigital/public_html/api_controlAccesos/public/index.php(37): CodeIgniter\CodeIgniter->run()
#5 {main}
CRITICAL - 2023-11-11 12:13:19 --> Class 'App\Libraries\Exception' not found
#0 /home/eventodigital/public_html/api_controlAccesos/app/Controllers/RestController.php(185): App\Libraries\vCard->__construct(false, 'FBMi4dYAG7V8AHA...')
#1 /home/eventodigital/public_html/api_controlAccesos/system/CodeIgniter.php(832): App\Controllers\RestController->create()
#2 /home/eventodigital/public_html/api_controlAccesos/system/CodeIgniter.php(419): CodeIgniter\CodeIgniter->runController(Object(App\Controllers\RestController))
#3 /home/eventodigital/public_html/api_controlAccesos/system/CodeIgniter.php(326): CodeIgniter\CodeIgniter->handleRequest(NULL, Object(Config\Cache), false)
#4 /home/eventodigital/public_html/api_controlAccesos/public/index.php(37): CodeIgniter\CodeIgniter->run()
#5 {main}
CRITICAL - 2023-11-11 12:13:22 --> Class 'App\Libraries\Exception' not found
#0 /home/eventodigital/public_html/api_controlAccesos/app/Controllers/RestController.php(185): App\Libraries\vCard->__construct(false, 'FBMi4dYAG7V8ALQ...')
#1 /home/eventodigital/public_html/api_controlAccesos/system/CodeIgniter.php(832): App\Controllers\RestController->create()
#2 /home/eventodigital/public_html/api_controlAccesos/system/CodeIgniter.php(419): CodeIgniter\CodeIgniter->runController(Object(App\Controllers\RestController))
#3 /home/eventodigital/public_html/api_controlAccesos/system/CodeIgniter.php(326): CodeIgniter\CodeIgniter->handleRequest(NULL, Object(Config\Cache), false)
#4 /home/eventodigital/public_html/api_controlAccesos/public/index.php(37): CodeIgniter\CodeIgniter->run()
#5 {main}
CRITICAL - 2023-11-11 12:15:56 --> Class 'App\Libraries\Exception' not found
#0 /home/eventodigital/public_html/api_controlAccesos/app/Controllers/RestController.php(185): App\Libraries\vCard->__construct(false, 'FBMi4a0AG6SYgGw...')
#1 /home/eventodigital/public_html/api_controlAccesos/system/CodeIgniter.php(832): App\Controllers\RestController->create()
#2 /home/eventodigital/public_html/api_controlAccesos/system/CodeIgniter.php(419): CodeIgniter\CodeIgniter->runController(Object(App\Controllers\RestController))
#3 /home/eventodigital/public_html/api_controlAccesos/system/CodeIgniter.php(326): CodeIgniter\CodeIgniter->handleRequest(NULL, Object(Config\Cache), false)
#4 /home/eventodigital/public_html/api_controlAccesos/public/index.php(37): CodeIgniter\CodeIgniter->run()
#5 {main}
CRITICAL - 2023-11-11 12:19:25 --> Class 'App\Libraries\Exception' not found
#0 /home/eventodigital/public_html/api_controlAccesos/app/Controllers/RestController.php(185): App\Libraries\vCard->__construct(false, 'FBMi442AG7EZQLQ...')
#1 /home/eventodigital/public_html/api_controlAccesos/system/CodeIgniter.php(832): App\Controllers\RestController->create()
#2 /home/eventodigital/public_html/api_controlAccesos/system/CodeIgniter.php(419): CodeIgniter\CodeIgniter->runController(Object(App\Controllers\RestController))
#3 /home/eventodigital/public_html/api_controlAccesos/system/CodeIgniter.php(326): CodeIgniter\CodeIgniter->handleRequest(NULL, Object(Config\Cache), false)
#4 /home/eventodigital/public_html/api_controlAccesos/public/index.php(37): CodeIgniter\CodeIgniter->run()
#5 {main}
CRITICAL - 2023-11-11 12:19:27 --> Class 'App\Libraries\Exception' not found
#0 /home/eventodigital/public_html/api_controlAccesos/app/Controllers/RestController.php(185): App\Libraries\vCard->__construct(false, 'FBMi442AG7EZQGw...')
#1 /home/eventodigital/public_html/api_controlAccesos/system/CodeIgniter.php(832): App\Controllers\RestController->create()
#2 /home/eventodigital/public_html/api_controlAccesos/system/CodeIgniter.php(419): CodeIgniter\CodeIgniter->runController(Object(App\Controllers\RestController))
#3 /home/eventodigital/public_html/api_controlAccesos/system/CodeIgniter.php(326): CodeIgniter\CodeIgniter->handleRequest(NULL, Object(Config\Cache), false)
#4 /home/eventodigital/public_html/api_controlAccesos/public/index.php(37): CodeIgniter\CodeIgniter->run()
#5 {main}
CRITICAL - 2023-11-11 12:19:42 --> Class 'App\Libraries\Exception' not found
#0 /home/eventodigital/public_html/api_controlAccesos/app/Controllers/RestController.php(185): App\Libraries\vCard->__construct(false, 'FBMi442AG7oIwGg...')
#1 /home/eventodigital/public_html/api_controlAccesos/system/CodeIgniter.php(832): App\Controllers\RestController->create()
#2 /home/eventodigital/public_html/api_controlAccesos/system/CodeIgniter.php(419): CodeIgniter\CodeIgniter->runController(Object(App\Controllers\RestController))
#3 /home/eventodigital/public_html/api_controlAccesos/system/CodeIgniter.php(326): CodeIgniter\CodeIgniter->handleRequest(NULL, Object(Config\Cache), false)
#4 /home/eventodigital/public_html/api_controlAccesos/public/index.php(37): CodeIgniter\CodeIgniter->run()
#5 {main}
CRITICAL - 2023-11-11 12:19:45 --> Class 'App\Libraries\Exception' not found
#0 /home/eventodigital/public_html/api_controlAccesos/app/Controllers/RestController.php(185): App\Libraries\vCard->__construct(false, 'FBMi442AG7oIwLg...')
#1 /home/eventodigital/public_html/api_controlAccesos/system/CodeIgniter.php(832): App\Controllers\RestController->create()
#2 /home/eventodigital/public_html/api_controlAccesos/system/CodeIgniter.php(419): CodeIgniter\CodeIgniter->runController(Object(App\Controllers\RestController))
#3 /home/eventodigital/public_html/api_controlAccesos/system/CodeIgniter.php(326): CodeIgniter\CodeIgniter->handleRequest(NULL, Object(Config\Cache), false)
#4 /home/eventodigital/public_html/api_controlAccesos/public/index.php(37): CodeIgniter\CodeIgniter->run()
#5 {main}
CRITICAL - 2023-11-11 12:19:48 --> Class 'App\Libraries\Exception' not found
#0 /home/eventodigital/public_html/api_controlAccesos/app/Controllers/RestController.php(185): App\Libraries\vCard->__construct(false, 'FBMi442AG7oIwPg...')
#1 /home/eventodigital/public_html/api_controlAccesos/system/CodeIgniter.php(832): App\Controllers\RestController->create()
#2 /home/eventodigital/public_html/api_controlAccesos/system/CodeIgniter.php(419): CodeIgniter\CodeIgniter->runController(Object(App\Controllers\RestController))
#3 /home/eventodigital/public_html/api_controlAccesos/system/CodeIgniter.php(326): CodeIgniter\CodeIgniter->handleRequest(NULL, Object(Config\Cache), false)
#4 /home/eventodigital/public_html/api_controlAccesos/public/index.php(37): CodeIgniter\CodeIgniter->run()
#5 {main}
CRITICAL - 2023-11-11 12:19:50 --> Class 'App\Libraries\Exception' not found
#0 /home/eventodigital/public_html/api_controlAccesos/app/Controllers/RestController.php(185): App\Libraries\vCard->__construct(false, 'FBMi442AG7oIwTg...')
#1 /home/eventodigital/public_html/api_controlAccesos/system/CodeIgniter.php(832): App\Controllers\RestController->create()
#2 /home/eventodigital/public_html/api_controlAccesos/system/CodeIgniter.php(419): CodeIgniter\CodeIgniter->runController(Object(App\Controllers\RestController))
#3 /home/eventodigital/public_html/api_controlAccesos/system/CodeIgniter.php(326): CodeIgniter\CodeIgniter->handleRequest(NULL, Object(Config\Cache), false)
#4 /home/eventodigital/public_html/api_controlAccesos/public/index.php(37): CodeIgniter\CodeIgniter->run()
#5 {main}
CRITICAL - 2023-11-11 12:30:43 --> Class 'App\Libraries\Exception' not found
#0 /home/eventodigital/public_html/api_controlAccesos/app/Controllers/RestController.php(185): App\Libraries\vCard->__construct(false, 'FBMi442AGtI3gfQ...')
#1 /home/eventodigital/public_html/api_controlAccesos/system/CodeIgniter.php(832): App\Controllers\RestController->create()
#2 /home/eventodigital/public_html/api_controlAccesos/system/CodeIgniter.php(419): CodeIgniter\CodeIgniter->runController(Object(App\Controllers\RestController))
#3 /home/eventodigital/public_html/api_controlAccesos/system/CodeIgniter.php(326): CodeIgniter\CodeIgniter->handleRequest(NULL, Object(Config\Cache), false)
#4 /home/eventodigital/public_html/api_controlAccesos/public/index.php(37): CodeIgniter\CodeIgniter->run()
#5 {main}
CRITICAL - 2023-11-11 12:30:45 --> Class 'App\Libraries\Exception' not found
#0 /home/eventodigital/public_html/api_controlAccesos/app/Controllers/RestController.php(185): App\Libraries\vCard->__construct(false, 'FBMi442AGtI3gjA...')
#1 /home/eventodigital/public_html/api_controlAccesos/system/CodeIgniter.php(832): App\Controllers\RestController->create()
#2 /home/eventodigital/public_html/api_controlAccesos/system/CodeIgniter.php(419): CodeIgniter\CodeIgniter->runController(Object(App\Controllers\RestController))
#3 /home/eventodigital/public_html/api_controlAccesos/system/CodeIgniter.php(326): CodeIgniter\CodeIgniter->handleRequest(NULL, Object(Config\Cache), false)
#4 /home/eventodigital/public_html/api_controlAccesos/public/index.php(37): CodeIgniter\CodeIgniter->run()
#5 {main}
CRITICAL - 2023-11-11 12:31:33 --> Class 'App\Libraries\Exception' not found
#0 /home/eventodigital/public_html/api_controlAccesos/app/Controllers/RestController.php(185): App\Libraries\vCard->__construct(false, 'FBMi442AG7pEwGg...')
#1 /home/eventodigital/public_html/api_controlAccesos/system/CodeIgniter.php(832): App\Controllers\RestController->create()
#2 /home/eventodigital/public_html/api_controlAccesos/system/CodeIgniter.php(419): CodeIgniter\CodeIgniter->runController(Object(App\Controllers\RestController))
#3 /home/eventodigital/public_html/api_controlAccesos/system/CodeIgniter.php(326): CodeIgniter\CodeIgniter->handleRequest(NULL, Object(Config\Cache), false)
#4 /home/eventodigital/public_html/api_controlAccesos/public/index.php(37): CodeIgniter\CodeIgniter->run()
#5 {main}
CRITICAL - 2023-11-11 12:33:47 --> Class 'App\Libraries\Exception' not found
#0 /home/eventodigital/public_html/api_controlAccesos/app/Controllers/RestController.php(185): App\Libraries\vCard->__construct(false, 'FBMi442AG6ytgHw...')
#1 /home/eventodigital/public_html/api_controlAccesos/system/CodeIgniter.php(832): App\Controllers\RestController->create()
#2 /home/eventodigital/public_html/api_controlAccesos/system/CodeIgniter.php(419): CodeIgniter\CodeIgniter->runController(Object(App\Controllers\RestController))
#3 /home/eventodigital/public_html/api_controlAccesos/system/CodeIgniter.php(326): CodeIgniter\CodeIgniter->handleRequest(NULL, Object(Config\Cache), false)
#4 /home/eventodigital/public_html/api_controlAccesos/public/index.php(37): CodeIgniter\CodeIgniter->run()
#5 {main}
CRITICAL - 2023-11-11 12:33:54 --> Class 'App\Libraries\Exception' not found
#0 /home/eventodigital/public_html/api_controlAccesos/app/Controllers/RestController.php(185): App\Libraries\vCard->__construct(false, 'FBMi442AG6ytgKw...')
#1 /home/eventodigital/public_html/api_controlAccesos/system/CodeIgniter.php(832): App\Controllers\RestController->create()
#2 /home/eventodigital/public_html/api_controlAccesos/system/CodeIgniter.php(419): CodeIgniter\CodeIgniter->runController(Object(App\Controllers\RestController))
#3 /home/eventodigital/public_html/api_controlAccesos/system/CodeIgniter.php(326): CodeIgniter\CodeIgniter->handleRequest(NULL, Object(Config\Cache), false)
#4 /home/eventodigital/public_html/api_controlAccesos/public/index.php(37): CodeIgniter\CodeIgniter->run()
#5 {main}
CRITICAL - 2023-11-11 12:33:59 --> Class 'App\Libraries\Exception' not found
#0 /home/eventodigital/public_html/api_controlAccesos/app/Controllers/RestController.php(185): App\Libraries\vCard->__construct(false, 'FBMi442AG6ytgOw...')
#1 /home/eventodigital/public_html/api_controlAccesos/system/CodeIgniter.php(832): App\Controllers\RestController->create()
#2 /home/eventodigital/public_html/api_controlAccesos/system/CodeIgniter.php(419): CodeIgniter\CodeIgniter->runController(Object(App\Controllers\RestController))
#3 /home/eventodigital/public_html/api_controlAccesos/system/CodeIgniter.php(326): CodeIgniter\CodeIgniter->handleRequest(NULL, Object(Config\Cache), false)
#4 /home/eventodigital/public_html/api_controlAccesos/public/index.php(37): CodeIgniter\CodeIgniter->run()
#5 {main}
CRITICAL - 2023-11-11 12:36:32 --> Class 'App\Libraries\Exception' not found
#0 /home/eventodigital/public_html/api_controlAccesos/app/Controllers/RestController.php(185): App\Libraries\vCard->__construct(false, 'FBMi4a0AG7MIwGw...')
#1 /home/eventodigital/public_html/api_controlAccesos/system/CodeIgniter.php(832): App\Controllers\RestController->create()
#2 /home/eventodigital/public_html/api_controlAccesos/system/CodeIgniter.php(419): CodeIgniter\CodeIgniter->runController(Object(App\Controllers\RestController))
#3 /home/eventodigital/public_html/api_controlAccesos/system/CodeIgniter.php(326): CodeIgniter\CodeIgniter->handleRequest(NULL, Object(Config\Cache), false)
#4 /home/eventodigital/public_html/api_controlAccesos/public/index.php(37): CodeIgniter\CodeIgniter->run()
#5 {main}
CRITICAL - 2023-11-11 12:36:38 --> Class 'App\Libraries\Exception' not found
#0 /home/eventodigital/public_html/api_controlAccesos/app/Controllers/RestController.php(185): App\Libraries\vCard->__construct(false, 'FBMi4a0AG7MIwLw...')
#1 /home/eventodigital/public_html/api_controlAccesos/system/CodeIgniter.php(832): App\Controllers\RestController->create()
#2 /home/eventodigital/public_html/api_controlAccesos/system/CodeIgniter.php(419): CodeIgniter\CodeIgniter->runController(Object(App\Controllers\RestController))
#3 /home/eventodigital/public_html/api_controlAccesos/system/CodeIgniter.php(326): CodeIgniter\CodeIgniter->handleRequest(NULL, Object(Config\Cache), false)
#4 /home/eventodigital/public_html/api_controlAccesos/public/index.php(37): CodeIgniter\CodeIgniter->run()
#5 {main}
CRITICAL - 2023-11-11 12:39:44 --> Class 'App\Libraries\Exception' not found
#0 /home/eventodigital/public_html/api_controlAccesos/app/Controllers/RestController.php(185): App\Libraries\vCard->__construct(false, 'FBMi4dYAG7eEQGg...')
#1 /home/eventodigital/public_html/api_controlAccesos/system/CodeIgniter.php(832): App\Controllers\RestController->create()
#2 /home/eventodigital/public_html/api_controlAccesos/system/CodeIgniter.php(419): CodeIgniter\CodeIgniter->runController(Object(App\Controllers\RestController))
#3 /home/eventodigital/public_html/api_controlAccesos/system/CodeIgniter.php(326): CodeIgniter\CodeIgniter->handleRequest(NULL, Object(Config\Cache), false)
#4 /home/eventodigital/public_html/api_controlAccesos/public/index.php(37): CodeIgniter\CodeIgniter->run()
#5 {main}
CRITICAL - 2023-11-11 12:44:48 --> Class 'App\Libraries\Exception' not found
#0 /home/eventodigital/public_html/api_controlAccesos/app/Controllers/RestController.php(185): App\Libraries\vCard->__construct(false, 'FBMi442AG6ZMwHg...')
#1 /home/eventodigital/public_html/api_controlAccesos/system/CodeIgniter.php(832): App\Controllers\RestController->create()
#2 /home/eventodigital/public_html/api_controlAccesos/system/CodeIgniter.php(419): CodeIgniter\CodeIgniter->runController(Object(App\Controllers\RestController))
#3 /home/eventodigital/public_html/api_controlAccesos/system/CodeIgniter.php(326): CodeIgniter\CodeIgniter->handleRequest(NULL, Object(Config\Cache), false)
#4 /home/eventodigital/public_html/api_controlAccesos/public/index.php(37): CodeIgniter\CodeIgniter->run()
#5 {main}
CRITICAL - 2023-11-11 12:45:11 --> Class 'App\Libraries\Exception' not found
#0 /home/eventodigital/public_html/api_controlAccesos/app/Controllers/RestController.php(185): App\Libraries\vCard->__construct(false, 'FBMi442AG7lkwLg...')
#1 /home/eventodigital/public_html/api_controlAccesos/system/CodeIgniter.php(832): App\Controllers\RestController->create()
#2 /home/eventodigital/public_html/api_controlAccesos/system/CodeIgniter.php(419): CodeIgniter\CodeIgniter->runController(Object(App\Controllers\RestController))
#3 /home/eventodigital/public_html/api_controlAccesos/system/CodeIgniter.php(326): CodeIgniter\CodeIgniter->handleRequest(NULL, Object(Config\Cache), false)
#4 /home/eventodigital/public_html/api_controlAccesos/public/index.php(37): CodeIgniter\CodeIgniter->run()
#5 {main}
CRITICAL - 2023-11-11 12:45:13 --> Class 'App\Libraries\Exception' not found
#0 /home/eventodigital/public_html/api_controlAccesos/app/Controllers/RestController.php(185): App\Libraries\vCard->__construct(false, 'FBMi442AG7lkwGw...')
#1 /home/eventodigital/public_html/api_controlAccesos/system/CodeIgniter.php(832): App\Controllers\RestController->create()
#2 /home/eventodigital/public_html/api_controlAccesos/system/CodeIgniter.php(419): CodeIgniter\CodeIgniter->runController(Object(App\Controllers\RestController))
#3 /home/eventodigital/public_html/api_controlAccesos/system/CodeIgniter.php(326): CodeIgniter\CodeIgniter->handleRequest(NULL, Object(Config\Cache), false)
#4 /home/eventodigital/public_html/api_controlAccesos/public/index.php(37): CodeIgniter\CodeIgniter->run()
#5 {main}
CRITICAL - 2023-11-11 12:45:33 --> Class 'App\Libraries\Exception' not found
#0 /home/eventodigital/public_html/api_controlAccesos/app/Controllers/RestController.php(185): App\Libraries\vCard->__construct(false, 'FBMi442AG6jzAKg...')
#1 /home/eventodigital/public_html/api_controlAccesos/system/CodeIgniter.php(832): App\Controllers\RestController->create()
#2 /home/eventodigital/public_html/api_controlAccesos/system/CodeIgniter.php(419): CodeIgniter\CodeIgniter->runController(Object(App\Controllers\RestController))
#3 /home/eventodigital/public_html/api_controlAccesos/system/CodeIgniter.php(326): CodeIgniter\CodeIgniter->handleRequest(NULL, Object(Config\Cache), false)
#4 /home/eventodigital/public_html/api_controlAccesos/public/index.php(37): CodeIgniter\CodeIgniter->run()
#5 {main}
CRITICAL - 2023-11-11 12:48:01 --> Class 'App\Libraries\Exception' not found
#0 /home/eventodigital/public_html/api_controlAccesos/app/Controllers/RestController.php(185): App\Libraries\vCard->__construct(false, 'FBMi442AG58jwLA...')
#1 /home/eventodigital/public_html/api_controlAccesos/system/CodeIgniter.php(832): App\Controllers\RestController->create()
#2 /home/eventodigital/public_html/api_controlAccesos/system/CodeIgniter.php(419): CodeIgniter\CodeIgniter->runController(Object(App\Controllers\RestController))
#3 /home/eventodigital/public_html/api_controlAccesos/system/CodeIgniter.php(326): CodeIgniter\CodeIgniter->handleRequest(NULL, Object(Config\Cache), false)
#4 /home/eventodigital/public_html/api_controlAccesos/public/index.php(37): CodeIgniter\CodeIgniter->run()
#5 {main}
CRITICAL - 2023-11-11 12:48:03 --> Class 'App\Libraries\Exception' not found
#0 /home/eventodigital/public_html/api_controlAccesos/app/Controllers/RestController.php(185): App\Libraries\vCard->__construct(false, 'FBMi442AG58jwHw...')
#1 /home/eventodigital/public_html/api_controlAccesos/system/CodeIgniter.php(832): App\Controllers\RestController->create()
#2 /home/eventodigital/public_html/api_controlAccesos/system/CodeIgniter.php(419): CodeIgniter\CodeIgniter->runController(Object(App\Controllers\RestController))
#3 /home/eventodigital/public_html/api_controlAccesos/system/CodeIgniter.php(326): CodeIgniter\CodeIgniter->handleRequest(NULL, Object(Config\Cache), false)
#4 /home/eventodigital/public_html/api_controlAccesos/public/index.php(37): CodeIgniter\CodeIgniter->run()
#5 {main}
CRITICAL - 2023-11-11 12:52:23 --> Class 'App\Libraries\Exception' not found
#0 /home/eventodigital/public_html/api_controlAccesos/app/Controllers/RestController.php(185): App\Libraries\vCard->__construct(false, 'FBMi442AG6uSAWg...')
#1 /home/eventodigital/public_html/api_controlAccesos/system/CodeIgniter.php(832): App\Controllers\RestController->create()
#2 /home/eventodigital/public_html/api_controlAccesos/system/CodeIgniter.php(419): CodeIgniter\CodeIgniter->runController(Object(App\Controllers\RestController))
#3 /home/eventodigital/public_html/api_controlAccesos/system/CodeIgniter.php(326): CodeIgniter\CodeIgniter->handleRequest(NULL, Object(Config\Cache), false)
#4 /home/eventodigital/public_html/api_controlAccesos/public/index.php(37): CodeIgniter\CodeIgniter->run()
#5 {main}
CRITICAL - 2023-11-11 12:55:05 --> Class 'App\Libraries\Exception' not found
#0 /home/eventodigital/public_html/api_controlAccesos/app/Controllers/RestController.php(185): App\Libraries\vCard->__construct(false, 'FBMi4a0AG7GKQHQ...')
#1 /home/eventodigital/public_html/api_controlAccesos/system/CodeIgniter.php(832): App\Controllers\RestController->create()
#2 /home/eventodigital/public_html/api_controlAccesos/system/CodeIgniter.php(419): CodeIgniter\CodeIgniter->runController(Object(App\Controllers\RestController))
#3 /home/eventodigital/public_html/api_controlAccesos/system/CodeIgniter.php(326): CodeIgniter\CodeIgniter->handleRequest(NULL, Object(Config\Cache), false)
#4 /home/eventodigital/public_html/api_controlAccesos/public/index.php(37): CodeIgniter\CodeIgniter->run()
#5 {main}
CRITICAL - 2023-11-11 12:55:36 --> Class 'App\Libraries\Exception' not found
#0 /home/eventodigital/public_html/api_controlAccesos/app/Controllers/RestController.php(185): App\Libraries\vCard->__construct(false, 'FBMi442AG7VJAKQ...')
#1 /home/eventodigital/public_html/api_controlAccesos/system/CodeIgniter.php(832): App\Controllers\RestController->create()
#2 /home/eventodigital/public_html/api_controlAccesos/system/CodeIgniter.php(419): CodeIgniter\CodeIgniter->runController(Object(App\Controllers\RestController))
#3 /home/eventodigital/public_html/api_controlAccesos/system/CodeIgniter.php(326): CodeIgniter\CodeIgniter->handleRequest(NULL, Object(Config\Cache), false)
#4 /home/eventodigital/public_html/api_controlAccesos/public/index.php(37): CodeIgniter\CodeIgniter->run()
#5 {main}
CRITICAL - 2023-11-11 12:55:39 --> Class 'App\Libraries\Exception' not found
#0 /home/eventodigital/public_html/api_controlAccesos/app/Controllers/RestController.php(185): App\Libraries\vCard->__construct(false, 'FBMi442AG7VJAGg...')
#1 /home/eventodigital/public_html/api_controlAccesos/system/CodeIgniter.php(832): App\Controllers\RestController->create()
#2 /home/eventodigital/public_html/api_controlAccesos/system/CodeIgniter.php(419): CodeIgniter\CodeIgniter->runController(Object(App\Controllers\RestController))
#3 /home/eventodigital/public_html/api_controlAccesos/system/CodeIgniter.php(326): CodeIgniter\CodeIgniter->handleRequest(NULL, Object(Config\Cache), false)
#4 /home/eventodigital/public_html/api_controlAccesos/public/index.php(37): CodeIgniter\CodeIgniter->run()
#5 {main}
CRITICAL - 2023-11-11 12:55:57 --> Class 'App\Libraries\Exception' not found
#0 /home/eventodigital/public_html/api_controlAccesos/app/Controllers/RestController.php(185): App\Libraries\vCard->__construct(false, 'FBMi442AG7qLwGw...')
#1 /home/eventodigital/public_html/api_controlAccesos/system/CodeIgniter.php(832): App\Controllers\RestController->create()
#2 /home/eventodigital/public_html/api_controlAccesos/system/CodeIgniter.php(419): CodeIgniter\CodeIgniter->runController(Object(App\Controllers\RestController))
#3 /home/eventodigital/public_html/api_controlAccesos/system/CodeIgniter.php(326): CodeIgniter\CodeIgniter->handleRequest(NULL, Object(Config\Cache), false)
#4 /home/eventodigital/public_html/api_controlAccesos/public/index.php(37): CodeIgniter\CodeIgniter->run()
#5 {main}
CRITICAL - 2023-11-11 13:02:57 --> Class 'App\Libraries\Exception' not found
#0 /home/eventodigital/public_html/api_controlAccesos/app/Controllers/RestController.php(185): App\Libraries\vCard->__construct(false, 'FBMi442AG7h3QHQ...')
#1 /home/eventodigital/public_html/api_controlAccesos/system/CodeIgniter.php(832): App\Controllers\RestController->create()
#2 /home/eventodigital/public_html/api_controlAccesos/system/CodeIgniter.php(419): CodeIgniter\CodeIgniter->runController(Object(App\Controllers\RestController))
#3 /home/eventodigital/public_html/api_controlAccesos/system/CodeIgniter.php(326): CodeIgniter\CodeIgniter->handleRequest(NULL, Object(Config\Cache), false)
#4 /home/eventodigital/public_html/api_controlAccesos/public/index.php(37): CodeIgniter\CodeIgniter->run()
#5 {main}
CRITICAL - 2023-11-11 13:03:06 --> Class 'App\Libraries\Exception' not found
#0 /home/eventodigital/public_html/api_controlAccesos/app/Controllers/RestController.php(185): App\Libraries\vCard->__construct(false, 'FBMi4a0AG6ouQTA...')
#1 /home/eventodigital/public_html/api_controlAccesos/system/CodeIgniter.php(832): App\Controllers\RestController->create()
#2 /home/eventodigital/public_html/api_controlAccesos/system/CodeIgniter.php(419): CodeIgniter\CodeIgniter->runController(Object(App\Controllers\RestController))
#3 /home/eventodigital/public_html/api_controlAccesos/system/CodeIgniter.php(326): CodeIgniter\CodeIgniter->handleRequest(NULL, Object(Config\Cache), false)
#4 /home/eventodigital/public_html/api_controlAccesos/public/index.php(37): CodeIgniter\CodeIgniter->run()
#5 {main}
CRITICAL - 2023-11-11 13:03:13 --> Class 'App\Libraries\Exception' not found
#0 /home/eventodigital/public_html/api_controlAccesos/app/Controllers/RestController.php(185): App\Libraries\vCard->__construct(false, 'FBMi442AG7h3QLw...')
#1 /home/eventodigital/public_html/api_controlAccesos/system/CodeIgniter.php(832): App\Controllers\RestController->create()
#2 /home/eventodigital/public_html/api_controlAccesos/system/CodeIgniter.php(419): CodeIgniter\CodeIgniter->runController(Object(App\Controllers\RestController))
#3 /home/eventodigital/public_html/api_controlAccesos/system/CodeIgniter.php(326): CodeIgniter\CodeIgniter->handleRequest(NULL, Object(Config\Cache), false)
#4 /home/eventodigital/public_html/api_controlAccesos/public/index.php(37): CodeIgniter\CodeIgniter->run()
#5 {main}
CRITICAL - 2023-11-11 13:03:26 --> Class 'App\Libraries\Exception' not found
#0 /home/eventodigital/public_html/api_controlAccesos/app/Controllers/RestController.php(185): App\Libraries\vCard->__construct(false, 'FBMi442AG6AagGw...')
#1 /home/eventodigital/public_html/api_controlAccesos/system/CodeIgniter.php(832): App\Controllers\RestController->create()
#2 /home/eventodigital/public_html/api_controlAccesos/system/CodeIgniter.php(419): CodeIgniter\CodeIgniter->runController(Object(App\Controllers\RestController))
#3 /home/eventodigital/public_html/api_controlAccesos/system/CodeIgniter.php(326): CodeIgniter\CodeIgniter->handleRequest(NULL, Object(Config\Cache), false)
#4 /home/eventodigital/public_html/api_controlAccesos/public/index.php(37): CodeIgniter\CodeIgniter->run()
#5 {main}
CRITICAL - 2023-11-11 13:03:26 --> Class 'App\Libraries\Exception' not found
#0 /home/eventodigital/public_html/api_controlAccesos/app/Controllers/RestController.php(185): App\Libraries\vCard->__construct(false, 'FBMi442AG6AagKg...')
#1 /home/eventodigital/public_html/api_controlAccesos/system/CodeIgniter.php(832): App\Controllers\RestController->create()
#2 /home/eventodigital/public_html/api_controlAccesos/system/CodeIgniter.php(419): CodeIgniter\CodeIgniter->runController(Object(App\Controllers\RestController))
#3 /home/eventodigital/public_html/api_controlAccesos/system/CodeIgniter.php(326): CodeIgniter\CodeIgniter->handleRequest(NULL, Object(Config\Cache), false)
#4 /home/eventodigital/public_html/api_controlAccesos/public/index.php(37): CodeIgniter\CodeIgniter->run()
#5 {main}
CRITICAL - 2023-11-11 13:10:22 --> Class 'App\Libraries\Exception' not found
#0 /home/eventodigital/public_html/api_controlAccesos/app/Controllers/RestController.php(185): App\Libraries\vCard->__construct(false, 'FBMi442AG7kKQGQ...')
#1 /home/eventodigital/public_html/api_controlAccesos/system/CodeIgniter.php(832): App\Controllers\RestController->create()
#2 /home/eventodigital/public_html/api_controlAccesos/system/CodeIgniter.php(419): CodeIgniter\CodeIgniter->runController(Object(App\Controllers\RestController))
#3 /home/eventodigital/public_html/api_controlAccesos/system/CodeIgniter.php(326): CodeIgniter\CodeIgniter->handleRequest(NULL, Object(Config\Cache), false)
#4 /home/eventodigital/public_html/api_controlAccesos/public/index.php(37): CodeIgniter\CodeIgniter->run()
#5 {main}
CRITICAL - 2023-11-11 13:10:58 --> Class 'App\Libraries\Exception' not found
#0 /home/eventodigital/public_html/api_controlAccesos/app/Controllers/RestController.php(185): App\Libraries\vCard->__construct(false, 'FBMi442AG7kWwGQ...')
#1 /home/eventodigital/public_html/api_controlAccesos/system/CodeIgniter.php(832): App\Controllers\RestController->create()
#2 /home/eventodigital/public_html/api_controlAccesos/system/CodeIgniter.php(419): CodeIgniter\CodeIgniter->runController(Object(App\Controllers\RestController))
#3 /home/eventodigital/public_html/api_controlAccesos/system/CodeIgniter.php(326): CodeIgniter\CodeIgniter->handleRequest(NULL, Object(Config\Cache), false)
#4 /home/eventodigital/public_html/api_controlAccesos/public/index.php(37): CodeIgniter\CodeIgniter->run()
#5 {main}
CRITICAL - 2023-11-11 13:11:09 --> Class 'App\Libraries\Exception' not found
#0 /home/eventodigital/public_html/api_controlAccesos/app/Controllers/RestController.php(185): App\Libraries\vCard->__construct(false, 'FBMi442AG6uSAag...')
#1 /home/eventodigital/public_html/api_controlAccesos/system/CodeIgniter.php(832): App\Controllers\RestController->create()
#2 /home/eventodigital/public_html/api_controlAccesos/system/CodeIgniter.php(419): CodeIgniter\CodeIgniter->runController(Object(App\Controllers\RestController))
#3 /home/eventodigital/public_html/api_controlAccesos/system/CodeIgniter.php(326): CodeIgniter\CodeIgniter->handleRequest(NULL, Object(Config\Cache), false)
#4 /home/eventodigital/public_html/api_controlAccesos/public/index.php(37): CodeIgniter\CodeIgniter->run()
#5 {main}
CRITICAL - 2023-11-11 13:16:01 --> Class 'App\Libraries\Exception' not found
#0 /home/eventodigital/public_html/api_controlAccesos/app/Controllers/RestController.php(185): App\Libraries\vCard->__construct(false, 'FBMi4a0AG6VCwHA...')
#1 /home/eventodigital/public_html/api_controlAccesos/system/CodeIgniter.php(832): App\Controllers\RestController->create()
#2 /home/eventodigital/public_html/api_controlAccesos/system/CodeIgniter.php(419): CodeIgniter\CodeIgniter->runController(Object(App\Controllers\RestController))
#3 /home/eventodigital/public_html/api_controlAccesos/system/CodeIgniter.php(326): CodeIgniter\CodeIgniter->handleRequest(NULL, Object(Config\Cache), false)
#4 /home/eventodigital/public_html/api_controlAccesos/public/index.php(37): CodeIgniter\CodeIgniter->run()
#5 {main}
CRITICAL - 2023-11-11 13:16:12 --> Class 'App\Libraries\Exception' not found
#0 /home/eventodigital/public_html/api_controlAccesos/app/Controllers/RestController.php(185): App\Libraries\vCard->__construct(false, 'FBMi4a0AG6VCwKg...')
#1 /home/eventodigital/public_html/api_controlAccesos/system/CodeIgniter.php(832): App\Controllers\RestController->create()
#2 /home/eventodigital/public_html/api_controlAccesos/system/CodeIgniter.php(419): CodeIgniter\CodeIgniter->runController(Object(App\Controllers\RestController))
#3 /home/eventodigital/public_html/api_controlAccesos/system/CodeIgniter.php(326): CodeIgniter\CodeIgniter->handleRequest(NULL, Object(Config\Cache), false)
#4 /home/eventodigital/public_html/api_controlAccesos/public/index.php(37): CodeIgniter\CodeIgniter->run()
#5 {main}
CRITICAL - 2023-11-11 13:18:58 --> Class 'App\Libraries\Exception' not found
#0 /home/eventodigital/public_html/api_controlAccesos/app/Controllers/RestController.php(185): App\Libraries\vCard->__construct(false, 'FBMi442AG7qwgHQ...')
#1 /home/eventodigital/public_html/api_controlAccesos/system/CodeIgniter.php(832): App\Controllers\RestController->create()
#2 /home/eventodigital/public_html/api_controlAccesos/system/CodeIgniter.php(419): CodeIgniter\CodeIgniter->runController(Object(App\Controllers\RestController))
#3 /home/eventodigital/public_html/api_controlAccesos/system/CodeIgniter.php(326): CodeIgniter\CodeIgniter->handleRequest(NULL, Object(Config\Cache), false)
#4 /home/eventodigital/public_html/api_controlAccesos/public/index.php(37): CodeIgniter\CodeIgniter->run()
#5 {main}
CRITICAL - 2023-11-11 13:20:28 --> Class 'App\Libraries\Exception' not found
#0 /home/eventodigital/public_html/api_controlAccesos/app/Controllers/RestController.php(185): App\Libraries\vCard->__construct(false, 'FBMi442AG7YFwHg...')
#1 /home/eventodigital/public_html/api_controlAccesos/system/CodeIgniter.php(832): App\Controllers\RestController->create()
#2 /home/eventodigital/public_html/api_controlAccesos/system/CodeIgniter.php(419): CodeIgniter\CodeIgniter->runController(Object(App\Controllers\RestController))
#3 /home/eventodigital/public_html/api_controlAccesos/system/CodeIgniter.php(326): CodeIgniter\CodeIgniter->handleRequest(NULL, Object(Config\Cache), false)
#4 /home/eventodigital/public_html/api_controlAccesos/public/index.php(37): CodeIgniter\CodeIgniter->run()
#5 {main}
CRITICAL - 2023-11-11 13:20:31 --> Class 'App\Libraries\Exception' not found
#0 /home/eventodigital/public_html/api_controlAccesos/app/Controllers/RestController.php(185): App\Libraries\vCard->__construct(false, 'FBMi442AG7YFwLA...')
#1 /home/eventodigital/public_html/api_controlAccesos/system/CodeIgniter.php(832): App\Controllers\RestController->create()
#2 /home/eventodigital/public_html/api_controlAccesos/system/CodeIgniter.php(419): CodeIgniter\CodeIgniter->runController(Object(App\Controllers\RestController))
#3 /home/eventodigital/public_html/api_controlAccesos/system/CodeIgniter.php(326): CodeIgniter\CodeIgniter->handleRequest(NULL, Object(Config\Cache), false)
#4 /home/eventodigital/public_html/api_controlAccesos/public/index.php(37): CodeIgniter\CodeIgniter->run()
#5 {main}
CRITICAL - 2023-11-11 13:20:37 --> Class 'App\Libraries\Exception' not found
#0 /home/eventodigital/public_html/api_controlAccesos/app/Controllers/RestController.php(185): App\Libraries\vCard->__construct(false, 'FBMi442AG7YFwOw...')
#1 /home/eventodigital/public_html/api_controlAccesos/system/CodeIgniter.php(832): App\Controllers\RestController->create()
#2 /home/eventodigital/public_html/api_controlAccesos/system/CodeIgniter.php(419): CodeIgniter\CodeIgniter->runController(Object(App\Controllers\RestController))
#3 /home/eventodigital/public_html/api_controlAccesos/system/CodeIgniter.php(326): CodeIgniter\CodeIgniter->handleRequest(NULL, Object(Config\Cache), false)
#4 /home/eventodigital/public_html/api_controlAccesos/public/index.php(37): CodeIgniter\CodeIgniter->run()
#5 {main}
CRITICAL - 2023-11-11 13:20:40 --> Class 'App\Libraries\Exception' not found
#0 /home/eventodigital/public_html/api_controlAccesos/app/Controllers/RestController.php(185): App\Libraries\vCard->__construct(false, 'FBMi442AG7YFwTg...')
#1 /home/eventodigital/public_html/api_controlAccesos/system/CodeIgniter.php(832): App\Controllers\RestController->create()
#2 /home/eventodigital/public_html/api_controlAccesos/system/CodeIgniter.php(419): CodeIgniter\CodeIgniter->runController(Object(App\Controllers\RestController))
#3 /home/eventodigital/public_html/api_controlAccesos/system/CodeIgniter.php(326): CodeIgniter\CodeIgniter->handleRequest(NULL, Object(Config\Cache), false)
#4 /home/eventodigital/public_html/api_controlAccesos/public/index.php(37): CodeIgniter\CodeIgniter->run()
#5 {main}
CRITICAL - 2023-11-11 13:21:21 --> Class 'App\Libraries\Exception' not found
#0 /home/eventodigital/public_html/api_controlAccesos/app/Controllers/RestController.php(185): App\Libraries\vCard->__construct(false, 'FBMi442AG5hQwPA...')
#1 /home/eventodigital/public_html/api_controlAccesos/system/CodeIgniter.php(832): App\Controllers\RestController->create()
#2 /home/eventodigital/public_html/api_controlAccesos/system/CodeIgniter.php(419): CodeIgniter\CodeIgniter->runController(Object(App\Controllers\RestController))
#3 /home/eventodigital/public_html/api_controlAccesos/system/CodeIgniter.php(326): CodeIgniter\CodeIgniter->handleRequest(NULL, Object(Config\Cache), false)
#4 /home/eventodigital/public_html/api_controlAccesos/public/index.php(37): CodeIgniter\CodeIgniter->run()
#5 {main}
CRITICAL - 2023-11-11 13:21:25 --> Class 'App\Libraries\Exception' not found
#0 /home/eventodigital/public_html/api_controlAccesos/app/Controllers/RestController.php(185): App\Libraries\vCard->__construct(false, 'FBMi442AG5hQwHQ...')
#1 /home/eventodigital/public_html/api_controlAccesos/system/CodeIgniter.php(832): App\Controllers\RestController->create()
#2 /home/eventodigital/public_html/api_controlAccesos/system/CodeIgniter.php(419): CodeIgniter\CodeIgniter->runController(Object(App\Controllers\RestController))
#3 /home/eventodigital/public_html/api_controlAccesos/system/CodeIgniter.php(326): CodeIgniter\CodeIgniter->handleRequest(NULL, Object(Config\Cache), false)
#4 /home/eventodigital/public_html/api_controlAccesos/public/index.php(37): CodeIgniter\CodeIgniter->run()
#5 {main}
CRITICAL - 2023-11-11 13:21:28 --> Class 'App\Libraries\Exception' not found
#0 /home/eventodigital/public_html/api_controlAccesos/app/Controllers/RestController.php(185): App\Libraries\vCard->__construct(false, 'FBMi442AG5hQwLA...')
#1 /home/eventodigital/public_html/api_controlAccesos/system/CodeIgniter.php(832): App\Controllers\RestController->create()
#2 /home/eventodigital/public_html/api_controlAccesos/system/CodeIgniter.php(419): CodeIgniter\CodeIgniter->runController(Object(App\Controllers\RestController))
#3 /home/eventodigital/public_html/api_controlAccesos/system/CodeIgniter.php(326): CodeIgniter\CodeIgniter->handleRequest(NULL, Object(Config\Cache), false)
#4 /home/eventodigital/public_html/api_controlAccesos/public/index.php(37): CodeIgniter\CodeIgniter->run()
#5 {main}
CRITICAL - 2023-11-11 13:28:18 --> Class 'App\Libraries\Exception' not found
#0 /home/eventodigital/public_html/api_controlAccesos/app/Controllers/RestController.php(185): App\Libraries\vCard->__construct(false, 'FBMi4a0AG7IOALA...')
#1 /home/eventodigital/public_html/api_controlAccesos/system/CodeIgniter.php(832): App\Controllers\RestController->create()
#2 /home/eventodigital/public_html/api_controlAccesos/system/CodeIgniter.php(419): CodeIgniter\CodeIgniter->runController(Object(App\Controllers\RestController))
#3 /home/eventodigital/public_html/api_controlAccesos/system/CodeIgniter.php(326): CodeIgniter\CodeIgniter->handleRequest(NULL, Object(Config\Cache), false)
#4 /home/eventodigital/public_html/api_controlAccesos/public/index.php(37): CodeIgniter\CodeIgniter->run()
#5 {main}
CRITICAL - 2023-11-11 13:28:24 --> Class 'App\Libraries\Exception' not found
#0 /home/eventodigital/public_html/api_controlAccesos/app/Controllers/RestController.php(185): App\Libraries\vCard->__construct(false, 'FBMi4a0AG7IOAHw...')
#1 /home/eventodigital/public_html/api_controlAccesos/system/CodeIgniter.php(832): App\Controllers\RestController->create()
#2 /home/eventodigital/public_html/api_controlAccesos/system/CodeIgniter.php(419): CodeIgniter\CodeIgniter->runController(Object(App\Controllers\RestController))
#3 /home/eventodigital/public_html/api_controlAccesos/system/CodeIgniter.php(326): CodeIgniter\CodeIgniter->handleRequest(NULL, Object(Config\Cache), false)
#4 /home/eventodigital/public_html/api_controlAccesos/public/index.php(37): CodeIgniter\CodeIgniter->run()
#5 {main}
CRITICAL - 2023-11-11 13:29:39 --> Class 'App\Libraries\Exception' not found
#0 /home/eventodigital/public_html/api_controlAccesos/app/Controllers/RestController.php(185): App\Libraries\vCard->__construct(false, 'FBMi442AG7oBwHw...')
#1 /home/eventodigital/public_html/api_controlAccesos/system/CodeIgniter.php(832): App\Controllers\RestController->create()
#2 /home/eventodigital/public_html/api_controlAccesos/system/CodeIgniter.php(419): CodeIgniter\CodeIgniter->runController(Object(App\Controllers\RestController))
#3 /home/eventodigital/public_html/api_controlAccesos/system/CodeIgniter.php(326): CodeIgniter\CodeIgniter->handleRequest(NULL, Object(Config\Cache), false)
#4 /home/eventodigital/public_html/api_controlAccesos/public/index.php(37): CodeIgniter\CodeIgniter->run()
#5 {main}
CRITICAL - 2023-11-11 13:29:43 --> Class 'App\Libraries\Exception' not found
#0 /home/eventodigital/public_html/api_controlAccesos/app/Controllers/RestController.php(185): App\Libraries\vCard->__construct(false, 'FBMi442AG7oBwKQ...')
#1 /home/eventodigital/public_html/api_controlAccesos/system/CodeIgniter.php(832): App\Controllers\RestController->create()
#2 /home/eventodigital/public_html/api_controlAccesos/system/CodeIgniter.php(419): CodeIgniter\CodeIgniter->runController(Object(App\Controllers\RestController))
#3 /home/eventodigital/public_html/api_controlAccesos/system/CodeIgniter.php(326): CodeIgniter\CodeIgniter->handleRequest(NULL, Object(Config\Cache), false)
#4 /home/eventodigital/public_html/api_controlAccesos/public/index.php(37): CodeIgniter\CodeIgniter->run()
#5 {main}
CRITICAL - 2023-11-11 13:32:49 --> Class 'App\Libraries\Exception' not found
#0 /home/eventodigital/public_html/api_controlAccesos/app/Controllers/RestController.php(185): App\Libraries\vCard->__construct(false, 'FBMi442AG6pCwPQ...')
#1 /home/eventodigital/public_html/api_controlAccesos/system/CodeIgniter.php(832): App\Controllers\RestController->create()
#2 /home/eventodigital/public_html/api_controlAccesos/system/CodeIgniter.php(419): CodeIgniter\CodeIgniter->runController(Object(App\Controllers\RestController))
#3 /home/eventodigital/public_html/api_controlAccesos/system/CodeIgniter.php(326): CodeIgniter\CodeIgniter->handleRequest(NULL, Object(Config\Cache), false)
#4 /home/eventodigital/public_html/api_controlAccesos/public/index.php(37): CodeIgniter\CodeIgniter->run()
#5 {main}
CRITICAL - 2023-11-11 13:32:53 --> Class 'App\Libraries\Exception' not found
#0 /home/eventodigital/public_html/api_controlAccesos/app/Controllers/RestController.php(185): App\Libraries\vCard->__construct(false, 'FBMi442AG6pCwSg...')
#1 /home/eventodigital/public_html/api_controlAccesos/system/CodeIgniter.php(832): App\Controllers\RestController->create()
#2 /home/eventodigital/public_html/api_controlAccesos/system/CodeIgniter.php(419): CodeIgniter\CodeIgniter->runController(Object(App\Controllers\RestController))
#3 /home/eventodigital/public_html/api_controlAccesos/system/CodeIgniter.php(326): CodeIgniter\CodeIgniter->handleRequest(NULL, Object(Config\Cache), false)
#4 /home/eventodigital/public_html/api_controlAccesos/public/index.php(37): CodeIgniter\CodeIgniter->run()
#5 {main}
CRITICAL - 2023-11-11 13:33:42 --> Class 'App\Libraries\Exception' not found
#0 /home/eventodigital/public_html/api_controlAccesos/app/Controllers/RestController.php(185): App\Libraries\vCard->__construct(false, 'FBMi442AG4xQwHw...')
#1 /home/eventodigital/public_html/api_controlAccesos/system/CodeIgniter.php(832): App\Controllers\RestController->create()
#2 /home/eventodigital/public_html/api_controlAccesos/system/CodeIgniter.php(419): CodeIgniter\CodeIgniter->runController(Object(App\Controllers\RestController))
#3 /home/eventodigital/public_html/api_controlAccesos/system/CodeIgniter.php(326): CodeIgniter\CodeIgniter->handleRequest(NULL, Object(Config\Cache), false)
#4 /home/eventodigital/public_html/api_controlAccesos/public/index.php(37): CodeIgniter\CodeIgniter->run()
#5 {main}
CRITICAL - 2023-11-11 13:33:44 --> Class 'App\Libraries\Exception' not found
#0 /home/eventodigital/public_html/api_controlAccesos/app/Controllers/RestController.php(185): App\Libraries\vCard->__construct(false, 'FBMi442AG4xQwKQ...')
#1 /home/eventodigital/public_html/api_controlAccesos/system/CodeIgniter.php(832): App\Controllers\RestController->create()
#2 /home/eventodigital/public_html/api_controlAccesos/system/CodeIgniter.php(419): CodeIgniter\CodeIgniter->runController(Object(App\Controllers\RestController))
#3 /home/eventodigital/public_html/api_controlAccesos/system/CodeIgniter.php(326): CodeIgniter\CodeIgniter->handleRequest(NULL, Object(Config\Cache), false)
#4 /home/eventodigital/public_html/api_controlAccesos/public/index.php(37): CodeIgniter\CodeIgniter->run()
#5 {main}
CRITICAL - 2023-11-11 13:34:49 --> Class 'App\Libraries\Exception' not found
#0 /home/eventodigital/public_html/api_controlAccesos/app/Controllers/RestController.php(185): App\Libraries\vCard->__construct(false, 'R0aeb5fd90cc0f6...')
#1 /home/eventodigital/public_html/api_controlAccesos/system/CodeIgniter.php(832): App\Controllers\RestController->create()
#2 /home/eventodigital/public_html/api_controlAccesos/system/CodeIgniter.php(419): CodeIgniter\CodeIgniter->runController(Object(App\Controllers\RestController))
#3 /home/eventodigital/public_html/api_controlAccesos/system/CodeIgniter.php(326): CodeIgniter\CodeIgniter->handleRequest(NULL, Object(Config\Cache), false)
#4 /home/eventodigital/public_html/api_controlAccesos/public/index.php(37): CodeIgniter\CodeIgniter->run()
#5 {main}
CRITICAL - 2023-11-11 13:34:52 --> Class 'App\Libraries\Exception' not found
#0 /home/eventodigital/public_html/api_controlAccesos/app/Controllers/RestController.php(185): App\Libraries\vCard->__construct(false, 'FBMi4dYAG7QuQGg...')
#1 /home/eventodigital/public_html/api_controlAccesos/system/CodeIgniter.php(832): App\Controllers\RestController->create()
#2 /home/eventodigital/public_html/api_controlAccesos/system/CodeIgniter.php(419): CodeIgniter\CodeIgniter->runController(Object(App\Controllers\RestController))
#3 /home/eventodigital/public_html/api_controlAccesos/system/CodeIgniter.php(326): CodeIgniter\CodeIgniter->handleRequest(NULL, Object(Config\Cache), false)
#4 /home/eventodigital/public_html/api_controlAccesos/public/index.php(37): CodeIgniter\CodeIgniter->run()
#5 {main}
CRITICAL - 2023-11-11 13:34:54 --> Class 'App\Libraries\Exception' not found
#0 /home/eventodigital/public_html/api_controlAccesos/app/Controllers/RestController.php(185): App\Libraries\vCard->__construct(false, 'FBMi4dYAG7QuQKw...')
#1 /home/eventodigital/public_html/api_controlAccesos/system/CodeIgniter.php(832): App\Controllers\RestController->create()
#2 /home/eventodigital/public_html/api_controlAccesos/system/CodeIgniter.php(419): CodeIgniter\CodeIgniter->runController(Object(App\Controllers\RestController))
#3 /home/eventodigital/public_html/api_controlAccesos/system/CodeIgniter.php(326): CodeIgniter\CodeIgniter->handleRequest(NULL, Object(Config\Cache), false)
#4 /home/eventodigital/public_html/api_controlAccesos/public/index.php(37): CodeIgniter\CodeIgniter->run()
#5 {main}
CRITICAL - 2023-11-11 13:35:21 --> Class 'App\Libraries\Exception' not found
#0 /home/eventodigital/public_html/api_controlAccesos/app/Controllers/RestController.php(185): App\Libraries\vCard->__construct(false, 'FBMi442AG7sqQHQ...')
#1 /home/eventodigital/public_html/api_controlAccesos/system/CodeIgniter.php(832): App\Controllers\RestController->create()
#2 /home/eventodigital/public_html/api_controlAccesos/system/CodeIgniter.php(419): CodeIgniter\CodeIgniter->runController(Object(App\Controllers\RestController))
#3 /home/eventodigital/public_html/api_controlAccesos/system/CodeIgniter.php(326): CodeIgniter\CodeIgniter->handleRequest(NULL, Object(Config\Cache), false)
#4 /home/eventodigital/public_html/api_controlAccesos/public/index.php(37): CodeIgniter\CodeIgniter->run()
#5 {main}
CRITICAL - 2023-11-11 13:38:11 --> Class 'App\Libraries\Exception' not found
#0 /home/eventodigital/public_html/api_controlAccesos/app/Controllers/RestController.php(185): App\Libraries\vCard->__construct(false, 'FBMi4a0AG7D8gHg...')
#1 /home/eventodigital/public_html/api_controlAccesos/system/CodeIgniter.php(832): App\Controllers\RestController->create()
#2 /home/eventodigital/public_html/api_controlAccesos/system/CodeIgniter.php(419): CodeIgniter\CodeIgniter->runController(Object(App\Controllers\RestController))
#3 /home/eventodigital/public_html/api_controlAccesos/system/CodeIgniter.php(326): CodeIgniter\CodeIgniter->handleRequest(NULL, Object(Config\Cache), false)
#4 /home/eventodigital/public_html/api_controlAccesos/public/index.php(37): CodeIgniter\CodeIgniter->run()
#5 {main}
CRITICAL - 2023-11-11 13:38:14 --> Class 'App\Libraries\Exception' not found
#0 /home/eventodigital/public_html/api_controlAccesos/app/Controllers/RestController.php(185): App\Libraries\vCard->__construct(false, 'FBMi4a0AG7D8gLw...')
#1 /home/eventodigital/public_html/api_controlAccesos/system/CodeIgniter.php(832): App\Controllers\RestController->create()
#2 /home/eventodigital/public_html/api_controlAccesos/system/CodeIgniter.php(419): CodeIgniter\CodeIgniter->runController(Object(App\Controllers\RestController))
#3 /home/eventodigital/public_html/api_controlAccesos/system/CodeIgniter.php(326): CodeIgniter\CodeIgniter->handleRequest(NULL, Object(Config\Cache), false)
#4 /home/eventodigital/public_html/api_controlAccesos/public/index.php(37): CodeIgniter\CodeIgniter->run()
#5 {main}
CRITICAL - 2023-11-11 13:40:23 --> Class 'App\Libraries\Exception' not found
#0 /home/eventodigital/public_html/api_controlAccesos/app/Controllers/RestController.php(185): App\Libraries\vCard->__construct(false, 'FBMi442AG7nCQGg...')
#1 /home/eventodigital/public_html/api_controlAccesos/system/CodeIgniter.php(832): App\Controllers\RestController->create()
#2 /home/eventodigital/public_html/api_controlAccesos/system/CodeIgniter.php(419): CodeIgniter\CodeIgniter->runController(Object(App\Controllers\RestController))
#3 /home/eventodigital/public_html/api_controlAccesos/system/CodeIgniter.php(326): CodeIgniter\CodeIgniter->handleRequest(NULL, Object(Config\Cache), false)
#4 /home/eventodigital/public_html/api_controlAccesos/public/index.php(37): CodeIgniter\CodeIgniter->run()
#5 {main}
CRITICAL - 2023-11-11 13:40:26 --> Class 'App\Libraries\Exception' not found
#0 /home/eventodigital/public_html/api_controlAccesos/app/Controllers/RestController.php(185): App\Libraries\vCard->__construct(false, 'FBMi442AG7nCQLA...')
#1 /home/eventodigital/public_html/api_controlAccesos/system/CodeIgniter.php(832): App\Controllers\RestController->create()
#2 /home/eventodigital/public_html/api_controlAccesos/system/CodeIgniter.php(419): CodeIgniter\CodeIgniter->runController(Object(App\Controllers\RestController))
#3 /home/eventodigital/public_html/api_controlAccesos/system/CodeIgniter.php(326): CodeIgniter\CodeIgniter->handleRequest(NULL, Object(Config\Cache), false)
#4 /home/eventodigital/public_html/api_controlAccesos/public/index.php(37): CodeIgniter\CodeIgniter->run()
#5 {main}
CRITICAL - 2023-11-11 13:43:06 --> Class 'App\Libraries\Exception' not found
#0 /home/eventodigital/public_html/api_controlAccesos/app/Controllers/RestController.php(185): App\Libraries\vCard->__construct(false, 'FBMi4dYAG7s2QGg...')
#1 /home/eventodigital/public_html/api_controlAccesos/system/CodeIgniter.php(832): App\Controllers\RestController->create()
#2 /home/eventodigital/public_html/api_controlAccesos/system/CodeIgniter.php(419): CodeIgniter\CodeIgniter->runController(Object(App\Controllers\RestController))
#3 /home/eventodigital/public_html/api_controlAccesos/system/CodeIgniter.php(326): CodeIgniter\CodeIgniter->handleRequest(NULL, Object(Config\Cache), false)
#4 /home/eventodigital/public_html/api_controlAccesos/public/index.php(37): CodeIgniter\CodeIgniter->run()
#5 {main}
CRITICAL - 2023-11-11 13:43:09 --> Class 'App\Libraries\Exception' not found
#0 /home/eventodigital/public_html/api_controlAccesos/app/Controllers/RestController.php(185): App\Libraries\vCard->__construct(false, 'FBMi4dYAG7s2QLQ...')
#1 /home/eventodigital/public_html/api_controlAccesos/system/CodeIgniter.php(832): App\Controllers\RestController->create()
#2 /home/eventodigital/public_html/api_controlAccesos/system/CodeIgniter.php(419): CodeIgniter\CodeIgniter->runController(Object(App\Controllers\RestController))
#3 /home/eventodigital/public_html/api_controlAccesos/system/CodeIgniter.php(326): CodeIgniter\CodeIgniter->handleRequest(NULL, Object(Config\Cache), false)
#4 /home/eventodigital/public_html/api_controlAccesos/public/index.php(37): CodeIgniter\CodeIgniter->run()
#5 {main}
CRITICAL - 2023-11-11 13:43:11 --> Class 'App\Libraries\Exception' not found
#0 /home/eventodigital/public_html/api_controlAccesos/app/Controllers/RestController.php(185): App\Libraries\vCard->__construct(false, 'FBMi4dYAG7s2QPQ...')
#1 /home/eventodigital/public_html/api_controlAccesos/system/CodeIgniter.php(832): App\Controllers\RestController->create()
#2 /home/eventodigital/public_html/api_controlAccesos/system/CodeIgniter.php(419): CodeIgniter\CodeIgniter->runController(Object(App\Controllers\RestController))
#3 /home/eventodigital/public_html/api_controlAccesos/system/CodeIgniter.php(326): CodeIgniter\CodeIgniter->handleRequest(NULL, Object(Config\Cache), false)
#4 /home/eventodigital/public_html/api_controlAccesos/public/index.php(37): CodeIgniter\CodeIgniter->run()
#5 {main}
CRITICAL - 2023-11-11 13:44:23 --> Class 'App\Libraries\Exception' not found
#0 /home/eventodigital/public_html/api_controlAccesos/app/Controllers/RestController.php(185): App\Libraries\vCard->__construct(false, 'FBMi48SAG3fFQHw...')
#1 /home/eventodigital/public_html/api_controlAccesos/system/CodeIgniter.php(832): App\Controllers\RestController->create()
#2 /home/eventodigital/public_html/api_controlAccesos/system/CodeIgniter.php(419): CodeIgniter\CodeIgniter->runController(Object(App\Controllers\RestController))
#3 /home/eventodigital/public_html/api_controlAccesos/system/CodeIgniter.php(326): CodeIgniter\CodeIgniter->handleRequest(NULL, Object(Config\Cache), false)
#4 /home/eventodigital/public_html/api_controlAccesos/public/index.php(37): CodeIgniter\CodeIgniter->run()
#5 {main}
CRITICAL - 2023-11-11 13:44:28 --> Class 'App\Libraries\Exception' not found
#0 /home/eventodigital/public_html/api_controlAccesos/app/Controllers/RestController.php(185): App\Libraries\vCard->__construct(false, 'FBMi48SAG3fFQKw...')
#1 /home/eventodigital/public_html/api_controlAccesos/system/CodeIgniter.php(832): App\Controllers\RestController->create()
#2 /home/eventodigital/public_html/api_controlAccesos/system/CodeIgniter.php(419): CodeIgniter\CodeIgniter->runController(Object(App\Controllers\RestController))
#3 /home/eventodigital/public_html/api_controlAccesos/system/CodeIgniter.php(326): CodeIgniter\CodeIgniter->handleRequest(NULL, Object(Config\Cache), false)
#4 /home/eventodigital/public_html/api_controlAccesos/public/index.php(37): CodeIgniter\CodeIgniter->run()
#5 {main}
CRITICAL - 2023-11-11 13:44:47 --> Class 'App\Libraries\Exception' not found
#0 /home/eventodigital/public_html/api_controlAccesos/app/Controllers/RestController.php(185): App\Libraries\vCard->__construct(false, 'y28q6x9drw426m5...')
#1 /home/eventodigital/public_html/api_controlAccesos/system/CodeIgniter.php(832): App\Controllers\RestController->create()
#2 /home/eventodigital/public_html/api_controlAccesos/system/CodeIgniter.php(419): CodeIgniter\CodeIgniter->runController(Object(App\Controllers\RestController))
#3 /home/eventodigital/public_html/api_controlAccesos/system/CodeIgniter.php(326): CodeIgniter\CodeIgniter->handleRequest(NULL, Object(Config\Cache), false)
#4 /home/eventodigital/public_html/api_controlAccesos/public/index.php(37): CodeIgniter\CodeIgniter->run()
#5 {main}
CRITICAL - 2023-11-11 13:45:52 --> Class 'App\Libraries\Exception' not found
#0 /home/eventodigital/public_html/api_controlAccesos/app/Controllers/RestController.php(185): App\Libraries\vCard->__construct(false, 'FBMi442AG69xgHA...')
#1 /home/eventodigital/public_html/api_controlAccesos/system/CodeIgniter.php(832): App\Controllers\RestController->create()
#2 /home/eventodigital/public_html/api_controlAccesos/system/CodeIgniter.php(419): CodeIgniter\CodeIgniter->runController(Object(App\Controllers\RestController))
#3 /home/eventodigital/public_html/api_controlAccesos/system/CodeIgniter.php(326): CodeIgniter\CodeIgniter->handleRequest(NULL, Object(Config\Cache), false)
#4 /home/eventodigital/public_html/api_controlAccesos/public/index.php(37): CodeIgniter\CodeIgniter->run()
#5 {main}
CRITICAL - 2023-11-11 13:45:57 --> Class 'App\Libraries\Exception' not found
#0 /home/eventodigital/public_html/api_controlAccesos/app/Controllers/RestController.php(185): App\Libraries\vCard->__construct(false, 'FBMi442AG69xgKw...')
#1 /home/eventodigital/public_html/api_controlAccesos/system/CodeIgniter.php(832): App\Controllers\RestController->create()
#2 /home/eventodigital/public_html/api_controlAccesos/system/CodeIgniter.php(419): CodeIgniter\CodeIgniter->runController(Object(App\Controllers\RestController))
#3 /home/eventodigital/public_html/api_controlAccesos/system/CodeIgniter.php(326): CodeIgniter\CodeIgniter->handleRequest(NULL, Object(Config\Cache), false)
#4 /home/eventodigital/public_html/api_controlAccesos/public/index.php(37): CodeIgniter\CodeIgniter->run()
#5 {main}
CRITICAL - 2023-11-11 13:45:59 --> Class 'App\Libraries\Exception' not found
#0 /home/eventodigital/public_html/api_controlAccesos/app/Controllers/RestController.php(185): App\Libraries\vCard->__construct(false, 'FBMi442AG69xgPA...')
#1 /home/eventodigital/public_html/api_controlAccesos/system/CodeIgniter.php(832): App\Controllers\RestController->create()
#2 /home/eventodigital/public_html/api_controlAccesos/system/CodeIgniter.php(419): CodeIgniter\CodeIgniter->runController(Object(App\Controllers\RestController))
#3 /home/eventodigital/public_html/api_controlAccesos/system/CodeIgniter.php(326): CodeIgniter\CodeIgniter->handleRequest(NULL, Object(Config\Cache), false)
#4 /home/eventodigital/public_html/api_controlAccesos/public/index.php(37): CodeIgniter\CodeIgniter->run()
#5 {main}
CRITICAL - 2023-11-11 13:46:02 --> Class 'App\Libraries\Exception' not found
#0 /home/eventodigital/public_html/api_controlAccesos/app/Controllers/RestController.php(185): App\Libraries\vCard->__construct(false, 'FBMi442AG69xgTw...')
#1 /home/eventodigital/public_html/api_controlAccesos/system/CodeIgniter.php(832): App\Controllers\RestController->create()
#2 /home/eventodigital/public_html/api_controlAccesos/system/CodeIgniter.php(419): CodeIgniter\CodeIgniter->runController(Object(App\Controllers\RestController))
#3 /home/eventodigital/public_html/api_controlAccesos/system/CodeIgniter.php(326): CodeIgniter\CodeIgniter->handleRequest(NULL, Object(Config\Cache), false)
#4 /home/eventodigital/public_html/api_controlAccesos/public/index.php(37): CodeIgniter\CodeIgniter->run()
#5 {main}
CRITICAL - 2023-11-11 13:46:09 --> Class 'App\Libraries\Exception' not found
#0 /home/eventodigital/public_html/api_controlAccesos/app/Controllers/RestController.php(185): App\Libraries\vCard->__construct(false, 'FBMi48SAG3pMgHA...')
#1 /home/eventodigital/public_html/api_controlAccesos/system/CodeIgniter.php(832): App\Controllers\RestController->create()
#2 /home/eventodigital/public_html/api_controlAccesos/system/CodeIgniter.php(419): CodeIgniter\CodeIgniter->runController(Object(App\Controllers\RestController))
#3 /home/eventodigital/public_html/api_controlAccesos/system/CodeIgniter.php(326): CodeIgniter\CodeIgniter->handleRequest(NULL, Object(Config\Cache), false)
#4 /home/eventodigital/public_html/api_controlAccesos/public/index.php(37): CodeIgniter\CodeIgniter->run()
#5 {main}
CRITICAL - 2023-11-11 13:48:10 --> Class 'App\Libraries\Exception' not found
#0 /home/eventodigital/public_html/api_controlAccesos/app/Controllers/RestController.php(185): App\Libraries\vCard->__construct(false, 'FBMi4dYAG7rnwGw...')
#1 /home/eventodigital/public_html/api_controlAccesos/system/CodeIgniter.php(832): App\Controllers\RestController->create()
#2 /home/eventodigital/public_html/api_controlAccesos/system/CodeIgniter.php(419): CodeIgniter\CodeIgniter->runController(Object(App\Controllers\RestController))
#3 /home/eventodigital/public_html/api_controlAccesos/system/CodeIgniter.php(326): CodeIgniter\CodeIgniter->handleRequest(NULL, Object(Config\Cache), false)
#4 /home/eventodigital/public_html/api_controlAccesos/public/index.php(37): CodeIgniter\CodeIgniter->run()
#5 {main}
CRITICAL - 2023-11-11 13:48:13 --> Class 'App\Libraries\Exception' not found
#0 /home/eventodigital/public_html/api_controlAccesos/app/Controllers/RestController.php(185): App\Libraries\vCard->__construct(false, 'FBMi4dYAG7rnwLA...')
#1 /home/eventodigital/public_html/api_controlAccesos/system/CodeIgniter.php(832): App\Controllers\RestController->create()
#2 /home/eventodigital/public_html/api_controlAccesos/system/CodeIgniter.php(419): CodeIgniter\CodeIgniter->runController(Object(App\Controllers\RestController))
#3 /home/eventodigital/public_html/api_controlAccesos/system/CodeIgniter.php(326): CodeIgniter\CodeIgniter->handleRequest(NULL, Object(Config\Cache), false)
#4 /home/eventodigital/public_html/api_controlAccesos/public/index.php(37): CodeIgniter\CodeIgniter->run()
#5 {main}
CRITICAL - 2023-11-11 13:48:21 --> Class 'App\Libraries\Exception' not found
#0 /home/eventodigital/public_html/api_controlAccesos/app/Controllers/RestController.php(185): App\Libraries\vCard->__construct(false, 'FBMi4dYAG7degGg...')
#1 /home/eventodigital/public_html/api_controlAccesos/system/CodeIgniter.php(832): App\Controllers\RestController->create()
#2 /home/eventodigital/public_html/api_controlAccesos/system/CodeIgniter.php(419): CodeIgniter\CodeIgniter->runController(Object(App\Controllers\RestController))
#3 /home/eventodigital/public_html/api_controlAccesos/system/CodeIgniter.php(326): CodeIgniter\CodeIgniter->handleRequest(NULL, Object(Config\Cache), false)
#4 /home/eventodigital/public_html/api_controlAccesos/public/index.php(37): CodeIgniter\CodeIgniter->run()
#5 {main}
CRITICAL - 2023-11-11 13:48:58 --> Class 'App\Libraries\Exception' not found
#0 /home/eventodigital/public_html/api_controlAccesos/app/Controllers/RestController.php(185): App\Libraries\vCard->__construct(false, 'FBMi442AG7gFAGg...')
#1 /home/eventodigital/public_html/api_controlAccesos/system/CodeIgniter.php(832): App\Controllers\RestController->create()
#2 /home/eventodigital/public_html/api_controlAccesos/system/CodeIgniter.php(419): CodeIgniter\CodeIgniter->runController(Object(App\Controllers\RestController))
#3 /home/eventodigital/public_html/api_controlAccesos/system/CodeIgniter.php(326): CodeIgniter\CodeIgniter->handleRequest(NULL, Object(Config\Cache), false)
#4 /home/eventodigital/public_html/api_controlAccesos/public/index.php(37): CodeIgniter\CodeIgniter->run()
#5 {main}
CRITICAL - 2023-11-11 13:49:01 --> Class 'App\Libraries\Exception' not found
#0 /home/eventodigital/public_html/api_controlAccesos/app/Controllers/RestController.php(185): App\Libraries\vCard->__construct(false, 'FBMi442AG7gFALQ...')
#1 /home/eventodigital/public_html/api_controlAccesos/system/CodeIgniter.php(832): App\Controllers\RestController->create()
#2 /home/eventodigital/public_html/api_controlAccesos/system/CodeIgniter.php(419): CodeIgniter\CodeIgniter->runController(Object(App\Controllers\RestController))
#3 /home/eventodigital/public_html/api_controlAccesos/system/CodeIgniter.php(326): CodeIgniter\CodeIgniter->handleRequest(NULL, Object(Config\Cache), false)
#4 /home/eventodigital/public_html/api_controlAccesos/public/index.php(37): CodeIgniter\CodeIgniter->run()
#5 {main}
CRITICAL - 2023-11-11 13:49:19 --> Class 'App\Libraries\Exception' not found
#0 /home/eventodigital/public_html/api_controlAccesos/app/Controllers/RestController.php(185): App\Libraries\vCard->__construct(false, 'FBMi48SAGyQ2gGg...')
#1 /home/eventodigital/public_html/api_controlAccesos/system/CodeIgniter.php(832): App\Controllers\RestController->create()
#2 /home/eventodigital/public_html/api_controlAccesos/system/CodeIgniter.php(419): CodeIgniter\CodeIgniter->runController(Object(App\Controllers\RestController))
#3 /home/eventodigital/public_html/api_controlAccesos/system/CodeIgniter.php(326): CodeIgniter\CodeIgniter->handleRequest(NULL, Object(Config\Cache), false)
#4 /home/eventodigital/public_html/api_controlAccesos/public/index.php(37): CodeIgniter\CodeIgniter->run()
#5 {main}
CRITICAL - 2023-11-11 13:49:21 --> Class 'App\Libraries\Exception' not found
#0 /home/eventodigital/public_html/api_controlAccesos/app/Controllers/RestController.php(185): App\Libraries\vCard->__construct(false, 'FBMi48SAGriNgHA...')
#1 /home/eventodigital/public_html/api_controlAccesos/system/CodeIgniter.php(832): App\Controllers\RestController->create()
#2 /home/eventodigital/public_html/api_controlAccesos/system/CodeIgniter.php(419): CodeIgniter\CodeIgniter->runController(Object(App\Controllers\RestController))
#3 /home/eventodigital/public_html/api_controlAccesos/system/CodeIgniter.php(326): CodeIgniter\CodeIgniter->handleRequest(NULL, Object(Config\Cache), false)
#4 /home/eventodigital/public_html/api_controlAccesos/public/index.php(37): CodeIgniter\CodeIgniter->run()
#5 {main}
CRITICAL - 2023-11-11 13:49:24 --> Class 'App\Libraries\Exception' not found
#0 /home/eventodigital/public_html/api_controlAccesos/app/Controllers/RestController.php(185): App\Libraries\vCard->__construct(false, 'FBMi48SAGriNgKw...')
#1 /home/eventodigital/public_html/api_controlAccesos/system/CodeIgniter.php(832): App\Controllers\RestController->create()
#2 /home/eventodigital/public_html/api_controlAccesos/system/CodeIgniter.php(419): CodeIgniter\CodeIgniter->runController(Object(App\Controllers\RestController))
#3 /home/eventodigital/public_html/api_controlAccesos/system/CodeIgniter.php(326): CodeIgniter\CodeIgniter->handleRequest(NULL, Object(Config\Cache), false)
#4 /home/eventodigital/public_html/api_controlAccesos/public/index.php(37): CodeIgniter\CodeIgniter->run()
#5 {main}
CRITICAL - 2023-11-11 13:51:49 --> Class 'App\Libraries\Exception' not found
#0 /home/eventodigital/public_html/api_controlAccesos/app/Controllers/RestController.php(185): App\Libraries\vCard->__construct(false, 'FBMi4a0AG6jKgGw...')
#1 /home/eventodigital/public_html/api_controlAccesos/system/CodeIgniter.php(832): App\Controllers\RestController->create()
#2 /home/eventodigital/public_html/api_controlAccesos/system/CodeIgniter.php(419): CodeIgniter\CodeIgniter->runController(Object(App\Controllers\RestController))
#3 /home/eventodigital/public_html/api_controlAccesos/system/CodeIgniter.php(326): CodeIgniter\CodeIgniter->handleRequest(NULL, Object(Config\Cache), false)
#4 /home/eventodigital/public_html/api_controlAccesos/public/index.php(37): CodeIgniter\CodeIgniter->run()
#5 {main}
CRITICAL - 2023-11-11 13:51:51 --> Class 'App\Libraries\Exception' not found
#0 /home/eventodigital/public_html/api_controlAccesos/app/Controllers/RestController.php(185): App\Libraries\vCard->__construct(false, 'FBMi4a0AG6jKgKw...')
#1 /home/eventodigital/public_html/api_controlAccesos/system/CodeIgniter.php(832): App\Controllers\RestController->create()
#2 /home/eventodigital/public_html/api_controlAccesos/system/CodeIgniter.php(419): CodeIgniter\CodeIgniter->runController(Object(App\Controllers\RestController))
#3 /home/eventodigital/public_html/api_controlAccesos/system/CodeIgniter.php(326): CodeIgniter\CodeIgniter->handleRequest(NULL, Object(Config\Cache), false)
#4 /home/eventodigital/public_html/api_controlAccesos/public/index.php(37): CodeIgniter\CodeIgniter->run()
#5 {main}
CRITICAL - 2023-11-11 13:51:56 --> Class 'App\Libraries\Exception' not found
#0 /home/eventodigital/public_html/api_controlAccesos/app/Controllers/RestController.php(185): App\Libraries\vCard->__construct(false, 'FBMi442AG6jKgOQ...')
#1 /home/eventodigital/public_html/api_controlAccesos/system/CodeIgniter.php(832): App\Controllers\RestController->create()
#2 /home/eventodigital/public_html/api_controlAccesos/system/CodeIgniter.php(419): CodeIgniter\CodeIgniter->runController(Object(App\Controllers\RestController))
#3 /home/eventodigital/public_html/api_controlAccesos/system/CodeIgniter.php(326): CodeIgniter\CodeIgniter->handleRequest(NULL, Object(Config\Cache), false)
#4 /home/eventodigital/public_html/api_controlAccesos/public/index.php(37): CodeIgniter\CodeIgniter->run()
#5 {main}
CRITICAL - 2023-11-11 13:52:22 --> Class 'App\Libraries\Exception' not found
#0 /home/eventodigital/public_html/api_controlAccesos/app/Controllers/RestController.php(185): App\Libraries\vCard->__construct(false, 'FBMi48SAG4IvQHQ...')
#1 /home/eventodigital/public_html/api_controlAccesos/system/CodeIgniter.php(832): App\Controllers\RestController->create()
#2 /home/eventodigital/public_html/api_controlAccesos/system/CodeIgniter.php(419): CodeIgniter\CodeIgniter->runController(Object(App\Controllers\RestController))
#3 /home/eventodigital/public_html/api_controlAccesos/system/CodeIgniter.php(326): CodeIgniter\CodeIgniter->handleRequest(NULL, Object(Config\Cache), false)
#4 /home/eventodigital/public_html/api_controlAccesos/public/index.php(37): CodeIgniter\CodeIgniter->run()
#5 {main}
CRITICAL - 2023-11-11 13:52:25 --> Class 'App\Libraries\Exception' not found
#0 /home/eventodigital/public_html/api_controlAccesos/app/Controllers/RestController.php(185): App\Libraries\vCard->__construct(false, 'FBMi48SAG4IvQLg...')
#1 /home/eventodigital/public_html/api_controlAccesos/system/CodeIgniter.php(832): App\Controllers\RestController->create()
#2 /home/eventodigital/public_html/api_controlAccesos/system/CodeIgniter.php(419): CodeIgniter\CodeIgniter->runController(Object(App\Controllers\RestController))
#3 /home/eventodigital/public_html/api_controlAccesos/system/CodeIgniter.php(326): CodeIgniter\CodeIgniter->handleRequest(NULL, Object(Config\Cache), false)
#4 /home/eventodigital/public_html/api_controlAccesos/public/index.php(37): CodeIgniter\CodeIgniter->run()
#5 {main}
CRITICAL - 2023-11-11 13:52:55 --> Class 'App\Libraries\Exception' not found
#0 /home/eventodigital/public_html/api_controlAccesos/app/Controllers/RestController.php(185): App\Libraries\vCard->__construct(false, 'FBMi4dYAG7qzgHA...')
#1 /home/eventodigital/public_html/api_controlAccesos/system/CodeIgniter.php(832): App\Controllers\RestController->create()
#2 /home/eventodigital/public_html/api_controlAccesos/system/CodeIgniter.php(419): CodeIgniter\CodeIgniter->runController(Object(App\Controllers\RestController))
#3 /home/eventodigital/public_html/api_controlAccesos/system/CodeIgniter.php(326): CodeIgniter\CodeIgniter->handleRequest(NULL, Object(Config\Cache), false)
#4 /home/eventodigital/public_html/api_controlAccesos/public/index.php(37): CodeIgniter\CodeIgniter->run()
#5 {main}
CRITICAL - 2023-11-11 13:53:00 --> Class 'App\Libraries\Exception' not found
#0 /home/eventodigital/public_html/api_controlAccesos/app/Controllers/RestController.php(185): App\Libraries\vCard->__construct(false, 'FBMi4dYAG7qzgLg...')
#1 /home/eventodigital/public_html/api_controlAccesos/system/CodeIgniter.php(832): App\Controllers\RestController->create()
#2 /home/eventodigital/public_html/api_controlAccesos/system/CodeIgniter.php(419): CodeIgniter\CodeIgniter->runController(Object(App\Controllers\RestController))
#3 /home/eventodigital/public_html/api_controlAccesos/system/CodeIgniter.php(326): CodeIgniter\CodeIgniter->handleRequest(NULL, Object(Config\Cache), false)
#4 /home/eventodigital/public_html/api_controlAccesos/public/index.php(37): CodeIgniter\CodeIgniter->run()
#5 {main}
CRITICAL - 2023-11-11 13:54:10 --> Class 'App\Libraries\Exception' not found
#0 /home/eventodigital/public_html/api_controlAccesos/app/Controllers/RestController.php(185): App\Libraries\vCard->__construct(false, 'FBMi4dYAG7tDgHg...')
#1 /home/eventodigital/public_html/api_controlAccesos/system/CodeIgniter.php(832): App\Controllers\RestController->create()
#2 /home/eventodigital/public_html/api_controlAccesos/system/CodeIgniter.php(419): CodeIgniter\CodeIgniter->runController(Object(App\Controllers\RestController))
#3 /home/eventodigital/public_html/api_controlAccesos/system/CodeIgniter.php(326): CodeIgniter\CodeIgniter->handleRequest(NULL, Object(Config\Cache), false)
#4 /home/eventodigital/public_html/api_controlAccesos/public/index.php(37): CodeIgniter\CodeIgniter->run()
#5 {main}
CRITICAL - 2023-11-11 13:54:16 --> Class 'App\Libraries\Exception' not found
#0 /home/eventodigital/public_html/api_controlAccesos/app/Controllers/RestController.php(185): App\Libraries\vCard->__construct(false, 'FBMi4dYAG7tDgLg...')
#1 /home/eventodigital/public_html/api_controlAccesos/system/CodeIgniter.php(832): App\Controllers\RestController->create()
#2 /home/eventodigital/public_html/api_controlAccesos/system/CodeIgniter.php(419): CodeIgniter\CodeIgniter->runController(Object(App\Controllers\RestController))
#3 /home/eventodigital/public_html/api_controlAccesos/system/CodeIgniter.php(326): CodeIgniter\CodeIgniter->handleRequest(NULL, Object(Config\Cache), false)
#4 /home/eventodigital/public_html/api_controlAccesos/public/index.php(37): CodeIgniter\CodeIgniter->run()
#5 {main}
CRITICAL - 2023-11-11 13:56:54 --> Class 'App\Libraries\Exception' not found
#0 /home/eventodigital/public_html/api_controlAccesos/app/Controllers/RestController.php(185): App\Libraries\vCard->__construct(false, 'FBMi442AG6pKQHA...')
#1 /home/eventodigital/public_html/api_controlAccesos/system/CodeIgniter.php(832): App\Controllers\RestController->create()
#2 /home/eventodigital/public_html/api_controlAccesos/system/CodeIgniter.php(419): CodeIgniter\CodeIgniter->runController(Object(App\Controllers\RestController))
#3 /home/eventodigital/public_html/api_controlAccesos/system/CodeIgniter.php(326): CodeIgniter\CodeIgniter->handleRequest(NULL, Object(Config\Cache), false)
#4 /home/eventodigital/public_html/api_controlAccesos/public/index.php(37): CodeIgniter\CodeIgniter->run()
#5 {main}
CRITICAL - 2023-11-11 13:57:00 --> Class 'App\Libraries\Exception' not found
#0 /home/eventodigital/public_html/api_controlAccesos/app/Controllers/RestController.php(185): App\Libraries\vCard->__construct(false, 'FBMi442AG6pKQKw...')
#1 /home/eventodigital/public_html/api_controlAccesos/system/CodeIgniter.php(832): App\Controllers\RestController->create()
#2 /home/eventodigital/public_html/api_controlAccesos/system/CodeIgniter.php(419): CodeIgniter\CodeIgniter->runController(Object(App\Controllers\RestController))
#3 /home/eventodigital/public_html/api_controlAccesos/system/CodeIgniter.php(326): CodeIgniter\CodeIgniter->handleRequest(NULL, Object(Config\Cache), false)
#4 /home/eventodigital/public_html/api_controlAccesos/public/index.php(37): CodeIgniter\CodeIgniter->run()
#5 {main}
CRITICAL - 2023-11-11 13:57:34 --> Class 'App\Libraries\Exception' not found
#0 /home/eventodigital/public_html/api_controlAccesos/app/Controllers/RestController.php(185): App\Libraries\vCard->__construct(false, 'FBMi4a0AG7KLgGQ...')
#1 /home/eventodigital/public_html/api_controlAccesos/system/CodeIgniter.php(832): App\Controllers\RestController->create()
#2 /home/eventodigital/public_html/api_controlAccesos/system/CodeIgniter.php(419): CodeIgniter\CodeIgniter->runController(Object(App\Controllers\RestController))
#3 /home/eventodigital/public_html/api_controlAccesos/system/CodeIgniter.php(326): CodeIgniter\CodeIgniter->handleRequest(NULL, Object(Config\Cache), false)
#4 /home/eventodigital/public_html/api_controlAccesos/public/index.php(37): CodeIgniter\CodeIgniter->run()
#5 {main}
CRITICAL - 2023-11-11 13:59:04 --> Class 'App\Libraries\Exception' not found
#0 /home/eventodigital/public_html/api_controlAccesos/app/Controllers/RestController.php(185): App\Libraries\vCard->__construct(false, 'FBMi48SAG2PvwKg...')
#1 /home/eventodigital/public_html/api_controlAccesos/system/CodeIgniter.php(832): App\Controllers\RestController->create()
#2 /home/eventodigital/public_html/api_controlAccesos/system/CodeIgniter.php(419): CodeIgniter\CodeIgniter->runController(Object(App\Controllers\RestController))
#3 /home/eventodigital/public_html/api_controlAccesos/system/CodeIgniter.php(326): CodeIgniter\CodeIgniter->handleRequest(NULL, Object(Config\Cache), false)
#4 /home/eventodigital/public_html/api_controlAccesos/public/index.php(37): CodeIgniter\CodeIgniter->run()
#5 {main}
CRITICAL - 2023-11-11 13:59:08 --> Class 'App\Libraries\Exception' not found
#0 /home/eventodigital/public_html/api_controlAccesos/app/Controllers/RestController.php(185): App\Libraries\vCard->__construct(false, 'FBMi48SAG2PvwHw...')
#1 /home/eventodigital/public_html/api_controlAccesos/system/CodeIgniter.php(832): App\Controllers\RestController->create()
#2 /home/eventodigital/public_html/api_controlAccesos/system/CodeIgniter.php(419): CodeIgniter\CodeIgniter->runController(Object(App\Controllers\RestController))
#3 /home/eventodigital/public_html/api_controlAccesos/system/CodeIgniter.php(326): CodeIgniter\CodeIgniter->handleRequest(NULL, Object(Config\Cache), false)
#4 /home/eventodigital/public_html/api_controlAccesos/public/index.php(37): CodeIgniter\CodeIgniter->run()
#5 {main}
CRITICAL - 2023-11-11 13:59:22 --> Class 'App\Libraries\Exception' not found
#0 /home/eventodigital/public_html/api_controlAccesos/app/Controllers/RestController.php(185): App\Libraries\vCard->__construct(false, 'FBMi4dYAG7ruALQ...')
#1 /home/eventodigital/public_html/api_controlAccesos/system/CodeIgniter.php(832): App\Controllers\RestController->create()
#2 /home/eventodigital/public_html/api_controlAccesos/system/CodeIgniter.php(419): CodeIgniter\CodeIgniter->runController(Object(App\Controllers\RestController))
#3 /home/eventodigital/public_html/api_controlAccesos/system/CodeIgniter.php(326): CodeIgniter\CodeIgniter->handleRequest(NULL, Object(Config\Cache), false)
#4 /home/eventodigital/public_html/api_controlAccesos/public/index.php(37): CodeIgniter\CodeIgniter->run()
#5 {main}
CRITICAL - 2023-11-11 13:59:24 --> Class 'App\Libraries\Exception' not found
#0 /home/eventodigital/public_html/api_controlAccesos/app/Controllers/RestController.php(185): App\Libraries\vCard->__construct(false, 'FBMi4dYAG7ruAGQ...')
#1 /home/eventodigital/public_html/api_controlAccesos/system/CodeIgniter.php(832): App\Controllers\RestController->create()
#2 /home/eventodigital/public_html/api_controlAccesos/system/CodeIgniter.php(419): CodeIgniter\CodeIgniter->runController(Object(App\Controllers\RestController))
#3 /home/eventodigital/public_html/api_controlAccesos/system/CodeIgniter.php(326): CodeIgniter\CodeIgniter->handleRequest(NULL, Object(Config\Cache), false)
#4 /home/eventodigital/public_html/api_controlAccesos/public/index.php(37): CodeIgniter\CodeIgniter->run()
#5 {main}
CRITICAL - 2023-11-11 13:59:44 --> Class 'App\Libraries\Exception' not found
#0 /home/eventodigital/public_html/api_controlAccesos/app/Controllers/RestController.php(185): App\Libraries\vCard->__construct(false, 'FBMi442AG6oXQHA...')
#1 /home/eventodigital/public_html/api_controlAccesos/system/CodeIgniter.php(832): App\Controllers\RestController->create()
#2 /home/eventodigital/public_html/api_controlAccesos/system/CodeIgniter.php(419): CodeIgniter\CodeIgniter->runController(Object(App\Controllers\RestController))
#3 /home/eventodigital/public_html/api_controlAccesos/system/CodeIgniter.php(326): CodeIgniter\CodeIgniter->handleRequest(NULL, Object(Config\Cache), false)
#4 /home/eventodigital/public_html/api_controlAccesos/public/index.php(37): CodeIgniter\CodeIgniter->run()
#5 {main}
CRITICAL - 2023-11-11 14:00:13 --> Class 'App\Libraries\Exception' not found
#0 /home/eventodigital/public_html/api_controlAccesos/app/Controllers/RestController.php(185): App\Libraries\vCard->__construct(false, 'FBMi442AG69vwPw...')
#1 /home/eventodigital/public_html/api_controlAccesos/system/CodeIgniter.php(832): App\Controllers\RestController->create()
#2 /home/eventodigital/public_html/api_controlAccesos/system/CodeIgniter.php(419): CodeIgniter\CodeIgniter->runController(Object(App\Controllers\RestController))
#3 /home/eventodigital/public_html/api_controlAccesos/system/CodeIgniter.php(326): CodeIgniter\CodeIgniter->handleRequest(NULL, Object(Config\Cache), false)
#4 /home/eventodigital/public_html/api_controlAccesos/public/index.php(37): CodeIgniter\CodeIgniter->run()
#5 {main}
CRITICAL - 2023-11-11 14:00:25 --> Class 'App\Libraries\Exception' not found
#0 /home/eventodigital/public_html/api_controlAccesos/app/Controllers/RestController.php(185): App\Libraries\vCard->__construct(false, 'FBMi4dYAG7kxQGQ...')
#1 /home/eventodigital/public_html/api_controlAccesos/system/CodeIgniter.php(832): App\Controllers\RestController->create()
#2 /home/eventodigital/public_html/api_controlAccesos/system/CodeIgniter.php(419): CodeIgniter\CodeIgniter->runController(Object(App\Controllers\RestController))
#3 /home/eventodigital/public_html/api_controlAccesos/system/CodeIgniter.php(326): CodeIgniter\CodeIgniter->handleRequest(NULL, Object(Config\Cache), false)
#4 /home/eventodigital/public_html/api_controlAccesos/public/index.php(37): CodeIgniter\CodeIgniter->run()
#5 {main}
CRITICAL - 2023-11-11 14:00:59 --> Class 'App\Libraries\Exception' not found
#0 /home/eventodigital/public_html/api_controlAccesos/app/Controllers/RestController.php(185): App\Libraries\vCard->__construct(false, 'FBMi4dYAG7oZwHQ...')
#1 /home/eventodigital/public_html/api_controlAccesos/system/CodeIgniter.php(832): App\Controllers\RestController->create()
#2 /home/eventodigital/public_html/api_controlAccesos/system/CodeIgniter.php(419): CodeIgniter\CodeIgniter->runController(Object(App\Controllers\RestController))
#3 /home/eventodigital/public_html/api_controlAccesos/system/CodeIgniter.php(326): CodeIgniter\CodeIgniter->handleRequest(NULL, Object(Config\Cache), false)
#4 /home/eventodigital/public_html/api_controlAccesos/public/index.php(37): CodeIgniter\CodeIgniter->run()
#5 {main}
CRITICAL - 2023-11-11 14:01:22 --> Class 'App\Libraries\Exception' not found
#0 /home/eventodigital/public_html/api_controlAccesos/app/Controllers/RestController.php(185): App\Libraries\vCard->__construct(false, 'FBMi4a0AG7HSgHg...')
#1 /home/eventodigital/public_html/api_controlAccesos/system/CodeIgniter.php(832): App\Controllers\RestController->create()
#2 /home/eventodigital/public_html/api_controlAccesos/system/CodeIgniter.php(419): CodeIgniter\CodeIgniter->runController(Object(App\Controllers\RestController))
#3 /home/eventodigital/public_html/api_controlAccesos/system/CodeIgniter.php(326): CodeIgniter\CodeIgniter->handleRequest(NULL, Object(Config\Cache), false)
#4 /home/eventodigital/public_html/api_controlAccesos/public/index.php(37): CodeIgniter\CodeIgniter->run()
#5 {main}
CRITICAL - 2023-11-11 14:01:28 --> Class 'App\Libraries\Exception' not found
#0 /home/eventodigital/public_html/api_controlAccesos/app/Controllers/RestController.php(185): App\Libraries\vCard->__construct(false, 'FBMi4a0AG7HSgLg...')
#1 /home/eventodigital/public_html/api_controlAccesos/system/CodeIgniter.php(832): App\Controllers\RestController->create()
#2 /home/eventodigital/public_html/api_controlAccesos/system/CodeIgniter.php(419): CodeIgniter\CodeIgniter->runController(Object(App\Controllers\RestController))
#3 /home/eventodigital/public_html/api_controlAccesos/system/CodeIgniter.php(326): CodeIgniter\CodeIgniter->handleRequest(NULL, Object(Config\Cache), false)
#4 /home/eventodigital/public_html/api_controlAccesos/public/index.php(37): CodeIgniter\CodeIgniter->run()
#5 {main}
CRITICAL - 2023-11-11 14:01:45 --> Class 'App\Libraries\Exception' not found
#0 /home/eventodigital/public_html/api_controlAccesos/app/Controllers/RestController.php(185): App\Libraries\vCard->__construct(false, 'FBMi442AG7OsQLQ...')
#1 /home/eventodigital/public_html/api_controlAccesos/system/CodeIgniter.php(832): App\Controllers\RestController->create()
#2 /home/eventodigital/public_html/api_controlAccesos/system/CodeIgniter.php(419): CodeIgniter\CodeIgniter->runController(Object(App\Controllers\RestController))
#3 /home/eventodigital/public_html/api_controlAccesos/system/CodeIgniter.php(326): CodeIgniter\CodeIgniter->handleRequest(NULL, Object(Config\Cache), false)
#4 /home/eventodigital/public_html/api_controlAccesos/public/index.php(37): CodeIgniter\CodeIgniter->run()
#5 {main}
CRITICAL - 2023-11-11 14:02:42 --> Class 'App\Libraries\Exception' not found
#0 /home/eventodigital/public_html/api_controlAccesos/app/Controllers/RestController.php(185): App\Libraries\vCard->__construct(false, 'FBMi442AG7fLgLg...')
#1 /home/eventodigital/public_html/api_controlAccesos/system/CodeIgniter.php(832): App\Controllers\RestController->create()
#2 /home/eventodigital/public_html/api_controlAccesos/system/CodeIgniter.php(419): CodeIgniter\CodeIgniter->runController(Object(App\Controllers\RestController))
#3 /home/eventodigital/public_html/api_controlAccesos/system/CodeIgniter.php(326): CodeIgniter\CodeIgniter->handleRequest(NULL, Object(Config\Cache), false)
#4 /home/eventodigital/public_html/api_controlAccesos/public/index.php(37): CodeIgniter\CodeIgniter->run()
#5 {main}
CRITICAL - 2023-11-11 14:02:45 --> Class 'App\Libraries\Exception' not found
#0 /home/eventodigital/public_html/api_controlAccesos/app/Controllers/RestController.php(185): App\Libraries\vCard->__construct(false, 'FBMi442AG7f6wHQ...')
#1 /home/eventodigital/public_html/api_controlAccesos/system/CodeIgniter.php(832): App\Controllers\RestController->create()
#2 /home/eventodigital/public_html/api_controlAccesos/system/CodeIgniter.php(419): CodeIgniter\CodeIgniter->runController(Object(App\Controllers\RestController))
#3 /home/eventodigital/public_html/api_controlAccesos/system/CodeIgniter.php(326): CodeIgniter\CodeIgniter->handleRequest(NULL, Object(Config\Cache), false)
#4 /home/eventodigital/public_html/api_controlAccesos/public/index.php(37): CodeIgniter\CodeIgniter->run()
#5 {main}
CRITICAL - 2023-11-11 14:03:11 --> Class 'App\Libraries\Exception' not found
#0 /home/eventodigital/public_html/api_controlAccesos/app/Controllers/RestController.php(185): App\Libraries\vCard->__construct(false, 'FBMi442AG7kCAGQ...')
#1 /home/eventodigital/public_html/api_controlAccesos/system/CodeIgniter.php(832): App\Controllers\RestController->create()
#2 /home/eventodigital/public_html/api_controlAccesos/system/CodeIgniter.php(419): CodeIgniter\CodeIgniter->runController(Object(App\Controllers\RestController))
#3 /home/eventodigital/public_html/api_controlAccesos/system/CodeIgniter.php(326): CodeIgniter\CodeIgniter->handleRequest(NULL, Object(Config\Cache), false)
#4 /home/eventodigital/public_html/api_controlAccesos/public/index.php(37): CodeIgniter\CodeIgniter->run()
#5 {main}
CRITICAL - 2023-11-11 14:03:14 --> Class 'App\Libraries\Exception' not found
#0 /home/eventodigital/public_html/api_controlAccesos/app/Controllers/RestController.php(185): App\Libraries\vCard->__construct(false, 'FBMi442AG7kCALA...')
#1 /home/eventodigital/public_html/api_controlAccesos/system/CodeIgniter.php(832): App\Controllers\RestController->create()
#2 /home/eventodigital/public_html/api_controlAccesos/system/CodeIgniter.php(419): CodeIgniter\CodeIgniter->runController(Object(App\Controllers\RestController))
#3 /home/eventodigital/public_html/api_controlAccesos/system/CodeIgniter.php(326): CodeIgniter\CodeIgniter->handleRequest(NULL, Object(Config\Cache), false)
#4 /home/eventodigital/public_html/api_controlAccesos/public/index.php(37): CodeIgniter\CodeIgniter->run()
#5 {main}
CRITICAL - 2023-11-11 14:03:43 --> Class 'App\Libraries\Exception' not found
#0 /home/eventodigital/public_html/api_controlAccesos/app/Controllers/RestController.php(185): App\Libraries\vCard->__construct(false, 'FBMi442AG7tSwGQ...')
#1 /home/eventodigital/public_html/api_controlAccesos/system/CodeIgniter.php(832): App\Controllers\RestController->create()
#2 /home/eventodigital/public_html/api_controlAccesos/system/CodeIgniter.php(419): CodeIgniter\CodeIgniter->runController(Object(App\Controllers\RestController))
#3 /home/eventodigital/public_html/api_controlAccesos/system/CodeIgniter.php(326): CodeIgniter\CodeIgniter->handleRequest(NULL, Object(Config\Cache), false)
#4 /home/eventodigital/public_html/api_controlAccesos/public/index.php(37): CodeIgniter\CodeIgniter->run()
#5 {main}
CRITICAL - 2023-11-11 14:03:46 --> Class 'App\Libraries\Exception' not found
#0 /home/eventodigital/public_html/api_controlAccesos/app/Controllers/RestController.php(185): App\Libraries\vCard->__construct(false, 'FBMi442AG7tSwKQ...')
#1 /home/eventodigital/public_html/api_controlAccesos/system/CodeIgniter.php(832): App\Controllers\RestController->create()
#2 /home/eventodigital/public_html/api_controlAccesos/system/CodeIgniter.php(419): CodeIgniter\CodeIgniter->runController(Object(App\Controllers\RestController))
#3 /home/eventodigital/public_html/api_controlAccesos/system/CodeIgniter.php(326): CodeIgniter\CodeIgniter->handleRequest(NULL, Object(Config\Cache), false)
#4 /home/eventodigital/public_html/api_controlAccesos/public/index.php(37): CodeIgniter\CodeIgniter->run()
#5 {main}
CRITICAL - 2023-11-11 14:04:54 --> Class 'App\Libraries\Exception' not found
#0 /home/eventodigital/public_html/api_controlAccesos/app/Controllers/RestController.php(185): App\Libraries\vCard->__construct(false, 'https://live.ub...')
#1 /home/eventodigital/public_html/api_controlAccesos/system/CodeIgniter.php(832): App\Controllers\RestController->create()
#2 /home/eventodigital/public_html/api_controlAccesos/system/CodeIgniter.php(419): CodeIgniter\CodeIgniter->runController(Object(App\Controllers\RestController))
#3 /home/eventodigital/public_html/api_controlAccesos/system/CodeIgniter.php(326): CodeIgniter\CodeIgniter->handleRequest(NULL, Object(Config\Cache), false)
#4 /home/eventodigital/public_html/api_controlAccesos/public/index.php(37): CodeIgniter\CodeIgniter->run()
#5 {main}
CRITICAL - 2023-11-11 14:05:00 --> Class 'App\Libraries\Exception' not found
#0 /home/eventodigital/public_html/api_controlAccesos/app/Controllers/RestController.php(185): App\Libraries\vCard->__construct(false, 'FBMi4a0AG6-cwHw...')
#1 /home/eventodigital/public_html/api_controlAccesos/system/CodeIgniter.php(832): App\Controllers\RestController->create()
#2 /home/eventodigital/public_html/api_controlAccesos/system/CodeIgniter.php(419): CodeIgniter\CodeIgniter->runController(Object(App\Controllers\RestController))
#3 /home/eventodigital/public_html/api_controlAccesos/system/CodeIgniter.php(326): CodeIgniter\CodeIgniter->handleRequest(NULL, Object(Config\Cache), false)
#4 /home/eventodigital/public_html/api_controlAccesos/public/index.php(37): CodeIgniter\CodeIgniter->run()
#5 {main}
CRITICAL - 2023-11-11 14:08:53 --> Class 'App\Libraries\Exception' not found
#0 /home/eventodigital/public_html/api_controlAccesos/app/Controllers/RestController.php(185): App\Libraries\vCard->__construct(false, 'FBMi442AG7owAKw...')
#1 /home/eventodigital/public_html/api_controlAccesos/system/CodeIgniter.php(832): App\Controllers\RestController->create()
#2 /home/eventodigital/public_html/api_controlAccesos/system/CodeIgniter.php(419): CodeIgniter\CodeIgniter->runController(Object(App\Controllers\RestController))
#3 /home/eventodigital/public_html/api_controlAccesos/system/CodeIgniter.php(326): CodeIgniter\CodeIgniter->handleRequest(NULL, Object(Config\Cache), false)
#4 /home/eventodigital/public_html/api_controlAccesos/public/index.php(37): CodeIgniter\CodeIgniter->run()
#5 {main}
CRITICAL - 2023-11-11 14:08:58 --> Class 'App\Libraries\Exception' not found
#0 /home/eventodigital/public_html/api_controlAccesos/app/Controllers/RestController.php(185): App\Libraries\vCard->__construct(false, 'FBMi442AG7owAOQ...')
#1 /home/eventodigital/public_html/api_controlAccesos/system/CodeIgniter.php(832): App\Controllers\RestController->create()
#2 /home/eventodigital/public_html/api_controlAccesos/system/CodeIgniter.php(419): CodeIgniter\CodeIgniter->runController(Object(App\Controllers\RestController))
#3 /home/eventodigital/public_html/api_controlAccesos/system/CodeIgniter.php(326): CodeIgniter\CodeIgniter->handleRequest(NULL, Object(Config\Cache), false)
#4 /home/eventodigital/public_html/api_controlAccesos/public/index.php(37): CodeIgniter\CodeIgniter->run()
#5 {main}
CRITICAL - 2023-11-11 14:09:03 --> Class 'App\Libraries\Exception' not found
#0 /home/eventodigital/public_html/api_controlAccesos/app/Controllers/RestController.php(185): App\Libraries\vCard->__construct(false, 'FBMi442AG7owAGg...')
#1 /home/eventodigital/public_html/api_controlAccesos/system/CodeIgniter.php(832): App\Controllers\RestController->create()
#2 /home/eventodigital/public_html/api_controlAccesos/system/CodeIgniter.php(419): CodeIgniter\CodeIgniter->runController(Object(App\Controllers\RestController))
#3 /home/eventodigital/public_html/api_controlAccesos/system/CodeIgniter.php(326): CodeIgniter\CodeIgniter->handleRequest(NULL, Object(Config\Cache), false)
#4 /home/eventodigital/public_html/api_controlAccesos/public/index.php(37): CodeIgniter\CodeIgniter->run()
#5 {main}
CRITICAL - 2023-11-11 14:09:17 --> Class 'App\Libraries\Exception' not found
#0 /home/eventodigital/public_html/api_controlAccesos/app/Controllers/RestController.php(185): App\Libraries\vCard->__construct(false, 'FBMi442AG7cwwHg...')
#1 /home/eventodigital/public_html/api_controlAccesos/system/CodeIgniter.php(832): App\Controllers\RestController->create()
#2 /home/eventodigital/public_html/api_controlAccesos/system/CodeIgniter.php(419): CodeIgniter\CodeIgniter->runController(Object(App\Controllers\RestController))
#3 /home/eventodigital/public_html/api_controlAccesos/system/CodeIgniter.php(326): CodeIgniter\CodeIgniter->handleRequest(NULL, Object(Config\Cache), false)
#4 /home/eventodigital/public_html/api_controlAccesos/public/index.php(37): CodeIgniter\CodeIgniter->run()
#5 {main}
CRITICAL - 2023-11-11 14:09:20 --> Class 'App\Libraries\Exception' not found
#0 /home/eventodigital/public_html/api_controlAccesos/app/Controllers/RestController.php(185): App\Libraries\vCard->__construct(false, 'FBMi442AG7cwwLA...')
#1 /home/eventodigital/public_html/api_controlAccesos/system/CodeIgniter.php(832): App\Controllers\RestController->create()
#2 /home/eventodigital/public_html/api_controlAccesos/system/CodeIgniter.php(419): CodeIgniter\CodeIgniter->runController(Object(App\Controllers\RestController))
#3 /home/eventodigital/public_html/api_controlAccesos/system/CodeIgniter.php(326): CodeIgniter\CodeIgniter->handleRequest(NULL, Object(Config\Cache), false)
#4 /home/eventodigital/public_html/api_controlAccesos/public/index.php(37): CodeIgniter\CodeIgniter->run()
#5 {main}
CRITICAL - 2023-11-11 14:09:42 --> Class 'App\Libraries\Exception' not found
#0 /home/eventodigital/public_html/api_controlAccesos/app/Controllers/RestController.php(185): App\Libraries\vCard->__construct(false, 'FBMi4a0AG6f5QGQ...')
#1 /home/eventodigital/public_html/api_controlAccesos/system/CodeIgniter.php(832): App\Controllers\RestController->create()
#2 /home/eventodigital/public_html/api_controlAccesos/system/CodeIgniter.php(419): CodeIgniter\CodeIgniter->runController(Object(App\Controllers\RestController))
#3 /home/eventodigital/public_html/api_controlAccesos/system/CodeIgniter.php(326): CodeIgniter\CodeIgniter->handleRequest(NULL, Object(Config\Cache), false)
#4 /home/eventodigital/public_html/api_controlAccesos/public/index.php(37): CodeIgniter\CodeIgniter->run()
#5 {main}
CRITICAL - 2023-11-11 14:09:44 --> Class 'App\Libraries\Exception' not found
#0 /home/eventodigital/public_html/api_controlAccesos/app/Controllers/RestController.php(185): App\Libraries\vCard->__construct(false, 'FBMi4a0AG6f5QKw...')
#1 /home/eventodigital/public_html/api_controlAccesos/system/CodeIgniter.php(832): App\Controllers\RestController->create()
#2 /home/eventodigital/public_html/api_controlAccesos/system/CodeIgniter.php(419): CodeIgniter\CodeIgniter->runController(Object(App\Controllers\RestController))
#3 /home/eventodigital/public_html/api_controlAccesos/system/CodeIgniter.php(326): CodeIgniter\CodeIgniter->handleRequest(NULL, Object(Config\Cache), false)
#4 /home/eventodigital/public_html/api_controlAccesos/public/index.php(37): CodeIgniter\CodeIgniter->run()
#5 {main}
CRITICAL - 2023-11-11 14:10:43 --> Class 'App\Libraries\Exception' not found
#0 /home/eventodigital/public_html/api_controlAccesos/app/Controllers/RestController.php(185): App\Libraries\vCard->__construct(false, 'FBMi442AG7qSAGQ...')
#1 /home/eventodigital/public_html/api_controlAccesos/system/CodeIgniter.php(832): App\Controllers\RestController->create()
#2 /home/eventodigital/public_html/api_controlAccesos/system/CodeIgniter.php(419): CodeIgniter\CodeIgniter->runController(Object(App\Controllers\RestController))
#3 /home/eventodigital/public_html/api_controlAccesos/system/CodeIgniter.php(326): CodeIgniter\CodeIgniter->handleRequest(NULL, Object(Config\Cache), false)
#4 /home/eventodigital/public_html/api_controlAccesos/public/index.php(37): CodeIgniter\CodeIgniter->run()
#5 {main}
CRITICAL - 2023-11-11 14:10:44 --> Class 'App\Libraries\Exception' not found
#0 /home/eventodigital/public_html/api_controlAccesos/app/Controllers/RestController.php(185): App\Libraries\vCard->__construct(false, 'FBMi4dYAG7tbQHQ...')
#1 /home/eventodigital/public_html/api_controlAccesos/system/CodeIgniter.php(832): App\Controllers\RestController->create()
#2 /home/eventodigital/public_html/api_controlAccesos/system/CodeIgniter.php(419): CodeIgniter\CodeIgniter->runController(Object(App\Controllers\RestController))
#3 /home/eventodigital/public_html/api_controlAccesos/system/CodeIgniter.php(326): CodeIgniter\CodeIgniter->handleRequest(NULL, Object(Config\Cache), false)
#4 /home/eventodigital/public_html/api_controlAccesos/public/index.php(37): CodeIgniter\CodeIgniter->run()
#5 {main}
CRITICAL - 2023-11-11 14:10:49 --> Class 'App\Libraries\Exception' not found
#0 /home/eventodigital/public_html/api_controlAccesos/app/Controllers/RestController.php(185): App\Libraries\vCard->__construct(false, 'FBMi4dYAG7tbQKQ...')
#1 /home/eventodigital/public_html/api_controlAccesos/system/CodeIgniter.php(832): App\Controllers\RestController->create()
#2 /home/eventodigital/public_html/api_controlAccesos/system/CodeIgniter.php(419): CodeIgniter\CodeIgniter->runController(Object(App\Controllers\RestController))
#3 /home/eventodigital/public_html/api_controlAccesos/system/CodeIgniter.php(326): CodeIgniter\CodeIgniter->handleRequest(NULL, Object(Config\Cache), false)
#4 /home/eventodigital/public_html/api_controlAccesos/public/index.php(37): CodeIgniter\CodeIgniter->run()
#5 {main}
CRITICAL - 2023-11-11 14:11:34 --> Class 'App\Libraries\Exception' not found
#0 /home/eventodigital/public_html/api_controlAccesos/app/Controllers/RestController.php(185): App\Libraries\vCard->__construct(false, 'FBMi4a0AG6moQHQ...')
#1 /home/eventodigital/public_html/api_controlAccesos/system/CodeIgniter.php(832): App\Controllers\RestController->create()
#2 /home/eventodigital/public_html/api_controlAccesos/system/CodeIgniter.php(419): CodeIgniter\CodeIgniter->runController(Object(App\Controllers\RestController))
#3 /home/eventodigital/public_html/api_controlAccesos/system/CodeIgniter.php(326): CodeIgniter\CodeIgniter->handleRequest(NULL, Object(Config\Cache), false)
#4 /home/eventodigital/public_html/api_controlAccesos/public/index.php(37): CodeIgniter\CodeIgniter->run()
#5 {main}
CRITICAL - 2023-11-11 14:14:39 --> Class 'App\Libraries\Exception' not found
#0 /home/eventodigital/public_html/api_controlAccesos/app/Controllers/RestController.php(185): App\Libraries\vCard->__construct(false, 'FBMi442AG7pAgHA...')
#1 /home/eventodigital/public_html/api_controlAccesos/system/CodeIgniter.php(832): App\Controllers\RestController->create()
#2 /home/eventodigital/public_html/api_controlAccesos/system/CodeIgniter.php(419): CodeIgniter\CodeIgniter->runController(Object(App\Controllers\RestController))
#3 /home/eventodigital/public_html/api_controlAccesos/system/CodeIgniter.php(326): CodeIgniter\CodeIgniter->handleRequest(NULL, Object(Config\Cache), false)
#4 /home/eventodigital/public_html/api_controlAccesos/public/index.php(37): CodeIgniter\CodeIgniter->run()
#5 {main}
CRITICAL - 2023-11-11 14:14:51 --> Class 'App\Libraries\Exception' not found
#0 /home/eventodigital/public_html/api_controlAccesos/app/Controllers/RestController.php(185): App\Libraries\vCard->__construct(false, 'FBMi442AG7kbAGg...')
#1 /home/eventodigital/public_html/api_controlAccesos/system/CodeIgniter.php(832): App\Controllers\RestController->create()
#2 /home/eventodigital/public_html/api_controlAccesos/system/CodeIgniter.php(419): CodeIgniter\CodeIgniter->runController(Object(App\Controllers\RestController))
#3 /home/eventodigital/public_html/api_controlAccesos/system/CodeIgniter.php(326): CodeIgniter\CodeIgniter->handleRequest(NULL, Object(Config\Cache), false)
#4 /home/eventodigital/public_html/api_controlAccesos/public/index.php(37): CodeIgniter\CodeIgniter->run()
#5 {main}
CRITICAL - 2023-11-11 14:14:53 --> Class 'App\Libraries\Exception' not found
#0 /home/eventodigital/public_html/api_controlAccesos/app/Controllers/RestController.php(185): App\Libraries\vCard->__construct(false, 'FBMi442AG7kbAKw...')
#1 /home/eventodigital/public_html/api_controlAccesos/system/CodeIgniter.php(832): App\Controllers\RestController->create()
#2 /home/eventodigital/public_html/api_controlAccesos/system/CodeIgniter.php(419): CodeIgniter\CodeIgniter->runController(Object(App\Controllers\RestController))
#3 /home/eventodigital/public_html/api_controlAccesos/system/CodeIgniter.php(326): CodeIgniter\CodeIgniter->handleRequest(NULL, Object(Config\Cache), false)
#4 /home/eventodigital/public_html/api_controlAccesos/public/index.php(37): CodeIgniter\CodeIgniter->run()
#5 {main}
CRITICAL - 2023-11-11 14:17:14 --> Class 'App\Libraries\Exception' not found
#0 /home/eventodigital/public_html/api_controlAccesos/app/Controllers/RestController.php(185): App\Libraries\vCard->__construct(false, 'FBMi4a0AG6pgAHg...')
#1 /home/eventodigital/public_html/api_controlAccesos/system/CodeIgniter.php(832): App\Controllers\RestController->create()
#2 /home/eventodigital/public_html/api_controlAccesos/system/CodeIgniter.php(419): CodeIgniter\CodeIgniter->runController(Object(App\Controllers\RestController))
#3 /home/eventodigital/public_html/api_controlAccesos/system/CodeIgniter.php(326): CodeIgniter\CodeIgniter->handleRequest(NULL, Object(Config\Cache), false)
#4 /home/eventodigital/public_html/api_controlAccesos/public/index.php(37): CodeIgniter\CodeIgniter->run()
#5 {main}
CRITICAL - 2023-11-11 14:17:19 --> Class 'App\Libraries\Exception' not found
#0 /home/eventodigital/public_html/api_controlAccesos/app/Controllers/RestController.php(185): App\Libraries\vCard->__construct(false, 'FBMi4a0AG7AIAHw...')
#1 /home/eventodigital/public_html/api_controlAccesos/system/CodeIgniter.php(832): App\Controllers\RestController->create()
#2 /home/eventodigital/public_html/api_controlAccesos/system/CodeIgniter.php(419): CodeIgniter\CodeIgniter->runController(Object(App\Controllers\RestController))
#3 /home/eventodigital/public_html/api_controlAccesos/system/CodeIgniter.php(326): CodeIgniter\CodeIgniter->handleRequest(NULL, Object(Config\Cache), false)
#4 /home/eventodigital/public_html/api_controlAccesos/public/index.php(37): CodeIgniter\CodeIgniter->run()
#5 {main}
CRITICAL - 2023-11-11 14:21:06 --> Class 'App\Libraries\Exception' not found
#0 /home/eventodigital/public_html/api_controlAccesos/app/Controllers/RestController.php(185): App\Libraries\vCard->__construct(false, 'FBMi4dYAG7toAHg...')
#1 /home/eventodigital/public_html/api_controlAccesos/system/CodeIgniter.php(832): App\Controllers\RestController->create()
#2 /home/eventodigital/public_html/api_controlAccesos/system/CodeIgniter.php(419): CodeIgniter\CodeIgniter->runController(Object(App\Controllers\RestController))
#3 /home/eventodigital/public_html/api_controlAccesos/system/CodeIgniter.php(326): CodeIgniter\CodeIgniter->handleRequest(NULL, Object(Config\Cache), false)
#4 /home/eventodigital/public_html/api_controlAccesos/public/index.php(37): CodeIgniter\CodeIgniter->run()
#5 {main}
CRITICAL - 2023-11-11 14:23:49 --> Class 'App\Libraries\Exception' not found
#0 /home/eventodigital/public_html/api_controlAccesos/app/Controllers/RestController.php(185): App\Libraries\vCard->__construct(false, 'FBMi442AG67cwHw...')
#1 /home/eventodigital/public_html/api_controlAccesos/system/CodeIgniter.php(832): App\Controllers\RestController->create()
#2 /home/eventodigital/public_html/api_controlAccesos/system/CodeIgniter.php(419): CodeIgniter\CodeIgniter->runController(Object(App\Controllers\RestController))
#3 /home/eventodigital/public_html/api_controlAccesos/system/CodeIgniter.php(326): CodeIgniter\CodeIgniter->handleRequest(NULL, Object(Config\Cache), false)
#4 /home/eventodigital/public_html/api_controlAccesos/public/index.php(37): CodeIgniter\CodeIgniter->run()
#5 {main}
CRITICAL - 2023-11-11 14:23:52 --> Class 'App\Libraries\Exception' not found
#0 /home/eventodigital/public_html/api_controlAccesos/app/Controllers/RestController.php(185): App\Libraries\vCard->__construct(false, 'FBMi442AG67cwLA...')
#1 /home/eventodigital/public_html/api_controlAccesos/system/CodeIgniter.php(832): App\Controllers\RestController->create()
#2 /home/eventodigital/public_html/api_controlAccesos/system/CodeIgniter.php(419): CodeIgniter\CodeIgniter->runController(Object(App\Controllers\RestController))
#3 /home/eventodigital/public_html/api_controlAccesos/system/CodeIgniter.php(326): CodeIgniter\CodeIgniter->handleRequest(NULL, Object(Config\Cache), false)
#4 /home/eventodigital/public_html/api_controlAccesos/public/index.php(37): CodeIgniter\CodeIgniter->run()
#5 {main}
CRITICAL - 2023-11-11 14:30:49 --> Class 'App\Libraries\Exception' not found
#0 /home/eventodigital/public_html/api_controlAccesos/app/Controllers/RestController.php(185): App\Libraries\vCard->__construct(false, 'FBMi442AG7reQHA...')
#1 /home/eventodigital/public_html/api_controlAccesos/system/CodeIgniter.php(832): App\Controllers\RestController->create()
#2 /home/eventodigital/public_html/api_controlAccesos/system/CodeIgniter.php(419): CodeIgniter\CodeIgniter->runController(Object(App\Controllers\RestController))
#3 /home/eventodigital/public_html/api_controlAccesos/system/CodeIgniter.php(326): CodeIgniter\CodeIgniter->handleRequest(NULL, Object(Config\Cache), false)
#4 /home/eventodigital/public_html/api_controlAccesos/public/index.php(37): CodeIgniter\CodeIgniter->run()
#5 {main}
CRITICAL - 2023-11-11 14:30:52 --> Class 'App\Libraries\Exception' not found
#0 /home/eventodigital/public_html/api_controlAccesos/app/Controllers/RestController.php(185): App\Libraries\vCard->__construct(false, 'FBMi442AG7reQLQ...')
#1 /home/eventodigital/public_html/api_controlAccesos/system/CodeIgniter.php(832): App\Controllers\RestController->create()
#2 /home/eventodigital/public_html/api_controlAccesos/system/CodeIgniter.php(419): CodeIgniter\CodeIgniter->runController(Object(App\Controllers\RestController))
#3 /home/eventodigital/public_html/api_controlAccesos/system/CodeIgniter.php(326): CodeIgniter\CodeIgniter->handleRequest(NULL, Object(Config\Cache), false)
#4 /home/eventodigital/public_html/api_controlAccesos/public/index.php(37): CodeIgniter\CodeIgniter->run()
#5 {main}
CRITICAL - 2023-11-11 14:31:01 --> Class 'App\Libraries\Exception' not found
#0 /home/eventodigital/public_html/api_controlAccesos/app/Controllers/RestController.php(185): App\Libraries\vCard->__construct(false, 'FBMi442AG7reQPQ...')
#1 /home/eventodigital/public_html/api_controlAccesos/system/CodeIgniter.php(832): App\Controllers\RestController->create()
#2 /home/eventodigital/public_html/api_controlAccesos/system/CodeIgniter.php(419): CodeIgniter\CodeIgniter->runController(Object(App\Controllers\RestController))
#3 /home/eventodigital/public_html/api_controlAccesos/system/CodeIgniter.php(326): CodeIgniter\CodeIgniter->handleRequest(NULL, Object(Config\Cache), false)
#4 /home/eventodigital/public_html/api_controlAccesos/public/index.php(37): CodeIgniter\CodeIgniter->run()
#5 {main}
CRITICAL - 2023-11-11 14:33:09 --> Class 'App\Libraries\Exception' not found
#0 /home/eventodigital/public_html/api_controlAccesos/app/Controllers/RestController.php(185): App\Libraries\vCard->__construct(false, 'FBMi4dYAG7oGgGg...')
#1 /home/eventodigital/public_html/api_controlAccesos/system/CodeIgniter.php(832): App\Controllers\RestController->create()
#2 /home/eventodigital/public_html/api_controlAccesos/system/CodeIgniter.php(419): CodeIgniter\CodeIgniter->runController(Object(App\Controllers\RestController))
#3 /home/eventodigital/public_html/api_controlAccesos/system/CodeIgniter.php(326): CodeIgniter\CodeIgniter->handleRequest(NULL, Object(Config\Cache), false)
#4 /home/eventodigital/public_html/api_controlAccesos/public/index.php(37): CodeIgniter\CodeIgniter->run()
#5 {main}
CRITICAL - 2023-11-11 14:33:12 --> Class 'App\Libraries\Exception' not found
#0 /home/eventodigital/public_html/api_controlAccesos/app/Controllers/RestController.php(185): App\Libraries\vCard->__construct(false, 'FBMi4dYAG7TngGw...')
#1 /home/eventodigital/public_html/api_controlAccesos/system/CodeIgniter.php(832): App\Controllers\RestController->create()
#2 /home/eventodigital/public_html/api_controlAccesos/system/CodeIgniter.php(419): CodeIgniter\CodeIgniter->runController(Object(App\Controllers\RestController))
#3 /home/eventodigital/public_html/api_controlAccesos/system/CodeIgniter.php(326): CodeIgniter\CodeIgniter->handleRequest(NULL, Object(Config\Cache), false)
#4 /home/eventodigital/public_html/api_controlAccesos/public/index.php(37): CodeIgniter\CodeIgniter->run()
#5 {main}
CRITICAL - 2023-11-11 14:34:29 --> Class 'App\Libraries\Exception' not found
#0 /home/eventodigital/public_html/api_controlAccesos/app/Controllers/RestController.php(185): App\Libraries\vCard->__construct(false, 'FBMi442AG7t5wHw...')
#1 /home/eventodigital/public_html/api_controlAccesos/system/CodeIgniter.php(832): App\Controllers\RestController->create()
#2 /home/eventodigital/public_html/api_controlAccesos/system/CodeIgniter.php(419): CodeIgniter\CodeIgniter->runController(Object(App\Controllers\RestController))
#3 /home/eventodigital/public_html/api_controlAccesos/system/CodeIgniter.php(326): CodeIgniter\CodeIgniter->handleRequest(NULL, Object(Config\Cache), false)
#4 /home/eventodigital/public_html/api_controlAccesos/public/index.php(37): CodeIgniter\CodeIgniter->run()
#5 {main}
CRITICAL - 2023-11-11 14:34:56 --> Class 'App\Libraries\Exception' not found
#0 /home/eventodigital/public_html/api_controlAccesos/app/Controllers/RestController.php(185): App\Libraries\vCard->__construct(false, 'FBMi4a0AG59egGw...')
#1 /home/eventodigital/public_html/api_controlAccesos/system/CodeIgniter.php(832): App\Controllers\RestController->create()
#2 /home/eventodigital/public_html/api_controlAccesos/system/CodeIgniter.php(419): CodeIgniter\CodeIgniter->runController(Object(App\Controllers\RestController))
#3 /home/eventodigital/public_html/api_controlAccesos/system/CodeIgniter.php(326): CodeIgniter\CodeIgniter->handleRequest(NULL, Object(Config\Cache), false)
#4 /home/eventodigital/public_html/api_controlAccesos/public/index.php(37): CodeIgniter\CodeIgniter->run()
#5 {main}
CRITICAL - 2023-11-11 14:40:58 --> Class 'App\Libraries\Exception' not found
#0 /home/eventodigital/public_html/api_controlAccesos/app/Controllers/RestController.php(185): App\Libraries\vCard->__construct(false, 'FBMi442AG7VrAHg...')
#1 /home/eventodigital/public_html/api_controlAccesos/system/CodeIgniter.php(832): App\Controllers\RestController->create()
#2 /home/eventodigital/public_html/api_controlAccesos/system/CodeIgniter.php(419): CodeIgniter\CodeIgniter->runController(Object(App\Controllers\RestController))
#3 /home/eventodigital/public_html/api_controlAccesos/system/CodeIgniter.php(326): CodeIgniter\CodeIgniter->handleRequest(NULL, Object(Config\Cache), false)
#4 /home/eventodigital/public_html/api_controlAccesos/public/index.php(37): CodeIgniter\CodeIgniter->run()
#5 {main}
CRITICAL - 2023-11-11 14:41:03 --> Class 'App\Libraries\Exception' not found
#0 /home/eventodigital/public_html/api_controlAccesos/app/Controllers/RestController.php(185): App\Libraries\vCard->__construct(false, 'FBMi442AG7VrALw...')
#1 /home/eventodigital/public_html/api_controlAccesos/system/CodeIgniter.php(832): App\Controllers\RestController->create()
#2 /home/eventodigital/public_html/api_controlAccesos/system/CodeIgniter.php(419): CodeIgniter\CodeIgniter->runController(Object(App\Controllers\RestController))
#3 /home/eventodigital/public_html/api_controlAccesos/system/CodeIgniter.php(326): CodeIgniter\CodeIgniter->handleRequest(NULL, Object(Config\Cache), false)
#4 /home/eventodigital/public_html/api_controlAccesos/public/index.php(37): CodeIgniter\CodeIgniter->run()
#5 {main}
CRITICAL - 2023-11-11 14:41:44 --> Class 'App\Libraries\Exception' not found
#0 /home/eventodigital/public_html/api_controlAccesos/app/Controllers/RestController.php(185): App\Libraries\vCard->__construct(false, 'FBMi442AG5vJQGQ...')
#1 /home/eventodigital/public_html/api_controlAccesos/system/CodeIgniter.php(832): App\Controllers\RestController->create()
#2 /home/eventodigital/public_html/api_controlAccesos/system/CodeIgniter.php(419): CodeIgniter\CodeIgniter->runController(Object(App\Controllers\RestController))
#3 /home/eventodigital/public_html/api_controlAccesos/system/CodeIgniter.php(326): CodeIgniter\CodeIgniter->handleRequest(NULL, Object(Config\Cache), false)
#4 /home/eventodigital/public_html/api_controlAccesos/public/index.php(37): CodeIgniter\CodeIgniter->run()
#5 {main}
CRITICAL - 2023-11-11 14:41:48 --> Class 'App\Libraries\Exception' not found
#0 /home/eventodigital/public_html/api_controlAccesos/app/Controllers/RestController.php(185): App\Libraries\vCard->__construct(false, 'FBMi442AGBd2gLA...')
#1 /home/eventodigital/public_html/api_controlAccesos/system/CodeIgniter.php(832): App\Controllers\RestController->create()
#2 /home/eventodigital/public_html/api_controlAccesos/system/CodeIgniter.php(419): CodeIgniter\CodeIgniter->runController(Object(App\Controllers\RestController))
#3 /home/eventodigital/public_html/api_controlAccesos/system/CodeIgniter.php(326): CodeIgniter\CodeIgniter->handleRequest(NULL, Object(Config\Cache), false)
#4 /home/eventodigital/public_html/api_controlAccesos/public/index.php(37): CodeIgniter\CodeIgniter->run()
#5 {main}
CRITICAL - 2023-11-11 14:43:46 --> Class 'App\Libraries\Exception' not found
#0 /home/eventodigital/public_html/api_controlAccesos/app/Controllers/RestController.php(185): App\Libraries\vCard->__construct(false, 'FBMi442AG6K0gGw...')
#1 /home/eventodigital/public_html/api_controlAccesos/system/CodeIgniter.php(832): App\Controllers\RestController->create()
#2 /home/eventodigital/public_html/api_controlAccesos/system/CodeIgniter.php(419): CodeIgniter\CodeIgniter->runController(Object(App\Controllers\RestController))
#3 /home/eventodigital/public_html/api_controlAccesos/system/CodeIgniter.php(326): CodeIgniter\CodeIgniter->handleRequest(NULL, Object(Config\Cache), false)
#4 /home/eventodigital/public_html/api_controlAccesos/public/index.php(37): CodeIgniter\CodeIgniter->run()
#5 {main}
CRITICAL - 2023-11-11 14:44:10 --> Class 'App\Libraries\Exception' not found
#0 /home/eventodigital/public_html/api_controlAccesos/app/Controllers/RestController.php(185): App\Libraries\vCard->__construct(false, 'FBMi442AG6K0gLw...')
#1 /home/eventodigital/public_html/api_controlAccesos/system/CodeIgniter.php(832): App\Controllers\RestController->create()
#2 /home/eventodigital/public_html/api_controlAccesos/system/CodeIgniter.php(419): CodeIgniter\CodeIgniter->runController(Object(App\Controllers\RestController))
#3 /home/eventodigital/public_html/api_controlAccesos/system/CodeIgniter.php(326): CodeIgniter\CodeIgniter->handleRequest(NULL, Object(Config\Cache), false)
#4 /home/eventodigital/public_html/api_controlAccesos/public/index.php(37): CodeIgniter\CodeIgniter->run()
#5 {main}
CRITICAL - 2023-11-11 14:44:13 --> Class 'App\Libraries\Exception' not found
#0 /home/eventodigital/public_html/api_controlAccesos/app/Controllers/RestController.php(185): App\Libraries\vCard->__construct(false, 'FBMi442AG6K0wHg...')
#1 /home/eventodigital/public_html/api_controlAccesos/system/CodeIgniter.php(832): App\Controllers\RestController->create()
#2 /home/eventodigital/public_html/api_controlAccesos/system/CodeIgniter.php(419): CodeIgniter\CodeIgniter->runController(Object(App\Controllers\RestController))
#3 /home/eventodigital/public_html/api_controlAccesos/system/CodeIgniter.php(326): CodeIgniter\CodeIgniter->handleRequest(NULL, Object(Config\Cache), false)
#4 /home/eventodigital/public_html/api_controlAccesos/public/index.php(37): CodeIgniter\CodeIgniter->run()
#5 {main}
CRITICAL - 2023-11-11 14:44:17 --> Class 'App\Libraries\Exception' not found
#0 /home/eventodigital/public_html/api_controlAccesos/app/Controllers/RestController.php(185): App\Libraries\vCard->__construct(false, 'FBMi442AG6K0wLg...')
#1 /home/eventodigital/public_html/api_controlAccesos/system/CodeIgniter.php(832): App\Controllers\RestController->create()
#2 /home/eventodigital/public_html/api_controlAccesos/system/CodeIgniter.php(419): CodeIgniter\CodeIgniter->runController(Object(App\Controllers\RestController))
#3 /home/eventodigital/public_html/api_controlAccesos/system/CodeIgniter.php(326): CodeIgniter\CodeIgniter->handleRequest(NULL, Object(Config\Cache), false)
#4 /home/eventodigital/public_html/api_controlAccesos/public/index.php(37): CodeIgniter\CodeIgniter->run()
#5 {main}
CRITICAL - 2023-11-11 14:53:13 --> Class 'App\Libraries\Exception' not found
#0 /home/eventodigital/public_html/api_controlAccesos/app/Controllers/RestController.php(185): App\Libraries\vCard->__construct(false, 'FBMi442AG7Z1AGQ...')
#1 /home/eventodigital/public_html/api_controlAccesos/system/CodeIgniter.php(832): App\Controllers\RestController->create()
#2 /home/eventodigital/public_html/api_controlAccesos/system/CodeIgniter.php(419): CodeIgniter\CodeIgniter->runController(Object(App\Controllers\RestController))
#3 /home/eventodigital/public_html/api_controlAccesos/system/CodeIgniter.php(326): CodeIgniter\CodeIgniter->handleRequest(NULL, Object(Config\Cache), false)
#4 /home/eventodigital/public_html/api_controlAccesos/public/index.php(37): CodeIgniter\CodeIgniter->run()
#5 {main}
CRITICAL - 2023-11-11 14:53:44 --> Class 'App\Libraries\Exception' not found
#0 /home/eventodigital/public_html/api_controlAccesos/app/Controllers/RestController.php(185): App\Libraries\vCard->__construct(false, 'FBMi4a0AG6f2gGQ...')
#1 /home/eventodigital/public_html/api_controlAccesos/system/CodeIgniter.php(832): App\Controllers\RestController->create()
#2 /home/eventodigital/public_html/api_controlAccesos/system/CodeIgniter.php(419): CodeIgniter\CodeIgniter->runController(Object(App\Controllers\RestController))
#3 /home/eventodigital/public_html/api_controlAccesos/system/CodeIgniter.php(326): CodeIgniter\CodeIgniter->handleRequest(NULL, Object(Config\Cache), false)
#4 /home/eventodigital/public_html/api_controlAccesos/public/index.php(37): CodeIgniter\CodeIgniter->run()
#5 {main}
CRITICAL - 2023-11-11 14:53:50 --> Class 'App\Libraries\Exception' not found
#0 /home/eventodigital/public_html/api_controlAccesos/app/Controllers/RestController.php(185): App\Libraries\vCard->__construct(false, 'FBMi442AG7UgQGQ...')
#1 /home/eventodigital/public_html/api_controlAccesos/system/CodeIgniter.php(832): App\Controllers\RestController->create()
#2 /home/eventodigital/public_html/api_controlAccesos/system/CodeIgniter.php(419): CodeIgniter\CodeIgniter->runController(Object(App\Controllers\RestController))
#3 /home/eventodigital/public_html/api_controlAccesos/system/CodeIgniter.php(326): CodeIgniter\CodeIgniter->handleRequest(NULL, Object(Config\Cache), false)
#4 /home/eventodigital/public_html/api_controlAccesos/public/index.php(37): CodeIgniter\CodeIgniter->run()
#5 {main}
CRITICAL - 2023-11-11 14:53:55 --> Class 'App\Libraries\Exception' not found
#0 /home/eventodigital/public_html/api_controlAccesos/app/Controllers/RestController.php(185): App\Libraries\vCard->__construct(false, 'FBMi442AG7p8AHg...')
#1 /home/eventodigital/public_html/api_controlAccesos/system/CodeIgniter.php(832): App\Controllers\RestController->create()
#2 /home/eventodigital/public_html/api_controlAccesos/system/CodeIgniter.php(419): CodeIgniter\CodeIgniter->runController(Object(App\Controllers\RestController))
#3 /home/eventodigital/public_html/api_controlAccesos/system/CodeIgniter.php(326): CodeIgniter\CodeIgniter->handleRequest(NULL, Object(Config\Cache), false)
#4 /home/eventodigital/public_html/api_controlAccesos/public/index.php(37): CodeIgniter\CodeIgniter->run()
#5 {main}
CRITICAL - 2023-11-11 14:55:04 --> Class 'App\Libraries\Exception' not found
#0 /home/eventodigital/public_html/api_controlAccesos/app/Controllers/RestController.php(185): App\Libraries\vCard->__construct(false, 'FBMi442AG7XSAGw...')
#1 /home/eventodigital/public_html/api_controlAccesos/system/CodeIgniter.php(832): App\Controllers\RestController->create()
#2 /home/eventodigital/public_html/api_controlAccesos/system/CodeIgniter.php(419): CodeIgniter\CodeIgniter->runController(Object(App\Controllers\RestController))
#3 /home/eventodigital/public_html/api_controlAccesos/system/CodeIgniter.php(326): CodeIgniter\CodeIgniter->handleRequest(NULL, Object(Config\Cache), false)
#4 /home/eventodigital/public_html/api_controlAccesos/public/index.php(37): CodeIgniter\CodeIgniter->run()
#5 {main}
CRITICAL - 2023-11-11 14:55:05 --> Class 'App\Libraries\Exception' not found
#0 /home/eventodigital/public_html/api_controlAccesos/app/Controllers/RestController.php(185): App\Libraries\vCard->__construct(false, 'FBMi442AG7XSAKQ...')
#1 /home/eventodigital/public_html/api_controlAccesos/system/CodeIgniter.php(832): App\Controllers\RestController->create()
#2 /home/eventodigital/public_html/api_controlAccesos/system/CodeIgniter.php(419): CodeIgniter\CodeIgniter->runController(Object(App\Controllers\RestController))
#3 /home/eventodigital/public_html/api_controlAccesos/system/CodeIgniter.php(326): CodeIgniter\CodeIgniter->handleRequest(NULL, Object(Config\Cache), false)
#4 /home/eventodigital/public_html/api_controlAccesos/public/index.php(37): CodeIgniter\CodeIgniter->run()
#5 {main}
CRITICAL - 2023-11-11 14:56:12 --> Class 'App\Libraries\Exception' not found
#0 /home/eventodigital/public_html/api_controlAccesos/app/Controllers/RestController.php(185): App\Libraries\vCard->__construct(false, 'FBMi4a0AG7MuwLg...')
#1 /home/eventodigital/public_html/api_controlAccesos/system/CodeIgniter.php(832): App\Controllers\RestController->create()
#2 /home/eventodigital/public_html/api_controlAccesos/system/CodeIgniter.php(419): CodeIgniter\CodeIgniter->runController(Object(App\Controllers\RestController))
#3 /home/eventodigital/public_html/api_controlAccesos/system/CodeIgniter.php(326): CodeIgniter\CodeIgniter->handleRequest(NULL, Object(Config\Cache), false)
#4 /home/eventodigital/public_html/api_controlAccesos/public/index.php(37): CodeIgniter\CodeIgniter->run()
#5 {main}
CRITICAL - 2023-11-11 14:56:26 --> Class 'App\Libraries\Exception' not found
#0 /home/eventodigital/public_html/api_controlAccesos/app/Controllers/RestController.php(185): App\Libraries\vCard->__construct(false, 'FBMi4a0AG7MuwHQ...')
#1 /home/eventodigital/public_html/api_controlAccesos/system/CodeIgniter.php(832): App\Controllers\RestController->create()
#2 /home/eventodigital/public_html/api_controlAccesos/system/CodeIgniter.php(419): CodeIgniter\CodeIgniter->runController(Object(App\Controllers\RestController))
#3 /home/eventodigital/public_html/api_controlAccesos/system/CodeIgniter.php(326): CodeIgniter\CodeIgniter->handleRequest(NULL, Object(Config\Cache), false)
#4 /home/eventodigital/public_html/api_controlAccesos/public/index.php(37): CodeIgniter\CodeIgniter->run()
#5 {main}
CRITICAL - 2023-11-11 14:56:39 --> Class 'App\Libraries\Exception' not found
#0 /home/eventodigital/public_html/api_controlAccesos/app/Controllers/RestController.php(185): App\Libraries\vCard->__construct(false, 'FBMi48SAG3yIQHA...')
#1 /home/eventodigital/public_html/api_controlAccesos/system/CodeIgniter.php(832): App\Controllers\RestController->create()
#2 /home/eventodigital/public_html/api_controlAccesos/system/CodeIgniter.php(419): CodeIgniter\CodeIgniter->runController(Object(App\Controllers\RestController))
#3 /home/eventodigital/public_html/api_controlAccesos/system/CodeIgniter.php(326): CodeIgniter\CodeIgniter->handleRequest(NULL, Object(Config\Cache), false)
#4 /home/eventodigital/public_html/api_controlAccesos/public/index.php(37): CodeIgniter\CodeIgniter->run()
#5 {main}
CRITICAL - 2023-11-11 14:56:41 --> Class 'App\Libraries\Exception' not found
#0 /home/eventodigital/public_html/api_controlAccesos/app/Controllers/RestController.php(185): App\Libraries\vCard->__construct(false, 'FBMi48SAG3yIQLg...')
#1 /home/eventodigital/public_html/api_controlAccesos/system/CodeIgniter.php(832): App\Controllers\RestController->create()
#2 /home/eventodigital/public_html/api_controlAccesos/system/CodeIgniter.php(419): CodeIgniter\CodeIgniter->runController(Object(App\Controllers\RestController))
#3 /home/eventodigital/public_html/api_controlAccesos/system/CodeIgniter.php(326): CodeIgniter\CodeIgniter->handleRequest(NULL, Object(Config\Cache), false)
#4 /home/eventodigital/public_html/api_controlAccesos/public/index.php(37): CodeIgniter\CodeIgniter->run()
#5 {main}
CRITICAL - 2023-11-11 15:00:06 --> Class 'App\Libraries\Exception' not found
#0 /home/eventodigital/public_html/api_controlAccesos/app/Controllers/RestController.php(185): App\Libraries\vCard->__construct(false, 'FBMi442AG5LjwGg...')
#1 /home/eventodigital/public_html/api_controlAccesos/system/CodeIgniter.php(832): App\Controllers\RestController->create()
#2 /home/eventodigital/public_html/api_controlAccesos/system/CodeIgniter.php(419): CodeIgniter\CodeIgniter->runController(Object(App\Controllers\RestController))
#3 /home/eventodigital/public_html/api_controlAccesos/system/CodeIgniter.php(326): CodeIgniter\CodeIgniter->handleRequest(NULL, Object(Config\Cache), false)
#4 /home/eventodigital/public_html/api_controlAccesos/public/index.php(37): CodeIgniter\CodeIgniter->run()
#5 {main}
CRITICAL - 2023-11-11 15:01:35 --> Class 'App\Libraries\Exception' not found
#0 /home/eventodigital/public_html/api_controlAccesos/app/Controllers/RestController.php(185): App\Libraries\vCard->__construct(false, 'FBMi4a0AG67zALA...')
#1 /home/eventodigital/public_html/api_controlAccesos/system/CodeIgniter.php(832): App\Controllers\RestController->create()
#2 /home/eventodigital/public_html/api_controlAccesos/system/CodeIgniter.php(419): CodeIgniter\CodeIgniter->runController(Object(App\Controllers\RestController))
#3 /home/eventodigital/public_html/api_controlAccesos/system/CodeIgniter.php(326): CodeIgniter\CodeIgniter->handleRequest(NULL, Object(Config\Cache), false)
#4 /home/eventodigital/public_html/api_controlAccesos/public/index.php(37): CodeIgniter\CodeIgniter->run()
#5 {main}
CRITICAL - 2023-11-11 15:06:22 --> Class 'App\Libraries\Exception' not found
#0 /home/eventodigital/public_html/api_controlAccesos/app/Controllers/RestController.php(185): App\Libraries\vCard->__construct(false, 'FBMi442AG6XtwGQ...')
#1 /home/eventodigital/public_html/api_controlAccesos/system/CodeIgniter.php(832): App\Controllers\RestController->create()
#2 /home/eventodigital/public_html/api_controlAccesos/system/CodeIgniter.php(419): CodeIgniter\CodeIgniter->runController(Object(App\Controllers\RestController))
#3 /home/eventodigital/public_html/api_controlAccesos/system/CodeIgniter.php(326): CodeIgniter\CodeIgniter->handleRequest(NULL, Object(Config\Cache), false)
#4 /home/eventodigital/public_html/api_controlAccesos/public/index.php(37): CodeIgniter\CodeIgniter->run()
#5 {main}
CRITICAL - 2023-11-11 15:06:25 --> Class 'App\Libraries\Exception' not found
#0 /home/eventodigital/public_html/api_controlAccesos/app/Controllers/RestController.php(185): App\Libraries\vCard->__construct(false, 'FBMi442AG6XtwKQ...')
#1 /home/eventodigital/public_html/api_controlAccesos/system/CodeIgniter.php(832): App\Controllers\RestController->create()
#2 /home/eventodigital/public_html/api_controlAccesos/system/CodeIgniter.php(419): CodeIgniter\CodeIgniter->runController(Object(App\Controllers\RestController))
#3 /home/eventodigital/public_html/api_controlAccesos/system/CodeIgniter.php(326): CodeIgniter\CodeIgniter->handleRequest(NULL, Object(Config\Cache), false)
#4 /home/eventodigital/public_html/api_controlAccesos/public/index.php(37): CodeIgniter\CodeIgniter->run()
#5 {main}
CRITICAL - 2023-11-11 15:06:28 --> Class 'App\Libraries\Exception' not found
#0 /home/eventodigital/public_html/api_controlAccesos/app/Controllers/RestController.php(185): App\Libraries\vCard->__construct(false, 'FBMi442AG6XtwPg...')
#1 /home/eventodigital/public_html/api_controlAccesos/system/CodeIgniter.php(832): App\Controllers\RestController->create()
#2 /home/eventodigital/public_html/api_controlAccesos/system/CodeIgniter.php(419): CodeIgniter\CodeIgniter->runController(Object(App\Controllers\RestController))
#3 /home/eventodigital/public_html/api_controlAccesos/system/CodeIgniter.php(326): CodeIgniter\CodeIgniter->handleRequest(NULL, Object(Config\Cache), false)
#4 /home/eventodigital/public_html/api_controlAccesos/public/index.php(37): CodeIgniter\CodeIgniter->run()
#5 {main}
CRITICAL - 2023-11-11 15:07:12 --> Class 'App\Libraries\Exception' not found
#0 /home/eventodigital/public_html/api_controlAccesos/app/Controllers/RestController.php(185): App\Libraries\vCard->__construct(false, 'FBMi442AG65pQGw...')
#1 /home/eventodigital/public_html/api_controlAccesos/system/CodeIgniter.php(832): App\Controllers\RestController->create()
#2 /home/eventodigital/public_html/api_controlAccesos/system/CodeIgniter.php(419): CodeIgniter\CodeIgniter->runController(Object(App\Controllers\RestController))
#3 /home/eventodigital/public_html/api_controlAccesos/system/CodeIgniter.php(326): CodeIgniter\CodeIgniter->handleRequest(NULL, Object(Config\Cache), false)
#4 /home/eventodigital/public_html/api_controlAccesos/public/index.php(37): CodeIgniter\CodeIgniter->run()
#5 {main}
CRITICAL - 2023-11-11 15:07:14 --> Class 'App\Libraries\Exception' not found
#0 /home/eventodigital/public_html/api_controlAccesos/app/Controllers/RestController.php(185): App\Libraries\vCard->__construct(false, 'FBMi442AG65pQLw...')
#1 /home/eventodigital/public_html/api_controlAccesos/system/CodeIgniter.php(832): App\Controllers\RestController->create()
#2 /home/eventodigital/public_html/api_controlAccesos/system/CodeIgniter.php(419): CodeIgniter\CodeIgniter->runController(Object(App\Controllers\RestController))
#3 /home/eventodigital/public_html/api_controlAccesos/system/CodeIgniter.php(326): CodeIgniter\CodeIgniter->handleRequest(NULL, Object(Config\Cache), false)
#4 /home/eventodigital/public_html/api_controlAccesos/public/index.php(37): CodeIgniter\CodeIgniter->run()
#5 {main}
CRITICAL - 2023-11-11 15:10:00 --> Class 'App\Libraries\Exception' not found
#0 /home/eventodigital/public_html/api_controlAccesos/app/Controllers/RestController.php(185): App\Libraries\vCard->__construct(false, 'FBMi4dYAG7PvAGQ...')
#1 /home/eventodigital/public_html/api_controlAccesos/system/CodeIgniter.php(832): App\Controllers\RestController->create()
#2 /home/eventodigital/public_html/api_controlAccesos/system/CodeIgniter.php(419): CodeIgniter\CodeIgniter->runController(Object(App\Controllers\RestController))
#3 /home/eventodigital/public_html/api_controlAccesos/system/CodeIgniter.php(326): CodeIgniter\CodeIgniter->handleRequest(NULL, Object(Config\Cache), false)
#4 /home/eventodigital/public_html/api_controlAccesos/public/index.php(37): CodeIgniter\CodeIgniter->run()
#5 {main}
CRITICAL - 2023-11-11 15:10:24 --> Class 'App\Libraries\Exception' not found
#0 /home/eventodigital/public_html/api_controlAccesos/app/Controllers/RestController.php(185): App\Libraries\vCard->__construct(false, 'FBMi4dYAG7QkQGg...')
#1 /home/eventodigital/public_html/api_controlAccesos/system/CodeIgniter.php(832): App\Controllers\RestController->create()
#2 /home/eventodigital/public_html/api_controlAccesos/system/CodeIgniter.php(419): CodeIgniter\CodeIgniter->runController(Object(App\Controllers\RestController))
#3 /home/eventodigital/public_html/api_controlAccesos/system/CodeIgniter.php(326): CodeIgniter\CodeIgniter->handleRequest(NULL, Object(Config\Cache), false)
#4 /home/eventodigital/public_html/api_controlAccesos/public/index.php(37): CodeIgniter\CodeIgniter->run()
#5 {main}
CRITICAL - 2023-11-11 15:10:43 --> Class 'App\Libraries\Exception' not found
#0 /home/eventodigital/public_html/api_controlAccesos/app/Controllers/RestController.php(185): App\Libraries\vCard->__construct(false, 'FBMi4a0AG6PXgHQ...')
#1 /home/eventodigital/public_html/api_controlAccesos/system/CodeIgniter.php(832): App\Controllers\RestController->create()
#2 /home/eventodigital/public_html/api_controlAccesos/system/CodeIgniter.php(419): CodeIgniter\CodeIgniter->runController(Object(App\Controllers\RestController))
#3 /home/eventodigital/public_html/api_controlAccesos/system/CodeIgniter.php(326): CodeIgniter\CodeIgniter->handleRequest(NULL, Object(Config\Cache), false)
#4 /home/eventodigital/public_html/api_controlAccesos/public/index.php(37): CodeIgniter\CodeIgniter->run()
#5 {main}
CRITICAL - 2023-11-11 15:10:45 --> Class 'App\Libraries\Exception' not found
#0 /home/eventodigital/public_html/api_controlAccesos/app/Controllers/RestController.php(185): App\Libraries\vCard->__construct(false, 'FBMi4a0AG6PXgKQ...')
#1 /home/eventodigital/public_html/api_controlAccesos/system/CodeIgniter.php(832): App\Controllers\RestController->create()
#2 /home/eventodigital/public_html/api_controlAccesos/system/CodeIgniter.php(419): CodeIgniter\CodeIgniter->runController(Object(App\Controllers\RestController))
#3 /home/eventodigital/public_html/api_controlAccesos/system/CodeIgniter.php(326): CodeIgniter\CodeIgniter->handleRequest(NULL, Object(Config\Cache), false)
#4 /home/eventodigital/public_html/api_controlAccesos/public/index.php(37): CodeIgniter\CodeIgniter->run()
#5 {main}
CRITICAL - 2023-11-11 15:12:27 --> Class 'App\Libraries\Exception' not found
#0 /home/eventodigital/public_html/api_controlAccesos/app/Controllers/RestController.php(185): App\Libraries\vCard->__construct(false, 'FBMi4dYAG7ongGg...')
#1 /home/eventodigital/public_html/api_controlAccesos/system/CodeIgniter.php(832): App\Controllers\RestController->create()
#2 /home/eventodigital/public_html/api_controlAccesos/system/CodeIgniter.php(419): CodeIgniter\CodeIgniter->runController(Object(App\Controllers\RestController))
#3 /home/eventodigital/public_html/api_controlAccesos/system/CodeIgniter.php(326): CodeIgniter\CodeIgniter->handleRequest(NULL, Object(Config\Cache), false)
#4 /home/eventodigital/public_html/api_controlAccesos/public/index.php(37): CodeIgniter\CodeIgniter->run()
#5 {main}
CRITICAL - 2023-11-11 15:12:53 --> Class 'App\Libraries\Exception' not found
#0 /home/eventodigital/public_html/api_controlAccesos/app/Controllers/RestController.php(185): App\Libraries\vCard->__construct(false, 'FBMi4a0AG61hwHg...')
#1 /home/eventodigital/public_html/api_controlAccesos/system/CodeIgniter.php(832): App\Controllers\RestController->create()
#2 /home/eventodigital/public_html/api_controlAccesos/system/CodeIgniter.php(419): CodeIgniter\CodeIgniter->runController(Object(App\Controllers\RestController))
#3 /home/eventodigital/public_html/api_controlAccesos/system/CodeIgniter.php(326): CodeIgniter\CodeIgniter->handleRequest(NULL, Object(Config\Cache), false)
#4 /home/eventodigital/public_html/api_controlAccesos/public/index.php(37): CodeIgniter\CodeIgniter->run()
#5 {main}
CRITICAL - 2023-11-11 15:12:55 --> Class 'App\Libraries\Exception' not found
#0 /home/eventodigital/public_html/api_controlAccesos/app/Controllers/RestController.php(185): App\Libraries\vCard->__construct(false, 'FBMi4a0AG61hwLA...')
#1 /home/eventodigital/public_html/api_controlAccesos/system/CodeIgniter.php(832): App\Controllers\RestController->create()
#2 /home/eventodigital/public_html/api_controlAccesos/system/CodeIgniter.php(419): CodeIgniter\CodeIgniter->runController(Object(App\Controllers\RestController))
#3 /home/eventodigital/public_html/api_controlAccesos/system/CodeIgniter.php(326): CodeIgniter\CodeIgniter->handleRequest(NULL, Object(Config\Cache), false)
#4 /home/eventodigital/public_html/api_controlAccesos/public/index.php(37): CodeIgniter\CodeIgniter->run()
#5 {main}
CRITICAL - 2023-11-11 15:15:31 --> Class 'App\Libraries\Exception' not found
#0 /home/eventodigital/public_html/api_controlAccesos/app/Controllers/RestController.php(185): App\Libraries\vCard->__construct(false, 'FBMi442AG7oFAGQ...')
#1 /home/eventodigital/public_html/api_controlAccesos/system/CodeIgniter.php(832): App\Controllers\RestController->create()
#2 /home/eventodigital/public_html/api_controlAccesos/system/CodeIgniter.php(419): CodeIgniter\CodeIgniter->runController(Object(App\Controllers\RestController))
#3 /home/eventodigital/public_html/api_controlAccesos/system/CodeIgniter.php(326): CodeIgniter\CodeIgniter->handleRequest(NULL, Object(Config\Cache), false)
#4 /home/eventodigital/public_html/api_controlAccesos/public/index.php(37): CodeIgniter\CodeIgniter->run()
#5 {main}
CRITICAL - 2023-11-11 15:17:12 --> Class 'App\Libraries\Exception' not found
#0 /home/eventodigital/public_html/api_controlAccesos/app/Controllers/RestController.php(185): App\Libraries\vCard->__construct(false, 'FBMi442AG7utQGQ...')
#1 /home/eventodigital/public_html/api_controlAccesos/system/CodeIgniter.php(832): App\Controllers\RestController->create()
#2 /home/eventodigital/public_html/api_controlAccesos/system/CodeIgniter.php(419): CodeIgniter\CodeIgniter->runController(Object(App\Controllers\RestController))
#3 /home/eventodigital/public_html/api_controlAccesos/system/CodeIgniter.php(326): CodeIgniter\CodeIgniter->handleRequest(NULL, Object(Config\Cache), false)
#4 /home/eventodigital/public_html/api_controlAccesos/public/index.php(37): CodeIgniter\CodeIgniter->run()
#5 {main}
CRITICAL - 2023-11-11 15:17:15 --> Class 'App\Libraries\Exception' not found
#0 /home/eventodigital/public_html/api_controlAccesos/app/Controllers/RestController.php(185): App\Libraries\vCard->__construct(false, 'FBMi442AG7utQKQ...')
#1 /home/eventodigital/public_html/api_controlAccesos/system/CodeIgniter.php(832): App\Controllers\RestController->create()
#2 /home/eventodigital/public_html/api_controlAccesos/system/CodeIgniter.php(419): CodeIgniter\CodeIgniter->runController(Object(App\Controllers\RestController))
#3 /home/eventodigital/public_html/api_controlAccesos/system/CodeIgniter.php(326): CodeIgniter\CodeIgniter->handleRequest(NULL, Object(Config\Cache), false)
#4 /home/eventodigital/public_html/api_controlAccesos/public/index.php(37): CodeIgniter\CodeIgniter->run()
#5 {main}
CRITICAL - 2023-11-11 15:19:27 --> Class 'App\Libraries\Exception' not found
#0 /home/eventodigital/public_html/api_controlAccesos/app/Controllers/RestController.php(185): App\Libraries\vCard->__construct(false, 'FBMi442AG6XoQHA...')
#1 /home/eventodigital/public_html/api_controlAccesos/system/CodeIgniter.php(832): App\Controllers\RestController->create()
#2 /home/eventodigital/public_html/api_controlAccesos/system/CodeIgniter.php(419): CodeIgniter\CodeIgniter->runController(Object(App\Controllers\RestController))
#3 /home/eventodigital/public_html/api_controlAccesos/system/CodeIgniter.php(326): CodeIgniter\CodeIgniter->handleRequest(NULL, Object(Config\Cache), false)
#4 /home/eventodigital/public_html/api_controlAccesos/public/index.php(37): CodeIgniter\CodeIgniter->run()
#5 {main}
CRITICAL - 2023-11-11 15:26:34 --> Class 'App\Libraries\Exception' not found
#0 /home/eventodigital/public_html/api_controlAccesos/app/Controllers/RestController.php(185): App\Libraries\vCard->__construct(false, 'FBMi442AG6EbwLA...')
#1 /home/eventodigital/public_html/api_controlAccesos/system/CodeIgniter.php(832): App\Controllers\RestController->create()
#2 /home/eventodigital/public_html/api_controlAccesos/system/CodeIgniter.php(419): CodeIgniter\CodeIgniter->runController(Object(App\Controllers\RestController))
#3 /home/eventodigital/public_html/api_controlAccesos/system/CodeIgniter.php(326): CodeIgniter\CodeIgniter->handleRequest(NULL, Object(Config\Cache), false)
#4 /home/eventodigital/public_html/api_controlAccesos/public/index.php(37): CodeIgniter\CodeIgniter->run()
#5 {main}
CRITICAL - 2023-11-11 15:26:36 --> Class 'App\Libraries\Exception' not found
#0 /home/eventodigital/public_html/api_controlAccesos/app/Controllers/RestController.php(185): App\Libraries\vCard->__construct(false, 'FBMi442AG6EbwHg...')
#1 /home/eventodigital/public_html/api_controlAccesos/system/CodeIgniter.php(832): App\Controllers\RestController->create()
#2 /home/eventodigital/public_html/api_controlAccesos/system/CodeIgniter.php(419): CodeIgniter\CodeIgniter->runController(Object(App\Controllers\RestController))
#3 /home/eventodigital/public_html/api_controlAccesos/system/CodeIgniter.php(326): CodeIgniter\CodeIgniter->handleRequest(NULL, Object(Config\Cache), false)
#4 /home/eventodigital/public_html/api_controlAccesos/public/index.php(37): CodeIgniter\CodeIgniter->run()
#5 {main}
CRITICAL - 2023-11-11 15:29:02 --> Class 'App\Libraries\Exception' not found
#0 /home/eventodigital/public_html/api_controlAccesos/app/Controllers/RestController.php(185): App\Libraries\vCard->__construct(false, 'FBMi442AG7XSwHQ...')
#1 /home/eventodigital/public_html/api_controlAccesos/system/CodeIgniter.php(832): App\Controllers\RestController->create()
#2 /home/eventodigital/public_html/api_controlAccesos/system/CodeIgniter.php(419): CodeIgniter\CodeIgniter->runController(Object(App\Controllers\RestController))
#3 /home/eventodigital/public_html/api_controlAccesos/system/CodeIgniter.php(326): CodeIgniter\CodeIgniter->handleRequest(NULL, Object(Config\Cache), false)
#4 /home/eventodigital/public_html/api_controlAccesos/public/index.php(37): CodeIgniter\CodeIgniter->run()
#5 {main}
CRITICAL - 2023-11-11 15:29:04 --> Class 'App\Libraries\Exception' not found
#0 /home/eventodigital/public_html/api_controlAccesos/app/Controllers/RestController.php(185): App\Libraries\vCard->__construct(false, 'FBMi442AG7XSwKg...')
#1 /home/eventodigital/public_html/api_controlAccesos/system/CodeIgniter.php(832): App\Controllers\RestController->create()
#2 /home/eventodigital/public_html/api_controlAccesos/system/CodeIgniter.php(419): CodeIgniter\CodeIgniter->runController(Object(App\Controllers\RestController))
#3 /home/eventodigital/public_html/api_controlAccesos/system/CodeIgniter.php(326): CodeIgniter\CodeIgniter->handleRequest(NULL, Object(Config\Cache), false)
#4 /home/eventodigital/public_html/api_controlAccesos/public/index.php(37): CodeIgniter\CodeIgniter->run()
#5 {main}
CRITICAL - 2023-11-11 15:29:08 --> Class 'App\Libraries\Exception' not found
#0 /home/eventodigital/public_html/api_controlAccesos/app/Controllers/RestController.php(185): App\Libraries\vCard->__construct(false, 'FBMi442AG7mdAGQ...')
#1 /home/eventodigital/public_html/api_controlAccesos/system/CodeIgniter.php(832): App\Controllers\RestController->create()
#2 /home/eventodigital/public_html/api_controlAccesos/system/CodeIgniter.php(419): CodeIgniter\CodeIgniter->runController(Object(App\Controllers\RestController))
#3 /home/eventodigital/public_html/api_controlAccesos/system/CodeIgniter.php(326): CodeIgniter\CodeIgniter->handleRequest(NULL, Object(Config\Cache), false)
#4 /home/eventodigital/public_html/api_controlAccesos/public/index.php(37): CodeIgniter\CodeIgniter->run()
#5 {main}
CRITICAL - 2023-11-11 15:34:03 --> Class 'App\Libraries\Exception' not found
#0 /home/eventodigital/public_html/api_controlAccesos/app/Controllers/RestController.php(185): App\Libraries\vCard->__construct(false, 'FBMi4a0AG6-VwGg...')
#1 /home/eventodigital/public_html/api_controlAccesos/system/CodeIgniter.php(832): App\Controllers\RestController->create()
#2 /home/eventodigital/public_html/api_controlAccesos/system/CodeIgniter.php(419): CodeIgniter\CodeIgniter->runController(Object(App\Controllers\RestController))
#3 /home/eventodigital/public_html/api_controlAccesos/system/CodeIgniter.php(326): CodeIgniter\CodeIgniter->handleRequest(NULL, Object(Config\Cache), false)
#4 /home/eventodigital/public_html/api_controlAccesos/public/index.php(37): CodeIgniter\CodeIgniter->run()
#5 {main}
CRITICAL - 2023-11-11 15:38:00 --> Class 'App\Libraries\Exception' not found
#0 /home/eventodigital/public_html/api_controlAccesos/app/Controllers/RestController.php(185): App\Libraries\vCard->__construct(false, 'FBMi4a0AG7AIAHw...')
#1 /home/eventodigital/public_html/api_controlAccesos/system/CodeIgniter.php(832): App\Controllers\RestController->create()
#2 /home/eventodigital/public_html/api_controlAccesos/system/CodeIgniter.php(419): CodeIgniter\CodeIgniter->runController(Object(App\Controllers\RestController))
#3 /home/eventodigital/public_html/api_controlAccesos/system/CodeIgniter.php(326): CodeIgniter\CodeIgniter->handleRequest(NULL, Object(Config\Cache), false)
#4 /home/eventodigital/public_html/api_controlAccesos/public/index.php(37): CodeIgniter\CodeIgniter->run()
#5 {main}
CRITICAL - 2023-11-11 15:39:23 --> Class 'App\Libraries\Exception' not found
#0 /home/eventodigital/public_html/api_controlAccesos/app/Controllers/RestController.php(185): App\Libraries\vCard->__construct(false, 'FBMi4a0AG6o9gGQ...')
#1 /home/eventodigital/public_html/api_controlAccesos/system/CodeIgniter.php(832): App\Controllers\RestController->create()
#2 /home/eventodigital/public_html/api_controlAccesos/system/CodeIgniter.php(419): CodeIgniter\CodeIgniter->runController(Object(App\Controllers\RestController))
#3 /home/eventodigital/public_html/api_controlAccesos/system/CodeIgniter.php(326): CodeIgniter\CodeIgniter->handleRequest(NULL, Object(Config\Cache), false)
#4 /home/eventodigital/public_html/api_controlAccesos/public/index.php(37): CodeIgniter\CodeIgniter->run()
#5 {main}
CRITICAL - 2023-11-11 15:39:25 --> Class 'App\Libraries\Exception' not found
#0 /home/eventodigital/public_html/api_controlAccesos/app/Controllers/RestController.php(185): App\Libraries\vCard->__construct(false, 'FBMi4a0AG6o9gLA...')
#1 /home/eventodigital/public_html/api_controlAccesos/system/CodeIgniter.php(832): App\Controllers\RestController->create()
#2 /home/eventodigital/public_html/api_controlAccesos/system/CodeIgniter.php(419): CodeIgniter\CodeIgniter->runController(Object(App\Controllers\RestController))
#3 /home/eventodigital/public_html/api_controlAccesos/system/CodeIgniter.php(326): CodeIgniter\CodeIgniter->handleRequest(NULL, Object(Config\Cache), false)
#4 /home/eventodigital/public_html/api_controlAccesos/public/index.php(37): CodeIgniter\CodeIgniter->run()
#5 {main}
CRITICAL - 2023-11-11 15:39:29 --> Class 'App\Libraries\Exception' not found
#0 /home/eventodigital/public_html/api_controlAccesos/app/Controllers/RestController.php(185): App\Libraries\vCard->__construct(false, 'FBMi4a0AG6o9gPA...')
#1 /home/eventodigital/public_html/api_controlAccesos/system/CodeIgniter.php(832): App\Controllers\RestController->create()
#2 /home/eventodigital/public_html/api_controlAccesos/system/CodeIgniter.php(419): CodeIgniter\CodeIgniter->runController(Object(App\Controllers\RestController))
#3 /home/eventodigital/public_html/api_controlAccesos/system/CodeIgniter.php(326): CodeIgniter\CodeIgniter->handleRequest(NULL, Object(Config\Cache), false)
#4 /home/eventodigital/public_html/api_controlAccesos/public/index.php(37): CodeIgniter\CodeIgniter->run()
#5 {main}
CRITICAL - 2023-11-11 15:43:10 --> Class 'App\Libraries\Exception' not found
#0 /home/eventodigital/public_html/api_controlAccesos/app/Controllers/RestController.php(185): App\Libraries\vCard->__construct(false, 'FBMi4a0AG68OAGQ...')
#1 /home/eventodigital/public_html/api_controlAccesos/system/CodeIgniter.php(832): App\Controllers\RestController->create()
#2 /home/eventodigital/public_html/api_controlAccesos/system/CodeIgniter.php(419): CodeIgniter\CodeIgniter->runController(Object(App\Controllers\RestController))
#3 /home/eventodigital/public_html/api_controlAccesos/system/CodeIgniter.php(326): CodeIgniter\CodeIgniter->handleRequest(NULL, Object(Config\Cache), false)
#4 /home/eventodigital/public_html/api_controlAccesos/public/index.php(37): CodeIgniter\CodeIgniter->run()
#5 {main}
CRITICAL - 2023-11-11 15:43:13 --> Class 'App\Libraries\Exception' not found
#0 /home/eventodigital/public_html/api_controlAccesos/app/Controllers/RestController.php(185): App\Libraries\vCard->__construct(false, 'FBMi4a0AG68OALw...')
#1 /home/eventodigital/public_html/api_controlAccesos/system/CodeIgniter.php(832): App\Controllers\RestController->create()
#2 /home/eventodigital/public_html/api_controlAccesos/system/CodeIgniter.php(419): CodeIgniter\CodeIgniter->runController(Object(App\Controllers\RestController))
#3 /home/eventodigital/public_html/api_controlAccesos/system/CodeIgniter.php(326): CodeIgniter\CodeIgniter->handleRequest(NULL, Object(Config\Cache), false)
#4 /home/eventodigital/public_html/api_controlAccesos/public/index.php(37): CodeIgniter\CodeIgniter->run()
#5 {main}
CRITICAL - 2023-11-11 15:46:26 --> Class 'App\Libraries\Exception' not found
#0 /home/eventodigital/public_html/api_controlAccesos/app/Controllers/RestController.php(185): App\Libraries\vCard->__construct(false, 'FBMi442AG51QQGQ...')
#1 /home/eventodigital/public_html/api_controlAccesos/system/CodeIgniter.php(832): App\Controllers\RestController->create()
#2 /home/eventodigital/public_html/api_controlAccesos/system/CodeIgniter.php(419): CodeIgniter\CodeIgniter->runController(Object(App\Controllers\RestController))
#3 /home/eventodigital/public_html/api_controlAccesos/system/CodeIgniter.php(326): CodeIgniter\CodeIgniter->handleRequest(NULL, Object(Config\Cache), false)
#4 /home/eventodigital/public_html/api_controlAccesos/public/index.php(37): CodeIgniter\CodeIgniter->run()
#5 {main}
CRITICAL - 2023-11-11 15:49:01 --> Class 'App\Libraries\Exception' not found
#0 /home/eventodigital/public_html/api_controlAccesos/app/Controllers/RestController.php(185): App\Libraries\vCard->__construct(false, 'FBMi4dYAG7PMwHw...')
#1 /home/eventodigital/public_html/api_controlAccesos/system/CodeIgniter.php(832): App\Controllers\RestController->create()
#2 /home/eventodigital/public_html/api_controlAccesos/system/CodeIgniter.php(419): CodeIgniter\CodeIgniter->runController(Object(App\Controllers\RestController))
#3 /home/eventodigital/public_html/api_controlAccesos/system/CodeIgniter.php(326): CodeIgniter\CodeIgniter->handleRequest(NULL, Object(Config\Cache), false)
#4 /home/eventodigital/public_html/api_controlAccesos/public/index.php(37): CodeIgniter\CodeIgniter->run()
#5 {main}
CRITICAL - 2023-11-11 15:54:46 --> Class 'App\Libraries\Exception' not found
#0 /home/eventodigital/public_html/api_controlAccesos/app/Controllers/RestController.php(185): App\Libraries\vCard->__construct(false, 'FBMi442AG7uBwKQ...')
#1 /home/eventodigital/public_html/api_controlAccesos/system/CodeIgniter.php(832): App\Controllers\RestController->create()
#2 /home/eventodigital/public_html/api_controlAccesos/system/CodeIgniter.php(419): CodeIgniter\CodeIgniter->runController(Object(App\Controllers\RestController))
#3 /home/eventodigital/public_html/api_controlAccesos/system/CodeIgniter.php(326): CodeIgniter\CodeIgniter->handleRequest(NULL, Object(Config\Cache), false)
#4 /home/eventodigital/public_html/api_controlAccesos/public/index.php(37): CodeIgniter\CodeIgniter->run()
#5 {main}
CRITICAL - 2023-11-11 15:55:00 --> Class 'App\Libraries\Exception' not found
#0 /home/eventodigital/public_html/api_controlAccesos/app/Controllers/RestController.php(185): App\Libraries\vCard->__construct(false, 'FBMi442AG7uBwHQ...')
#1 /home/eventodigital/public_html/api_controlAccesos/system/CodeIgniter.php(832): App\Controllers\RestController->create()
#2 /home/eventodigital/public_html/api_controlAccesos/system/CodeIgniter.php(419): CodeIgniter\CodeIgniter->runController(Object(App\Controllers\RestController))
#3 /home/eventodigital/public_html/api_controlAccesos/system/CodeIgniter.php(326): CodeIgniter\CodeIgniter->handleRequest(NULL, Object(Config\Cache), false)
#4 /home/eventodigital/public_html/api_controlAccesos/public/index.php(37): CodeIgniter\CodeIgniter->run()
#5 {main}
CRITICAL - 2023-11-11 16:03:39 --> Class 'App\Libraries\Exception' not found
#0 /home/eventodigital/public_html/api_controlAccesos/app/Controllers/RestController.php(185): App\Libraries\vCard->__construct(false, 'FBMi4a0AG65KwfA...')
#1 /home/eventodigital/public_html/api_controlAccesos/system/CodeIgniter.php(832): App\Controllers\RestController->create()
#2 /home/eventodigital/public_html/api_controlAccesos/system/CodeIgniter.php(419): CodeIgniter\CodeIgniter->runController(Object(App\Controllers\RestController))
#3 /home/eventodigital/public_html/api_controlAccesos/system/CodeIgniter.php(326): CodeIgniter\CodeIgniter->handleRequest(NULL, Object(Config\Cache), false)
#4 /home/eventodigital/public_html/api_controlAccesos/public/index.php(37): CodeIgniter\CodeIgniter->run()
#5 {main}
CRITICAL - 2023-11-11 16:04:16 --> Class 'App\Libraries\Exception' not found
#0 /home/eventodigital/public_html/api_controlAccesos/app/Controllers/RestController.php(185): App\Libraries\vCard->__construct(false, 'FBMi4dYAG7mmwHg...')
#1 /home/eventodigital/public_html/api_controlAccesos/system/CodeIgniter.php(832): App\Controllers\RestController->create()
#2 /home/eventodigital/public_html/api_controlAccesos/system/CodeIgniter.php(419): CodeIgniter\CodeIgniter->runController(Object(App\Controllers\RestController))
#3 /home/eventodigital/public_html/api_controlAccesos/system/CodeIgniter.php(326): CodeIgniter\CodeIgniter->handleRequest(NULL, Object(Config\Cache), false)
#4 /home/eventodigital/public_html/api_controlAccesos/public/index.php(37): CodeIgniter\CodeIgniter->run()
#5 {main}
CRITICAL - 2023-11-11 16:04:19 --> Class 'App\Libraries\Exception' not found
#0 /home/eventodigital/public_html/api_controlAccesos/app/Controllers/RestController.php(185): App\Libraries\vCard->__construct(false, 'FBMi4dYAG7pBwGQ...')
#1 /home/eventodigital/public_html/api_controlAccesos/system/CodeIgniter.php(832): App\Controllers\RestController->create()
#2 /home/eventodigital/public_html/api_controlAccesos/system/CodeIgniter.php(419): CodeIgniter\CodeIgniter->runController(Object(App\Controllers\RestController))
#3 /home/eventodigital/public_html/api_controlAccesos/system/CodeIgniter.php(326): CodeIgniter\CodeIgniter->handleRequest(NULL, Object(Config\Cache), false)
#4 /home/eventodigital/public_html/api_controlAccesos/public/index.php(37): CodeIgniter\CodeIgniter->run()
#5 {main}
CRITICAL - 2023-11-11 16:04:22 --> Class 'App\Libraries\Exception' not found
#0 /home/eventodigital/public_html/api_controlAccesos/app/Controllers/RestController.php(185): App\Libraries\vCard->__construct(false, 'FBMi4dYAG7o6AHQ...')
#1 /home/eventodigital/public_html/api_controlAccesos/system/CodeIgniter.php(832): App\Controllers\RestController->create()
#2 /home/eventodigital/public_html/api_controlAccesos/system/CodeIgniter.php(419): CodeIgniter\CodeIgniter->runController(Object(App\Controllers\RestController))
#3 /home/eventodigital/public_html/api_controlAccesos/system/CodeIgniter.php(326): CodeIgniter\CodeIgniter->handleRequest(NULL, Object(Config\Cache), false)
#4 /home/eventodigital/public_html/api_controlAccesos/public/index.php(37): CodeIgniter\CodeIgniter->run()
#5 {main}
CRITICAL - 2023-11-11 16:05:56 --> Class 'App\Libraries\Exception' not found
#0 /home/eventodigital/public_html/api_controlAccesos/app/Controllers/RestController.php(185): App\Libraries\vCard->__construct(false, 'FBMi442AG7WWgLw...')
#1 /home/eventodigital/public_html/api_controlAccesos/system/CodeIgniter.php(832): App\Controllers\RestController->create()
#2 /home/eventodigital/public_html/api_controlAccesos/system/CodeIgniter.php(419): CodeIgniter\CodeIgniter->runController(Object(App\Controllers\RestController))
#3 /home/eventodigital/public_html/api_controlAccesos/system/CodeIgniter.php(326): CodeIgniter\CodeIgniter->handleRequest(NULL, Object(Config\Cache), false)
#4 /home/eventodigital/public_html/api_controlAccesos/public/index.php(37): CodeIgniter\CodeIgniter->run()
#5 {main}
