CRITICAL - 2022-10-20 10:34:23 --> Class 'App\Libraries\Exception' not found
#0 /home/eventodigital/public_html/api_controlAccesos/app/Controllers/RestController.php(164): App\Libraries\vCard->__construct(false, '05958283')
#1 /home/eventodigital/public_html/api_controlAccesos/system/CodeIgniter.php(832): App\Controllers\RestController->create()
#2 /home/eventodigital/public_html/api_controlAccesos/system/CodeIgniter.php(419): CodeIgniter\CodeIgniter->runController(Object(App\Controllers\RestController))
#3 /home/eventodigital/public_html/api_controlAccesos/system/CodeIgniter.php(326): CodeIgniter\CodeIgniter->handleRequest(NULL, Object(Config\Cache), false)
#4 /home/eventodigital/public_html/api_controlAccesos/public/index.php(37): CodeIgniter\CodeIgniter->run()
#5 {main}
CRITICAL - 2022-10-20 10:35:22 --> Class 'App\Libraries\Exception' not found
#0 /home/eventodigital/public_html/api_controlAccesos/app/Controllers/RestController.php(164): App\Libraries\vCard->__construct(false, '14210022')
#1 /home/eventodigital/public_html/api_controlAccesos/system/CodeIgniter.php(832): App\Controllers\RestController->create()
#2 /home/eventodigital/public_html/api_controlAccesos/system/CodeIgniter.php(419): CodeIgniter\CodeIgniter->runController(Object(App\Controllers\RestController))
#3 /home/eventodigital/public_html/api_controlAccesos/system/CodeIgniter.php(326): CodeIgniter\CodeIgniter->handleRequest(NULL, Object(Config\Cache), false)
#4 /home/eventodigital/public_html/api_controlAccesos/public/index.php(37): CodeIgniter\CodeIgniter->run()
#5 {main}
CRITICAL - 2022-10-20 10:39:06 --> Class 'App\Libraries\Exception' not found
#0 /home/eventodigital/public_html/api_controlAccesos/app/Controllers/RestController.php(164): App\Libraries\vCard->__construct(false, '01711819')
#1 /home/eventodigital/public_html/api_controlAccesos/system/CodeIgniter.php(832): App\Controllers\RestController->create()
#2 /home/eventodigital/public_html/api_controlAccesos/system/CodeIgniter.php(419): CodeIgniter\CodeIgniter->runController(Object(App\Controllers\RestController))
#3 /home/eventodigital/public_html/api_controlAccesos/system/CodeIgniter.php(326): CodeIgniter\CodeIgniter->handleRequest(NULL, Object(Config\Cache), false)
#4 /home/eventodigital/public_html/api_controlAccesos/public/index.php(37): CodeIgniter\CodeIgniter->run()
#5 {main}
CRITICAL - 2022-10-20 10:41:17 --> Class 'App\Libraries\Exception' not found
#0 /home/eventodigital/public_html/api_controlAccesos/app/Controllers/RestController.php(164): App\Libraries\vCard->__construct(false, '06006630')
#1 /home/eventodigital/public_html/api_controlAccesos/system/CodeIgniter.php(832): App\Controllers\RestController->create()
#2 /home/eventodigital/public_html/api_controlAccesos/system/CodeIgniter.php(419): CodeIgniter\CodeIgniter->runController(Object(App\Controllers\RestController))
#3 /home/eventodigital/public_html/api_controlAccesos/system/CodeIgniter.php(326): CodeIgniter\CodeIgniter->handleRequest(NULL, Object(Config\Cache), false)
#4 /home/eventodigital/public_html/api_controlAccesos/public/index.php(37): CodeIgniter\CodeIgniter->run()
#5 {main}
CRITICAL - 2022-10-20 10:43:01 --> Class 'App\Libraries\Exception' not found
#0 /home/eventodigital/public_html/api_controlAccesos/app/Controllers/RestController.php(164): App\Libraries\vCard->__construct(false, '10363454')
#1 /home/eventodigital/public_html/api_controlAccesos/system/CodeIgniter.php(832): App\Controllers\RestController->create()
#2 /home/eventodigital/public_html/api_controlAccesos/system/CodeIgniter.php(419): CodeIgniter\CodeIgniter->runController(Object(App\Controllers\RestController))
#3 /home/eventodigital/public_html/api_controlAccesos/system/CodeIgniter.php(326): CodeIgniter\CodeIgniter->handleRequest(NULL, Object(Config\Cache), false)
#4 /home/eventodigital/public_html/api_controlAccesos/public/index.php(37): CodeIgniter\CodeIgniter->run()
#5 {main}
CRITICAL - 2022-10-20 10:43:24 --> Class 'App\Libraries\Exception' not found
#0 /home/eventodigital/public_html/api_controlAccesos/app/Controllers/RestController.php(164): App\Libraries\vCard->__construct(false, '03761738')
#1 /home/eventodigital/public_html/api_controlAccesos/system/CodeIgniter.php(832): App\Controllers\RestController->create()
#2 /home/eventodigital/public_html/api_controlAccesos/system/CodeIgniter.php(419): CodeIgniter\CodeIgniter->runController(Object(App\Controllers\RestController))
#3 /home/eventodigital/public_html/api_controlAccesos/system/CodeIgniter.php(326): CodeIgniter\CodeIgniter->handleRequest(NULL, Object(Config\Cache), false)
#4 /home/eventodigital/public_html/api_controlAccesos/public/index.php(37): CodeIgniter\CodeIgniter->run()
#5 {main}
CRITICAL - 2022-10-20 10:44:43 --> Class 'App\Libraries\Exception' not found
#0 /home/eventodigital/public_html/api_controlAccesos/app/Controllers/RestController.php(164): App\Libraries\vCard->__construct(false, '06161127')
#1 /home/eventodigital/public_html/api_controlAccesos/system/CodeIgniter.php(832): App\Controllers\RestController->create()
#2 /home/eventodigital/public_html/api_controlAccesos/system/CodeIgniter.php(419): CodeIgniter\CodeIgniter->runController(Object(App\Controllers\RestController))
#3 /home/eventodigital/public_html/api_controlAccesos/system/CodeIgniter.php(326): CodeIgniter\CodeIgniter->handleRequest(NULL, Object(Config\Cache), false)
#4 /home/eventodigital/public_html/api_controlAccesos/public/index.php(37): CodeIgniter\CodeIgniter->run()
#5 {main}
CRITICAL - 2022-10-20 10:45:48 --> Class 'App\Libraries\Exception' not found
#0 /home/eventodigital/public_html/api_controlAccesos/app/Controllers/RestController.php(164): App\Libraries\vCard->__construct(false, '07378188')
#1 /home/eventodigital/public_html/api_controlAccesos/system/CodeIgniter.php(832): App\Controllers\RestController->create()
#2 /home/eventodigital/public_html/api_controlAccesos/system/CodeIgniter.php(419): CodeIgniter\CodeIgniter->runController(Object(App\Controllers\RestController))
#3 /home/eventodigital/public_html/api_controlAccesos/system/CodeIgniter.php(326): CodeIgniter\CodeIgniter->handleRequest(NULL, Object(Config\Cache), false)
#4 /home/eventodigital/public_html/api_controlAccesos/public/index.php(37): CodeIgniter\CodeIgniter->run()
#5 {main}
CRITICAL - 2022-10-20 10:47:14 --> Class 'App\Libraries\Exception' not found
#0 /home/eventodigital/public_html/api_controlAccesos/app/Controllers/RestController.php(164): App\Libraries\vCard->__construct(false, '02511092')
#1 /home/eventodigital/public_html/api_controlAccesos/system/CodeIgniter.php(832): App\Controllers\RestController->create()
#2 /home/eventodigital/public_html/api_controlAccesos/system/CodeIgniter.php(419): CodeIgniter\CodeIgniter->runController(Object(App\Controllers\RestController))
#3 /home/eventodigital/public_html/api_controlAccesos/system/CodeIgniter.php(326): CodeIgniter\CodeIgniter->handleRequest(NULL, Object(Config\Cache), false)
#4 /home/eventodigital/public_html/api_controlAccesos/public/index.php(37): CodeIgniter\CodeIgniter->run()
#5 {main}
CRITICAL - 2022-10-20 10:47:52 --> Class 'App\Libraries\Exception' not found
#0 /home/eventodigital/public_html/api_controlAccesos/app/Controllers/RestController.php(164): App\Libraries\vCard->__construct(false, '11624537')
#1 /home/eventodigital/public_html/api_controlAccesos/system/CodeIgniter.php(832): App\Controllers\RestController->create()
#2 /home/eventodigital/public_html/api_controlAccesos/system/CodeIgniter.php(419): CodeIgniter\CodeIgniter->runController(Object(App\Controllers\RestController))
#3 /home/eventodigital/public_html/api_controlAccesos/system/CodeIgniter.php(326): CodeIgniter\CodeIgniter->handleRequest(NULL, Object(Config\Cache), false)
#4 /home/eventodigital/public_html/api_controlAccesos/public/index.php(37): CodeIgniter\CodeIgniter->run()
#5 {main}
CRITICAL - 2022-10-20 10:49:26 --> Class 'App\Libraries\Exception' not found
#0 /home/eventodigital/public_html/api_controlAccesos/app/Controllers/RestController.php(164): App\Libraries\vCard->__construct(false, '19688671')
#1 /home/eventodigital/public_html/api_controlAccesos/system/CodeIgniter.php(832): App\Controllers\RestController->create()
#2 /home/eventodigital/public_html/api_controlAccesos/system/CodeIgniter.php(419): CodeIgniter\CodeIgniter->runController(Object(App\Controllers\RestController))
#3 /home/eventodigital/public_html/api_controlAccesos/system/CodeIgniter.php(326): CodeIgniter\CodeIgniter->handleRequest(NULL, Object(Config\Cache), false)
#4 /home/eventodigital/public_html/api_controlAccesos/public/index.php(37): CodeIgniter\CodeIgniter->run()
#5 {main}
CRITICAL - 2022-10-20 10:50:16 --> Class 'App\Libraries\Exception' not found
#0 /home/eventodigital/public_html/api_controlAccesos/app/Controllers/RestController.php(164): App\Libraries\vCard->__construct(false, '03306935')
#1 /home/eventodigital/public_html/api_controlAccesos/system/CodeIgniter.php(832): App\Controllers\RestController->create()
#2 /home/eventodigital/public_html/api_controlAccesos/system/CodeIgniter.php(419): CodeIgniter\CodeIgniter->runController(Object(App\Controllers\RestController))
#3 /home/eventodigital/public_html/api_controlAccesos/system/CodeIgniter.php(326): CodeIgniter\CodeIgniter->handleRequest(NULL, Object(Config\Cache), false)
#4 /home/eventodigital/public_html/api_controlAccesos/public/index.php(37): CodeIgniter\CodeIgniter->run()
#5 {main}
CRITICAL - 2022-10-20 10:52:37 --> Class 'App\Libraries\Exception' not found
#0 /home/eventodigital/public_html/api_controlAccesos/app/Controllers/RestController.php(164): App\Libraries\vCard->__construct(false, '01385940')
#1 /home/eventodigital/public_html/api_controlAccesos/system/CodeIgniter.php(832): App\Controllers\RestController->create()
#2 /home/eventodigital/public_html/api_controlAccesos/system/CodeIgniter.php(419): CodeIgniter\CodeIgniter->runController(Object(App\Controllers\RestController))
#3 /home/eventodigital/public_html/api_controlAccesos/system/CodeIgniter.php(326): CodeIgniter\CodeIgniter->handleRequest(NULL, Object(Config\Cache), false)
#4 /home/eventodigital/public_html/api_controlAccesos/public/index.php(37): CodeIgniter\CodeIgniter->run()
#5 {main}
CRITICAL - 2022-10-20 10:52:43 --> Class 'App\Libraries\Exception' not found
#0 /home/eventodigital/public_html/api_controlAccesos/app/Controllers/RestController.php(164): App\Libraries\vCard->__construct(false, '08936947')
#1 /home/eventodigital/public_html/api_controlAccesos/system/CodeIgniter.php(832): App\Controllers\RestController->create()
#2 /home/eventodigital/public_html/api_controlAccesos/system/CodeIgniter.php(419): CodeIgniter\CodeIgniter->runController(Object(App\Controllers\RestController))
#3 /home/eventodigital/public_html/api_controlAccesos/system/CodeIgniter.php(326): CodeIgniter\CodeIgniter->handleRequest(NULL, Object(Config\Cache), false)
#4 /home/eventodigital/public_html/api_controlAccesos/public/index.php(37): CodeIgniter\CodeIgniter->run()
#5 {main}
CRITICAL - 2022-10-20 10:54:09 --> Class 'App\Libraries\Exception' not found
#0 /home/eventodigital/public_html/api_controlAccesos/app/Controllers/RestController.php(164): App\Libraries\vCard->__construct(false, '01062115')
#1 /home/eventodigital/public_html/api_controlAccesos/system/CodeIgniter.php(832): App\Controllers\RestController->create()
#2 /home/eventodigital/public_html/api_controlAccesos/system/CodeIgniter.php(419): CodeIgniter\CodeIgniter->runController(Object(App\Controllers\RestController))
#3 /home/eventodigital/public_html/api_controlAccesos/system/CodeIgniter.php(326): CodeIgniter\CodeIgniter->handleRequest(NULL, Object(Config\Cache), false)
#4 /home/eventodigital/public_html/api_controlAccesos/public/index.php(37): CodeIgniter\CodeIgniter->run()
#5 {main}
CRITICAL - 2022-10-20 10:54:48 --> Class 'App\Libraries\Exception' not found
#0 /home/eventodigital/public_html/api_controlAccesos/app/Controllers/RestController.php(164): App\Libraries\vCard->__construct(false, '01282979')
#1 /home/eventodigital/public_html/api_controlAccesos/system/CodeIgniter.php(832): App\Controllers\RestController->create()
#2 /home/eventodigital/public_html/api_controlAccesos/system/CodeIgniter.php(419): CodeIgniter\CodeIgniter->runController(Object(App\Controllers\RestController))
#3 /home/eventodigital/public_html/api_controlAccesos/system/CodeIgniter.php(326): CodeIgniter\CodeIgniter->handleRequest(NULL, Object(Config\Cache), false)
#4 /home/eventodigital/public_html/api_controlAccesos/public/index.php(37): CodeIgniter\CodeIgniter->run()
#5 {main}
CRITICAL - 2022-10-20 10:57:01 --> Class 'App\Libraries\Exception' not found
#0 /home/eventodigital/public_html/api_controlAccesos/app/Controllers/RestController.php(164): App\Libraries\vCard->__construct(false, '06401719')
#1 /home/eventodigital/public_html/api_controlAccesos/system/CodeIgniter.php(832): App\Controllers\RestController->create()
#2 /home/eventodigital/public_html/api_controlAccesos/system/CodeIgniter.php(419): CodeIgniter\CodeIgniter->runController(Object(App\Controllers\RestController))
#3 /home/eventodigital/public_html/api_controlAccesos/system/CodeIgniter.php(326): CodeIgniter\CodeIgniter->handleRequest(NULL, Object(Config\Cache), false)
#4 /home/eventodigital/public_html/api_controlAccesos/public/index.php(37): CodeIgniter\CodeIgniter->run()
#5 {main}
CRITICAL - 2022-10-20 10:57:23 --> Class 'App\Libraries\Exception' not found
#0 /home/eventodigital/public_html/api_controlAccesos/app/Controllers/RestController.php(164): App\Libraries\vCard->__construct(false, '04072517')
#1 /home/eventodigital/public_html/api_controlAccesos/system/CodeIgniter.php(832): App\Controllers\RestController->create()
#2 /home/eventodigital/public_html/api_controlAccesos/system/CodeIgniter.php(419): CodeIgniter\CodeIgniter->runController(Object(App\Controllers\RestController))
#3 /home/eventodigital/public_html/api_controlAccesos/system/CodeIgniter.php(326): CodeIgniter\CodeIgniter->handleRequest(NULL, Object(Config\Cache), false)
#4 /home/eventodigital/public_html/api_controlAccesos/public/index.php(37): CodeIgniter\CodeIgniter->run()
#5 {main}
CRITICAL - 2022-10-20 10:57:40 --> Class 'App\Libraries\Exception' not found
#0 /home/eventodigital/public_html/api_controlAccesos/app/Controllers/RestController.php(164): App\Libraries\vCard->__construct(false, '01759884')
#1 /home/eventodigital/public_html/api_controlAccesos/system/CodeIgniter.php(832): App\Controllers\RestController->create()
#2 /home/eventodigital/public_html/api_controlAccesos/system/CodeIgniter.php(419): CodeIgniter\CodeIgniter->runController(Object(App\Controllers\RestController))
#3 /home/eventodigital/public_html/api_controlAccesos/system/CodeIgniter.php(326): CodeIgniter\CodeIgniter->handleRequest(NULL, Object(Config\Cache), false)
#4 /home/eventodigital/public_html/api_controlAccesos/public/index.php(37): CodeIgniter\CodeIgniter->run()
#5 {main}
CRITICAL - 2022-10-20 10:58:20 --> Class 'App\Libraries\Exception' not found
#0 /home/eventodigital/public_html/api_controlAccesos/app/Controllers/RestController.php(164): App\Libraries\vCard->__construct(false, '00558507')
#1 /home/eventodigital/public_html/api_controlAccesos/system/CodeIgniter.php(832): App\Controllers\RestController->create()
#2 /home/eventodigital/public_html/api_controlAccesos/system/CodeIgniter.php(419): CodeIgniter\CodeIgniter->runController(Object(App\Controllers\RestController))
#3 /home/eventodigital/public_html/api_controlAccesos/system/CodeIgniter.php(326): CodeIgniter\CodeIgniter->handleRequest(NULL, Object(Config\Cache), false)
#4 /home/eventodigital/public_html/api_controlAccesos/public/index.php(37): CodeIgniter\CodeIgniter->run()
#5 {main}
CRITICAL - 2022-10-20 10:58:44 --> Class 'App\Libraries\Exception' not found
#0 /home/eventodigital/public_html/api_controlAccesos/app/Controllers/RestController.php(164): App\Libraries\vCard->__construct(false, '16122376')
#1 /home/eventodigital/public_html/api_controlAccesos/system/CodeIgniter.php(832): App\Controllers\RestController->create()
#2 /home/eventodigital/public_html/api_controlAccesos/system/CodeIgniter.php(419): CodeIgniter\CodeIgniter->runController(Object(App\Controllers\RestController))
#3 /home/eventodigital/public_html/api_controlAccesos/system/CodeIgniter.php(326): CodeIgniter\CodeIgniter->handleRequest(NULL, Object(Config\Cache), false)
#4 /home/eventodigital/public_html/api_controlAccesos/public/index.php(37): CodeIgniter\CodeIgniter->run()
#5 {main}
CRITICAL - 2022-10-20 10:58:57 --> Class 'App\Libraries\Exception' not found
#0 /home/eventodigital/public_html/api_controlAccesos/app/Controllers/RestController.php(164): App\Libraries\vCard->__construct(false, '05356441')
#1 /home/eventodigital/public_html/api_controlAccesos/system/CodeIgniter.php(832): App\Controllers\RestController->create()
#2 /home/eventodigital/public_html/api_controlAccesos/system/CodeIgniter.php(419): CodeIgniter\CodeIgniter->runController(Object(App\Controllers\RestController))
#3 /home/eventodigital/public_html/api_controlAccesos/system/CodeIgniter.php(326): CodeIgniter\CodeIgniter->handleRequest(NULL, Object(Config\Cache), false)
#4 /home/eventodigital/public_html/api_controlAccesos/public/index.php(37): CodeIgniter\CodeIgniter->run()
#5 {main}
CRITICAL - 2022-10-20 10:59:49 --> Class 'App\Libraries\Exception' not found
#0 /home/eventodigital/public_html/api_controlAccesos/app/Controllers/RestController.php(164): App\Libraries\vCard->__construct(false, '07732140')
#1 /home/eventodigital/public_html/api_controlAccesos/system/CodeIgniter.php(832): App\Controllers\RestController->create()
#2 /home/eventodigital/public_html/api_controlAccesos/system/CodeIgniter.php(419): CodeIgniter\CodeIgniter->runController(Object(App\Controllers\RestController))
#3 /home/eventodigital/public_html/api_controlAccesos/system/CodeIgniter.php(326): CodeIgniter\CodeIgniter->handleRequest(NULL, Object(Config\Cache), false)
#4 /home/eventodigital/public_html/api_controlAccesos/public/index.php(37): CodeIgniter\CodeIgniter->run()
#5 {main}
CRITICAL - 2022-10-20 11:00:13 --> Class 'App\Libraries\Exception' not found
#0 /home/eventodigital/public_html/api_controlAccesos/app/Controllers/RestController.php(164): App\Libraries\vCard->__construct(false, '01175875')
#1 /home/eventodigital/public_html/api_controlAccesos/system/CodeIgniter.php(832): App\Controllers\RestController->create()
#2 /home/eventodigital/public_html/api_controlAccesos/system/CodeIgniter.php(419): CodeIgniter\CodeIgniter->runController(Object(App\Controllers\RestController))
#3 /home/eventodigital/public_html/api_controlAccesos/system/CodeIgniter.php(326): CodeIgniter\CodeIgniter->handleRequest(NULL, Object(Config\Cache), false)
#4 /home/eventodigital/public_html/api_controlAccesos/public/index.php(37): CodeIgniter\CodeIgniter->run()
#5 {main}
CRITICAL - 2022-10-20 11:01:55 --> Class 'App\Libraries\Exception' not found
#0 /home/eventodigital/public_html/api_controlAccesos/app/Controllers/RestController.php(164): App\Libraries\vCard->__construct(false, '00366663')
#1 /home/eventodigital/public_html/api_controlAccesos/system/CodeIgniter.php(832): App\Controllers\RestController->create()
#2 /home/eventodigital/public_html/api_controlAccesos/system/CodeIgniter.php(419): CodeIgniter\CodeIgniter->runController(Object(App\Controllers\RestController))
#3 /home/eventodigital/public_html/api_controlAccesos/system/CodeIgniter.php(326): CodeIgniter\CodeIgniter->handleRequest(NULL, Object(Config\Cache), false)
#4 /home/eventodigital/public_html/api_controlAccesos/public/index.php(37): CodeIgniter\CodeIgniter->run()
#5 {main}
CRITICAL - 2022-10-20 11:04:33 --> Class 'App\Libraries\Exception' not found
#0 /home/eventodigital/public_html/api_controlAccesos/app/Controllers/RestController.php(164): App\Libraries\vCard->__construct(false, '15275851')
#1 /home/eventodigital/public_html/api_controlAccesos/system/CodeIgniter.php(832): App\Controllers\RestController->create()
#2 /home/eventodigital/public_html/api_controlAccesos/system/CodeIgniter.php(419): CodeIgniter\CodeIgniter->runController(Object(App\Controllers\RestController))
#3 /home/eventodigital/public_html/api_controlAccesos/system/CodeIgniter.php(326): CodeIgniter\CodeIgniter->handleRequest(NULL, Object(Config\Cache), false)
#4 /home/eventodigital/public_html/api_controlAccesos/public/index.php(37): CodeIgniter\CodeIgniter->run()
#5 {main}
CRITICAL - 2022-10-20 11:05:06 --> Class 'App\Libraries\Exception' not found
#0 /home/eventodigital/public_html/api_controlAccesos/app/Controllers/RestController.php(164): App\Libraries\vCard->__construct(false, '09625745')
#1 /home/eventodigital/public_html/api_controlAccesos/system/CodeIgniter.php(832): App\Controllers\RestController->create()
#2 /home/eventodigital/public_html/api_controlAccesos/system/CodeIgniter.php(419): CodeIgniter\CodeIgniter->runController(Object(App\Controllers\RestController))
#3 /home/eventodigital/public_html/api_controlAccesos/system/CodeIgniter.php(326): CodeIgniter\CodeIgniter->handleRequest(NULL, Object(Config\Cache), false)
#4 /home/eventodigital/public_html/api_controlAccesos/public/index.php(37): CodeIgniter\CodeIgniter->run()
#5 {main}
CRITICAL - 2022-10-20 11:05:13 --> Class 'App\Libraries\Exception' not found
#0 /home/eventodigital/public_html/api_controlAccesos/app/Controllers/RestController.php(164): App\Libraries\vCard->__construct(false, '11813880')
#1 /home/eventodigital/public_html/api_controlAccesos/system/CodeIgniter.php(832): App\Controllers\RestController->create()
#2 /home/eventodigital/public_html/api_controlAccesos/system/CodeIgniter.php(419): CodeIgniter\CodeIgniter->runController(Object(App\Controllers\RestController))
#3 /home/eventodigital/public_html/api_controlAccesos/system/CodeIgniter.php(326): CodeIgniter\CodeIgniter->handleRequest(NULL, Object(Config\Cache), false)
#4 /home/eventodigital/public_html/api_controlAccesos/public/index.php(37): CodeIgniter\CodeIgniter->run()
#5 {main}
CRITICAL - 2022-10-20 11:07:43 --> Class 'App\Libraries\Exception' not found
#0 /home/eventodigital/public_html/api_controlAccesos/app/Controllers/RestController.php(164): App\Libraries\vCard->__construct(false, '09511525')
#1 /home/eventodigital/public_html/api_controlAccesos/system/CodeIgniter.php(832): App\Controllers\RestController->create()
#2 /home/eventodigital/public_html/api_controlAccesos/system/CodeIgniter.php(419): CodeIgniter\CodeIgniter->runController(Object(App\Controllers\RestController))
#3 /home/eventodigital/public_html/api_controlAccesos/system/CodeIgniter.php(326): CodeIgniter\CodeIgniter->handleRequest(NULL, Object(Config\Cache), false)
#4 /home/eventodigital/public_html/api_controlAccesos/public/index.php(37): CodeIgniter\CodeIgniter->run()
#5 {main}
CRITICAL - 2022-10-20 11:08:09 --> Class 'App\Libraries\Exception' not found
#0 /home/eventodigital/public_html/api_controlAccesos/app/Controllers/RestController.php(164): App\Libraries\vCard->__construct(false, 'https://apps.ap...')
#1 /home/eventodigital/public_html/api_controlAccesos/system/CodeIgniter.php(832): App\Controllers\RestController->create()
#2 /home/eventodigital/public_html/api_controlAccesos/system/CodeIgniter.php(419): CodeIgniter\CodeIgniter->runController(Object(App\Controllers\RestController))
#3 /home/eventodigital/public_html/api_controlAccesos/system/CodeIgniter.php(326): CodeIgniter\CodeIgniter->handleRequest(NULL, Object(Config\Cache), false)
#4 /home/eventodigital/public_html/api_controlAccesos/public/index.php(37): CodeIgniter\CodeIgniter->run()
#5 {main}
CRITICAL - 2022-10-20 11:08:22 --> Class 'App\Libraries\Exception' not found
#0 /home/eventodigital/public_html/api_controlAccesos/app/Controllers/RestController.php(164): App\Libraries\vCard->__construct(false, 'https://apps.ap...')
#1 /home/eventodigital/public_html/api_controlAccesos/system/CodeIgniter.php(832): App\Controllers\RestController->create()
#2 /home/eventodigital/public_html/api_controlAccesos/system/CodeIgniter.php(419): CodeIgniter\CodeIgniter->runController(Object(App\Controllers\RestController))
#3 /home/eventodigital/public_html/api_controlAccesos/system/CodeIgniter.php(326): CodeIgniter\CodeIgniter->handleRequest(NULL, Object(Config\Cache), false)
#4 /home/eventodigital/public_html/api_controlAccesos/public/index.php(37): CodeIgniter\CodeIgniter->run()
#5 {main}
CRITICAL - 2022-10-20 11:09:00 --> Class 'App\Libraries\Exception' not found
#0 /home/eventodigital/public_html/api_controlAccesos/app/Controllers/RestController.php(164): App\Libraries\vCard->__construct(false, 'http://www.cong...')
#1 /home/eventodigital/public_html/api_controlAccesos/system/CodeIgniter.php(832): App\Controllers\RestController->create()
#2 /home/eventodigital/public_html/api_controlAccesos/system/CodeIgniter.php(419): CodeIgniter\CodeIgniter->runController(Object(App\Controllers\RestController))
#3 /home/eventodigital/public_html/api_controlAccesos/system/CodeIgniter.php(326): CodeIgniter\CodeIgniter->handleRequest(NULL, Object(Config\Cache), false)
#4 /home/eventodigital/public_html/api_controlAccesos/public/index.php(37): CodeIgniter\CodeIgniter->run()
#5 {main}
CRITICAL - 2022-10-20 11:09:45 --> Class 'App\Libraries\Exception' not found
#0 /home/eventodigital/public_html/api_controlAccesos/app/Controllers/RestController.php(164): App\Libraries\vCard->__construct(false, '96411483')
#1 /home/eventodigital/public_html/api_controlAccesos/system/CodeIgniter.php(832): App\Controllers\RestController->create()
#2 /home/eventodigital/public_html/api_controlAccesos/system/CodeIgniter.php(419): CodeIgniter\CodeIgniter->runController(Object(App\Controllers\RestController))
#3 /home/eventodigital/public_html/api_controlAccesos/system/CodeIgniter.php(326): CodeIgniter\CodeIgniter->handleRequest(NULL, Object(Config\Cache), false)
#4 /home/eventodigital/public_html/api_controlAccesos/public/index.php(37): CodeIgniter\CodeIgniter->run()
#5 {main}
CRITICAL - 2022-10-20 11:12:41 --> Class 'App\Libraries\Exception' not found
#0 /home/eventodigital/public_html/api_controlAccesos/app/Controllers/RestController.php(164): App\Libraries\vCard->__construct(false, '13158163')
#1 /home/eventodigital/public_html/api_controlAccesos/system/CodeIgniter.php(832): App\Controllers\RestController->create()
#2 /home/eventodigital/public_html/api_controlAccesos/system/CodeIgniter.php(419): CodeIgniter\CodeIgniter->runController(Object(App\Controllers\RestController))
#3 /home/eventodigital/public_html/api_controlAccesos/system/CodeIgniter.php(326): CodeIgniter\CodeIgniter->handleRequest(NULL, Object(Config\Cache), false)
#4 /home/eventodigital/public_html/api_controlAccesos/public/index.php(37): CodeIgniter\CodeIgniter->run()
#5 {main}
CRITICAL - 2022-10-20 11:16:08 --> Class 'App\Libraries\Exception' not found
#0 /home/eventodigital/public_html/api_controlAccesos/app/Controllers/RestController.php(164): App\Libraries\vCard->__construct(false, '06537948')
#1 /home/eventodigital/public_html/api_controlAccesos/system/CodeIgniter.php(832): App\Controllers\RestController->create()
#2 /home/eventodigital/public_html/api_controlAccesos/system/CodeIgniter.php(419): CodeIgniter\CodeIgniter->runController(Object(App\Controllers\RestController))
#3 /home/eventodigital/public_html/api_controlAccesos/system/CodeIgniter.php(326): CodeIgniter\CodeIgniter->handleRequest(NULL, Object(Config\Cache), false)
#4 /home/eventodigital/public_html/api_controlAccesos/public/index.php(37): CodeIgniter\CodeIgniter->run()
#5 {main}
CRITICAL - 2022-10-20 11:17:43 --> Class 'App\Libraries\Exception' not found
#0 /home/eventodigital/public_html/api_controlAccesos/app/Controllers/RestController.php(164): App\Libraries\vCard->__construct(false, '72222270')
#1 /home/eventodigital/public_html/api_controlAccesos/system/CodeIgniter.php(832): App\Controllers\RestController->create()
#2 /home/eventodigital/public_html/api_controlAccesos/system/CodeIgniter.php(419): CodeIgniter\CodeIgniter->runController(Object(App\Controllers\RestController))
#3 /home/eventodigital/public_html/api_controlAccesos/system/CodeIgniter.php(326): CodeIgniter\CodeIgniter->handleRequest(NULL, Object(Config\Cache), false)
#4 /home/eventodigital/public_html/api_controlAccesos/public/index.php(37): CodeIgniter\CodeIgniter->run()
#5 {main}
CRITICAL - 2022-10-20 11:18:46 --> Class 'App\Libraries\Exception' not found
#0 /home/eventodigital/public_html/api_controlAccesos/app/Controllers/RestController.php(164): App\Libraries\vCard->__construct(false, '03301122')
#1 /home/eventodigital/public_html/api_controlAccesos/system/CodeIgniter.php(832): App\Controllers\RestController->create()
#2 /home/eventodigital/public_html/api_controlAccesos/system/CodeIgniter.php(419): CodeIgniter\CodeIgniter->runController(Object(App\Controllers\RestController))
#3 /home/eventodigital/public_html/api_controlAccesos/system/CodeIgniter.php(326): CodeIgniter\CodeIgniter->handleRequest(NULL, Object(Config\Cache), false)
#4 /home/eventodigital/public_html/api_controlAccesos/public/index.php(37): CodeIgniter\CodeIgniter->run()
#5 {main}
CRITICAL - 2022-10-20 11:18:52 --> Class 'App\Libraries\Exception' not found
#0 /home/eventodigital/public_html/api_controlAccesos/app/Controllers/RestController.php(164): App\Libraries\vCard->__construct(false, '06497725')
#1 /home/eventodigital/public_html/api_controlAccesos/system/CodeIgniter.php(832): App\Controllers\RestController->create()
#2 /home/eventodigital/public_html/api_controlAccesos/system/CodeIgniter.php(419): CodeIgniter\CodeIgniter->runController(Object(App\Controllers\RestController))
#3 /home/eventodigital/public_html/api_controlAccesos/system/CodeIgniter.php(326): CodeIgniter\CodeIgniter->handleRequest(NULL, Object(Config\Cache), false)
#4 /home/eventodigital/public_html/api_controlAccesos/public/index.php(37): CodeIgniter\CodeIgniter->run()
#5 {main}
CRITICAL - 2022-10-20 11:20:21 --> Class 'App\Libraries\Exception' not found
#0 /home/eventodigital/public_html/api_controlAccesos/app/Controllers/RestController.php(164): App\Libraries\vCard->__construct(false, '12861859')
#1 /home/eventodigital/public_html/api_controlAccesos/system/CodeIgniter.php(832): App\Controllers\RestController->create()
#2 /home/eventodigital/public_html/api_controlAccesos/system/CodeIgniter.php(419): CodeIgniter\CodeIgniter->runController(Object(App\Controllers\RestController))
#3 /home/eventodigital/public_html/api_controlAccesos/system/CodeIgniter.php(326): CodeIgniter\CodeIgniter->handleRequest(NULL, Object(Config\Cache), false)
#4 /home/eventodigital/public_html/api_controlAccesos/public/index.php(37): CodeIgniter\CodeIgniter->run()
#5 {main}
CRITICAL - 2022-10-20 11:21:27 --> Class 'App\Libraries\Exception' not found
#0 /home/eventodigital/public_html/api_controlAccesos/app/Controllers/RestController.php(164): App\Libraries\vCard->__construct(false, '23346789')
#1 /home/eventodigital/public_html/api_controlAccesos/system/CodeIgniter.php(832): App\Controllers\RestController->create()
#2 /home/eventodigital/public_html/api_controlAccesos/system/CodeIgniter.php(419): CodeIgniter\CodeIgniter->runController(Object(App\Controllers\RestController))
#3 /home/eventodigital/public_html/api_controlAccesos/system/CodeIgniter.php(326): CodeIgniter\CodeIgniter->handleRequest(NULL, Object(Config\Cache), false)
#4 /home/eventodigital/public_html/api_controlAccesos/public/index.php(37): CodeIgniter\CodeIgniter->run()
#5 {main}
CRITICAL - 2022-10-20 11:21:33 --> Class 'App\Libraries\Exception' not found
#0 /home/eventodigital/public_html/api_controlAccesos/app/Controllers/RestController.php(164): App\Libraries\vCard->__construct(false, '05798667')
#1 /home/eventodigital/public_html/api_controlAccesos/system/CodeIgniter.php(832): App\Controllers\RestController->create()
#2 /home/eventodigital/public_html/api_controlAccesos/system/CodeIgniter.php(419): CodeIgniter\CodeIgniter->runController(Object(App\Controllers\RestController))
#3 /home/eventodigital/public_html/api_controlAccesos/system/CodeIgniter.php(326): CodeIgniter\CodeIgniter->handleRequest(NULL, Object(Config\Cache), false)
#4 /home/eventodigital/public_html/api_controlAccesos/public/index.php(37): CodeIgniter\CodeIgniter->run()
#5 {main}
CRITICAL - 2022-10-20 11:24:39 --> Class 'App\Libraries\Exception' not found
#0 /home/eventodigital/public_html/api_controlAccesos/app/Controllers/RestController.php(164): App\Libraries\vCard->__construct(false, '18002122')
#1 /home/eventodigital/public_html/api_controlAccesos/system/CodeIgniter.php(832): App\Controllers\RestController->create()
#2 /home/eventodigital/public_html/api_controlAccesos/system/CodeIgniter.php(419): CodeIgniter\CodeIgniter->runController(Object(App\Controllers\RestController))
#3 /home/eventodigital/public_html/api_controlAccesos/system/CodeIgniter.php(326): CodeIgniter\CodeIgniter->handleRequest(NULL, Object(Config\Cache), false)
#4 /home/eventodigital/public_html/api_controlAccesos/public/index.php(37): CodeIgniter\CodeIgniter->run()
#5 {main}
CRITICAL - 2022-10-20 11:25:11 --> Class 'App\Libraries\Exception' not found
#0 /home/eventodigital/public_html/api_controlAccesos/app/Controllers/RestController.php(164): App\Libraries\vCard->__construct(false, '03581698')
#1 /home/eventodigital/public_html/api_controlAccesos/system/CodeIgniter.php(832): App\Controllers\RestController->create()
#2 /home/eventodigital/public_html/api_controlAccesos/system/CodeIgniter.php(419): CodeIgniter\CodeIgniter->runController(Object(App\Controllers\RestController))
#3 /home/eventodigital/public_html/api_controlAccesos/system/CodeIgniter.php(326): CodeIgniter\CodeIgniter->handleRequest(NULL, Object(Config\Cache), false)
#4 /home/eventodigital/public_html/api_controlAccesos/public/index.php(37): CodeIgniter\CodeIgniter->run()
#5 {main}
CRITICAL - 2022-10-20 11:25:37 --> Class 'App\Libraries\Exception' not found
#0 /home/eventodigital/public_html/api_controlAccesos/app/Controllers/RestController.php(164): App\Libraries\vCard->__construct(false, 'http://www.cong...')
#1 /home/eventodigital/public_html/api_controlAccesos/system/CodeIgniter.php(832): App\Controllers\RestController->create()
#2 /home/eventodigital/public_html/api_controlAccesos/system/CodeIgniter.php(419): CodeIgniter\CodeIgniter->runController(Object(App\Controllers\RestController))
#3 /home/eventodigital/public_html/api_controlAccesos/system/CodeIgniter.php(326): CodeIgniter\CodeIgniter->handleRequest(NULL, Object(Config\Cache), false)
#4 /home/eventodigital/public_html/api_controlAccesos/public/index.php(37): CodeIgniter\CodeIgniter->run()
#5 {main}
CRITICAL - 2022-10-20 11:27:40 --> Class 'App\Libraries\Exception' not found
#0 /home/eventodigital/public_html/api_controlAccesos/app/Controllers/RestController.php(164): App\Libraries\vCard->__construct(false, '09')
#1 /home/eventodigital/public_html/api_controlAccesos/system/CodeIgniter.php(832): App\Controllers\RestController->create()
#2 /home/eventodigital/public_html/api_controlAccesos/system/CodeIgniter.php(419): CodeIgniter\CodeIgniter->runController(Object(App\Controllers\RestController))
#3 /home/eventodigital/public_html/api_controlAccesos/system/CodeIgniter.php(326): CodeIgniter\CodeIgniter->handleRequest(NULL, Object(Config\Cache), false)
#4 /home/eventodigital/public_html/api_controlAccesos/public/index.php(37): CodeIgniter\CodeIgniter->run()
#5 {main}
CRITICAL - 2022-10-20 11:28:28 --> Class 'App\Libraries\Exception' not found
#0 /home/eventodigital/public_html/api_controlAccesos/app/Controllers/RestController.php(164): App\Libraries\vCard->__construct(false, '08618191')
#1 /home/eventodigital/public_html/api_controlAccesos/system/CodeIgniter.php(832): App\Controllers\RestController->create()
#2 /home/eventodigital/public_html/api_controlAccesos/system/CodeIgniter.php(419): CodeIgniter\CodeIgniter->runController(Object(App\Controllers\RestController))
#3 /home/eventodigital/public_html/api_controlAccesos/system/CodeIgniter.php(326): CodeIgniter\CodeIgniter->handleRequest(NULL, Object(Config\Cache), false)
#4 /home/eventodigital/public_html/api_controlAccesos/public/index.php(37): CodeIgniter\CodeIgniter->run()
#5 {main}
CRITICAL - 2022-10-20 11:30:02 --> Class 'App\Libraries\Exception' not found
#0 /home/eventodigital/public_html/api_controlAccesos/app/Controllers/RestController.php(164): App\Libraries\vCard->__construct(false, '\xEF\xBB\xBFBEGIN:VCARD\n...')
#1 /home/eventodigital/public_html/api_controlAccesos/system/CodeIgniter.php(832): App\Controllers\RestController->create()
#2 /home/eventodigital/public_html/api_controlAccesos/system/CodeIgniter.php(419): CodeIgniter\CodeIgniter->runController(Object(App\Controllers\RestController))
#3 /home/eventodigital/public_html/api_controlAccesos/system/CodeIgniter.php(326): CodeIgniter\CodeIgniter->handleRequest(NULL, Object(Config\Cache), false)
#4 /home/eventodigital/public_html/api_controlAccesos/public/index.php(37): CodeIgniter\CodeIgniter->run()
#5 {main}
CRITICAL - 2022-10-20 11:31:09 --> Class 'App\Libraries\Exception' not found
#0 /home/eventodigital/public_html/api_controlAccesos/app/Controllers/RestController.php(164): App\Libraries\vCard->__construct(false, '03797860')
#1 /home/eventodigital/public_html/api_controlAccesos/system/CodeIgniter.php(832): App\Controllers\RestController->create()
#2 /home/eventodigital/public_html/api_controlAccesos/system/CodeIgniter.php(419): CodeIgniter\CodeIgniter->runController(Object(App\Controllers\RestController))
#3 /home/eventodigital/public_html/api_controlAccesos/system/CodeIgniter.php(326): CodeIgniter\CodeIgniter->handleRequest(NULL, Object(Config\Cache), false)
#4 /home/eventodigital/public_html/api_controlAccesos/public/index.php(37): CodeIgniter\CodeIgniter->run()
#5 {main}
CRITICAL - 2022-10-20 11:31:29 --> Class 'App\Libraries\Exception' not found
#0 /home/eventodigital/public_html/api_controlAccesos/app/Controllers/RestController.php(164): App\Libraries\vCard->__construct(false, '13057333')
#1 /home/eventodigital/public_html/api_controlAccesos/system/CodeIgniter.php(832): App\Controllers\RestController->create()
#2 /home/eventodigital/public_html/api_controlAccesos/system/CodeIgniter.php(419): CodeIgniter\CodeIgniter->runController(Object(App\Controllers\RestController))
#3 /home/eventodigital/public_html/api_controlAccesos/system/CodeIgniter.php(326): CodeIgniter\CodeIgniter->handleRequest(NULL, Object(Config\Cache), false)
#4 /home/eventodigital/public_html/api_controlAccesos/public/index.php(37): CodeIgniter\CodeIgniter->run()
#5 {main}
CRITICAL - 2022-10-20 11:32:06 --> Class 'App\Libraries\Exception' not found
#0 /home/eventodigital/public_html/api_controlAccesos/app/Controllers/RestController.php(164): App\Libraries\vCard->__construct(false, '11274801')
#1 /home/eventodigital/public_html/api_controlAccesos/system/CodeIgniter.php(832): App\Controllers\RestController->create()
#2 /home/eventodigital/public_html/api_controlAccesos/system/CodeIgniter.php(419): CodeIgniter\CodeIgniter->runController(Object(App\Controllers\RestController))
#3 /home/eventodigital/public_html/api_controlAccesos/system/CodeIgniter.php(326): CodeIgniter\CodeIgniter->handleRequest(NULL, Object(Config\Cache), false)
#4 /home/eventodigital/public_html/api_controlAccesos/public/index.php(37): CodeIgniter\CodeIgniter->run()
#5 {main}
CRITICAL - 2022-10-20 11:32:25 --> Class 'App\Libraries\Exception' not found
#0 /home/eventodigital/public_html/api_controlAccesos/app/Controllers/RestController.php(164): App\Libraries\vCard->__construct(false, '21739323')
#1 /home/eventodigital/public_html/api_controlAccesos/system/CodeIgniter.php(832): App\Controllers\RestController->create()
#2 /home/eventodigital/public_html/api_controlAccesos/system/CodeIgniter.php(419): CodeIgniter\CodeIgniter->runController(Object(App\Controllers\RestController))
#3 /home/eventodigital/public_html/api_controlAccesos/system/CodeIgniter.php(326): CodeIgniter\CodeIgniter->handleRequest(NULL, Object(Config\Cache), false)
#4 /home/eventodigital/public_html/api_controlAccesos/public/index.php(37): CodeIgniter\CodeIgniter->run()
#5 {main}
CRITICAL - 2022-10-20 11:35:24 --> Class 'App\Libraries\Exception' not found
#0 /home/eventodigital/public_html/api_controlAccesos/app/Controllers/RestController.php(164): App\Libraries\vCard->__construct(false, '09395398')
#1 /home/eventodigital/public_html/api_controlAccesos/system/CodeIgniter.php(832): App\Controllers\RestController->create()
#2 /home/eventodigital/public_html/api_controlAccesos/system/CodeIgniter.php(419): CodeIgniter\CodeIgniter->runController(Object(App\Controllers\RestController))
#3 /home/eventodigital/public_html/api_controlAccesos/system/CodeIgniter.php(326): CodeIgniter\CodeIgniter->handleRequest(NULL, Object(Config\Cache), false)
#4 /home/eventodigital/public_html/api_controlAccesos/public/index.php(37): CodeIgniter\CodeIgniter->run()
#5 {main}
CRITICAL - 2022-10-20 11:45:16 --> Class 'App\Libraries\Exception' not found
#0 /home/eventodigital/public_html/api_controlAccesos/app/Controllers/RestController.php(164): App\Libraries\vCard->__construct(false, '19613101')
#1 /home/eventodigital/public_html/api_controlAccesos/system/CodeIgniter.php(832): App\Controllers\RestController->create()
#2 /home/eventodigital/public_html/api_controlAccesos/system/CodeIgniter.php(419): CodeIgniter\CodeIgniter->runController(Object(App\Controllers\RestController))
#3 /home/eventodigital/public_html/api_controlAccesos/system/CodeIgniter.php(326): CodeIgniter\CodeIgniter->handleRequest(NULL, Object(Config\Cache), false)
#4 /home/eventodigital/public_html/api_controlAccesos/public/index.php(37): CodeIgniter\CodeIgniter->run()
#5 {main}
CRITICAL - 2022-10-20 11:45:20 --> Class 'App\Libraries\Exception' not found
#0 /home/eventodigital/public_html/api_controlAccesos/app/Controllers/RestController.php(164): App\Libraries\vCard->__construct(false, '19613101')
#1 /home/eventodigital/public_html/api_controlAccesos/system/CodeIgniter.php(832): App\Controllers\RestController->create()
#2 /home/eventodigital/public_html/api_controlAccesos/system/CodeIgniter.php(419): CodeIgniter\CodeIgniter->runController(Object(App\Controllers\RestController))
#3 /home/eventodigital/public_html/api_controlAccesos/system/CodeIgniter.php(326): CodeIgniter\CodeIgniter->handleRequest(NULL, Object(Config\Cache), false)
#4 /home/eventodigital/public_html/api_controlAccesos/public/index.php(37): CodeIgniter\CodeIgniter->run()
#5 {main}
CRITICAL - 2022-10-20 11:45:21 --> Class 'App\Libraries\Exception' not found
#0 /home/eventodigital/public_html/api_controlAccesos/app/Controllers/RestController.php(164): App\Libraries\vCard->__construct(false, '16198730')
#1 /home/eventodigital/public_html/api_controlAccesos/system/CodeIgniter.php(832): App\Controllers\RestController->create()
#2 /home/eventodigital/public_html/api_controlAccesos/system/CodeIgniter.php(419): CodeIgniter\CodeIgniter->runController(Object(App\Controllers\RestController))
#3 /home/eventodigital/public_html/api_controlAccesos/system/CodeIgniter.php(326): CodeIgniter\CodeIgniter->handleRequest(NULL, Object(Config\Cache), false)
#4 /home/eventodigital/public_html/api_controlAccesos/public/index.php(37): CodeIgniter\CodeIgniter->run()
#5 {main}
CRITICAL - 2022-10-20 11:46:01 --> Class 'App\Libraries\Exception' not found
#0 /home/eventodigital/public_html/api_controlAccesos/app/Controllers/RestController.php(164): App\Libraries\vCard->__construct(false, '14634931')
#1 /home/eventodigital/public_html/api_controlAccesos/system/CodeIgniter.php(832): App\Controllers\RestController->create()
#2 /home/eventodigital/public_html/api_controlAccesos/system/CodeIgniter.php(419): CodeIgniter\CodeIgniter->runController(Object(App\Controllers\RestController))
#3 /home/eventodigital/public_html/api_controlAccesos/system/CodeIgniter.php(326): CodeIgniter\CodeIgniter->handleRequest(NULL, Object(Config\Cache), false)
#4 /home/eventodigital/public_html/api_controlAccesos/public/index.php(37): CodeIgniter\CodeIgniter->run()
#5 {main}
CRITICAL - 2022-10-20 11:46:08 --> Class 'App\Libraries\Exception' not found
#0 /home/eventodigital/public_html/api_controlAccesos/app/Controllers/RestController.php(164): App\Libraries\vCard->__construct(false, '01011197')
#1 /home/eventodigital/public_html/api_controlAccesos/system/CodeIgniter.php(832): App\Controllers\RestController->create()
#2 /home/eventodigital/public_html/api_controlAccesos/system/CodeIgniter.php(419): CodeIgniter\CodeIgniter->runController(Object(App\Controllers\RestController))
#3 /home/eventodigital/public_html/api_controlAccesos/system/CodeIgniter.php(326): CodeIgniter\CodeIgniter->handleRequest(NULL, Object(Config\Cache), false)
#4 /home/eventodigital/public_html/api_controlAccesos/public/index.php(37): CodeIgniter\CodeIgniter->run()
#5 {main}
CRITICAL - 2022-10-20 11:47:59 --> Class 'App\Libraries\Exception' not found
#0 /home/eventodigital/public_html/api_controlAccesos/app/Controllers/RestController.php(164): App\Libraries\vCard->__construct(false, '13153489')
#1 /home/eventodigital/public_html/api_controlAccesos/system/CodeIgniter.php(832): App\Controllers\RestController->create()
#2 /home/eventodigital/public_html/api_controlAccesos/system/CodeIgniter.php(419): CodeIgniter\CodeIgniter->runController(Object(App\Controllers\RestController))
#3 /home/eventodigital/public_html/api_controlAccesos/system/CodeIgniter.php(326): CodeIgniter\CodeIgniter->handleRequest(NULL, Object(Config\Cache), false)
#4 /home/eventodigital/public_html/api_controlAccesos/public/index.php(37): CodeIgniter\CodeIgniter->run()
#5 {main}
CRITICAL - 2022-10-20 11:48:20 --> Class 'App\Libraries\Exception' not found
#0 /home/eventodigital/public_html/api_controlAccesos/app/Controllers/RestController.php(164): App\Libraries\vCard->__construct(false, '01503098')
#1 /home/eventodigital/public_html/api_controlAccesos/system/CodeIgniter.php(832): App\Controllers\RestController->create()
#2 /home/eventodigital/public_html/api_controlAccesos/system/CodeIgniter.php(419): CodeIgniter\CodeIgniter->runController(Object(App\Controllers\RestController))
#3 /home/eventodigital/public_html/api_controlAccesos/system/CodeIgniter.php(326): CodeIgniter\CodeIgniter->handleRequest(NULL, Object(Config\Cache), false)
#4 /home/eventodigital/public_html/api_controlAccesos/public/index.php(37): CodeIgniter\CodeIgniter->run()
#5 {main}
CRITICAL - 2022-10-20 11:49:24 --> Class 'App\Libraries\Exception' not found
#0 /home/eventodigital/public_html/api_controlAccesos/app/Controllers/RestController.php(164): App\Libraries\vCard->__construct(false, '28874874')
#1 /home/eventodigital/public_html/api_controlAccesos/system/CodeIgniter.php(832): App\Controllers\RestController->create()
#2 /home/eventodigital/public_html/api_controlAccesos/system/CodeIgniter.php(419): CodeIgniter\CodeIgniter->runController(Object(App\Controllers\RestController))
#3 /home/eventodigital/public_html/api_controlAccesos/system/CodeIgniter.php(326): CodeIgniter\CodeIgniter->handleRequest(NULL, Object(Config\Cache), false)
#4 /home/eventodigital/public_html/api_controlAccesos/public/index.php(37): CodeIgniter\CodeIgniter->run()
#5 {main}
CRITICAL - 2022-10-20 11:51:40 --> Class 'App\Libraries\Exception' not found
#0 /home/eventodigital/public_html/api_controlAccesos/app/Controllers/RestController.php(164): App\Libraries\vCard->__construct(false, '15321844')
#1 /home/eventodigital/public_html/api_controlAccesos/system/CodeIgniter.php(832): App\Controllers\RestController->create()
#2 /home/eventodigital/public_html/api_controlAccesos/system/CodeIgniter.php(419): CodeIgniter\CodeIgniter->runController(Object(App\Controllers\RestController))
#3 /home/eventodigital/public_html/api_controlAccesos/system/CodeIgniter.php(326): CodeIgniter\CodeIgniter->handleRequest(NULL, Object(Config\Cache), false)
#4 /home/eventodigital/public_html/api_controlAccesos/public/index.php(37): CodeIgniter\CodeIgniter->run()
#5 {main}
CRITICAL - 2022-10-20 11:53:04 --> Class 'App\Libraries\Exception' not found
#0 /home/eventodigital/public_html/api_controlAccesos/app/Controllers/RestController.php(164): App\Libraries\vCard->__construct(false, '11197140')
#1 /home/eventodigital/public_html/api_controlAccesos/system/CodeIgniter.php(832): App\Controllers\RestController->create()
#2 /home/eventodigital/public_html/api_controlAccesos/system/CodeIgniter.php(419): CodeIgniter\CodeIgniter->runController(Object(App\Controllers\RestController))
#3 /home/eventodigital/public_html/api_controlAccesos/system/CodeIgniter.php(326): CodeIgniter\CodeIgniter->handleRequest(NULL, Object(Config\Cache), false)
#4 /home/eventodigital/public_html/api_controlAccesos/public/index.php(37): CodeIgniter\CodeIgniter->run()
#5 {main}
CRITICAL - 2022-10-20 11:55:14 --> Class 'App\Libraries\Exception' not found
#0 /home/eventodigital/public_html/api_controlAccesos/app/Controllers/RestController.php(164): App\Libraries\vCard->__construct(false, '10132827')
#1 /home/eventodigital/public_html/api_controlAccesos/system/CodeIgniter.php(832): App\Controllers\RestController->create()
#2 /home/eventodigital/public_html/api_controlAccesos/system/CodeIgniter.php(419): CodeIgniter\CodeIgniter->runController(Object(App\Controllers\RestController))
#3 /home/eventodigital/public_html/api_controlAccesos/system/CodeIgniter.php(326): CodeIgniter\CodeIgniter->handleRequest(NULL, Object(Config\Cache), false)
#4 /home/eventodigital/public_html/api_controlAccesos/public/index.php(37): CodeIgniter\CodeIgniter->run()
#5 {main}
CRITICAL - 2022-10-20 11:57:48 --> Class 'App\Libraries\Exception' not found
#0 /home/eventodigital/public_html/api_controlAccesos/app/Controllers/RestController.php(164): App\Libraries\vCard->__construct(false, '09260771')
#1 /home/eventodigital/public_html/api_controlAccesos/system/CodeIgniter.php(832): App\Controllers\RestController->create()
#2 /home/eventodigital/public_html/api_controlAccesos/system/CodeIgniter.php(419): CodeIgniter\CodeIgniter->runController(Object(App\Controllers\RestController))
#3 /home/eventodigital/public_html/api_controlAccesos/system/CodeIgniter.php(326): CodeIgniter\CodeIgniter->handleRequest(NULL, Object(Config\Cache), false)
#4 /home/eventodigital/public_html/api_controlAccesos/public/index.php(37): CodeIgniter\CodeIgniter->run()
#5 {main}
CRITICAL - 2022-10-20 11:59:22 --> Class 'App\Libraries\Exception' not found
#0 /home/eventodigital/public_html/api_controlAccesos/app/Controllers/RestController.php(164): App\Libraries\vCard->__construct(false, '02962214')
#1 /home/eventodigital/public_html/api_controlAccesos/system/CodeIgniter.php(832): App\Controllers\RestController->create()
#2 /home/eventodigital/public_html/api_controlAccesos/system/CodeIgniter.php(419): CodeIgniter\CodeIgniter->runController(Object(App\Controllers\RestController))
#3 /home/eventodigital/public_html/api_controlAccesos/system/CodeIgniter.php(326): CodeIgniter\CodeIgniter->handleRequest(NULL, Object(Config\Cache), false)
#4 /home/eventodigital/public_html/api_controlAccesos/public/index.php(37): CodeIgniter\CodeIgniter->run()
#5 {main}
CRITICAL - 2022-10-20 12:00:43 --> Class 'App\Libraries\Exception' not found
#0 /home/eventodigital/public_html/api_controlAccesos/app/Controllers/RestController.php(164): App\Libraries\vCard->__construct(false, '03561623')
#1 /home/eventodigital/public_html/api_controlAccesos/system/CodeIgniter.php(832): App\Controllers\RestController->create()
#2 /home/eventodigital/public_html/api_controlAccesos/system/CodeIgniter.php(419): CodeIgniter\CodeIgniter->runController(Object(App\Controllers\RestController))
#3 /home/eventodigital/public_html/api_controlAccesos/system/CodeIgniter.php(326): CodeIgniter\CodeIgniter->handleRequest(NULL, Object(Config\Cache), false)
#4 /home/eventodigital/public_html/api_controlAccesos/public/index.php(37): CodeIgniter\CodeIgniter->run()
#5 {main}
CRITICAL - 2022-10-20 12:00:57 --> Class 'App\Libraries\Exception' not found
#0 /home/eventodigital/public_html/api_controlAccesos/app/Controllers/RestController.php(164): App\Libraries\vCard->__construct(false, '05687480')
#1 /home/eventodigital/public_html/api_controlAccesos/system/CodeIgniter.php(832): App\Controllers\RestController->create()
#2 /home/eventodigital/public_html/api_controlAccesos/system/CodeIgniter.php(419): CodeIgniter\CodeIgniter->runController(Object(App\Controllers\RestController))
#3 /home/eventodigital/public_html/api_controlAccesos/system/CodeIgniter.php(326): CodeIgniter\CodeIgniter->handleRequest(NULL, Object(Config\Cache), false)
#4 /home/eventodigital/public_html/api_controlAccesos/public/index.php(37): CodeIgniter\CodeIgniter->run()
#5 {main}
CRITICAL - 2022-10-20 12:00:59 --> Class 'App\Libraries\Exception' not found
#0 /home/eventodigital/public_html/api_controlAccesos/app/Controllers/RestController.php(164): App\Libraries\vCard->__construct(false, '11209043')
#1 /home/eventodigital/public_html/api_controlAccesos/system/CodeIgniter.php(832): App\Controllers\RestController->create()
#2 /home/eventodigital/public_html/api_controlAccesos/system/CodeIgniter.php(419): CodeIgniter\CodeIgniter->runController(Object(App\Controllers\RestController))
#3 /home/eventodigital/public_html/api_controlAccesos/system/CodeIgniter.php(326): CodeIgniter\CodeIgniter->handleRequest(NULL, Object(Config\Cache), false)
#4 /home/eventodigital/public_html/api_controlAccesos/public/index.php(37): CodeIgniter\CodeIgniter->run()
#5 {main}
CRITICAL - 2022-10-20 12:02:50 --> Class 'App\Libraries\Exception' not found
#0 /home/eventodigital/public_html/api_controlAccesos/app/Controllers/RestController.php(164): App\Libraries\vCard->__construct(false, '24')
#1 /home/eventodigital/public_html/api_controlAccesos/system/CodeIgniter.php(832): App\Controllers\RestController->create()
#2 /home/eventodigital/public_html/api_controlAccesos/system/CodeIgniter.php(419): CodeIgniter\CodeIgniter->runController(Object(App\Controllers\RestController))
#3 /home/eventodigital/public_html/api_controlAccesos/system/CodeIgniter.php(326): CodeIgniter\CodeIgniter->handleRequest(NULL, Object(Config\Cache), false)
#4 /home/eventodigital/public_html/api_controlAccesos/public/index.php(37): CodeIgniter\CodeIgniter->run()
#5 {main}
CRITICAL - 2022-10-20 12:04:19 --> Class 'App\Libraries\Exception' not found
#0 /home/eventodigital/public_html/api_controlAccesos/app/Controllers/RestController.php(164): App\Libraries\vCard->__construct(false, '01267785')
#1 /home/eventodigital/public_html/api_controlAccesos/system/CodeIgniter.php(832): App\Controllers\RestController->create()
#2 /home/eventodigital/public_html/api_controlAccesos/system/CodeIgniter.php(419): CodeIgniter\CodeIgniter->runController(Object(App\Controllers\RestController))
#3 /home/eventodigital/public_html/api_controlAccesos/system/CodeIgniter.php(326): CodeIgniter\CodeIgniter->handleRequest(NULL, Object(Config\Cache), false)
#4 /home/eventodigital/public_html/api_controlAccesos/public/index.php(37): CodeIgniter\CodeIgniter->run()
#5 {main}
CRITICAL - 2022-10-20 12:06:30 --> Class 'App\Libraries\Exception' not found
#0 /home/eventodigital/public_html/api_controlAccesos/app/Controllers/RestController.php(164): App\Libraries\vCard->__construct(false, '01857177')
#1 /home/eventodigital/public_html/api_controlAccesos/system/CodeIgniter.php(832): App\Controllers\RestController->create()
#2 /home/eventodigital/public_html/api_controlAccesos/system/CodeIgniter.php(419): CodeIgniter\CodeIgniter->runController(Object(App\Controllers\RestController))
#3 /home/eventodigital/public_html/api_controlAccesos/system/CodeIgniter.php(326): CodeIgniter\CodeIgniter->handleRequest(NULL, Object(Config\Cache), false)
#4 /home/eventodigital/public_html/api_controlAccesos/public/index.php(37): CodeIgniter\CodeIgniter->run()
#5 {main}
CRITICAL - 2022-10-20 12:07:49 --> Class 'App\Libraries\Exception' not found
#0 /home/eventodigital/public_html/api_controlAccesos/app/Controllers/RestController.php(164): App\Libraries\vCard->__construct(false, '77353788')
#1 /home/eventodigital/public_html/api_controlAccesos/system/CodeIgniter.php(832): App\Controllers\RestController->create()
#2 /home/eventodigital/public_html/api_controlAccesos/system/CodeIgniter.php(419): CodeIgniter\CodeIgniter->runController(Object(App\Controllers\RestController))
#3 /home/eventodigital/public_html/api_controlAccesos/system/CodeIgniter.php(326): CodeIgniter\CodeIgniter->handleRequest(NULL, Object(Config\Cache), false)
#4 /home/eventodigital/public_html/api_controlAccesos/public/index.php(37): CodeIgniter\CodeIgniter->run()
#5 {main}
CRITICAL - 2022-10-20 12:09:35 --> Class 'App\Libraries\Exception' not found
#0 /home/eventodigital/public_html/api_controlAccesos/app/Controllers/RestController.php(164): App\Libraries\vCard->__construct(false, '06615581')
#1 /home/eventodigital/public_html/api_controlAccesos/system/CodeIgniter.php(832): App\Controllers\RestController->create()
#2 /home/eventodigital/public_html/api_controlAccesos/system/CodeIgniter.php(419): CodeIgniter\CodeIgniter->runController(Object(App\Controllers\RestController))
#3 /home/eventodigital/public_html/api_controlAccesos/system/CodeIgniter.php(326): CodeIgniter\CodeIgniter->handleRequest(NULL, Object(Config\Cache), false)
#4 /home/eventodigital/public_html/api_controlAccesos/public/index.php(37): CodeIgniter\CodeIgniter->run()
#5 {main}
CRITICAL - 2022-10-20 12:09:56 --> Class 'App\Libraries\Exception' not found
#0 /home/eventodigital/public_html/api_controlAccesos/app/Controllers/RestController.php(164): App\Libraries\vCard->__construct(false, '18222395')
#1 /home/eventodigital/public_html/api_controlAccesos/system/CodeIgniter.php(832): App\Controllers\RestController->create()
#2 /home/eventodigital/public_html/api_controlAccesos/system/CodeIgniter.php(419): CodeIgniter\CodeIgniter->runController(Object(App\Controllers\RestController))
#3 /home/eventodigital/public_html/api_controlAccesos/system/CodeIgniter.php(326): CodeIgniter\CodeIgniter->handleRequest(NULL, Object(Config\Cache), false)
#4 /home/eventodigital/public_html/api_controlAccesos/public/index.php(37): CodeIgniter\CodeIgniter->run()
#5 {main}
CRITICAL - 2022-10-20 12:10:58 --> Class 'App\Libraries\Exception' not found
#0 /home/eventodigital/public_html/api_controlAccesos/app/Controllers/RestController.php(164): App\Libraries\vCard->__construct(false, '08805096')
#1 /home/eventodigital/public_html/api_controlAccesos/system/CodeIgniter.php(832): App\Controllers\RestController->create()
#2 /home/eventodigital/public_html/api_controlAccesos/system/CodeIgniter.php(419): CodeIgniter\CodeIgniter->runController(Object(App\Controllers\RestController))
#3 /home/eventodigital/public_html/api_controlAccesos/system/CodeIgniter.php(326): CodeIgniter\CodeIgniter->handleRequest(NULL, Object(Config\Cache), false)
#4 /home/eventodigital/public_html/api_controlAccesos/public/index.php(37): CodeIgniter\CodeIgniter->run()
#5 {main}
CRITICAL - 2022-10-20 12:13:35 --> Class 'App\Libraries\Exception' not found
#0 /home/eventodigital/public_html/api_controlAccesos/app/Controllers/RestController.php(164): App\Libraries\vCard->__construct(false, '02280271')
#1 /home/eventodigital/public_html/api_controlAccesos/system/CodeIgniter.php(832): App\Controllers\RestController->create()
#2 /home/eventodigital/public_html/api_controlAccesos/system/CodeIgniter.php(419): CodeIgniter\CodeIgniter->runController(Object(App\Controllers\RestController))
#3 /home/eventodigital/public_html/api_controlAccesos/system/CodeIgniter.php(326): CodeIgniter\CodeIgniter->handleRequest(NULL, Object(Config\Cache), false)
#4 /home/eventodigital/public_html/api_controlAccesos/public/index.php(37): CodeIgniter\CodeIgniter->run()
#5 {main}
CRITICAL - 2022-10-20 12:14:27 --> Class 'App\Libraries\Exception' not found
#0 /home/eventodigital/public_html/api_controlAccesos/app/Controllers/RestController.php(164): App\Libraries\vCard->__construct(false, '15753241')
#1 /home/eventodigital/public_html/api_controlAccesos/system/CodeIgniter.php(832): App\Controllers\RestController->create()
#2 /home/eventodigital/public_html/api_controlAccesos/system/CodeIgniter.php(419): CodeIgniter\CodeIgniter->runController(Object(App\Controllers\RestController))
#3 /home/eventodigital/public_html/api_controlAccesos/system/CodeIgniter.php(326): CodeIgniter\CodeIgniter->handleRequest(NULL, Object(Config\Cache), false)
#4 /home/eventodigital/public_html/api_controlAccesos/public/index.php(37): CodeIgniter\CodeIgniter->run()
#5 {main}
CRITICAL - 2022-10-20 12:14:48 --> Class 'App\Libraries\Exception' not found
#0 /home/eventodigital/public_html/api_controlAccesos/app/Controllers/RestController.php(164): App\Libraries\vCard->__construct(false, '02257125')
#1 /home/eventodigital/public_html/api_controlAccesos/system/CodeIgniter.php(832): App\Controllers\RestController->create()
#2 /home/eventodigital/public_html/api_controlAccesos/system/CodeIgniter.php(419): CodeIgniter\CodeIgniter->runController(Object(App\Controllers\RestController))
#3 /home/eventodigital/public_html/api_controlAccesos/system/CodeIgniter.php(326): CodeIgniter\CodeIgniter->handleRequest(NULL, Object(Config\Cache), false)
#4 /home/eventodigital/public_html/api_controlAccesos/public/index.php(37): CodeIgniter\CodeIgniter->run()
#5 {main}
CRITICAL - 2022-10-20 12:14:50 --> Class 'App\Libraries\Exception' not found
#0 /home/eventodigital/public_html/api_controlAccesos/app/Controllers/RestController.php(164): App\Libraries\vCard->__construct(false, '14637698')
#1 /home/eventodigital/public_html/api_controlAccesos/system/CodeIgniter.php(832): App\Controllers\RestController->create()
#2 /home/eventodigital/public_html/api_controlAccesos/system/CodeIgniter.php(419): CodeIgniter\CodeIgniter->runController(Object(App\Controllers\RestController))
#3 /home/eventodigital/public_html/api_controlAccesos/system/CodeIgniter.php(326): CodeIgniter\CodeIgniter->handleRequest(NULL, Object(Config\Cache), false)
#4 /home/eventodigital/public_html/api_controlAccesos/public/index.php(37): CodeIgniter\CodeIgniter->run()
#5 {main}
CRITICAL - 2022-10-20 12:15:23 --> Class 'App\Libraries\Exception' not found
#0 /home/eventodigital/public_html/api_controlAccesos/app/Controllers/RestController.php(164): App\Libraries\vCard->__construct(false, '14678137')
#1 /home/eventodigital/public_html/api_controlAccesos/system/CodeIgniter.php(832): App\Controllers\RestController->create()
#2 /home/eventodigital/public_html/api_controlAccesos/system/CodeIgniter.php(419): CodeIgniter\CodeIgniter->runController(Object(App\Controllers\RestController))
#3 /home/eventodigital/public_html/api_controlAccesos/system/CodeIgniter.php(326): CodeIgniter\CodeIgniter->handleRequest(NULL, Object(Config\Cache), false)
#4 /home/eventodigital/public_html/api_controlAccesos/public/index.php(37): CodeIgniter\CodeIgniter->run()
#5 {main}
CRITICAL - 2022-10-20 12:15:49 --> Class 'App\Libraries\Exception' not found
#0 /home/eventodigital/public_html/api_controlAccesos/app/Controllers/RestController.php(164): App\Libraries\vCard->__construct(false, '16651715')
#1 /home/eventodigital/public_html/api_controlAccesos/system/CodeIgniter.php(832): App\Controllers\RestController->create()
#2 /home/eventodigital/public_html/api_controlAccesos/system/CodeIgniter.php(419): CodeIgniter\CodeIgniter->runController(Object(App\Controllers\RestController))
#3 /home/eventodigital/public_html/api_controlAccesos/system/CodeIgniter.php(326): CodeIgniter\CodeIgniter->handleRequest(NULL, Object(Config\Cache), false)
#4 /home/eventodigital/public_html/api_controlAccesos/public/index.php(37): CodeIgniter\CodeIgniter->run()
#5 {main}
CRITICAL - 2022-10-20 12:16:30 --> Class 'App\Libraries\Exception' not found
#0 /home/eventodigital/public_html/api_controlAccesos/app/Controllers/RestController.php(164): App\Libraries\vCard->__construct(false, '11810155')
#1 /home/eventodigital/public_html/api_controlAccesos/system/CodeIgniter.php(832): App\Controllers\RestController->create()
#2 /home/eventodigital/public_html/api_controlAccesos/system/CodeIgniter.php(419): CodeIgniter\CodeIgniter->runController(Object(App\Controllers\RestController))
#3 /home/eventodigital/public_html/api_controlAccesos/system/CodeIgniter.php(326): CodeIgniter\CodeIgniter->handleRequest(NULL, Object(Config\Cache), false)
#4 /home/eventodigital/public_html/api_controlAccesos/public/index.php(37): CodeIgniter\CodeIgniter->run()
#5 {main}
CRITICAL - 2022-10-20 12:17:13 --> Class 'App\Libraries\Exception' not found
#0 /home/eventodigital/public_html/api_controlAccesos/app/Controllers/RestController.php(164): App\Libraries\vCard->__construct(false, '12887019')
#1 /home/eventodigital/public_html/api_controlAccesos/system/CodeIgniter.php(832): App\Controllers\RestController->create()
#2 /home/eventodigital/public_html/api_controlAccesos/system/CodeIgniter.php(419): CodeIgniter\CodeIgniter->runController(Object(App\Controllers\RestController))
#3 /home/eventodigital/public_html/api_controlAccesos/system/CodeIgniter.php(326): CodeIgniter\CodeIgniter->handleRequest(NULL, Object(Config\Cache), false)
#4 /home/eventodigital/public_html/api_controlAccesos/public/index.php(37): CodeIgniter\CodeIgniter->run()
#5 {main}
CRITICAL - 2022-10-20 12:17:57 --> Class 'App\Libraries\Exception' not found
#0 /home/eventodigital/public_html/api_controlAccesos/app/Controllers/RestController.php(164): App\Libraries\vCard->__construct(false, '02123234')
#1 /home/eventodigital/public_html/api_controlAccesos/system/CodeIgniter.php(832): App\Controllers\RestController->create()
#2 /home/eventodigital/public_html/api_controlAccesos/system/CodeIgniter.php(419): CodeIgniter\CodeIgniter->runController(Object(App\Controllers\RestController))
#3 /home/eventodigital/public_html/api_controlAccesos/system/CodeIgniter.php(326): CodeIgniter\CodeIgniter->handleRequest(NULL, Object(Config\Cache), false)
#4 /home/eventodigital/public_html/api_controlAccesos/public/index.php(37): CodeIgniter\CodeIgniter->run()
#5 {main}
CRITICAL - 2022-10-20 12:20:23 --> Class 'App\Libraries\Exception' not found
#0 /home/eventodigital/public_html/api_controlAccesos/app/Controllers/RestController.php(164): App\Libraries\vCard->__construct(false, 'http://www.cong...')
#1 /home/eventodigital/public_html/api_controlAccesos/system/CodeIgniter.php(832): App\Controllers\RestController->create()
#2 /home/eventodigital/public_html/api_controlAccesos/system/CodeIgniter.php(419): CodeIgniter\CodeIgniter->runController(Object(App\Controllers\RestController))
#3 /home/eventodigital/public_html/api_controlAccesos/system/CodeIgniter.php(326): CodeIgniter\CodeIgniter->handleRequest(NULL, Object(Config\Cache), false)
#4 /home/eventodigital/public_html/api_controlAccesos/public/index.php(37): CodeIgniter\CodeIgniter->run()
#5 {main}
CRITICAL - 2022-10-20 12:21:13 --> Class 'App\Libraries\Exception' not found
#0 /home/eventodigital/public_html/api_controlAccesos/app/Controllers/RestController.php(164): App\Libraries\vCard->__construct(false, '01483666')
#1 /home/eventodigital/public_html/api_controlAccesos/system/CodeIgniter.php(832): App\Controllers\RestController->create()
#2 /home/eventodigital/public_html/api_controlAccesos/system/CodeIgniter.php(419): CodeIgniter\CodeIgniter->runController(Object(App\Controllers\RestController))
#3 /home/eventodigital/public_html/api_controlAccesos/system/CodeIgniter.php(326): CodeIgniter\CodeIgniter->handleRequest(NULL, Object(Config\Cache), false)
#4 /home/eventodigital/public_html/api_controlAccesos/public/index.php(37): CodeIgniter\CodeIgniter->run()
#5 {main}
CRITICAL - 2022-10-20 12:21:19 --> Class 'App\Libraries\Exception' not found
#0 /home/eventodigital/public_html/api_controlAccesos/app/Controllers/RestController.php(164): App\Libraries\vCard->__construct(false, '02194402')
#1 /home/eventodigital/public_html/api_controlAccesos/system/CodeIgniter.php(832): App\Controllers\RestController->create()
#2 /home/eventodigital/public_html/api_controlAccesos/system/CodeIgniter.php(419): CodeIgniter\CodeIgniter->runController(Object(App\Controllers\RestController))
#3 /home/eventodigital/public_html/api_controlAccesos/system/CodeIgniter.php(326): CodeIgniter\CodeIgniter->handleRequest(NULL, Object(Config\Cache), false)
#4 /home/eventodigital/public_html/api_controlAccesos/public/index.php(37): CodeIgniter\CodeIgniter->run()
#5 {main}
CRITICAL - 2022-10-20 12:25:45 --> Class 'App\Libraries\Exception' not found
#0 /home/eventodigital/public_html/api_controlAccesos/app/Controllers/RestController.php(164): App\Libraries\vCard->__construct(false, '08896889')
#1 /home/eventodigital/public_html/api_controlAccesos/system/CodeIgniter.php(832): App\Controllers\RestController->create()
#2 /home/eventodigital/public_html/api_controlAccesos/system/CodeIgniter.php(419): CodeIgniter\CodeIgniter->runController(Object(App\Controllers\RestController))
#3 /home/eventodigital/public_html/api_controlAccesos/system/CodeIgniter.php(326): CodeIgniter\CodeIgniter->handleRequest(NULL, Object(Config\Cache), false)
#4 /home/eventodigital/public_html/api_controlAccesos/public/index.php(37): CodeIgniter\CodeIgniter->run()
#5 {main}
CRITICAL - 2022-10-20 12:25:46 --> Class 'App\Libraries\Exception' not found
#0 /home/eventodigital/public_html/api_controlAccesos/app/Controllers/RestController.php(164): App\Libraries\vCard->__construct(false, '16727465')
#1 /home/eventodigital/public_html/api_controlAccesos/system/CodeIgniter.php(832): App\Controllers\RestController->create()
#2 /home/eventodigital/public_html/api_controlAccesos/system/CodeIgniter.php(419): CodeIgniter\CodeIgniter->runController(Object(App\Controllers\RestController))
#3 /home/eventodigital/public_html/api_controlAccesos/system/CodeIgniter.php(326): CodeIgniter\CodeIgniter->handleRequest(NULL, Object(Config\Cache), false)
#4 /home/eventodigital/public_html/api_controlAccesos/public/index.php(37): CodeIgniter\CodeIgniter->run()
#5 {main}
CRITICAL - 2022-10-20 12:26:57 --> Class 'App\Libraries\Exception' not found
#0 /home/eventodigital/public_html/api_controlAccesos/app/Controllers/RestController.php(164): App\Libraries\vCard->__construct(false, '17670838')
#1 /home/eventodigital/public_html/api_controlAccesos/system/CodeIgniter.php(832): App\Controllers\RestController->create()
#2 /home/eventodigital/public_html/api_controlAccesos/system/CodeIgniter.php(419): CodeIgniter\CodeIgniter->runController(Object(App\Controllers\RestController))
#3 /home/eventodigital/public_html/api_controlAccesos/system/CodeIgniter.php(326): CodeIgniter\CodeIgniter->handleRequest(NULL, Object(Config\Cache), false)
#4 /home/eventodigital/public_html/api_controlAccesos/public/index.php(37): CodeIgniter\CodeIgniter->run()
#5 {main}
CRITICAL - 2022-10-20 12:27:11 --> Class 'App\Libraries\Exception' not found
#0 /home/eventodigital/public_html/api_controlAccesos/app/Controllers/RestController.php(164): App\Libraries\vCard->__construct(false, '02640648')
#1 /home/eventodigital/public_html/api_controlAccesos/system/CodeIgniter.php(832): App\Controllers\RestController->create()
#2 /home/eventodigital/public_html/api_controlAccesos/system/CodeIgniter.php(419): CodeIgniter\CodeIgniter->runController(Object(App\Controllers\RestController))
#3 /home/eventodigital/public_html/api_controlAccesos/system/CodeIgniter.php(326): CodeIgniter\CodeIgniter->handleRequest(NULL, Object(Config\Cache), false)
#4 /home/eventodigital/public_html/api_controlAccesos/public/index.php(37): CodeIgniter\CodeIgniter->run()
#5 {main}
CRITICAL - 2022-10-20 12:29:15 --> Class 'App\Libraries\Exception' not found
#0 /home/eventodigital/public_html/api_controlAccesos/app/Controllers/RestController.php(164): App\Libraries\vCard->__construct(false, '07181566')
#1 /home/eventodigital/public_html/api_controlAccesos/system/CodeIgniter.php(832): App\Controllers\RestController->create()
#2 /home/eventodigital/public_html/api_controlAccesos/system/CodeIgniter.php(419): CodeIgniter\CodeIgniter->runController(Object(App\Controllers\RestController))
#3 /home/eventodigital/public_html/api_controlAccesos/system/CodeIgniter.php(326): CodeIgniter\CodeIgniter->handleRequest(NULL, Object(Config\Cache), false)
#4 /home/eventodigital/public_html/api_controlAccesos/public/index.php(37): CodeIgniter\CodeIgniter->run()
#5 {main}
CRITICAL - 2022-10-20 12:29:16 --> Class 'App\Libraries\Exception' not found
#0 /home/eventodigital/public_html/api_controlAccesos/app/Controllers/RestController.php(164): App\Libraries\vCard->__construct(false, '19325725')
#1 /home/eventodigital/public_html/api_controlAccesos/system/CodeIgniter.php(832): App\Controllers\RestController->create()
#2 /home/eventodigital/public_html/api_controlAccesos/system/CodeIgniter.php(419): CodeIgniter\CodeIgniter->runController(Object(App\Controllers\RestController))
#3 /home/eventodigital/public_html/api_controlAccesos/system/CodeIgniter.php(326): CodeIgniter\CodeIgniter->handleRequest(NULL, Object(Config\Cache), false)
#4 /home/eventodigital/public_html/api_controlAccesos/public/index.php(37): CodeIgniter\CodeIgniter->run()
#5 {main}
CRITICAL - 2022-10-20 12:32:44 --> Class 'App\Libraries\Exception' not found
#0 /home/eventodigital/public_html/api_controlAccesos/app/Controllers/RestController.php(164): App\Libraries\vCard->__construct(false, 'http://www.cong...')
#1 /home/eventodigital/public_html/api_controlAccesos/system/CodeIgniter.php(832): App\Controllers\RestController->create()
#2 /home/eventodigital/public_html/api_controlAccesos/system/CodeIgniter.php(419): CodeIgniter\CodeIgniter->runController(Object(App\Controllers\RestController))
#3 /home/eventodigital/public_html/api_controlAccesos/system/CodeIgniter.php(326): CodeIgniter\CodeIgniter->handleRequest(NULL, Object(Config\Cache), false)
#4 /home/eventodigital/public_html/api_controlAccesos/public/index.php(37): CodeIgniter\CodeIgniter->run()
#5 {main}
CRITICAL - 2022-10-20 12:34:42 --> Class 'App\Libraries\Exception' not found
#0 /home/eventodigital/public_html/api_controlAccesos/app/Controllers/RestController.php(164): App\Libraries\vCard->__construct(false, '17248949')
#1 /home/eventodigital/public_html/api_controlAccesos/system/CodeIgniter.php(832): App\Controllers\RestController->create()
#2 /home/eventodigital/public_html/api_controlAccesos/system/CodeIgniter.php(419): CodeIgniter\CodeIgniter->runController(Object(App\Controllers\RestController))
#3 /home/eventodigital/public_html/api_controlAccesos/system/CodeIgniter.php(326): CodeIgniter\CodeIgniter->handleRequest(NULL, Object(Config\Cache), false)
#4 /home/eventodigital/public_html/api_controlAccesos/public/index.php(37): CodeIgniter\CodeIgniter->run()
#5 {main}
CRITICAL - 2022-10-20 12:35:38 --> Class 'App\Libraries\Exception' not found
#0 /home/eventodigital/public_html/api_controlAccesos/app/Controllers/RestController.php(164): App\Libraries\vCard->__construct(false, '07772845')
#1 /home/eventodigital/public_html/api_controlAccesos/system/CodeIgniter.php(832): App\Controllers\RestController->create()
#2 /home/eventodigital/public_html/api_controlAccesos/system/CodeIgniter.php(419): CodeIgniter\CodeIgniter->runController(Object(App\Controllers\RestController))
#3 /home/eventodigital/public_html/api_controlAccesos/system/CodeIgniter.php(326): CodeIgniter\CodeIgniter->handleRequest(NULL, Object(Config\Cache), false)
#4 /home/eventodigital/public_html/api_controlAccesos/public/index.php(37): CodeIgniter\CodeIgniter->run()
#5 {main}
CRITICAL - 2022-10-20 12:35:44 --> Class 'App\Libraries\Exception' not found
#0 /home/eventodigital/public_html/api_controlAccesos/app/Controllers/RestController.php(164): App\Libraries\vCard->__construct(false, '18878783')
#1 /home/eventodigital/public_html/api_controlAccesos/system/CodeIgniter.php(832): App\Controllers\RestController->create()
#2 /home/eventodigital/public_html/api_controlAccesos/system/CodeIgniter.php(419): CodeIgniter\CodeIgniter->runController(Object(App\Controllers\RestController))
#3 /home/eventodigital/public_html/api_controlAccesos/system/CodeIgniter.php(326): CodeIgniter\CodeIgniter->handleRequest(NULL, Object(Config\Cache), false)
#4 /home/eventodigital/public_html/api_controlAccesos/public/index.php(37): CodeIgniter\CodeIgniter->run()
#5 {main}
CRITICAL - 2022-10-20 12:36:51 --> Class 'App\Libraries\Exception' not found
#0 /home/eventodigital/public_html/api_controlAccesos/app/Controllers/RestController.php(164): App\Libraries\vCard->__construct(false, '19100227')
#1 /home/eventodigital/public_html/api_controlAccesos/system/CodeIgniter.php(832): App\Controllers\RestController->create()
#2 /home/eventodigital/public_html/api_controlAccesos/system/CodeIgniter.php(419): CodeIgniter\CodeIgniter->runController(Object(App\Controllers\RestController))
#3 /home/eventodigital/public_html/api_controlAccesos/system/CodeIgniter.php(326): CodeIgniter\CodeIgniter->handleRequest(NULL, Object(Config\Cache), false)
#4 /home/eventodigital/public_html/api_controlAccesos/public/index.php(37): CodeIgniter\CodeIgniter->run()
#5 {main}
CRITICAL - 2022-10-20 12:37:28 --> Class 'App\Libraries\Exception' not found
#0 /home/eventodigital/public_html/api_controlAccesos/app/Controllers/RestController.php(164): App\Libraries\vCard->__construct(false, '00342847')
#1 /home/eventodigital/public_html/api_controlAccesos/system/CodeIgniter.php(832): App\Controllers\RestController->create()
#2 /home/eventodigital/public_html/api_controlAccesos/system/CodeIgniter.php(419): CodeIgniter\CodeIgniter->runController(Object(App\Controllers\RestController))
#3 /home/eventodigital/public_html/api_controlAccesos/system/CodeIgniter.php(326): CodeIgniter\CodeIgniter->handleRequest(NULL, Object(Config\Cache), false)
#4 /home/eventodigital/public_html/api_controlAccesos/public/index.php(37): CodeIgniter\CodeIgniter->run()
#5 {main}
CRITICAL - 2022-10-20 12:40:40 --> Class 'App\Libraries\Exception' not found
#0 /home/eventodigital/public_html/api_controlAccesos/app/Controllers/RestController.php(164): App\Libraries\vCard->__construct(false, '01812169')
#1 /home/eventodigital/public_html/api_controlAccesos/system/CodeIgniter.php(832): App\Controllers\RestController->create()
#2 /home/eventodigital/public_html/api_controlAccesos/system/CodeIgniter.php(419): CodeIgniter\CodeIgniter->runController(Object(App\Controllers\RestController))
#3 /home/eventodigital/public_html/api_controlAccesos/system/CodeIgniter.php(326): CodeIgniter\CodeIgniter->handleRequest(NULL, Object(Config\Cache), false)
#4 /home/eventodigital/public_html/api_controlAccesos/public/index.php(37): CodeIgniter\CodeIgniter->run()
#5 {main}
CRITICAL - 2022-10-20 12:41:39 --> Class 'App\Libraries\Exception' not found
#0 /home/eventodigital/public_html/api_controlAccesos/app/Controllers/RestController.php(164): App\Libraries\vCard->__construct(false, '01611359')
#1 /home/eventodigital/public_html/api_controlAccesos/system/CodeIgniter.php(832): App\Controllers\RestController->create()
#2 /home/eventodigital/public_html/api_controlAccesos/system/CodeIgniter.php(419): CodeIgniter\CodeIgniter->runController(Object(App\Controllers\RestController))
#3 /home/eventodigital/public_html/api_controlAccesos/system/CodeIgniter.php(326): CodeIgniter\CodeIgniter->handleRequest(NULL, Object(Config\Cache), false)
#4 /home/eventodigital/public_html/api_controlAccesos/public/index.php(37): CodeIgniter\CodeIgniter->run()
#5 {main}
CRITICAL - 2022-10-20 12:45:42 --> Class 'App\Libraries\Exception' not found
#0 /home/eventodigital/public_html/api_controlAccesos/app/Controllers/RestController.php(164): App\Libraries\vCard->__construct(false, '17852212')
#1 /home/eventodigital/public_html/api_controlAccesos/system/CodeIgniter.php(832): App\Controllers\RestController->create()
#2 /home/eventodigital/public_html/api_controlAccesos/system/CodeIgniter.php(419): CodeIgniter\CodeIgniter->runController(Object(App\Controllers\RestController))
#3 /home/eventodigital/public_html/api_controlAccesos/system/CodeIgniter.php(326): CodeIgniter\CodeIgniter->handleRequest(NULL, Object(Config\Cache), false)
#4 /home/eventodigital/public_html/api_controlAccesos/public/index.php(37): CodeIgniter\CodeIgniter->run()
#5 {main}
CRITICAL - 2022-10-20 12:46:14 --> Class 'App\Libraries\Exception' not found
#0 /home/eventodigital/public_html/api_controlAccesos/app/Controllers/RestController.php(164): App\Libraries\vCard->__construct(false, '07821691')
#1 /home/eventodigital/public_html/api_controlAccesos/system/CodeIgniter.php(832): App\Controllers\RestController->create()
#2 /home/eventodigital/public_html/api_controlAccesos/system/CodeIgniter.php(419): CodeIgniter\CodeIgniter->runController(Object(App\Controllers\RestController))
#3 /home/eventodigital/public_html/api_controlAccesos/system/CodeIgniter.php(326): CodeIgniter\CodeIgniter->handleRequest(NULL, Object(Config\Cache), false)
#4 /home/eventodigital/public_html/api_controlAccesos/public/index.php(37): CodeIgniter\CodeIgniter->run()
#5 {main}
CRITICAL - 2022-10-20 12:46:52 --> Class 'App\Libraries\Exception' not found
#0 /home/eventodigital/public_html/api_controlAccesos/app/Controllers/RestController.php(164): App\Libraries\vCard->__construct(false, '14420641')
#1 /home/eventodigital/public_html/api_controlAccesos/system/CodeIgniter.php(832): App\Controllers\RestController->create()
#2 /home/eventodigital/public_html/api_controlAccesos/system/CodeIgniter.php(419): CodeIgniter\CodeIgniter->runController(Object(App\Controllers\RestController))
#3 /home/eventodigital/public_html/api_controlAccesos/system/CodeIgniter.php(326): CodeIgniter\CodeIgniter->handleRequest(NULL, Object(Config\Cache), false)
#4 /home/eventodigital/public_html/api_controlAccesos/public/index.php(37): CodeIgniter\CodeIgniter->run()
#5 {main}
CRITICAL - 2022-10-20 12:50:12 --> Class 'App\Libraries\Exception' not found
#0 /home/eventodigital/public_html/api_controlAccesos/app/Controllers/RestController.php(164): App\Libraries\vCard->__construct(false, '16661370')
#1 /home/eventodigital/public_html/api_controlAccesos/system/CodeIgniter.php(832): App\Controllers\RestController->create()
#2 /home/eventodigital/public_html/api_controlAccesos/system/CodeIgniter.php(419): CodeIgniter\CodeIgniter->runController(Object(App\Controllers\RestController))
#3 /home/eventodigital/public_html/api_controlAccesos/system/CodeIgniter.php(326): CodeIgniter\CodeIgniter->handleRequest(NULL, Object(Config\Cache), false)
#4 /home/eventodigital/public_html/api_controlAccesos/public/index.php(37): CodeIgniter\CodeIgniter->run()
#5 {main}
CRITICAL - 2022-10-20 12:50:57 --> Class 'App\Libraries\Exception' not found
#0 /home/eventodigital/public_html/api_controlAccesos/app/Controllers/RestController.php(164): App\Libraries\vCard->__construct(false, '00640893')
#1 /home/eventodigital/public_html/api_controlAccesos/system/CodeIgniter.php(832): App\Controllers\RestController->create()
#2 /home/eventodigital/public_html/api_controlAccesos/system/CodeIgniter.php(419): CodeIgniter\CodeIgniter->runController(Object(App\Controllers\RestController))
#3 /home/eventodigital/public_html/api_controlAccesos/system/CodeIgniter.php(326): CodeIgniter\CodeIgniter->handleRequest(NULL, Object(Config\Cache), false)
#4 /home/eventodigital/public_html/api_controlAccesos/public/index.php(37): CodeIgniter\CodeIgniter->run()
#5 {main}
CRITICAL - 2022-10-20 12:51:04 --> Class 'App\Libraries\Exception' not found
#0 /home/eventodigital/public_html/api_controlAccesos/app/Controllers/RestController.php(164): App\Libraries\vCard->__construct(false, '14431231')
#1 /home/eventodigital/public_html/api_controlAccesos/system/CodeIgniter.php(832): App\Controllers\RestController->create()
#2 /home/eventodigital/public_html/api_controlAccesos/system/CodeIgniter.php(419): CodeIgniter\CodeIgniter->runController(Object(App\Controllers\RestController))
#3 /home/eventodigital/public_html/api_controlAccesos/system/CodeIgniter.php(326): CodeIgniter\CodeIgniter->handleRequest(NULL, Object(Config\Cache), false)
#4 /home/eventodigital/public_html/api_controlAccesos/public/index.php(37): CodeIgniter\CodeIgniter->run()
#5 {main}
CRITICAL - 2022-10-20 12:53:16 --> Class 'App\Libraries\Exception' not found
#0 /home/eventodigital/public_html/api_controlAccesos/app/Controllers/RestController.php(164): App\Libraries\vCard->__construct(false, '00286992')
#1 /home/eventodigital/public_html/api_controlAccesos/system/CodeIgniter.php(832): App\Controllers\RestController->create()
#2 /home/eventodigital/public_html/api_controlAccesos/system/CodeIgniter.php(419): CodeIgniter\CodeIgniter->runController(Object(App\Controllers\RestController))
#3 /home/eventodigital/public_html/api_controlAccesos/system/CodeIgniter.php(326): CodeIgniter\CodeIgniter->handleRequest(NULL, Object(Config\Cache), false)
#4 /home/eventodigital/public_html/api_controlAccesos/public/index.php(37): CodeIgniter\CodeIgniter->run()
#5 {main}
CRITICAL - 2022-10-20 12:55:00 --> Class 'App\Libraries\Exception' not found
#0 /home/eventodigital/public_html/api_controlAccesos/app/Controllers/RestController.php(164): App\Libraries\vCard->__construct(false, '\xEF\xBB\xBFBEGIN:VCARD\n...')
#1 /home/eventodigital/public_html/api_controlAccesos/system/CodeIgniter.php(832): App\Controllers\RestController->create()
#2 /home/eventodigital/public_html/api_controlAccesos/system/CodeIgniter.php(419): CodeIgniter\CodeIgniter->runController(Object(App\Controllers\RestController))
#3 /home/eventodigital/public_html/api_controlAccesos/system/CodeIgniter.php(326): CodeIgniter\CodeIgniter->handleRequest(NULL, Object(Config\Cache), false)
#4 /home/eventodigital/public_html/api_controlAccesos/public/index.php(37): CodeIgniter\CodeIgniter->run()
#5 {main}
CRITICAL - 2022-10-20 12:55:07 --> Class 'App\Libraries\Exception' not found
#0 /home/eventodigital/public_html/api_controlAccesos/app/Controllers/RestController.php(164): App\Libraries\vCard->__construct(false, '\xEF\xBB\xBFBEGIN:VCARD\n...')
#1 /home/eventodigital/public_html/api_controlAccesos/system/CodeIgniter.php(832): App\Controllers\RestController->create()
#2 /home/eventodigital/public_html/api_controlAccesos/system/CodeIgniter.php(419): CodeIgniter\CodeIgniter->runController(Object(App\Controllers\RestController))
#3 /home/eventodigital/public_html/api_controlAccesos/system/CodeIgniter.php(326): CodeIgniter\CodeIgniter->handleRequest(NULL, Object(Config\Cache), false)
#4 /home/eventodigital/public_html/api_controlAccesos/public/index.php(37): CodeIgniter\CodeIgniter->run()
#5 {main}
CRITICAL - 2022-10-20 12:56:43 --> Class 'App\Libraries\Exception' not found
#0 /home/eventodigital/public_html/api_controlAccesos/app/Controllers/RestController.php(164): App\Libraries\vCard->__construct(false, '02811574')
#1 /home/eventodigital/public_html/api_controlAccesos/system/CodeIgniter.php(832): App\Controllers\RestController->create()
#2 /home/eventodigital/public_html/api_controlAccesos/system/CodeIgniter.php(419): CodeIgniter\CodeIgniter->runController(Object(App\Controllers\RestController))
#3 /home/eventodigital/public_html/api_controlAccesos/system/CodeIgniter.php(326): CodeIgniter\CodeIgniter->handleRequest(NULL, Object(Config\Cache), false)
#4 /home/eventodigital/public_html/api_controlAccesos/public/index.php(37): CodeIgniter\CodeIgniter->run()
#5 {main}
CRITICAL - 2022-10-20 12:59:19 --> Class 'App\Libraries\Exception' not found
#0 /home/eventodigital/public_html/api_controlAccesos/app/Controllers/RestController.php(164): App\Libraries\vCard->__construct(false, '00685748')
#1 /home/eventodigital/public_html/api_controlAccesos/system/CodeIgniter.php(832): App\Controllers\RestController->create()
#2 /home/eventodigital/public_html/api_controlAccesos/system/CodeIgniter.php(419): CodeIgniter\CodeIgniter->runController(Object(App\Controllers\RestController))
#3 /home/eventodigital/public_html/api_controlAccesos/system/CodeIgniter.php(326): CodeIgniter\CodeIgniter->handleRequest(NULL, Object(Config\Cache), false)
#4 /home/eventodigital/public_html/api_controlAccesos/public/index.php(37): CodeIgniter\CodeIgniter->run()
#5 {main}
CRITICAL - 2022-10-20 13:00:43 --> Class 'App\Libraries\Exception' not found
#0 /home/eventodigital/public_html/api_controlAccesos/app/Controllers/RestController.php(164): App\Libraries\vCard->__construct(false, '16476914')
#1 /home/eventodigital/public_html/api_controlAccesos/system/CodeIgniter.php(832): App\Controllers\RestController->create()
#2 /home/eventodigital/public_html/api_controlAccesos/system/CodeIgniter.php(419): CodeIgniter\CodeIgniter->runController(Object(App\Controllers\RestController))
#3 /home/eventodigital/public_html/api_controlAccesos/system/CodeIgniter.php(326): CodeIgniter\CodeIgniter->handleRequest(NULL, Object(Config\Cache), false)
#4 /home/eventodigital/public_html/api_controlAccesos/public/index.php(37): CodeIgniter\CodeIgniter->run()
#5 {main}
CRITICAL - 2022-10-20 13:00:44 --> Class 'App\Libraries\Exception' not found
#0 /home/eventodigital/public_html/api_controlAccesos/app/Controllers/RestController.php(164): App\Libraries\vCard->__construct(false, '18141031')
#1 /home/eventodigital/public_html/api_controlAccesos/system/CodeIgniter.php(832): App\Controllers\RestController->create()
#2 /home/eventodigital/public_html/api_controlAccesos/system/CodeIgniter.php(419): CodeIgniter\CodeIgniter->runController(Object(App\Controllers\RestController))
#3 /home/eventodigital/public_html/api_controlAccesos/system/CodeIgniter.php(326): CodeIgniter\CodeIgniter->handleRequest(NULL, Object(Config\Cache), false)
#4 /home/eventodigital/public_html/api_controlAccesos/public/index.php(37): CodeIgniter\CodeIgniter->run()
#5 {main}
CRITICAL - 2022-10-20 13:06:52 --> Class 'App\Libraries\Exception' not found
#0 /home/eventodigital/public_html/api_controlAccesos/app/Controllers/RestController.php(164): App\Libraries\vCard->__construct(false, '11751300')
#1 /home/eventodigital/public_html/api_controlAccesos/system/CodeIgniter.php(832): App\Controllers\RestController->create()
#2 /home/eventodigital/public_html/api_controlAccesos/system/CodeIgniter.php(419): CodeIgniter\CodeIgniter->runController(Object(App\Controllers\RestController))
#3 /home/eventodigital/public_html/api_controlAccesos/system/CodeIgniter.php(326): CodeIgniter\CodeIgniter->handleRequest(NULL, Object(Config\Cache), false)
#4 /home/eventodigital/public_html/api_controlAccesos/public/index.php(37): CodeIgniter\CodeIgniter->run()
#5 {main}
CRITICAL - 2022-10-20 13:09:50 --> Class 'App\Libraries\Exception' not found
#0 /home/eventodigital/public_html/api_controlAccesos/app/Controllers/RestController.php(164): App\Libraries\vCard->__construct(false, '03147184')
#1 /home/eventodigital/public_html/api_controlAccesos/system/CodeIgniter.php(832): App\Controllers\RestController->create()
#2 /home/eventodigital/public_html/api_controlAccesos/system/CodeIgniter.php(419): CodeIgniter\CodeIgniter->runController(Object(App\Controllers\RestController))
#3 /home/eventodigital/public_html/api_controlAccesos/system/CodeIgniter.php(326): CodeIgniter\CodeIgniter->handleRequest(NULL, Object(Config\Cache), false)
#4 /home/eventodigital/public_html/api_controlAccesos/public/index.php(37): CodeIgniter\CodeIgniter->run()
#5 {main}
CRITICAL - 2022-10-20 13:12:55 --> Class 'App\Libraries\Exception' not found
#0 /home/eventodigital/public_html/api_controlAccesos/app/Controllers/RestController.php(164): App\Libraries\vCard->__construct(false, '18366046')
#1 /home/eventodigital/public_html/api_controlAccesos/system/CodeIgniter.php(832): App\Controllers\RestController->create()
#2 /home/eventodigital/public_html/api_controlAccesos/system/CodeIgniter.php(419): CodeIgniter\CodeIgniter->runController(Object(App\Controllers\RestController))
#3 /home/eventodigital/public_html/api_controlAccesos/system/CodeIgniter.php(326): CodeIgniter\CodeIgniter->handleRequest(NULL, Object(Config\Cache), false)
#4 /home/eventodigital/public_html/api_controlAccesos/public/index.php(37): CodeIgniter\CodeIgniter->run()
#5 {main}
CRITICAL - 2022-10-20 13:14:08 --> Class 'App\Libraries\Exception' not found
#0 /home/eventodigital/public_html/api_controlAccesos/app/Controllers/RestController.php(164): App\Libraries\vCard->__construct(false, 'https://play.go...')
#1 /home/eventodigital/public_html/api_controlAccesos/system/CodeIgniter.php(832): App\Controllers\RestController->create()
#2 /home/eventodigital/public_html/api_controlAccesos/system/CodeIgniter.php(419): CodeIgniter\CodeIgniter->runController(Object(App\Controllers\RestController))
#3 /home/eventodigital/public_html/api_controlAccesos/system/CodeIgniter.php(326): CodeIgniter\CodeIgniter->handleRequest(NULL, Object(Config\Cache), false)
#4 /home/eventodigital/public_html/api_controlAccesos/public/index.php(37): CodeIgniter\CodeIgniter->run()
#5 {main}
CRITICAL - 2022-10-20 13:15:22 --> Class 'App\Libraries\Exception' not found
#0 /home/eventodigital/public_html/api_controlAccesos/app/Controllers/RestController.php(164): App\Libraries\vCard->__construct(false, 'https://play.go...')
#1 /home/eventodigital/public_html/api_controlAccesos/system/CodeIgniter.php(832): App\Controllers\RestController->create()
#2 /home/eventodigital/public_html/api_controlAccesos/system/CodeIgniter.php(419): CodeIgniter\CodeIgniter->runController(Object(App\Controllers\RestController))
#3 /home/eventodigital/public_html/api_controlAccesos/system/CodeIgniter.php(326): CodeIgniter\CodeIgniter->handleRequest(NULL, Object(Config\Cache), false)
#4 /home/eventodigital/public_html/api_controlAccesos/public/index.php(37): CodeIgniter\CodeIgniter->run()
#5 {main}
CRITICAL - 2022-10-20 13:16:13 --> Class 'App\Libraries\Exception' not found
#0 /home/eventodigital/public_html/api_controlAccesos/app/Controllers/RestController.php(164): App\Libraries\vCard->__construct(false, '18182149')
#1 /home/eventodigital/public_html/api_controlAccesos/system/CodeIgniter.php(832): App\Controllers\RestController->create()
#2 /home/eventodigital/public_html/api_controlAccesos/system/CodeIgniter.php(419): CodeIgniter\CodeIgniter->runController(Object(App\Controllers\RestController))
#3 /home/eventodigital/public_html/api_controlAccesos/system/CodeIgniter.php(326): CodeIgniter\CodeIgniter->handleRequest(NULL, Object(Config\Cache), false)
#4 /home/eventodigital/public_html/api_controlAccesos/public/index.php(37): CodeIgniter\CodeIgniter->run()
#5 {main}
CRITICAL - 2022-10-20 13:17:20 --> Class 'App\Libraries\Exception' not found
#0 /home/eventodigital/public_html/api_controlAccesos/app/Controllers/RestController.php(164): App\Libraries\vCard->__construct(false, '06893737')
#1 /home/eventodigital/public_html/api_controlAccesos/system/CodeIgniter.php(832): App\Controllers\RestController->create()
#2 /home/eventodigital/public_html/api_controlAccesos/system/CodeIgniter.php(419): CodeIgniter\CodeIgniter->runController(Object(App\Controllers\RestController))
#3 /home/eventodigital/public_html/api_controlAccesos/system/CodeIgniter.php(326): CodeIgniter\CodeIgniter->handleRequest(NULL, Object(Config\Cache), false)
#4 /home/eventodigital/public_html/api_controlAccesos/public/index.php(37): CodeIgniter\CodeIgniter->run()
#5 {main}
CRITICAL - 2022-10-20 13:17:27 --> Class 'App\Libraries\Exception' not found
#0 /home/eventodigital/public_html/api_controlAccesos/app/Controllers/RestController.php(164): App\Libraries\vCard->__construct(false, '19054865')
#1 /home/eventodigital/public_html/api_controlAccesos/system/CodeIgniter.php(832): App\Controllers\RestController->create()
#2 /home/eventodigital/public_html/api_controlAccesos/system/CodeIgniter.php(419): CodeIgniter\CodeIgniter->runController(Object(App\Controllers\RestController))
#3 /home/eventodigital/public_html/api_controlAccesos/system/CodeIgniter.php(326): CodeIgniter\CodeIgniter->handleRequest(NULL, Object(Config\Cache), false)
#4 /home/eventodigital/public_html/api_controlAccesos/public/index.php(37): CodeIgniter\CodeIgniter->run()
#5 {main}
CRITICAL - 2022-10-20 13:18:18 --> Class 'App\Libraries\Exception' not found
#0 /home/eventodigital/public_html/api_controlAccesos/app/Controllers/RestController.php(164): App\Libraries\vCard->__construct(false, '12051151')
#1 /home/eventodigital/public_html/api_controlAccesos/system/CodeIgniter.php(832): App\Controllers\RestController->create()
#2 /home/eventodigital/public_html/api_controlAccesos/system/CodeIgniter.php(419): CodeIgniter\CodeIgniter->runController(Object(App\Controllers\RestController))
#3 /home/eventodigital/public_html/api_controlAccesos/system/CodeIgniter.php(326): CodeIgniter\CodeIgniter->handleRequest(NULL, Object(Config\Cache), false)
#4 /home/eventodigital/public_html/api_controlAccesos/public/index.php(37): CodeIgniter\CodeIgniter->run()
#5 {main}
CRITICAL - 2022-10-20 13:18:28 --> Class 'App\Libraries\Exception' not found
#0 /home/eventodigital/public_html/api_controlAccesos/app/Controllers/RestController.php(164): App\Libraries\vCard->__construct(false, '19266282')
#1 /home/eventodigital/public_html/api_controlAccesos/system/CodeIgniter.php(832): App\Controllers\RestController->create()
#2 /home/eventodigital/public_html/api_controlAccesos/system/CodeIgniter.php(419): CodeIgniter\CodeIgniter->runController(Object(App\Controllers\RestController))
#3 /home/eventodigital/public_html/api_controlAccesos/system/CodeIgniter.php(326): CodeIgniter\CodeIgniter->handleRequest(NULL, Object(Config\Cache), false)
#4 /home/eventodigital/public_html/api_controlAccesos/public/index.php(37): CodeIgniter\CodeIgniter->run()
#5 {main}
CRITICAL - 2022-10-20 13:18:41 --> Class 'App\Libraries\Exception' not found
#0 /home/eventodigital/public_html/api_controlAccesos/app/Controllers/RestController.php(164): App\Libraries\vCard->__construct(false, '08356383')
#1 /home/eventodigital/public_html/api_controlAccesos/system/CodeIgniter.php(832): App\Controllers\RestController->create()
#2 /home/eventodigital/public_html/api_controlAccesos/system/CodeIgniter.php(419): CodeIgniter\CodeIgniter->runController(Object(App\Controllers\RestController))
#3 /home/eventodigital/public_html/api_controlAccesos/system/CodeIgniter.php(326): CodeIgniter\CodeIgniter->handleRequest(NULL, Object(Config\Cache), false)
#4 /home/eventodigital/public_html/api_controlAccesos/public/index.php(37): CodeIgniter\CodeIgniter->run()
#5 {main}
CRITICAL - 2022-10-20 13:20:10 --> Class 'App\Libraries\Exception' not found
#0 /home/eventodigital/public_html/api_controlAccesos/app/Controllers/RestController.php(164): App\Libraries\vCard->__construct(false, '03270620')
#1 /home/eventodigital/public_html/api_controlAccesos/system/CodeIgniter.php(832): App\Controllers\RestController->create()
#2 /home/eventodigital/public_html/api_controlAccesos/system/CodeIgniter.php(419): CodeIgniter\CodeIgniter->runController(Object(App\Controllers\RestController))
#3 /home/eventodigital/public_html/api_controlAccesos/system/CodeIgniter.php(326): CodeIgniter\CodeIgniter->handleRequest(NULL, Object(Config\Cache), false)
#4 /home/eventodigital/public_html/api_controlAccesos/public/index.php(37): CodeIgniter\CodeIgniter->run()
#5 {main}
CRITICAL - 2022-10-20 13:20:15 --> Class 'App\Libraries\Exception' not found
#0 /home/eventodigital/public_html/api_controlAccesos/app/Controllers/RestController.php(164): App\Libraries\vCard->__construct(false, '18311240')
#1 /home/eventodigital/public_html/api_controlAccesos/system/CodeIgniter.php(832): App\Controllers\RestController->create()
#2 /home/eventodigital/public_html/api_controlAccesos/system/CodeIgniter.php(419): CodeIgniter\CodeIgniter->runController(Object(App\Controllers\RestController))
#3 /home/eventodigital/public_html/api_controlAccesos/system/CodeIgniter.php(326): CodeIgniter\CodeIgniter->handleRequest(NULL, Object(Config\Cache), false)
#4 /home/eventodigital/public_html/api_controlAccesos/public/index.php(37): CodeIgniter\CodeIgniter->run()
#5 {main}
CRITICAL - 2022-10-20 13:20:22 --> Class 'App\Libraries\Exception' not found
#0 /home/eventodigital/public_html/api_controlAccesos/app/Controllers/RestController.php(164): App\Libraries\vCard->__construct(false, '\xEF\xBB\xBFBEGIN:VCARD\n...')
#1 /home/eventodigital/public_html/api_controlAccesos/system/CodeIgniter.php(832): App\Controllers\RestController->create()
#2 /home/eventodigital/public_html/api_controlAccesos/system/CodeIgniter.php(419): CodeIgniter\CodeIgniter->runController(Object(App\Controllers\RestController))
#3 /home/eventodigital/public_html/api_controlAccesos/system/CodeIgniter.php(326): CodeIgniter\CodeIgniter->handleRequest(NULL, Object(Config\Cache), false)
#4 /home/eventodigital/public_html/api_controlAccesos/public/index.php(37): CodeIgniter\CodeIgniter->run()
#5 {main}
CRITICAL - 2022-10-20 13:20:22 --> Class 'App\Libraries\Exception' not found
#0 /home/eventodigital/public_html/api_controlAccesos/app/Controllers/RestController.php(164): App\Libraries\vCard->__construct(false, '13835965')
#1 /home/eventodigital/public_html/api_controlAccesos/system/CodeIgniter.php(832): App\Controllers\RestController->create()
#2 /home/eventodigital/public_html/api_controlAccesos/system/CodeIgniter.php(419): CodeIgniter\CodeIgniter->runController(Object(App\Controllers\RestController))
#3 /home/eventodigital/public_html/api_controlAccesos/system/CodeIgniter.php(326): CodeIgniter\CodeIgniter->handleRequest(NULL, Object(Config\Cache), false)
#4 /home/eventodigital/public_html/api_controlAccesos/public/index.php(37): CodeIgniter\CodeIgniter->run()
#5 {main}
CRITICAL - 2022-10-20 13:21:20 --> Class 'App\Libraries\Exception' not found
#0 /home/eventodigital/public_html/api_controlAccesos/app/Controllers/RestController.php(164): App\Libraries\vCard->__construct(false, '00594165')
#1 /home/eventodigital/public_html/api_controlAccesos/system/CodeIgniter.php(832): App\Controllers\RestController->create()
#2 /home/eventodigital/public_html/api_controlAccesos/system/CodeIgniter.php(419): CodeIgniter\CodeIgniter->runController(Object(App\Controllers\RestController))
#3 /home/eventodigital/public_html/api_controlAccesos/system/CodeIgniter.php(326): CodeIgniter\CodeIgniter->handleRequest(NULL, Object(Config\Cache), false)
#4 /home/eventodigital/public_html/api_controlAccesos/public/index.php(37): CodeIgniter\CodeIgniter->run()
#5 {main}
CRITICAL - 2022-10-20 13:21:39 --> Class 'App\Libraries\Exception' not found
#0 /home/eventodigital/public_html/api_controlAccesos/app/Controllers/RestController.php(164): App\Libraries\vCard->__construct(false, '01507164')
#1 /home/eventodigital/public_html/api_controlAccesos/system/CodeIgniter.php(832): App\Controllers\RestController->create()
#2 /home/eventodigital/public_html/api_controlAccesos/system/CodeIgniter.php(419): CodeIgniter\CodeIgniter->runController(Object(App\Controllers\RestController))
#3 /home/eventodigital/public_html/api_controlAccesos/system/CodeIgniter.php(326): CodeIgniter\CodeIgniter->handleRequest(NULL, Object(Config\Cache), false)
#4 /home/eventodigital/public_html/api_controlAccesos/public/index.php(37): CodeIgniter\CodeIgniter->run()
#5 {main}
CRITICAL - 2022-10-20 13:21:41 --> Class 'App\Libraries\Exception' not found
#0 /home/eventodigital/public_html/api_controlAccesos/app/Controllers/RestController.php(164): App\Libraries\vCard->__construct(false, '06363796')
#1 /home/eventodigital/public_html/api_controlAccesos/system/CodeIgniter.php(832): App\Controllers\RestController->create()
#2 /home/eventodigital/public_html/api_controlAccesos/system/CodeIgniter.php(419): CodeIgniter\CodeIgniter->runController(Object(App\Controllers\RestController))
#3 /home/eventodigital/public_html/api_controlAccesos/system/CodeIgniter.php(326): CodeIgniter\CodeIgniter->handleRequest(NULL, Object(Config\Cache), false)
#4 /home/eventodigital/public_html/api_controlAccesos/public/index.php(37): CodeIgniter\CodeIgniter->run()
#5 {main}
CRITICAL - 2022-10-20 13:22:38 --> Class 'App\Libraries\Exception' not found
#0 /home/eventodigital/public_html/api_controlAccesos/app/Controllers/RestController.php(164): App\Libraries\vCard->__construct(false, '00133346')
#1 /home/eventodigital/public_html/api_controlAccesos/system/CodeIgniter.php(832): App\Controllers\RestController->create()
#2 /home/eventodigital/public_html/api_controlAccesos/system/CodeIgniter.php(419): CodeIgniter\CodeIgniter->runController(Object(App\Controllers\RestController))
#3 /home/eventodigital/public_html/api_controlAccesos/system/CodeIgniter.php(326): CodeIgniter\CodeIgniter->handleRequest(NULL, Object(Config\Cache), false)
#4 /home/eventodigital/public_html/api_controlAccesos/public/index.php(37): CodeIgniter\CodeIgniter->run()
#5 {main}
CRITICAL - 2022-10-20 13:23:50 --> Class 'App\Libraries\Exception' not found
#0 /home/eventodigital/public_html/api_controlAccesos/app/Controllers/RestController.php(164): App\Libraries\vCard->__construct(false, '18608130')
#1 /home/eventodigital/public_html/api_controlAccesos/system/CodeIgniter.php(832): App\Controllers\RestController->create()
#2 /home/eventodigital/public_html/api_controlAccesos/system/CodeIgniter.php(419): CodeIgniter\CodeIgniter->runController(Object(App\Controllers\RestController))
#3 /home/eventodigital/public_html/api_controlAccesos/system/CodeIgniter.php(326): CodeIgniter\CodeIgniter->handleRequest(NULL, Object(Config\Cache), false)
#4 /home/eventodigital/public_html/api_controlAccesos/public/index.php(37): CodeIgniter\CodeIgniter->run()
#5 {main}
CRITICAL - 2022-10-20 13:25:38 --> Class 'App\Libraries\Exception' not found
#0 /home/eventodigital/public_html/api_controlAccesos/app/Controllers/RestController.php(164): App\Libraries\vCard->__construct(false, '02536644')
#1 /home/eventodigital/public_html/api_controlAccesos/system/CodeIgniter.php(832): App\Controllers\RestController->create()
#2 /home/eventodigital/public_html/api_controlAccesos/system/CodeIgniter.php(419): CodeIgniter\CodeIgniter->runController(Object(App\Controllers\RestController))
#3 /home/eventodigital/public_html/api_controlAccesos/system/CodeIgniter.php(326): CodeIgniter\CodeIgniter->handleRequest(NULL, Object(Config\Cache), false)
#4 /home/eventodigital/public_html/api_controlAccesos/public/index.php(37): CodeIgniter\CodeIgniter->run()
#5 {main}
CRITICAL - 2022-10-20 13:26:14 --> Class 'App\Libraries\Exception' not found
#0 /home/eventodigital/public_html/api_controlAccesos/app/Controllers/RestController.php(164): App\Libraries\vCard->__construct(false, '03171817')
#1 /home/eventodigital/public_html/api_controlAccesos/system/CodeIgniter.php(832): App\Controllers\RestController->create()
#2 /home/eventodigital/public_html/api_controlAccesos/system/CodeIgniter.php(419): CodeIgniter\CodeIgniter->runController(Object(App\Controllers\RestController))
#3 /home/eventodigital/public_html/api_controlAccesos/system/CodeIgniter.php(326): CodeIgniter\CodeIgniter->handleRequest(NULL, Object(Config\Cache), false)
#4 /home/eventodigital/public_html/api_controlAccesos/public/index.php(37): CodeIgniter\CodeIgniter->run()
#5 {main}
CRITICAL - 2022-10-20 13:27:56 --> Class 'App\Libraries\Exception' not found
#0 /home/eventodigital/public_html/api_controlAccesos/app/Controllers/RestController.php(164): App\Libraries\vCard->__construct(false, '12470488')
#1 /home/eventodigital/public_html/api_controlAccesos/system/CodeIgniter.php(832): App\Controllers\RestController->create()
#2 /home/eventodigital/public_html/api_controlAccesos/system/CodeIgniter.php(419): CodeIgniter\CodeIgniter->runController(Object(App\Controllers\RestController))
#3 /home/eventodigital/public_html/api_controlAccesos/system/CodeIgniter.php(326): CodeIgniter\CodeIgniter->handleRequest(NULL, Object(Config\Cache), false)
#4 /home/eventodigital/public_html/api_controlAccesos/public/index.php(37): CodeIgniter\CodeIgniter->run()
#5 {main}
CRITICAL - 2022-10-20 13:28:21 --> Class 'App\Libraries\Exception' not found
#0 /home/eventodigital/public_html/api_controlAccesos/app/Controllers/RestController.php(164): App\Libraries\vCard->__construct(false, '10706794')
#1 /home/eventodigital/public_html/api_controlAccesos/system/CodeIgniter.php(832): App\Controllers\RestController->create()
#2 /home/eventodigital/public_html/api_controlAccesos/system/CodeIgniter.php(419): CodeIgniter\CodeIgniter->runController(Object(App\Controllers\RestController))
#3 /home/eventodigital/public_html/api_controlAccesos/system/CodeIgniter.php(326): CodeIgniter\CodeIgniter->handleRequest(NULL, Object(Config\Cache), false)
#4 /home/eventodigital/public_html/api_controlAccesos/public/index.php(37): CodeIgniter\CodeIgniter->run()
#5 {main}
CRITICAL - 2022-10-20 13:32:38 --> Class 'App\Libraries\Exception' not found
#0 /home/eventodigital/public_html/api_controlAccesos/app/Controllers/RestController.php(164): App\Libraries\vCard->__construct(false, '06729172')
#1 /home/eventodigital/public_html/api_controlAccesos/system/CodeIgniter.php(832): App\Controllers\RestController->create()
#2 /home/eventodigital/public_html/api_controlAccesos/system/CodeIgniter.php(419): CodeIgniter\CodeIgniter->runController(Object(App\Controllers\RestController))
#3 /home/eventodigital/public_html/api_controlAccesos/system/CodeIgniter.php(326): CodeIgniter\CodeIgniter->handleRequest(NULL, Object(Config\Cache), false)
#4 /home/eventodigital/public_html/api_controlAccesos/public/index.php(37): CodeIgniter\CodeIgniter->run()
#5 {main}
CRITICAL - 2022-10-20 13:34:05 --> Class 'App\Libraries\Exception' not found
#0 /home/eventodigital/public_html/api_controlAccesos/app/Controllers/RestController.php(164): App\Libraries\vCard->__construct(false, '12612260')
#1 /home/eventodigital/public_html/api_controlAccesos/system/CodeIgniter.php(832): App\Controllers\RestController->create()
#2 /home/eventodigital/public_html/api_controlAccesos/system/CodeIgniter.php(419): CodeIgniter\CodeIgniter->runController(Object(App\Controllers\RestController))
#3 /home/eventodigital/public_html/api_controlAccesos/system/CodeIgniter.php(326): CodeIgniter\CodeIgniter->handleRequest(NULL, Object(Config\Cache), false)
#4 /home/eventodigital/public_html/api_controlAccesos/public/index.php(37): CodeIgniter\CodeIgniter->run()
#5 {main}
CRITICAL - 2022-10-20 13:34:08 --> Class 'App\Libraries\Exception' not found
#0 /home/eventodigital/public_html/api_controlAccesos/app/Controllers/RestController.php(164): App\Libraries\vCard->__construct(false, '18106602')
#1 /home/eventodigital/public_html/api_controlAccesos/system/CodeIgniter.php(832): App\Controllers\RestController->create()
#2 /home/eventodigital/public_html/api_controlAccesos/system/CodeIgniter.php(419): CodeIgniter\CodeIgniter->runController(Object(App\Controllers\RestController))
#3 /home/eventodigital/public_html/api_controlAccesos/system/CodeIgniter.php(326): CodeIgniter\CodeIgniter->handleRequest(NULL, Object(Config\Cache), false)
#4 /home/eventodigital/public_html/api_controlAccesos/public/index.php(37): CodeIgniter\CodeIgniter->run()
#5 {main}
CRITICAL - 2022-10-20 13:35:08 --> Class 'App\Libraries\Exception' not found
#0 /home/eventodigital/public_html/api_controlAccesos/app/Controllers/RestController.php(164): App\Libraries\vCard->__construct(false, '18894333')
#1 /home/eventodigital/public_html/api_controlAccesos/system/CodeIgniter.php(832): App\Controllers\RestController->create()
#2 /home/eventodigital/public_html/api_controlAccesos/system/CodeIgniter.php(419): CodeIgniter\CodeIgniter->runController(Object(App\Controllers\RestController))
#3 /home/eventodigital/public_html/api_controlAccesos/system/CodeIgniter.php(326): CodeIgniter\CodeIgniter->handleRequest(NULL, Object(Config\Cache), false)
#4 /home/eventodigital/public_html/api_controlAccesos/public/index.php(37): CodeIgniter\CodeIgniter->run()
#5 {main}
CRITICAL - 2022-10-20 13:38:11 --> Class 'App\Libraries\Exception' not found
#0 /home/eventodigital/public_html/api_controlAccesos/app/Controllers/RestController.php(164): App\Libraries\vCard->__construct(false, '10691656')
#1 /home/eventodigital/public_html/api_controlAccesos/system/CodeIgniter.php(832): App\Controllers\RestController->create()
#2 /home/eventodigital/public_html/api_controlAccesos/system/CodeIgniter.php(419): CodeIgniter\CodeIgniter->runController(Object(App\Controllers\RestController))
#3 /home/eventodigital/public_html/api_controlAccesos/system/CodeIgniter.php(326): CodeIgniter\CodeIgniter->handleRequest(NULL, Object(Config\Cache), false)
#4 /home/eventodigital/public_html/api_controlAccesos/public/index.php(37): CodeIgniter\CodeIgniter->run()
#5 {main}
CRITICAL - 2022-10-20 13:44:37 --> Class 'App\Libraries\Exception' not found
#0 /home/eventodigital/public_html/api_controlAccesos/app/Controllers/RestController.php(164): App\Libraries\vCard->__construct(false, '08641700')
#1 /home/eventodigital/public_html/api_controlAccesos/system/CodeIgniter.php(832): App\Controllers\RestController->create()
#2 /home/eventodigital/public_html/api_controlAccesos/system/CodeIgniter.php(419): CodeIgniter\CodeIgniter->runController(Object(App\Controllers\RestController))
#3 /home/eventodigital/public_html/api_controlAccesos/system/CodeIgniter.php(326): CodeIgniter\CodeIgniter->handleRequest(NULL, Object(Config\Cache), false)
#4 /home/eventodigital/public_html/api_controlAccesos/public/index.php(37): CodeIgniter\CodeIgniter->run()
#5 {main}
CRITICAL - 2022-10-20 13:45:03 --> Class 'App\Libraries\Exception' not found
#0 /home/eventodigital/public_html/api_controlAccesos/app/Controllers/RestController.php(164): App\Libraries\vCard->__construct(false, '16271818')
#1 /home/eventodigital/public_html/api_controlAccesos/system/CodeIgniter.php(832): App\Controllers\RestController->create()
#2 /home/eventodigital/public_html/api_controlAccesos/system/CodeIgniter.php(419): CodeIgniter\CodeIgniter->runController(Object(App\Controllers\RestController))
#3 /home/eventodigital/public_html/api_controlAccesos/system/CodeIgniter.php(326): CodeIgniter\CodeIgniter->handleRequest(NULL, Object(Config\Cache), false)
#4 /home/eventodigital/public_html/api_controlAccesos/public/index.php(37): CodeIgniter\CodeIgniter->run()
#5 {main}
CRITICAL - 2022-10-20 13:45:34 --> Class 'App\Libraries\Exception' not found
#0 /home/eventodigital/public_html/api_controlAccesos/app/Controllers/RestController.php(164): App\Libraries\vCard->__construct(false, '17861670')
#1 /home/eventodigital/public_html/api_controlAccesos/system/CodeIgniter.php(832): App\Controllers\RestController->create()
#2 /home/eventodigital/public_html/api_controlAccesos/system/CodeIgniter.php(419): CodeIgniter\CodeIgniter->runController(Object(App\Controllers\RestController))
#3 /home/eventodigital/public_html/api_controlAccesos/system/CodeIgniter.php(326): CodeIgniter\CodeIgniter->handleRequest(NULL, Object(Config\Cache), false)
#4 /home/eventodigital/public_html/api_controlAccesos/public/index.php(37): CodeIgniter\CodeIgniter->run()
#5 {main}
CRITICAL - 2022-10-20 13:46:09 --> Class 'App\Libraries\Exception' not found
#0 /home/eventodigital/public_html/api_controlAccesos/app/Controllers/RestController.php(164): App\Libraries\vCard->__construct(false, '16955034')
#1 /home/eventodigital/public_html/api_controlAccesos/system/CodeIgniter.php(832): App\Controllers\RestController->create()
#2 /home/eventodigital/public_html/api_controlAccesos/system/CodeIgniter.php(419): CodeIgniter\CodeIgniter->runController(Object(App\Controllers\RestController))
#3 /home/eventodigital/public_html/api_controlAccesos/system/CodeIgniter.php(326): CodeIgniter\CodeIgniter->handleRequest(NULL, Object(Config\Cache), false)
#4 /home/eventodigital/public_html/api_controlAccesos/public/index.php(37): CodeIgniter\CodeIgniter->run()
#5 {main}
CRITICAL - 2022-10-20 13:51:13 --> Class 'App\Libraries\Exception' not found
#0 /home/eventodigital/public_html/api_controlAccesos/app/Controllers/RestController.php(164): App\Libraries\vCard->__construct(false, '18405408')
#1 /home/eventodigital/public_html/api_controlAccesos/system/CodeIgniter.php(832): App\Controllers\RestController->create()
#2 /home/eventodigital/public_html/api_controlAccesos/system/CodeIgniter.php(419): CodeIgniter\CodeIgniter->runController(Object(App\Controllers\RestController))
#3 /home/eventodigital/public_html/api_controlAccesos/system/CodeIgniter.php(326): CodeIgniter\CodeIgniter->handleRequest(NULL, Object(Config\Cache), false)
#4 /home/eventodigital/public_html/api_controlAccesos/public/index.php(37): CodeIgniter\CodeIgniter->run()
#5 {main}
CRITICAL - 2022-10-20 13:51:35 --> Class 'App\Libraries\Exception' not found
#0 /home/eventodigital/public_html/api_controlAccesos/app/Controllers/RestController.php(164): App\Libraries\vCard->__construct(false, '64422121')
#1 /home/eventodigital/public_html/api_controlAccesos/system/CodeIgniter.php(832): App\Controllers\RestController->create()
#2 /home/eventodigital/public_html/api_controlAccesos/system/CodeIgniter.php(419): CodeIgniter\CodeIgniter->runController(Object(App\Controllers\RestController))
#3 /home/eventodigital/public_html/api_controlAccesos/system/CodeIgniter.php(326): CodeIgniter\CodeIgniter->handleRequest(NULL, Object(Config\Cache), false)
#4 /home/eventodigital/public_html/api_controlAccesos/public/index.php(37): CodeIgniter\CodeIgniter->run()
#5 {main}
CRITICAL - 2022-10-20 13:51:39 --> Class 'App\Libraries\Exception' not found
#0 /home/eventodigital/public_html/api_controlAccesos/app/Controllers/RestController.php(164): App\Libraries\vCard->__construct(false, '03359761')
#1 /home/eventodigital/public_html/api_controlAccesos/system/CodeIgniter.php(832): App\Controllers\RestController->create()
#2 /home/eventodigital/public_html/api_controlAccesos/system/CodeIgniter.php(419): CodeIgniter\CodeIgniter->runController(Object(App\Controllers\RestController))
#3 /home/eventodigital/public_html/api_controlAccesos/system/CodeIgniter.php(326): CodeIgniter\CodeIgniter->handleRequest(NULL, Object(Config\Cache), false)
#4 /home/eventodigital/public_html/api_controlAccesos/public/index.php(37): CodeIgniter\CodeIgniter->run()
#5 {main}
CRITICAL - 2022-10-20 13:52:36 --> Class 'App\Libraries\Exception' not found
#0 /home/eventodigital/public_html/api_controlAccesos/app/Controllers/RestController.php(164): App\Libraries\vCard->__construct(false, '06468608')
#1 /home/eventodigital/public_html/api_controlAccesos/system/CodeIgniter.php(832): App\Controllers\RestController->create()
#2 /home/eventodigital/public_html/api_controlAccesos/system/CodeIgniter.php(419): CodeIgniter\CodeIgniter->runController(Object(App\Controllers\RestController))
#3 /home/eventodigital/public_html/api_controlAccesos/system/CodeIgniter.php(326): CodeIgniter\CodeIgniter->handleRequest(NULL, Object(Config\Cache), false)
#4 /home/eventodigital/public_html/api_controlAccesos/public/index.php(37): CodeIgniter\CodeIgniter->run()
#5 {main}
CRITICAL - 2022-10-20 13:55:16 --> Class 'App\Libraries\Exception' not found
#0 /home/eventodigital/public_html/api_controlAccesos/app/Controllers/RestController.php(164): App\Libraries\vCard->__construct(false, '01241135')
#1 /home/eventodigital/public_html/api_controlAccesos/system/CodeIgniter.php(832): App\Controllers\RestController->create()
#2 /home/eventodigital/public_html/api_controlAccesos/system/CodeIgniter.php(419): CodeIgniter\CodeIgniter->runController(Object(App\Controllers\RestController))
#3 /home/eventodigital/public_html/api_controlAccesos/system/CodeIgniter.php(326): CodeIgniter\CodeIgniter->handleRequest(NULL, Object(Config\Cache), false)
#4 /home/eventodigital/public_html/api_controlAccesos/public/index.php(37): CodeIgniter\CodeIgniter->run()
#5 {main}
CRITICAL - 2022-10-20 13:57:18 --> Class 'App\Libraries\Exception' not found
#0 /home/eventodigital/public_html/api_controlAccesos/app/Controllers/RestController.php(164): App\Libraries\vCard->__construct(false, '19017105')
#1 /home/eventodigital/public_html/api_controlAccesos/system/CodeIgniter.php(832): App\Controllers\RestController->create()
#2 /home/eventodigital/public_html/api_controlAccesos/system/CodeIgniter.php(419): CodeIgniter\CodeIgniter->runController(Object(App\Controllers\RestController))
#3 /home/eventodigital/public_html/api_controlAccesos/system/CodeIgniter.php(326): CodeIgniter\CodeIgniter->handleRequest(NULL, Object(Config\Cache), false)
#4 /home/eventodigital/public_html/api_controlAccesos/public/index.php(37): CodeIgniter\CodeIgniter->run()
#5 {main}
CRITICAL - 2022-10-20 13:59:33 --> Class 'App\Libraries\Exception' not found
#0 /home/eventodigital/public_html/api_controlAccesos/app/Controllers/RestController.php(164): App\Libraries\vCard->__construct(false, '03224913')
#1 /home/eventodigital/public_html/api_controlAccesos/system/CodeIgniter.php(832): App\Controllers\RestController->create()
#2 /home/eventodigital/public_html/api_controlAccesos/system/CodeIgniter.php(419): CodeIgniter\CodeIgniter->runController(Object(App\Controllers\RestController))
#3 /home/eventodigital/public_html/api_controlAccesos/system/CodeIgniter.php(326): CodeIgniter\CodeIgniter->handleRequest(NULL, Object(Config\Cache), false)
#4 /home/eventodigital/public_html/api_controlAccesos/public/index.php(37): CodeIgniter\CodeIgniter->run()
#5 {main}
CRITICAL - 2022-10-20 13:59:54 --> Class 'App\Libraries\Exception' not found
#0 /home/eventodigital/public_html/api_controlAccesos/app/Controllers/RestController.php(164): App\Libraries\vCard->__construct(false, '16148036')
#1 /home/eventodigital/public_html/api_controlAccesos/system/CodeIgniter.php(832): App\Controllers\RestController->create()
#2 /home/eventodigital/public_html/api_controlAccesos/system/CodeIgniter.php(419): CodeIgniter\CodeIgniter->runController(Object(App\Controllers\RestController))
#3 /home/eventodigital/public_html/api_controlAccesos/system/CodeIgniter.php(326): CodeIgniter\CodeIgniter->handleRequest(NULL, Object(Config\Cache), false)
#4 /home/eventodigital/public_html/api_controlAccesos/public/index.php(37): CodeIgniter\CodeIgniter->run()
#5 {main}
CRITICAL - 2022-10-20 14:05:51 --> Class 'App\Libraries\Exception' not found
#0 /home/eventodigital/public_html/api_controlAccesos/app/Controllers/RestController.php(164): App\Libraries\vCard->__construct(false, '17541367')
#1 /home/eventodigital/public_html/api_controlAccesos/system/CodeIgniter.php(832): App\Controllers\RestController->create()
#2 /home/eventodigital/public_html/api_controlAccesos/system/CodeIgniter.php(419): CodeIgniter\CodeIgniter->runController(Object(App\Controllers\RestController))
#3 /home/eventodigital/public_html/api_controlAccesos/system/CodeIgniter.php(326): CodeIgniter\CodeIgniter->handleRequest(NULL, Object(Config\Cache), false)
#4 /home/eventodigital/public_html/api_controlAccesos/public/index.php(37): CodeIgniter\CodeIgniter->run()
#5 {main}
CRITICAL - 2022-10-20 14:07:04 --> Class 'App\Libraries\Exception' not found
#0 /home/eventodigital/public_html/api_controlAccesos/app/Controllers/RestController.php(164): App\Libraries\vCard->__construct(false, '16620070')
#1 /home/eventodigital/public_html/api_controlAccesos/system/CodeIgniter.php(832): App\Controllers\RestController->create()
#2 /home/eventodigital/public_html/api_controlAccesos/system/CodeIgniter.php(419): CodeIgniter\CodeIgniter->runController(Object(App\Controllers\RestController))
#3 /home/eventodigital/public_html/api_controlAccesos/system/CodeIgniter.php(326): CodeIgniter\CodeIgniter->handleRequest(NULL, Object(Config\Cache), false)
#4 /home/eventodigital/public_html/api_controlAccesos/public/index.php(37): CodeIgniter\CodeIgniter->run()
#5 {main}
CRITICAL - 2022-10-20 14:11:16 --> Class 'App\Libraries\Exception' not found
#0 /home/eventodigital/public_html/api_controlAccesos/app/Controllers/RestController.php(164): App\Libraries\vCard->__construct(false, '12894417')
#1 /home/eventodigital/public_html/api_controlAccesos/system/CodeIgniter.php(832): App\Controllers\RestController->create()
#2 /home/eventodigital/public_html/api_controlAccesos/system/CodeIgniter.php(419): CodeIgniter\CodeIgniter->runController(Object(App\Controllers\RestController))
#3 /home/eventodigital/public_html/api_controlAccesos/system/CodeIgniter.php(326): CodeIgniter\CodeIgniter->handleRequest(NULL, Object(Config\Cache), false)
#4 /home/eventodigital/public_html/api_controlAccesos/public/index.php(37): CodeIgniter\CodeIgniter->run()
#5 {main}
CRITICAL - 2022-10-20 14:12:26 --> Class 'App\Libraries\Exception' not found
#0 /home/eventodigital/public_html/api_controlAccesos/app/Controllers/RestController.php(164): App\Libraries\vCard->__construct(false, '03624470')
#1 /home/eventodigital/public_html/api_controlAccesos/system/CodeIgniter.php(832): App\Controllers\RestController->create()
#2 /home/eventodigital/public_html/api_controlAccesos/system/CodeIgniter.php(419): CodeIgniter\CodeIgniter->runController(Object(App\Controllers\RestController))
#3 /home/eventodigital/public_html/api_controlAccesos/system/CodeIgniter.php(326): CodeIgniter\CodeIgniter->handleRequest(NULL, Object(Config\Cache), false)
#4 /home/eventodigital/public_html/api_controlAccesos/public/index.php(37): CodeIgniter\CodeIgniter->run()
#5 {main}
CRITICAL - 2022-10-20 14:13:00 --> Class 'App\Libraries\Exception' not found
#0 /home/eventodigital/public_html/api_controlAccesos/app/Controllers/RestController.php(164): App\Libraries\vCard->__construct(false, '18047141')
#1 /home/eventodigital/public_html/api_controlAccesos/system/CodeIgniter.php(832): App\Controllers\RestController->create()
#2 /home/eventodigital/public_html/api_controlAccesos/system/CodeIgniter.php(419): CodeIgniter\CodeIgniter->runController(Object(App\Controllers\RestController))
#3 /home/eventodigital/public_html/api_controlAccesos/system/CodeIgniter.php(326): CodeIgniter\CodeIgniter->handleRequest(NULL, Object(Config\Cache), false)
#4 /home/eventodigital/public_html/api_controlAccesos/public/index.php(37): CodeIgniter\CodeIgniter->run()
#5 {main}
CRITICAL - 2022-10-20 14:20:24 --> Class 'App\Libraries\Exception' not found
#0 /home/eventodigital/public_html/api_controlAccesos/app/Controllers/RestController.php(164): App\Libraries\vCard->__construct(false, '03968133')
#1 /home/eventodigital/public_html/api_controlAccesos/system/CodeIgniter.php(832): App\Controllers\RestController->create()
#2 /home/eventodigital/public_html/api_controlAccesos/system/CodeIgniter.php(419): CodeIgniter\CodeIgniter->runController(Object(App\Controllers\RestController))
#3 /home/eventodigital/public_html/api_controlAccesos/system/CodeIgniter.php(326): CodeIgniter\CodeIgniter->handleRequest(NULL, Object(Config\Cache), false)
#4 /home/eventodigital/public_html/api_controlAccesos/public/index.php(37): CodeIgniter\CodeIgniter->run()
#5 {main}
CRITICAL - 2022-10-20 14:20:59 --> Class 'App\Libraries\Exception' not found
#0 /home/eventodigital/public_html/api_controlAccesos/app/Controllers/RestController.php(164): App\Libraries\vCard->__construct(false, '12265084')
#1 /home/eventodigital/public_html/api_controlAccesos/system/CodeIgniter.php(832): App\Controllers\RestController->create()
#2 /home/eventodigital/public_html/api_controlAccesos/system/CodeIgniter.php(419): CodeIgniter\CodeIgniter->runController(Object(App\Controllers\RestController))
#3 /home/eventodigital/public_html/api_controlAccesos/system/CodeIgniter.php(326): CodeIgniter\CodeIgniter->handleRequest(NULL, Object(Config\Cache), false)
#4 /home/eventodigital/public_html/api_controlAccesos/public/index.php(37): CodeIgniter\CodeIgniter->run()
#5 {main}
CRITICAL - 2022-10-20 14:23:32 --> Class 'App\Libraries\Exception' not found
#0 /home/eventodigital/public_html/api_controlAccesos/app/Controllers/RestController.php(164): App\Libraries\vCard->__construct(false, '01045154')
#1 /home/eventodigital/public_html/api_controlAccesos/system/CodeIgniter.php(832): App\Controllers\RestController->create()
#2 /home/eventodigital/public_html/api_controlAccesos/system/CodeIgniter.php(419): CodeIgniter\CodeIgniter->runController(Object(App\Controllers\RestController))
#3 /home/eventodigital/public_html/api_controlAccesos/system/CodeIgniter.php(326): CodeIgniter\CodeIgniter->handleRequest(NULL, Object(Config\Cache), false)
#4 /home/eventodigital/public_html/api_controlAccesos/public/index.php(37): CodeIgniter\CodeIgniter->run()
#5 {main}
CRITICAL - 2022-10-20 14:25:04 --> Class 'App\Libraries\Exception' not found
#0 /home/eventodigital/public_html/api_controlAccesos/app/Controllers/RestController.php(164): App\Libraries\vCard->__construct(false, '14139826')
#1 /home/eventodigital/public_html/api_controlAccesos/system/CodeIgniter.php(832): App\Controllers\RestController->create()
#2 /home/eventodigital/public_html/api_controlAccesos/system/CodeIgniter.php(419): CodeIgniter\CodeIgniter->runController(Object(App\Controllers\RestController))
#3 /home/eventodigital/public_html/api_controlAccesos/system/CodeIgniter.php(326): CodeIgniter\CodeIgniter->handleRequest(NULL, Object(Config\Cache), false)
#4 /home/eventodigital/public_html/api_controlAccesos/public/index.php(37): CodeIgniter\CodeIgniter->run()
#5 {main}
CRITICAL - 2022-10-20 14:25:51 --> Class 'App\Libraries\Exception' not found
#0 /home/eventodigital/public_html/api_controlAccesos/app/Controllers/RestController.php(164): App\Libraries\vCard->__construct(false, '13181154')
#1 /home/eventodigital/public_html/api_controlAccesos/system/CodeIgniter.php(832): App\Controllers\RestController->create()
#2 /home/eventodigital/public_html/api_controlAccesos/system/CodeIgniter.php(419): CodeIgniter\CodeIgniter->runController(Object(App\Controllers\RestController))
#3 /home/eventodigital/public_html/api_controlAccesos/system/CodeIgniter.php(326): CodeIgniter\CodeIgniter->handleRequest(NULL, Object(Config\Cache), false)
#4 /home/eventodigital/public_html/api_controlAccesos/public/index.php(37): CodeIgniter\CodeIgniter->run()
#5 {main}
CRITICAL - 2022-10-20 14:28:15 --> Class 'App\Libraries\Exception' not found
#0 /home/eventodigital/public_html/api_controlAccesos/app/Controllers/RestController.php(164): App\Libraries\vCard->__construct(false, '04014946')
#1 /home/eventodigital/public_html/api_controlAccesos/system/CodeIgniter.php(832): App\Controllers\RestController->create()
#2 /home/eventodigital/public_html/api_controlAccesos/system/CodeIgniter.php(419): CodeIgniter\CodeIgniter->runController(Object(App\Controllers\RestController))
#3 /home/eventodigital/public_html/api_controlAccesos/system/CodeIgniter.php(326): CodeIgniter\CodeIgniter->handleRequest(NULL, Object(Config\Cache), false)
#4 /home/eventodigital/public_html/api_controlAccesos/public/index.php(37): CodeIgniter\CodeIgniter->run()
#5 {main}
CRITICAL - 2022-10-20 14:29:41 --> Class 'App\Libraries\Exception' not found
#0 /home/eventodigital/public_html/api_controlAccesos/app/Controllers/RestController.php(164): App\Libraries\vCard->__construct(false, '06066204')
#1 /home/eventodigital/public_html/api_controlAccesos/system/CodeIgniter.php(832): App\Controllers\RestController->create()
#2 /home/eventodigital/public_html/api_controlAccesos/system/CodeIgniter.php(419): CodeIgniter\CodeIgniter->runController(Object(App\Controllers\RestController))
#3 /home/eventodigital/public_html/api_controlAccesos/system/CodeIgniter.php(326): CodeIgniter\CodeIgniter->handleRequest(NULL, Object(Config\Cache), false)
#4 /home/eventodigital/public_html/api_controlAccesos/public/index.php(37): CodeIgniter\CodeIgniter->run()
#5 {main}
CRITICAL - 2022-10-20 14:32:54 --> Class 'App\Libraries\Exception' not found
#0 /home/eventodigital/public_html/api_controlAccesos/app/Controllers/RestController.php(164): App\Libraries\vCard->__construct(false, '03741012')
#1 /home/eventodigital/public_html/api_controlAccesos/system/CodeIgniter.php(832): App\Controllers\RestController->create()
#2 /home/eventodigital/public_html/api_controlAccesos/system/CodeIgniter.php(419): CodeIgniter\CodeIgniter->runController(Object(App\Controllers\RestController))
#3 /home/eventodigital/public_html/api_controlAccesos/system/CodeIgniter.php(326): CodeIgniter\CodeIgniter->handleRequest(NULL, Object(Config\Cache), false)
#4 /home/eventodigital/public_html/api_controlAccesos/public/index.php(37): CodeIgniter\CodeIgniter->run()
#5 {main}
CRITICAL - 2022-10-20 14:32:56 --> Class 'App\Libraries\Exception' not found
#0 /home/eventodigital/public_html/api_controlAccesos/app/Controllers/RestController.php(164): App\Libraries\vCard->__construct(false, '11626688')
#1 /home/eventodigital/public_html/api_controlAccesos/system/CodeIgniter.php(832): App\Controllers\RestController->create()
#2 /home/eventodigital/public_html/api_controlAccesos/system/CodeIgniter.php(419): CodeIgniter\CodeIgniter->runController(Object(App\Controllers\RestController))
#3 /home/eventodigital/public_html/api_controlAccesos/system/CodeIgniter.php(326): CodeIgniter\CodeIgniter->handleRequest(NULL, Object(Config\Cache), false)
#4 /home/eventodigital/public_html/api_controlAccesos/public/index.php(37): CodeIgniter\CodeIgniter->run()
#5 {main}
CRITICAL - 2022-10-20 14:34:10 --> Class 'App\Libraries\Exception' not found
#0 /home/eventodigital/public_html/api_controlAccesos/app/Controllers/RestController.php(164): App\Libraries\vCard->__construct(false, 'L$')
#1 /home/eventodigital/public_html/api_controlAccesos/system/CodeIgniter.php(832): App\Controllers\RestController->create()
#2 /home/eventodigital/public_html/api_controlAccesos/system/CodeIgniter.php(419): CodeIgniter\CodeIgniter->runController(Object(App\Controllers\RestController))
#3 /home/eventodigital/public_html/api_controlAccesos/system/CodeIgniter.php(326): CodeIgniter\CodeIgniter->handleRequest(NULL, Object(Config\Cache), false)
#4 /home/eventodigital/public_html/api_controlAccesos/public/index.php(37): CodeIgniter\CodeIgniter->run()
#5 {main}
CRITICAL - 2022-10-20 14:35:08 --> Class 'App\Libraries\Exception' not found
#0 /home/eventodigital/public_html/api_controlAccesos/app/Controllers/RestController.php(164): App\Libraries\vCard->__construct(false, '08786197')
#1 /home/eventodigital/public_html/api_controlAccesos/system/CodeIgniter.php(832): App\Controllers\RestController->create()
#2 /home/eventodigital/public_html/api_controlAccesos/system/CodeIgniter.php(419): CodeIgniter\CodeIgniter->runController(Object(App\Controllers\RestController))
#3 /home/eventodigital/public_html/api_controlAccesos/system/CodeIgniter.php(326): CodeIgniter\CodeIgniter->handleRequest(NULL, Object(Config\Cache), false)
#4 /home/eventodigital/public_html/api_controlAccesos/public/index.php(37): CodeIgniter\CodeIgniter->run()
#5 {main}
CRITICAL - 2022-10-20 14:35:12 --> Class 'App\Libraries\Exception' not found
#0 /home/eventodigital/public_html/api_controlAccesos/app/Controllers/RestController.php(164): App\Libraries\vCard->__construct(false, '12202210')
#1 /home/eventodigital/public_html/api_controlAccesos/system/CodeIgniter.php(832): App\Controllers\RestController->create()
#2 /home/eventodigital/public_html/api_controlAccesos/system/CodeIgniter.php(419): CodeIgniter\CodeIgniter->runController(Object(App\Controllers\RestController))
#3 /home/eventodigital/public_html/api_controlAccesos/system/CodeIgniter.php(326): CodeIgniter\CodeIgniter->handleRequest(NULL, Object(Config\Cache), false)
#4 /home/eventodigital/public_html/api_controlAccesos/public/index.php(37): CodeIgniter\CodeIgniter->run()
#5 {main}
CRITICAL - 2022-10-20 14:36:20 --> Class 'App\Libraries\Exception' not found
#0 /home/eventodigital/public_html/api_controlAccesos/app/Controllers/RestController.php(164): App\Libraries\vCard->__construct(false, '79162746')
#1 /home/eventodigital/public_html/api_controlAccesos/system/CodeIgniter.php(832): App\Controllers\RestController->create()
#2 /home/eventodigital/public_html/api_controlAccesos/system/CodeIgniter.php(419): CodeIgniter\CodeIgniter->runController(Object(App\Controllers\RestController))
#3 /home/eventodigital/public_html/api_controlAccesos/system/CodeIgniter.php(326): CodeIgniter\CodeIgniter->handleRequest(NULL, Object(Config\Cache), false)
#4 /home/eventodigital/public_html/api_controlAccesos/public/index.php(37): CodeIgniter\CodeIgniter->run()
#5 {main}
CRITICAL - 2022-10-20 14:36:22 --> Class 'App\Libraries\Exception' not found
#0 /home/eventodigital/public_html/api_controlAccesos/app/Controllers/RestController.php(164): App\Libraries\vCard->__construct(false, '16834460')
#1 /home/eventodigital/public_html/api_controlAccesos/system/CodeIgniter.php(832): App\Controllers\RestController->create()
#2 /home/eventodigital/public_html/api_controlAccesos/system/CodeIgniter.php(419): CodeIgniter\CodeIgniter->runController(Object(App\Controllers\RestController))
#3 /home/eventodigital/public_html/api_controlAccesos/system/CodeIgniter.php(326): CodeIgniter\CodeIgniter->handleRequest(NULL, Object(Config\Cache), false)
#4 /home/eventodigital/public_html/api_controlAccesos/public/index.php(37): CodeIgniter\CodeIgniter->run()
#5 {main}
CRITICAL - 2022-10-20 14:36:33 --> Class 'App\Libraries\Exception' not found
#0 /home/eventodigital/public_html/api_controlAccesos/app/Controllers/RestController.php(164): App\Libraries\vCard->__construct(false, '01773149')
#1 /home/eventodigital/public_html/api_controlAccesos/system/CodeIgniter.php(832): App\Controllers\RestController->create()
#2 /home/eventodigital/public_html/api_controlAccesos/system/CodeIgniter.php(419): CodeIgniter\CodeIgniter->runController(Object(App\Controllers\RestController))
#3 /home/eventodigital/public_html/api_controlAccesos/system/CodeIgniter.php(326): CodeIgniter\CodeIgniter->handleRequest(NULL, Object(Config\Cache), false)
#4 /home/eventodigital/public_html/api_controlAccesos/public/index.php(37): CodeIgniter\CodeIgniter->run()
#5 {main}
CRITICAL - 2022-10-20 14:42:46 --> Class 'App\Libraries\Exception' not found
#0 /home/eventodigital/public_html/api_controlAccesos/app/Controllers/RestController.php(164): App\Libraries\vCard->__construct(false, '12961283')
#1 /home/eventodigital/public_html/api_controlAccesos/system/CodeIgniter.php(832): App\Controllers\RestController->create()
#2 /home/eventodigital/public_html/api_controlAccesos/system/CodeIgniter.php(419): CodeIgniter\CodeIgniter->runController(Object(App\Controllers\RestController))
#3 /home/eventodigital/public_html/api_controlAccesos/system/CodeIgniter.php(326): CodeIgniter\CodeIgniter->handleRequest(NULL, Object(Config\Cache), false)
#4 /home/eventodigital/public_html/api_controlAccesos/public/index.php(37): CodeIgniter\CodeIgniter->run()
#5 {main}
CRITICAL - 2022-10-20 14:44:27 --> Class 'App\Libraries\Exception' not found
#0 /home/eventodigital/public_html/api_controlAccesos/app/Controllers/RestController.php(164): App\Libraries\vCard->__construct(false, '06852665')
#1 /home/eventodigital/public_html/api_controlAccesos/system/CodeIgniter.php(832): App\Controllers\RestController->create()
#2 /home/eventodigital/public_html/api_controlAccesos/system/CodeIgniter.php(419): CodeIgniter\CodeIgniter->runController(Object(App\Controllers\RestController))
#3 /home/eventodigital/public_html/api_controlAccesos/system/CodeIgniter.php(326): CodeIgniter\CodeIgniter->handleRequest(NULL, Object(Config\Cache), false)
#4 /home/eventodigital/public_html/api_controlAccesos/public/index.php(37): CodeIgniter\CodeIgniter->run()
#5 {main}
CRITICAL - 2022-10-20 14:44:52 --> Class 'App\Libraries\Exception' not found
#0 /home/eventodigital/public_html/api_controlAccesos/app/Controllers/RestController.php(164): App\Libraries\vCard->__construct(false, '29266531')
#1 /home/eventodigital/public_html/api_controlAccesos/system/CodeIgniter.php(832): App\Controllers\RestController->create()
#2 /home/eventodigital/public_html/api_controlAccesos/system/CodeIgniter.php(419): CodeIgniter\CodeIgniter->runController(Object(App\Controllers\RestController))
#3 /home/eventodigital/public_html/api_controlAccesos/system/CodeIgniter.php(326): CodeIgniter\CodeIgniter->handleRequest(NULL, Object(Config\Cache), false)
#4 /home/eventodigital/public_html/api_controlAccesos/public/index.php(37): CodeIgniter\CodeIgniter->run()
#5 {main}
CRITICAL - 2022-10-20 14:46:13 --> Class 'App\Libraries\Exception' not found
#0 /home/eventodigital/public_html/api_controlAccesos/app/Controllers/RestController.php(164): App\Libraries\vCard->__construct(false, '36622665')
#1 /home/eventodigital/public_html/api_controlAccesos/system/CodeIgniter.php(832): App\Controllers\RestController->create()
#2 /home/eventodigital/public_html/api_controlAccesos/system/CodeIgniter.php(419): CodeIgniter\CodeIgniter->runController(Object(App\Controllers\RestController))
#3 /home/eventodigital/public_html/api_controlAccesos/system/CodeIgniter.php(326): CodeIgniter\CodeIgniter->handleRequest(NULL, Object(Config\Cache), false)
#4 /home/eventodigital/public_html/api_controlAccesos/public/index.php(37): CodeIgniter\CodeIgniter->run()
#5 {main}
CRITICAL - 2022-10-20 14:48:50 --> Class 'App\Libraries\Exception' not found
#0 /home/eventodigital/public_html/api_controlAccesos/app/Controllers/RestController.php(164): App\Libraries\vCard->__construct(false, '12151006')
#1 /home/eventodigital/public_html/api_controlAccesos/system/CodeIgniter.php(832): App\Controllers\RestController->create()
#2 /home/eventodigital/public_html/api_controlAccesos/system/CodeIgniter.php(419): CodeIgniter\CodeIgniter->runController(Object(App\Controllers\RestController))
#3 /home/eventodigital/public_html/api_controlAccesos/system/CodeIgniter.php(326): CodeIgniter\CodeIgniter->handleRequest(NULL, Object(Config\Cache), false)
#4 /home/eventodigital/public_html/api_controlAccesos/public/index.php(37): CodeIgniter\CodeIgniter->run()
#5 {main}
CRITICAL - 2022-10-20 14:50:42 --> Class 'App\Libraries\Exception' not found
#0 /home/eventodigital/public_html/api_controlAccesos/app/Controllers/RestController.php(164): App\Libraries\vCard->__construct(false, '78881211')
#1 /home/eventodigital/public_html/api_controlAccesos/system/CodeIgniter.php(832): App\Controllers\RestController->create()
#2 /home/eventodigital/public_html/api_controlAccesos/system/CodeIgniter.php(419): CodeIgniter\CodeIgniter->runController(Object(App\Controllers\RestController))
#3 /home/eventodigital/public_html/api_controlAccesos/system/CodeIgniter.php(326): CodeIgniter\CodeIgniter->handleRequest(NULL, Object(Config\Cache), false)
#4 /home/eventodigital/public_html/api_controlAccesos/public/index.php(37): CodeIgniter\CodeIgniter->run()
#5 {main}
CRITICAL - 2022-10-20 14:52:46 --> Class 'App\Libraries\Exception' not found
#0 /home/eventodigital/public_html/api_controlAccesos/app/Controllers/RestController.php(164): App\Libraries\vCard->__construct(false, '11600628')
#1 /home/eventodigital/public_html/api_controlAccesos/system/CodeIgniter.php(832): App\Controllers\RestController->create()
#2 /home/eventodigital/public_html/api_controlAccesos/system/CodeIgniter.php(419): CodeIgniter\CodeIgniter->runController(Object(App\Controllers\RestController))
#3 /home/eventodigital/public_html/api_controlAccesos/system/CodeIgniter.php(326): CodeIgniter\CodeIgniter->handleRequest(NULL, Object(Config\Cache), false)
#4 /home/eventodigital/public_html/api_controlAccesos/public/index.php(37): CodeIgniter\CodeIgniter->run()
#5 {main}
CRITICAL - 2022-10-20 14:55:57 --> Class 'App\Libraries\Exception' not found
#0 /home/eventodigital/public_html/api_controlAccesos/app/Controllers/RestController.php(164): App\Libraries\vCard->__construct(false, '00853440')
#1 /home/eventodigital/public_html/api_controlAccesos/system/CodeIgniter.php(832): App\Controllers\RestController->create()
#2 /home/eventodigital/public_html/api_controlAccesos/system/CodeIgniter.php(419): CodeIgniter\CodeIgniter->runController(Object(App\Controllers\RestController))
#3 /home/eventodigital/public_html/api_controlAccesos/system/CodeIgniter.php(326): CodeIgniter\CodeIgniter->handleRequest(NULL, Object(Config\Cache), false)
#4 /home/eventodigital/public_html/api_controlAccesos/public/index.php(37): CodeIgniter\CodeIgniter->run()
#5 {main}
CRITICAL - 2022-10-20 14:57:10 --> Class 'App\Libraries\Exception' not found
#0 /home/eventodigital/public_html/api_controlAccesos/app/Controllers/RestController.php(164): App\Libraries\vCard->__construct(false, '00710077')
#1 /home/eventodigital/public_html/api_controlAccesos/system/CodeIgniter.php(832): App\Controllers\RestController->create()
#2 /home/eventodigital/public_html/api_controlAccesos/system/CodeIgniter.php(419): CodeIgniter\CodeIgniter->runController(Object(App\Controllers\RestController))
#3 /home/eventodigital/public_html/api_controlAccesos/system/CodeIgniter.php(326): CodeIgniter\CodeIgniter->handleRequest(NULL, Object(Config\Cache), false)
#4 /home/eventodigital/public_html/api_controlAccesos/public/index.php(37): CodeIgniter\CodeIgniter->run()
#5 {main}
CRITICAL - 2022-10-20 15:00:36 --> Class 'App\Libraries\Exception' not found
#0 /home/eventodigital/public_html/api_controlAccesos/app/Controllers/RestController.php(164): App\Libraries\vCard->__construct(false, '08498557')
#1 /home/eventodigital/public_html/api_controlAccesos/system/CodeIgniter.php(832): App\Controllers\RestController->create()
#2 /home/eventodigital/public_html/api_controlAccesos/system/CodeIgniter.php(419): CodeIgniter\CodeIgniter->runController(Object(App\Controllers\RestController))
#3 /home/eventodigital/public_html/api_controlAccesos/system/CodeIgniter.php(326): CodeIgniter\CodeIgniter->handleRequest(NULL, Object(Config\Cache), false)
#4 /home/eventodigital/public_html/api_controlAccesos/public/index.php(37): CodeIgniter\CodeIgniter->run()
#5 {main}
CRITICAL - 2022-10-20 15:03:12 --> Class 'App\Libraries\Exception' not found
#0 /home/eventodigital/public_html/api_controlAccesos/app/Controllers/RestController.php(164): App\Libraries\vCard->__construct(false, '06367301')
#1 /home/eventodigital/public_html/api_controlAccesos/system/CodeIgniter.php(832): App\Controllers\RestController->create()
#2 /home/eventodigital/public_html/api_controlAccesos/system/CodeIgniter.php(419): CodeIgniter\CodeIgniter->runController(Object(App\Controllers\RestController))
#3 /home/eventodigital/public_html/api_controlAccesos/system/CodeIgniter.php(326): CodeIgniter\CodeIgniter->handleRequest(NULL, Object(Config\Cache), false)
#4 /home/eventodigital/public_html/api_controlAccesos/public/index.php(37): CodeIgniter\CodeIgniter->run()
#5 {main}
CRITICAL - 2022-10-20 15:08:01 --> Class 'App\Libraries\Exception' not found
#0 /home/eventodigital/public_html/api_controlAccesos/app/Controllers/RestController.php(164): App\Libraries\vCard->__construct(false, '17171218')
#1 /home/eventodigital/public_html/api_controlAccesos/system/CodeIgniter.php(832): App\Controllers\RestController->create()
#2 /home/eventodigital/public_html/api_controlAccesos/system/CodeIgniter.php(419): CodeIgniter\CodeIgniter->runController(Object(App\Controllers\RestController))
#3 /home/eventodigital/public_html/api_controlAccesos/system/CodeIgniter.php(326): CodeIgniter\CodeIgniter->handleRequest(NULL, Object(Config\Cache), false)
#4 /home/eventodigital/public_html/api_controlAccesos/public/index.php(37): CodeIgniter\CodeIgniter->run()
#5 {main}
CRITICAL - 2022-10-20 15:08:06 --> Class 'App\Libraries\Exception' not found
#0 /home/eventodigital/public_html/api_controlAccesos/app/Controllers/RestController.php(164): App\Libraries\vCard->__construct(false, '08981408')
#1 /home/eventodigital/public_html/api_controlAccesos/system/CodeIgniter.php(832): App\Controllers\RestController->create()
#2 /home/eventodigital/public_html/api_controlAccesos/system/CodeIgniter.php(419): CodeIgniter\CodeIgniter->runController(Object(App\Controllers\RestController))
#3 /home/eventodigital/public_html/api_controlAccesos/system/CodeIgniter.php(326): CodeIgniter\CodeIgniter->handleRequest(NULL, Object(Config\Cache), false)
#4 /home/eventodigital/public_html/api_controlAccesos/public/index.php(37): CodeIgniter\CodeIgniter->run()
#5 {main}
CRITICAL - 2022-10-20 15:09:59 --> Class 'App\Libraries\Exception' not found
#0 /home/eventodigital/public_html/api_controlAccesos/app/Controllers/RestController.php(164): App\Libraries\vCard->__construct(false, '14690046')
#1 /home/eventodigital/public_html/api_controlAccesos/system/CodeIgniter.php(832): App\Controllers\RestController->create()
#2 /home/eventodigital/public_html/api_controlAccesos/system/CodeIgniter.php(419): CodeIgniter\CodeIgniter->runController(Object(App\Controllers\RestController))
#3 /home/eventodigital/public_html/api_controlAccesos/system/CodeIgniter.php(326): CodeIgniter\CodeIgniter->handleRequest(NULL, Object(Config\Cache), false)
#4 /home/eventodigital/public_html/api_controlAccesos/public/index.php(37): CodeIgniter\CodeIgniter->run()
#5 {main}
CRITICAL - 2022-10-20 15:12:44 --> Class 'App\Libraries\Exception' not found
#0 /home/eventodigital/public_html/api_controlAccesos/app/Controllers/RestController.php(164): App\Libraries\vCard->__construct(false, 'http://www.cong...')
#1 /home/eventodigital/public_html/api_controlAccesos/system/CodeIgniter.php(832): App\Controllers\RestController->create()
#2 /home/eventodigital/public_html/api_controlAccesos/system/CodeIgniter.php(419): CodeIgniter\CodeIgniter->runController(Object(App\Controllers\RestController))
#3 /home/eventodigital/public_html/api_controlAccesos/system/CodeIgniter.php(326): CodeIgniter\CodeIgniter->handleRequest(NULL, Object(Config\Cache), false)
#4 /home/eventodigital/public_html/api_controlAccesos/public/index.php(37): CodeIgniter\CodeIgniter->run()
#5 {main}
CRITICAL - 2022-10-20 15:13:50 --> Class 'App\Libraries\Exception' not found
#0 /home/eventodigital/public_html/api_controlAccesos/app/Controllers/RestController.php(164): App\Libraries\vCard->__construct(false, '03061318')
#1 /home/eventodigital/public_html/api_controlAccesos/system/CodeIgniter.php(832): App\Controllers\RestController->create()
#2 /home/eventodigital/public_html/api_controlAccesos/system/CodeIgniter.php(419): CodeIgniter\CodeIgniter->runController(Object(App\Controllers\RestController))
#3 /home/eventodigital/public_html/api_controlAccesos/system/CodeIgniter.php(326): CodeIgniter\CodeIgniter->handleRequest(NULL, Object(Config\Cache), false)
#4 /home/eventodigital/public_html/api_controlAccesos/public/index.php(37): CodeIgniter\CodeIgniter->run()
#5 {main}
CRITICAL - 2022-10-20 15:15:01 --> Class 'App\Libraries\Exception' not found
#0 /home/eventodigital/public_html/api_controlAccesos/app/Controllers/RestController.php(164): App\Libraries\vCard->__construct(false, '16164178')
#1 /home/eventodigital/public_html/api_controlAccesos/system/CodeIgniter.php(832): App\Controllers\RestController->create()
#2 /home/eventodigital/public_html/api_controlAccesos/system/CodeIgniter.php(419): CodeIgniter\CodeIgniter->runController(Object(App\Controllers\RestController))
#3 /home/eventodigital/public_html/api_controlAccesos/system/CodeIgniter.php(326): CodeIgniter\CodeIgniter->handleRequest(NULL, Object(Config\Cache), false)
#4 /home/eventodigital/public_html/api_controlAccesos/public/index.php(37): CodeIgniter\CodeIgniter->run()
#5 {main}
CRITICAL - 2022-10-20 15:17:29 --> Class 'App\Libraries\Exception' not found
#0 /home/eventodigital/public_html/api_controlAccesos/app/Controllers/RestController.php(164): App\Libraries\vCard->__construct(false, '10671317')
#1 /home/eventodigital/public_html/api_controlAccesos/system/CodeIgniter.php(832): App\Controllers\RestController->create()
#2 /home/eventodigital/public_html/api_controlAccesos/system/CodeIgniter.php(419): CodeIgniter\CodeIgniter->runController(Object(App\Controllers\RestController))
#3 /home/eventodigital/public_html/api_controlAccesos/system/CodeIgniter.php(326): CodeIgniter\CodeIgniter->handleRequest(NULL, Object(Config\Cache), false)
#4 /home/eventodigital/public_html/api_controlAccesos/public/index.php(37): CodeIgniter\CodeIgniter->run()
#5 {main}
CRITICAL - 2022-10-20 15:18:44 --> Class 'App\Libraries\Exception' not found
#0 /home/eventodigital/public_html/api_controlAccesos/app/Controllers/RestController.php(164): App\Libraries\vCard->__construct(false, '08215376')
#1 /home/eventodigital/public_html/api_controlAccesos/system/CodeIgniter.php(832): App\Controllers\RestController->create()
#2 /home/eventodigital/public_html/api_controlAccesos/system/CodeIgniter.php(419): CodeIgniter\CodeIgniter->runController(Object(App\Controllers\RestController))
#3 /home/eventodigital/public_html/api_controlAccesos/system/CodeIgniter.php(326): CodeIgniter\CodeIgniter->handleRequest(NULL, Object(Config\Cache), false)
#4 /home/eventodigital/public_html/api_controlAccesos/public/index.php(37): CodeIgniter\CodeIgniter->run()
#5 {main}
CRITICAL - 2022-10-20 15:18:55 --> Class 'App\Libraries\Exception' not found
#0 /home/eventodigital/public_html/api_controlAccesos/app/Controllers/RestController.php(164): App\Libraries\vCard->__construct(false, '02130343')
#1 /home/eventodigital/public_html/api_controlAccesos/system/CodeIgniter.php(832): App\Controllers\RestController->create()
#2 /home/eventodigital/public_html/api_controlAccesos/system/CodeIgniter.php(419): CodeIgniter\CodeIgniter->runController(Object(App\Controllers\RestController))
#3 /home/eventodigital/public_html/api_controlAccesos/system/CodeIgniter.php(326): CodeIgniter\CodeIgniter->handleRequest(NULL, Object(Config\Cache), false)
#4 /home/eventodigital/public_html/api_controlAccesos/public/index.php(37): CodeIgniter\CodeIgniter->run()
#5 {main}
CRITICAL - 2022-10-20 15:19:05 --> Class 'App\Libraries\Exception' not found
#0 /home/eventodigital/public_html/api_controlAccesos/app/Controllers/RestController.php(164): App\Libraries\vCard->__construct(false, '12711581')
#1 /home/eventodigital/public_html/api_controlAccesos/system/CodeIgniter.php(832): App\Controllers\RestController->create()
#2 /home/eventodigital/public_html/api_controlAccesos/system/CodeIgniter.php(419): CodeIgniter\CodeIgniter->runController(Object(App\Controllers\RestController))
#3 /home/eventodigital/public_html/api_controlAccesos/system/CodeIgniter.php(326): CodeIgniter\CodeIgniter->handleRequest(NULL, Object(Config\Cache), false)
#4 /home/eventodigital/public_html/api_controlAccesos/public/index.php(37): CodeIgniter\CodeIgniter->run()
#5 {main}
CRITICAL - 2022-10-20 15:20:40 --> Class 'App\Libraries\Exception' not found
#0 /home/eventodigital/public_html/api_controlAccesos/app/Controllers/RestController.php(164): App\Libraries\vCard->__construct(false, '00672115')
#1 /home/eventodigital/public_html/api_controlAccesos/system/CodeIgniter.php(832): App\Controllers\RestController->create()
#2 /home/eventodigital/public_html/api_controlAccesos/system/CodeIgniter.php(419): CodeIgniter\CodeIgniter->runController(Object(App\Controllers\RestController))
#3 /home/eventodigital/public_html/api_controlAccesos/system/CodeIgniter.php(326): CodeIgniter\CodeIgniter->handleRequest(NULL, Object(Config\Cache), false)
#4 /home/eventodigital/public_html/api_controlAccesos/public/index.php(37): CodeIgniter\CodeIgniter->run()
#5 {main}
CRITICAL - 2022-10-20 15:23:02 --> Class 'App\Libraries\Exception' not found
#0 /home/eventodigital/public_html/api_controlAccesos/app/Controllers/RestController.php(164): App\Libraries\vCard->__construct(false, '06195489')
#1 /home/eventodigital/public_html/api_controlAccesos/system/CodeIgniter.php(832): App\Controllers\RestController->create()
#2 /home/eventodigital/public_html/api_controlAccesos/system/CodeIgniter.php(419): CodeIgniter\CodeIgniter->runController(Object(App\Controllers\RestController))
#3 /home/eventodigital/public_html/api_controlAccesos/system/CodeIgniter.php(326): CodeIgniter\CodeIgniter->handleRequest(NULL, Object(Config\Cache), false)
#4 /home/eventodigital/public_html/api_controlAccesos/public/index.php(37): CodeIgniter\CodeIgniter->run()
#5 {main}
CRITICAL - 2022-10-20 15:24:24 --> Class 'App\Libraries\Exception' not found
#0 /home/eventodigital/public_html/api_controlAccesos/app/Controllers/RestController.php(164): App\Libraries\vCard->__construct(false, '06761420')
#1 /home/eventodigital/public_html/api_controlAccesos/system/CodeIgniter.php(832): App\Controllers\RestController->create()
#2 /home/eventodigital/public_html/api_controlAccesos/system/CodeIgniter.php(419): CodeIgniter\CodeIgniter->runController(Object(App\Controllers\RestController))
#3 /home/eventodigital/public_html/api_controlAccesos/system/CodeIgniter.php(326): CodeIgniter\CodeIgniter->handleRequest(NULL, Object(Config\Cache), false)
#4 /home/eventodigital/public_html/api_controlAccesos/public/index.php(37): CodeIgniter\CodeIgniter->run()
#5 {main}
CRITICAL - 2022-10-20 15:25:53 --> Class 'App\Libraries\Exception' not found
#0 /home/eventodigital/public_html/api_controlAccesos/app/Controllers/RestController.php(164): App\Libraries\vCard->__construct(false, '19700025')
#1 /home/eventodigital/public_html/api_controlAccesos/system/CodeIgniter.php(832): App\Controllers\RestController->create()
#2 /home/eventodigital/public_html/api_controlAccesos/system/CodeIgniter.php(419): CodeIgniter\CodeIgniter->runController(Object(App\Controllers\RestController))
#3 /home/eventodigital/public_html/api_controlAccesos/system/CodeIgniter.php(326): CodeIgniter\CodeIgniter->handleRequest(NULL, Object(Config\Cache), false)
#4 /home/eventodigital/public_html/api_controlAccesos/public/index.php(37): CodeIgniter\CodeIgniter->run()
#5 {main}
CRITICAL - 2022-10-20 15:27:45 --> Class 'App\Libraries\Exception' not found
#0 /home/eventodigital/public_html/api_controlAccesos/app/Controllers/RestController.php(164): App\Libraries\vCard->__construct(false, '00827393')
#1 /home/eventodigital/public_html/api_controlAccesos/system/CodeIgniter.php(832): App\Controllers\RestController->create()
#2 /home/eventodigital/public_html/api_controlAccesos/system/CodeIgniter.php(419): CodeIgniter\CodeIgniter->runController(Object(App\Controllers\RestController))
#3 /home/eventodigital/public_html/api_controlAccesos/system/CodeIgniter.php(326): CodeIgniter\CodeIgniter->handleRequest(NULL, Object(Config\Cache), false)
#4 /home/eventodigital/public_html/api_controlAccesos/public/index.php(37): CodeIgniter\CodeIgniter->run()
#5 {main}
CRITICAL - 2022-10-20 15:29:18 --> Class 'App\Libraries\Exception' not found
#0 /home/eventodigital/public_html/api_controlAccesos/app/Controllers/RestController.php(164): App\Libraries\vCard->__construct(false, '03447079')
#1 /home/eventodigital/public_html/api_controlAccesos/system/CodeIgniter.php(832): App\Controllers\RestController->create()
#2 /home/eventodigital/public_html/api_controlAccesos/system/CodeIgniter.php(419): CodeIgniter\CodeIgniter->runController(Object(App\Controllers\RestController))
#3 /home/eventodigital/public_html/api_controlAccesos/system/CodeIgniter.php(326): CodeIgniter\CodeIgniter->handleRequest(NULL, Object(Config\Cache), false)
#4 /home/eventodigital/public_html/api_controlAccesos/public/index.php(37): CodeIgniter\CodeIgniter->run()
#5 {main}
CRITICAL - 2022-10-20 15:29:56 --> Class 'App\Libraries\Exception' not found
#0 /home/eventodigital/public_html/api_controlAccesos/app/Controllers/RestController.php(164): App\Libraries\vCard->__construct(false, '10')
#1 /home/eventodigital/public_html/api_controlAccesos/system/CodeIgniter.php(832): App\Controllers\RestController->create()
#2 /home/eventodigital/public_html/api_controlAccesos/system/CodeIgniter.php(419): CodeIgniter\CodeIgniter->runController(Object(App\Controllers\RestController))
#3 /home/eventodigital/public_html/api_controlAccesos/system/CodeIgniter.php(326): CodeIgniter\CodeIgniter->handleRequest(NULL, Object(Config\Cache), false)
#4 /home/eventodigital/public_html/api_controlAccesos/public/index.php(37): CodeIgniter\CodeIgniter->run()
#5 {main}
CRITICAL - 2022-10-20 15:30:44 --> Class 'App\Libraries\Exception' not found
#0 /home/eventodigital/public_html/api_controlAccesos/app/Controllers/RestController.php(164): App\Libraries\vCard->__construct(false, '06478216')
#1 /home/eventodigital/public_html/api_controlAccesos/system/CodeIgniter.php(832): App\Controllers\RestController->create()
#2 /home/eventodigital/public_html/api_controlAccesos/system/CodeIgniter.php(419): CodeIgniter\CodeIgniter->runController(Object(App\Controllers\RestController))
#3 /home/eventodigital/public_html/api_controlAccesos/system/CodeIgniter.php(326): CodeIgniter\CodeIgniter->handleRequest(NULL, Object(Config\Cache), false)
#4 /home/eventodigital/public_html/api_controlAccesos/public/index.php(37): CodeIgniter\CodeIgniter->run()
#5 {main}
CRITICAL - 2022-10-20 15:35:04 --> Class 'App\Libraries\Exception' not found
#0 /home/eventodigital/public_html/api_controlAccesos/app/Controllers/RestController.php(164): App\Libraries\vCard->__construct(false, '03821112')
#1 /home/eventodigital/public_html/api_controlAccesos/system/CodeIgniter.php(832): App\Controllers\RestController->create()
#2 /home/eventodigital/public_html/api_controlAccesos/system/CodeIgniter.php(419): CodeIgniter\CodeIgniter->runController(Object(App\Controllers\RestController))
#3 /home/eventodigital/public_html/api_controlAccesos/system/CodeIgniter.php(326): CodeIgniter\CodeIgniter->handleRequest(NULL, Object(Config\Cache), false)
#4 /home/eventodigital/public_html/api_controlAccesos/public/index.php(37): CodeIgniter\CodeIgniter->run()
#5 {main}
CRITICAL - 2022-10-20 15:35:47 --> Class 'App\Libraries\Exception' not found
#0 /home/eventodigital/public_html/api_controlAccesos/app/Controllers/RestController.php(164): App\Libraries\vCard->__construct(false, '\xEF\xBB\xBFBEGIN:VCARD\n...')
#1 /home/eventodigital/public_html/api_controlAccesos/system/CodeIgniter.php(832): App\Controllers\RestController->create()
#2 /home/eventodigital/public_html/api_controlAccesos/system/CodeIgniter.php(419): CodeIgniter\CodeIgniter->runController(Object(App\Controllers\RestController))
#3 /home/eventodigital/public_html/api_controlAccesos/system/CodeIgniter.php(326): CodeIgniter\CodeIgniter->handleRequest(NULL, Object(Config\Cache), false)
#4 /home/eventodigital/public_html/api_controlAccesos/public/index.php(37): CodeIgniter\CodeIgniter->run()
#5 {main}
CRITICAL - 2022-10-20 15:38:19 --> Class 'App\Libraries\Exception' not found
#0 /home/eventodigital/public_html/api_controlAccesos/app/Controllers/RestController.php(164): App\Libraries\vCard->__construct(false, '17296214')
#1 /home/eventodigital/public_html/api_controlAccesos/system/CodeIgniter.php(832): App\Controllers\RestController->create()
#2 /home/eventodigital/public_html/api_controlAccesos/system/CodeIgniter.php(419): CodeIgniter\CodeIgniter->runController(Object(App\Controllers\RestController))
#3 /home/eventodigital/public_html/api_controlAccesos/system/CodeIgniter.php(326): CodeIgniter\CodeIgniter->handleRequest(NULL, Object(Config\Cache), false)
#4 /home/eventodigital/public_html/api_controlAccesos/public/index.php(37): CodeIgniter\CodeIgniter->run()
#5 {main}
CRITICAL - 2022-10-20 15:38:53 --> Class 'App\Libraries\Exception' not found
#0 /home/eventodigital/public_html/api_controlAccesos/app/Controllers/RestController.php(164): App\Libraries\vCard->__construct(false, '10367643')
#1 /home/eventodigital/public_html/api_controlAccesos/system/CodeIgniter.php(832): App\Controllers\RestController->create()
#2 /home/eventodigital/public_html/api_controlAccesos/system/CodeIgniter.php(419): CodeIgniter\CodeIgniter->runController(Object(App\Controllers\RestController))
#3 /home/eventodigital/public_html/api_controlAccesos/system/CodeIgniter.php(326): CodeIgniter\CodeIgniter->handleRequest(NULL, Object(Config\Cache), false)
#4 /home/eventodigital/public_html/api_controlAccesos/public/index.php(37): CodeIgniter\CodeIgniter->run()
#5 {main}
CRITICAL - 2022-10-20 15:39:14 --> Class 'App\Libraries\Exception' not found
#0 /home/eventodigital/public_html/api_controlAccesos/app/Controllers/RestController.php(164): App\Libraries\vCard->__construct(false, '08202871')
#1 /home/eventodigital/public_html/api_controlAccesos/system/CodeIgniter.php(832): App\Controllers\RestController->create()
#2 /home/eventodigital/public_html/api_controlAccesos/system/CodeIgniter.php(419): CodeIgniter\CodeIgniter->runController(Object(App\Controllers\RestController))
#3 /home/eventodigital/public_html/api_controlAccesos/system/CodeIgniter.php(326): CodeIgniter\CodeIgniter->handleRequest(NULL, Object(Config\Cache), false)
#4 /home/eventodigital/public_html/api_controlAccesos/public/index.php(37): CodeIgniter\CodeIgniter->run()
#5 {main}
CRITICAL - 2022-10-20 15:45:13 --> Class 'App\Libraries\Exception' not found
#0 /home/eventodigital/public_html/api_controlAccesos/app/Controllers/RestController.php(164): App\Libraries\vCard->__construct(false, '14081262')
#1 /home/eventodigital/public_html/api_controlAccesos/system/CodeIgniter.php(832): App\Controllers\RestController->create()
#2 /home/eventodigital/public_html/api_controlAccesos/system/CodeIgniter.php(419): CodeIgniter\CodeIgniter->runController(Object(App\Controllers\RestController))
#3 /home/eventodigital/public_html/api_controlAccesos/system/CodeIgniter.php(326): CodeIgniter\CodeIgniter->handleRequest(NULL, Object(Config\Cache), false)
#4 /home/eventodigital/public_html/api_controlAccesos/public/index.php(37): CodeIgniter\CodeIgniter->run()
#5 {main}
CRITICAL - 2022-10-20 15:45:18 --> Class 'App\Libraries\Exception' not found
#0 /home/eventodigital/public_html/api_controlAccesos/app/Controllers/RestController.php(164): App\Libraries\vCard->__construct(false, '4381833878278')
#1 /home/eventodigital/public_html/api_controlAccesos/system/CodeIgniter.php(832): App\Controllers\RestController->create()
#2 /home/eventodigital/public_html/api_controlAccesos/system/CodeIgniter.php(419): CodeIgniter\CodeIgniter->runController(Object(App\Controllers\RestController))
#3 /home/eventodigital/public_html/api_controlAccesos/system/CodeIgniter.php(326): CodeIgniter\CodeIgniter->handleRequest(NULL, Object(Config\Cache), false)
#4 /home/eventodigital/public_html/api_controlAccesos/public/index.php(37): CodeIgniter\CodeIgniter->run()
#5 {main}
CRITICAL - 2022-10-20 15:52:39 --> Class 'App\Libraries\Exception' not found
#0 /home/eventodigital/public_html/api_controlAccesos/app/Controllers/RestController.php(164): App\Libraries\vCard->__construct(false, '14356100')
#1 /home/eventodigital/public_html/api_controlAccesos/system/CodeIgniter.php(832): App\Controllers\RestController->create()
#2 /home/eventodigital/public_html/api_controlAccesos/system/CodeIgniter.php(419): CodeIgniter\CodeIgniter->runController(Object(App\Controllers\RestController))
#3 /home/eventodigital/public_html/api_controlAccesos/system/CodeIgniter.php(326): CodeIgniter\CodeIgniter->handleRequest(NULL, Object(Config\Cache), false)
#4 /home/eventodigital/public_html/api_controlAccesos/public/index.php(37): CodeIgniter\CodeIgniter->run()
#5 {main}
CRITICAL - 2022-10-20 15:56:53 --> Class 'App\Libraries\Exception' not found
#0 /home/eventodigital/public_html/api_controlAccesos/app/Controllers/RestController.php(164): App\Libraries\vCard->__construct(false, '01631852')
#1 /home/eventodigital/public_html/api_controlAccesos/system/CodeIgniter.php(832): App\Controllers\RestController->create()
#2 /home/eventodigital/public_html/api_controlAccesos/system/CodeIgniter.php(419): CodeIgniter\CodeIgniter->runController(Object(App\Controllers\RestController))
#3 /home/eventodigital/public_html/api_controlAccesos/system/CodeIgniter.php(326): CodeIgniter\CodeIgniter->handleRequest(NULL, Object(Config\Cache), false)
#4 /home/eventodigital/public_html/api_controlAccesos/public/index.php(37): CodeIgniter\CodeIgniter->run()
#5 {main}
CRITICAL - 2022-10-20 16:01:49 --> Class 'App\Libraries\Exception' not found
#0 /home/eventodigital/public_html/api_controlAccesos/app/Controllers/RestController.php(164): App\Libraries\vCard->__construct(false, '16937131')
#1 /home/eventodigital/public_html/api_controlAccesos/system/CodeIgniter.php(832): App\Controllers\RestController->create()
#2 /home/eventodigital/public_html/api_controlAccesos/system/CodeIgniter.php(419): CodeIgniter\CodeIgniter->runController(Object(App\Controllers\RestController))
#3 /home/eventodigital/public_html/api_controlAccesos/system/CodeIgniter.php(326): CodeIgniter\CodeIgniter->handleRequest(NULL, Object(Config\Cache), false)
#4 /home/eventodigital/public_html/api_controlAccesos/public/index.php(37): CodeIgniter\CodeIgniter->run()
#5 {main}
CRITICAL - 2022-10-20 16:05:58 --> Class 'App\Libraries\Exception' not found
#0 /home/eventodigital/public_html/api_controlAccesos/app/Controllers/RestController.php(164): App\Libraries\vCard->__construct(false, '15959393')
#1 /home/eventodigital/public_html/api_controlAccesos/system/CodeIgniter.php(832): App\Controllers\RestController->create()
#2 /home/eventodigital/public_html/api_controlAccesos/system/CodeIgniter.php(419): CodeIgniter\CodeIgniter->runController(Object(App\Controllers\RestController))
#3 /home/eventodigital/public_html/api_controlAccesos/system/CodeIgniter.php(326): CodeIgniter\CodeIgniter->handleRequest(NULL, Object(Config\Cache), false)
#4 /home/eventodigital/public_html/api_controlAccesos/public/index.php(37): CodeIgniter\CodeIgniter->run()
#5 {main}
CRITICAL - 2022-10-20 16:10:43 --> Class 'App\Libraries\Exception' not found
#0 /home/eventodigital/public_html/api_controlAccesos/app/Controllers/RestController.php(164): App\Libraries\vCard->__construct(false, '13543099')
#1 /home/eventodigital/public_html/api_controlAccesos/system/CodeIgniter.php(832): App\Controllers\RestController->create()
#2 /home/eventodigital/public_html/api_controlAccesos/system/CodeIgniter.php(419): CodeIgniter\CodeIgniter->runController(Object(App\Controllers\RestController))
#3 /home/eventodigital/public_html/api_controlAccesos/system/CodeIgniter.php(326): CodeIgniter\CodeIgniter->handleRequest(NULL, Object(Config\Cache), false)
#4 /home/eventodigital/public_html/api_controlAccesos/public/index.php(37): CodeIgniter\CodeIgniter->run()
#5 {main}
CRITICAL - 2022-10-20 16:16:15 --> Class 'App\Libraries\Exception' not found
#0 /home/eventodigital/public_html/api_controlAccesos/app/Controllers/RestController.php(164): App\Libraries\vCard->__construct(false, '03044631')
#1 /home/eventodigital/public_html/api_controlAccesos/system/CodeIgniter.php(832): App\Controllers\RestController->create()
#2 /home/eventodigital/public_html/api_controlAccesos/system/CodeIgniter.php(419): CodeIgniter\CodeIgniter->runController(Object(App\Controllers\RestController))
#3 /home/eventodigital/public_html/api_controlAccesos/system/CodeIgniter.php(326): CodeIgniter\CodeIgniter->handleRequest(NULL, Object(Config\Cache), false)
#4 /home/eventodigital/public_html/api_controlAccesos/public/index.php(37): CodeIgniter\CodeIgniter->run()
#5 {main}
CRITICAL - 2022-10-20 16:19:26 --> Class 'App\Libraries\Exception' not found
#0 /home/eventodigital/public_html/api_controlAccesos/app/Controllers/RestController.php(164): App\Libraries\vCard->__construct(false, '01683712')
#1 /home/eventodigital/public_html/api_controlAccesos/system/CodeIgniter.php(832): App\Controllers\RestController->create()
#2 /home/eventodigital/public_html/api_controlAccesos/system/CodeIgniter.php(419): CodeIgniter\CodeIgniter->runController(Object(App\Controllers\RestController))
#3 /home/eventodigital/public_html/api_controlAccesos/system/CodeIgniter.php(326): CodeIgniter\CodeIgniter->handleRequest(NULL, Object(Config\Cache), false)
#4 /home/eventodigital/public_html/api_controlAccesos/public/index.php(37): CodeIgniter\CodeIgniter->run()
#5 {main}
CRITICAL - 2022-10-20 16:20:25 --> Class 'App\Libraries\Exception' not found
#0 /home/eventodigital/public_html/api_controlAccesos/app/Controllers/RestController.php(164): App\Libraries\vCard->__construct(false, '03209236')
#1 /home/eventodigital/public_html/api_controlAccesos/system/CodeIgniter.php(832): App\Controllers\RestController->create()
#2 /home/eventodigital/public_html/api_controlAccesos/system/CodeIgniter.php(419): CodeIgniter\CodeIgniter->runController(Object(App\Controllers\RestController))
#3 /home/eventodigital/public_html/api_controlAccesos/system/CodeIgniter.php(326): CodeIgniter\CodeIgniter->handleRequest(NULL, Object(Config\Cache), false)
#4 /home/eventodigital/public_html/api_controlAccesos/public/index.php(37): CodeIgniter\CodeIgniter->run()
#5 {main}
CRITICAL - 2022-10-20 16:20:27 --> Class 'App\Libraries\Exception' not found
#0 /home/eventodigital/public_html/api_controlAccesos/app/Controllers/RestController.php(164): App\Libraries\vCard->__construct(false, '00258418')
#1 /home/eventodigital/public_html/api_controlAccesos/system/CodeIgniter.php(832): App\Controllers\RestController->create()
#2 /home/eventodigital/public_html/api_controlAccesos/system/CodeIgniter.php(419): CodeIgniter\CodeIgniter->runController(Object(App\Controllers\RestController))
#3 /home/eventodigital/public_html/api_controlAccesos/system/CodeIgniter.php(326): CodeIgniter\CodeIgniter->handleRequest(NULL, Object(Config\Cache), false)
#4 /home/eventodigital/public_html/api_controlAccesos/public/index.php(37): CodeIgniter\CodeIgniter->run()
#5 {main}
CRITICAL - 2022-10-20 16:25:53 --> Class 'App\Libraries\Exception' not found
#0 /home/eventodigital/public_html/api_controlAccesos/app/Controllers/RestController.php(164): App\Libraries\vCard->__construct(false, '06841122')
#1 /home/eventodigital/public_html/api_controlAccesos/system/CodeIgniter.php(832): App\Controllers\RestController->create()
#2 /home/eventodigital/public_html/api_controlAccesos/system/CodeIgniter.php(419): CodeIgniter\CodeIgniter->runController(Object(App\Controllers\RestController))
#3 /home/eventodigital/public_html/api_controlAccesos/system/CodeIgniter.php(326): CodeIgniter\CodeIgniter->handleRequest(NULL, Object(Config\Cache), false)
#4 /home/eventodigital/public_html/api_controlAccesos/public/index.php(37): CodeIgniter\CodeIgniter->run()
#5 {main}
CRITICAL - 2022-10-20 16:26:09 --> Class 'App\Libraries\Exception' not found
#0 /home/eventodigital/public_html/api_controlAccesos/app/Controllers/RestController.php(164): App\Libraries\vCard->__construct(false, 'https://apps.ap...')
#1 /home/eventodigital/public_html/api_controlAccesos/system/CodeIgniter.php(832): App\Controllers\RestController->create()
#2 /home/eventodigital/public_html/api_controlAccesos/system/CodeIgniter.php(419): CodeIgniter\CodeIgniter->runController(Object(App\Controllers\RestController))
#3 /home/eventodigital/public_html/api_controlAccesos/system/CodeIgniter.php(326): CodeIgniter\CodeIgniter->handleRequest(NULL, Object(Config\Cache), false)
#4 /home/eventodigital/public_html/api_controlAccesos/public/index.php(37): CodeIgniter\CodeIgniter->run()
#5 {main}
CRITICAL - 2022-10-20 16:27:31 --> Class 'App\Libraries\Exception' not found
#0 /home/eventodigital/public_html/api_controlAccesos/app/Controllers/RestController.php(164): App\Libraries\vCard->__construct(false, '02021336')
#1 /home/eventodigital/public_html/api_controlAccesos/system/CodeIgniter.php(832): App\Controllers\RestController->create()
#2 /home/eventodigital/public_html/api_controlAccesos/system/CodeIgniter.php(419): CodeIgniter\CodeIgniter->runController(Object(App\Controllers\RestController))
#3 /home/eventodigital/public_html/api_controlAccesos/system/CodeIgniter.php(326): CodeIgniter\CodeIgniter->handleRequest(NULL, Object(Config\Cache), false)
#4 /home/eventodigital/public_html/api_controlAccesos/public/index.php(37): CodeIgniter\CodeIgniter->run()
#5 {main}
CRITICAL - 2022-10-20 16:28:54 --> Class 'App\Libraries\Exception' not found
#0 /home/eventodigital/public_html/api_controlAccesos/app/Controllers/RestController.php(164): App\Libraries\vCard->__construct(false, '00587082')
#1 /home/eventodigital/public_html/api_controlAccesos/system/CodeIgniter.php(832): App\Controllers\RestController->create()
#2 /home/eventodigital/public_html/api_controlAccesos/system/CodeIgniter.php(419): CodeIgniter\CodeIgniter->runController(Object(App\Controllers\RestController))
#3 /home/eventodigital/public_html/api_controlAccesos/system/CodeIgniter.php(326): CodeIgniter\CodeIgniter->handleRequest(NULL, Object(Config\Cache), false)
#4 /home/eventodigital/public_html/api_controlAccesos/public/index.php(37): CodeIgniter\CodeIgniter->run()
#5 {main}
CRITICAL - 2022-10-20 16:29:54 --> Class 'App\Libraries\Exception' not found
#0 /home/eventodigital/public_html/api_controlAccesos/app/Controllers/RestController.php(164): App\Libraries\vCard->__construct(false, '00878900')
#1 /home/eventodigital/public_html/api_controlAccesos/system/CodeIgniter.php(832): App\Controllers\RestController->create()
#2 /home/eventodigital/public_html/api_controlAccesos/system/CodeIgniter.php(419): CodeIgniter\CodeIgniter->runController(Object(App\Controllers\RestController))
#3 /home/eventodigital/public_html/api_controlAccesos/system/CodeIgniter.php(326): CodeIgniter\CodeIgniter->handleRequest(NULL, Object(Config\Cache), false)
#4 /home/eventodigital/public_html/api_controlAccesos/public/index.php(37): CodeIgniter\CodeIgniter->run()
#5 {main}
CRITICAL - 2022-10-20 16:30:51 --> Class 'App\Libraries\Exception' not found
#0 /home/eventodigital/public_html/api_controlAccesos/app/Controllers/RestController.php(164): App\Libraries\vCard->__construct(false, '11882145')
#1 /home/eventodigital/public_html/api_controlAccesos/system/CodeIgniter.php(832): App\Controllers\RestController->create()
#2 /home/eventodigital/public_html/api_controlAccesos/system/CodeIgniter.php(419): CodeIgniter\CodeIgniter->runController(Object(App\Controllers\RestController))
#3 /home/eventodigital/public_html/api_controlAccesos/system/CodeIgniter.php(326): CodeIgniter\CodeIgniter->handleRequest(NULL, Object(Config\Cache), false)
#4 /home/eventodigital/public_html/api_controlAccesos/public/index.php(37): CodeIgniter\CodeIgniter->run()
#5 {main}
CRITICAL - 2022-10-20 16:36:59 --> Class 'App\Libraries\Exception' not found
#0 /home/eventodigital/public_html/api_controlAccesos/app/Controllers/RestController.php(164): App\Libraries\vCard->__construct(false, '06165535')
#1 /home/eventodigital/public_html/api_controlAccesos/system/CodeIgniter.php(832): App\Controllers\RestController->create()
#2 /home/eventodigital/public_html/api_controlAccesos/system/CodeIgniter.php(419): CodeIgniter\CodeIgniter->runController(Object(App\Controllers\RestController))
#3 /home/eventodigital/public_html/api_controlAccesos/system/CodeIgniter.php(326): CodeIgniter\CodeIgniter->handleRequest(NULL, Object(Config\Cache), false)
#4 /home/eventodigital/public_html/api_controlAccesos/public/index.php(37): CodeIgniter\CodeIgniter->run()
#5 {main}
CRITICAL - 2022-10-20 16:38:42 --> Class 'App\Libraries\Exception' not found
#0 /home/eventodigital/public_html/api_controlAccesos/app/Controllers/RestController.php(164): App\Libraries\vCard->__construct(false, '01787146')
#1 /home/eventodigital/public_html/api_controlAccesos/system/CodeIgniter.php(832): App\Controllers\RestController->create()
#2 /home/eventodigital/public_html/api_controlAccesos/system/CodeIgniter.php(419): CodeIgniter\CodeIgniter->runController(Object(App\Controllers\RestController))
#3 /home/eventodigital/public_html/api_controlAccesos/system/CodeIgniter.php(326): CodeIgniter\CodeIgniter->handleRequest(NULL, Object(Config\Cache), false)
#4 /home/eventodigital/public_html/api_controlAccesos/public/index.php(37): CodeIgniter\CodeIgniter->run()
#5 {main}
CRITICAL - 2022-10-20 16:41:11 --> Class 'App\Libraries\Exception' not found
#0 /home/eventodigital/public_html/api_controlAccesos/app/Controllers/RestController.php(164): App\Libraries\vCard->__construct(false, '04123615')
#1 /home/eventodigital/public_html/api_controlAccesos/system/CodeIgniter.php(832): App\Controllers\RestController->create()
#2 /home/eventodigital/public_html/api_controlAccesos/system/CodeIgniter.php(419): CodeIgniter\CodeIgniter->runController(Object(App\Controllers\RestController))
#3 /home/eventodigital/public_html/api_controlAccesos/system/CodeIgniter.php(326): CodeIgniter\CodeIgniter->handleRequest(NULL, Object(Config\Cache), false)
#4 /home/eventodigital/public_html/api_controlAccesos/public/index.php(37): CodeIgniter\CodeIgniter->run()
#5 {main}
CRITICAL - 2022-10-20 16:41:14 --> Class 'App\Libraries\Exception' not found
#0 /home/eventodigital/public_html/api_controlAccesos/app/Controllers/RestController.php(164): App\Libraries\vCard->__construct(false, '12568956')
#1 /home/eventodigital/public_html/api_controlAccesos/system/CodeIgniter.php(832): App\Controllers\RestController->create()
#2 /home/eventodigital/public_html/api_controlAccesos/system/CodeIgniter.php(419): CodeIgniter\CodeIgniter->runController(Object(App\Controllers\RestController))
#3 /home/eventodigital/public_html/api_controlAccesos/system/CodeIgniter.php(326): CodeIgniter\CodeIgniter->handleRequest(NULL, Object(Config\Cache), false)
#4 /home/eventodigital/public_html/api_controlAccesos/public/index.php(37): CodeIgniter\CodeIgniter->run()
#5 {main}
CRITICAL - 2022-10-20 16:41:35 --> Class 'App\Libraries\Exception' not found
#0 /home/eventodigital/public_html/api_controlAccesos/app/Controllers/RestController.php(164): App\Libraries\vCard->__construct(false, '04750871')
#1 /home/eventodigital/public_html/api_controlAccesos/system/CodeIgniter.php(832): App\Controllers\RestController->create()
#2 /home/eventodigital/public_html/api_controlAccesos/system/CodeIgniter.php(419): CodeIgniter\CodeIgniter->runController(Object(App\Controllers\RestController))
#3 /home/eventodigital/public_html/api_controlAccesos/system/CodeIgniter.php(326): CodeIgniter\CodeIgniter->handleRequest(NULL, Object(Config\Cache), false)
#4 /home/eventodigital/public_html/api_controlAccesos/public/index.php(37): CodeIgniter\CodeIgniter->run()
#5 {main}
CRITICAL - 2022-10-20 16:44:53 --> Class 'App\Libraries\Exception' not found
#0 /home/eventodigital/public_html/api_controlAccesos/app/Controllers/RestController.php(164): App\Libraries\vCard->__construct(false, '01183132')
#1 /home/eventodigital/public_html/api_controlAccesos/system/CodeIgniter.php(832): App\Controllers\RestController->create()
#2 /home/eventodigital/public_html/api_controlAccesos/system/CodeIgniter.php(419): CodeIgniter\CodeIgniter->runController(Object(App\Controllers\RestController))
#3 /home/eventodigital/public_html/api_controlAccesos/system/CodeIgniter.php(326): CodeIgniter\CodeIgniter->handleRequest(NULL, Object(Config\Cache), false)
#4 /home/eventodigital/public_html/api_controlAccesos/public/index.php(37): CodeIgniter\CodeIgniter->run()
#5 {main}
CRITICAL - 2022-10-20 16:44:56 --> Class 'App\Libraries\Exception' not found
#0 /home/eventodigital/public_html/api_controlAccesos/app/Controllers/RestController.php(164): App\Libraries\vCard->__construct(false, '11988281')
#1 /home/eventodigital/public_html/api_controlAccesos/system/CodeIgniter.php(832): App\Controllers\RestController->create()
#2 /home/eventodigital/public_html/api_controlAccesos/system/CodeIgniter.php(419): CodeIgniter\CodeIgniter->runController(Object(App\Controllers\RestController))
#3 /home/eventodigital/public_html/api_controlAccesos/system/CodeIgniter.php(326): CodeIgniter\CodeIgniter->handleRequest(NULL, Object(Config\Cache), false)
#4 /home/eventodigital/public_html/api_controlAccesos/public/index.php(37): CodeIgniter\CodeIgniter->run()
#5 {main}
CRITICAL - 2022-10-20 16:45:00 --> Class 'App\Libraries\Exception' not found
#0 /home/eventodigital/public_html/api_controlAccesos/app/Controllers/RestController.php(164): App\Libraries\vCard->__construct(false, '01183132')
#1 /home/eventodigital/public_html/api_controlAccesos/system/CodeIgniter.php(832): App\Controllers\RestController->create()
#2 /home/eventodigital/public_html/api_controlAccesos/system/CodeIgniter.php(419): CodeIgniter\CodeIgniter->runController(Object(App\Controllers\RestController))
#3 /home/eventodigital/public_html/api_controlAccesos/system/CodeIgniter.php(326): CodeIgniter\CodeIgniter->handleRequest(NULL, Object(Config\Cache), false)
#4 /home/eventodigital/public_html/api_controlAccesos/public/index.php(37): CodeIgniter\CodeIgniter->run()
#5 {main}
CRITICAL - 2022-10-20 16:49:06 --> Class 'App\Libraries\Exception' not found
#0 /home/eventodigital/public_html/api_controlAccesos/app/Controllers/RestController.php(164): App\Libraries\vCard->__construct(false, '06007171')
#1 /home/eventodigital/public_html/api_controlAccesos/system/CodeIgniter.php(832): App\Controllers\RestController->create()
#2 /home/eventodigital/public_html/api_controlAccesos/system/CodeIgniter.php(419): CodeIgniter\CodeIgniter->runController(Object(App\Controllers\RestController))
#3 /home/eventodigital/public_html/api_controlAccesos/system/CodeIgniter.php(326): CodeIgniter\CodeIgniter->handleRequest(NULL, Object(Config\Cache), false)
#4 /home/eventodigital/public_html/api_controlAccesos/public/index.php(37): CodeIgniter\CodeIgniter->run()
#5 {main}
CRITICAL - 2022-10-20 16:50:11 --> Class 'App\Libraries\Exception' not found
#0 /home/eventodigital/public_html/api_controlAccesos/app/Controllers/RestController.php(164): App\Libraries\vCard->__construct(false, '11257776')
#1 /home/eventodigital/public_html/api_controlAccesos/system/CodeIgniter.php(832): App\Controllers\RestController->create()
#2 /home/eventodigital/public_html/api_controlAccesos/system/CodeIgniter.php(419): CodeIgniter\CodeIgniter->runController(Object(App\Controllers\RestController))
#3 /home/eventodigital/public_html/api_controlAccesos/system/CodeIgniter.php(326): CodeIgniter\CodeIgniter->handleRequest(NULL, Object(Config\Cache), false)
#4 /home/eventodigital/public_html/api_controlAccesos/public/index.php(37): CodeIgniter\CodeIgniter->run()
#5 {main}
CRITICAL - 2022-10-20 16:51:59 --> Class 'App\Libraries\Exception' not found
#0 /home/eventodigital/public_html/api_controlAccesos/app/Controllers/RestController.php(164): App\Libraries\vCard->__construct(false, '12874989')
#1 /home/eventodigital/public_html/api_controlAccesos/system/CodeIgniter.php(832): App\Controllers\RestController->create()
#2 /home/eventodigital/public_html/api_controlAccesos/system/CodeIgniter.php(419): CodeIgniter\CodeIgniter->runController(Object(App\Controllers\RestController))
#3 /home/eventodigital/public_html/api_controlAccesos/system/CodeIgniter.php(326): CodeIgniter\CodeIgniter->handleRequest(NULL, Object(Config\Cache), false)
#4 /home/eventodigital/public_html/api_controlAccesos/public/index.php(37): CodeIgniter\CodeIgniter->run()
#5 {main}
CRITICAL - 2022-10-20 16:52:06 --> Class 'App\Libraries\Exception' not found
#0 /home/eventodigital/public_html/api_controlAccesos/app/Controllers/RestController.php(164): App\Libraries\vCard->__construct(false, '07789991')
#1 /home/eventodigital/public_html/api_controlAccesos/system/CodeIgniter.php(832): App\Controllers\RestController->create()
#2 /home/eventodigital/public_html/api_controlAccesos/system/CodeIgniter.php(419): CodeIgniter\CodeIgniter->runController(Object(App\Controllers\RestController))
#3 /home/eventodigital/public_html/api_controlAccesos/system/CodeIgniter.php(326): CodeIgniter\CodeIgniter->handleRequest(NULL, Object(Config\Cache), false)
#4 /home/eventodigital/public_html/api_controlAccesos/public/index.php(37): CodeIgniter\CodeIgniter->run()
#5 {main}
CRITICAL - 2022-10-20 16:52:19 --> Class 'App\Libraries\Exception' not found
#0 /home/eventodigital/public_html/api_controlAccesos/app/Controllers/RestController.php(164): App\Libraries\vCard->__construct(false, '09578934')
#1 /home/eventodigital/public_html/api_controlAccesos/system/CodeIgniter.php(832): App\Controllers\RestController->create()
#2 /home/eventodigital/public_html/api_controlAccesos/system/CodeIgniter.php(419): CodeIgniter\CodeIgniter->runController(Object(App\Controllers\RestController))
#3 /home/eventodigital/public_html/api_controlAccesos/system/CodeIgniter.php(326): CodeIgniter\CodeIgniter->handleRequest(NULL, Object(Config\Cache), false)
#4 /home/eventodigital/public_html/api_controlAccesos/public/index.php(37): CodeIgniter\CodeIgniter->run()
#5 {main}
CRITICAL - 2022-10-20 16:52:30 --> Class 'App\Libraries\Exception' not found
#0 /home/eventodigital/public_html/api_controlAccesos/app/Controllers/RestController.php(164): App\Libraries\vCard->__construct(false, '01900914')
#1 /home/eventodigital/public_html/api_controlAccesos/system/CodeIgniter.php(832): App\Controllers\RestController->create()
#2 /home/eventodigital/public_html/api_controlAccesos/system/CodeIgniter.php(419): CodeIgniter\CodeIgniter->runController(Object(App\Controllers\RestController))
#3 /home/eventodigital/public_html/api_controlAccesos/system/CodeIgniter.php(326): CodeIgniter\CodeIgniter->handleRequest(NULL, Object(Config\Cache), false)
#4 /home/eventodigital/public_html/api_controlAccesos/public/index.php(37): CodeIgniter\CodeIgniter->run()
#5 {main}
CRITICAL - 2022-10-20 16:56:11 --> Class 'App\Libraries\Exception' not found
#0 /home/eventodigital/public_html/api_controlAccesos/app/Controllers/RestController.php(164): App\Libraries\vCard->__construct(false, '13052812')
#1 /home/eventodigital/public_html/api_controlAccesos/system/CodeIgniter.php(832): App\Controllers\RestController->create()
#2 /home/eventodigital/public_html/api_controlAccesos/system/CodeIgniter.php(419): CodeIgniter\CodeIgniter->runController(Object(App\Controllers\RestController))
#3 /home/eventodigital/public_html/api_controlAccesos/system/CodeIgniter.php(326): CodeIgniter\CodeIgniter->handleRequest(NULL, Object(Config\Cache), false)
#4 /home/eventodigital/public_html/api_controlAccesos/public/index.php(37): CodeIgniter\CodeIgniter->run()
#5 {main}
CRITICAL - 2022-10-20 16:57:06 --> Class 'App\Libraries\Exception' not found
#0 /home/eventodigital/public_html/api_controlAccesos/app/Controllers/RestController.php(164): App\Libraries\vCard->__construct(false, '11674818')
#1 /home/eventodigital/public_html/api_controlAccesos/system/CodeIgniter.php(832): App\Controllers\RestController->create()
#2 /home/eventodigital/public_html/api_controlAccesos/system/CodeIgniter.php(419): CodeIgniter\CodeIgniter->runController(Object(App\Controllers\RestController))
#3 /home/eventodigital/public_html/api_controlAccesos/system/CodeIgniter.php(326): CodeIgniter\CodeIgniter->handleRequest(NULL, Object(Config\Cache), false)
#4 /home/eventodigital/public_html/api_controlAccesos/public/index.php(37): CodeIgniter\CodeIgniter->run()
#5 {main}
CRITICAL - 2022-10-20 16:59:06 --> Class 'App\Libraries\Exception' not found
#0 /home/eventodigital/public_html/api_controlAccesos/app/Controllers/RestController.php(164): App\Libraries\vCard->__construct(false, '01756173')
#1 /home/eventodigital/public_html/api_controlAccesos/system/CodeIgniter.php(832): App\Controllers\RestController->create()
#2 /home/eventodigital/public_html/api_controlAccesos/system/CodeIgniter.php(419): CodeIgniter\CodeIgniter->runController(Object(App\Controllers\RestController))
#3 /home/eventodigital/public_html/api_controlAccesos/system/CodeIgniter.php(326): CodeIgniter\CodeIgniter->handleRequest(NULL, Object(Config\Cache), false)
#4 /home/eventodigital/public_html/api_controlAccesos/public/index.php(37): CodeIgniter\CodeIgniter->run()
#5 {main}
CRITICAL - 2022-10-20 17:03:36 --> Class 'App\Libraries\Exception' not found
#0 /home/eventodigital/public_html/api_controlAccesos/app/Controllers/RestController.php(164): App\Libraries\vCard->__construct(false, '03928248')
#1 /home/eventodigital/public_html/api_controlAccesos/system/CodeIgniter.php(832): App\Controllers\RestController->create()
#2 /home/eventodigital/public_html/api_controlAccesos/system/CodeIgniter.php(419): CodeIgniter\CodeIgniter->runController(Object(App\Controllers\RestController))
#3 /home/eventodigital/public_html/api_controlAccesos/system/CodeIgniter.php(326): CodeIgniter\CodeIgniter->handleRequest(NULL, Object(Config\Cache), false)
#4 /home/eventodigital/public_html/api_controlAccesos/public/index.php(37): CodeIgniter\CodeIgniter->run()
#5 {main}
CRITICAL - 2022-10-20 17:06:30 --> Class 'App\Libraries\Exception' not found
#0 /home/eventodigital/public_html/api_controlAccesos/app/Controllers/RestController.php(164): App\Libraries\vCard->__construct(false, '07714607')
#1 /home/eventodigital/public_html/api_controlAccesos/system/CodeIgniter.php(832): App\Controllers\RestController->create()
#2 /home/eventodigital/public_html/api_controlAccesos/system/CodeIgniter.php(419): CodeIgniter\CodeIgniter->runController(Object(App\Controllers\RestController))
#3 /home/eventodigital/public_html/api_controlAccesos/system/CodeIgniter.php(326): CodeIgniter\CodeIgniter->handleRequest(NULL, Object(Config\Cache), false)
#4 /home/eventodigital/public_html/api_controlAccesos/public/index.php(37): CodeIgniter\CodeIgniter->run()
#5 {main}
CRITICAL - 2022-10-20 17:06:30 --> Class 'App\Libraries\Exception' not found
#0 /home/eventodigital/public_html/api_controlAccesos/app/Controllers/RestController.php(164): App\Libraries\vCard->__construct(false, '3$')
#1 /home/eventodigital/public_html/api_controlAccesos/system/CodeIgniter.php(832): App\Controllers\RestController->create()
#2 /home/eventodigital/public_html/api_controlAccesos/system/CodeIgniter.php(419): CodeIgniter\CodeIgniter->runController(Object(App\Controllers\RestController))
#3 /home/eventodigital/public_html/api_controlAccesos/system/CodeIgniter.php(326): CodeIgniter\CodeIgniter->handleRequest(NULL, Object(Config\Cache), false)
#4 /home/eventodigital/public_html/api_controlAccesos/public/index.php(37): CodeIgniter\CodeIgniter->run()
#5 {main}
CRITICAL - 2022-10-20 17:07:54 --> Class 'App\Libraries\Exception' not found
#0 /home/eventodigital/public_html/api_controlAccesos/app/Controllers/RestController.php(164): App\Libraries\vCard->__construct(false, '11273137')
#1 /home/eventodigital/public_html/api_controlAccesos/system/CodeIgniter.php(832): App\Controllers\RestController->create()
#2 /home/eventodigital/public_html/api_controlAccesos/system/CodeIgniter.php(419): CodeIgniter\CodeIgniter->runController(Object(App\Controllers\RestController))
#3 /home/eventodigital/public_html/api_controlAccesos/system/CodeIgniter.php(326): CodeIgniter\CodeIgniter->handleRequest(NULL, Object(Config\Cache), false)
#4 /home/eventodigital/public_html/api_controlAccesos/public/index.php(37): CodeIgniter\CodeIgniter->run()
#5 {main}
CRITICAL - 2022-10-20 17:10:24 --> Class 'App\Libraries\Exception' not found
#0 /home/eventodigital/public_html/api_controlAccesos/app/Controllers/RestController.php(164): App\Libraries\vCard->__construct(false, '01521184')
#1 /home/eventodigital/public_html/api_controlAccesos/system/CodeIgniter.php(832): App\Controllers\RestController->create()
#2 /home/eventodigital/public_html/api_controlAccesos/system/CodeIgniter.php(419): CodeIgniter\CodeIgniter->runController(Object(App\Controllers\RestController))
#3 /home/eventodigital/public_html/api_controlAccesos/system/CodeIgniter.php(326): CodeIgniter\CodeIgniter->handleRequest(NULL, Object(Config\Cache), false)
#4 /home/eventodigital/public_html/api_controlAccesos/public/index.php(37): CodeIgniter\CodeIgniter->run()
#5 {main}
CRITICAL - 2022-10-20 17:14:18 --> Class 'App\Libraries\Exception' not found
#0 /home/eventodigital/public_html/api_controlAccesos/app/Controllers/RestController.php(164): App\Libraries\vCard->__construct(false, '11227410')
#1 /home/eventodigital/public_html/api_controlAccesos/system/CodeIgniter.php(832): App\Controllers\RestController->create()
#2 /home/eventodigital/public_html/api_controlAccesos/system/CodeIgniter.php(419): CodeIgniter\CodeIgniter->runController(Object(App\Controllers\RestController))
#3 /home/eventodigital/public_html/api_controlAccesos/system/CodeIgniter.php(326): CodeIgniter\CodeIgniter->handleRequest(NULL, Object(Config\Cache), false)
#4 /home/eventodigital/public_html/api_controlAccesos/public/index.php(37): CodeIgniter\CodeIgniter->run()
#5 {main}
CRITICAL - 2022-10-20 17:14:24 --> Class 'App\Libraries\Exception' not found
#0 /home/eventodigital/public_html/api_controlAccesos/app/Controllers/RestController.php(164): App\Libraries\vCard->__construct(false, '12382897')
#1 /home/eventodigital/public_html/api_controlAccesos/system/CodeIgniter.php(832): App\Controllers\RestController->create()
#2 /home/eventodigital/public_html/api_controlAccesos/system/CodeIgniter.php(419): CodeIgniter\CodeIgniter->runController(Object(App\Controllers\RestController))
#3 /home/eventodigital/public_html/api_controlAccesos/system/CodeIgniter.php(326): CodeIgniter\CodeIgniter->handleRequest(NULL, Object(Config\Cache), false)
#4 /home/eventodigital/public_html/api_controlAccesos/public/index.php(37): CodeIgniter\CodeIgniter->run()
#5 {main}
CRITICAL - 2022-10-20 17:17:18 --> Class 'App\Libraries\Exception' not found
#0 /home/eventodigital/public_html/api_controlAccesos/app/Controllers/RestController.php(164): App\Libraries\vCard->__construct(false, '11464099')
#1 /home/eventodigital/public_html/api_controlAccesos/system/CodeIgniter.php(832): App\Controllers\RestController->create()
#2 /home/eventodigital/public_html/api_controlAccesos/system/CodeIgniter.php(419): CodeIgniter\CodeIgniter->runController(Object(App\Controllers\RestController))
#3 /home/eventodigital/public_html/api_controlAccesos/system/CodeIgniter.php(326): CodeIgniter\CodeIgniter->handleRequest(NULL, Object(Config\Cache), false)
#4 /home/eventodigital/public_html/api_controlAccesos/public/index.php(37): CodeIgniter\CodeIgniter->run()
#5 {main}
CRITICAL - 2022-10-20 17:18:08 --> Class 'App\Libraries\Exception' not found
#0 /home/eventodigital/public_html/api_controlAccesos/app/Controllers/RestController.php(164): App\Libraries\vCard->__construct(false, '\xEF\xBB\xBFBEGIN:VCARD\n...')
#1 /home/eventodigital/public_html/api_controlAccesos/system/CodeIgniter.php(832): App\Controllers\RestController->create()
#2 /home/eventodigital/public_html/api_controlAccesos/system/CodeIgniter.php(419): CodeIgniter\CodeIgniter->runController(Object(App\Controllers\RestController))
#3 /home/eventodigital/public_html/api_controlAccesos/system/CodeIgniter.php(326): CodeIgniter\CodeIgniter->handleRequest(NULL, Object(Config\Cache), false)
#4 /home/eventodigital/public_html/api_controlAccesos/public/index.php(37): CodeIgniter\CodeIgniter->run()
#5 {main}
CRITICAL - 2022-10-20 17:18:14 --> Class 'App\Libraries\Exception' not found
#0 /home/eventodigital/public_html/api_controlAccesos/app/Controllers/RestController.php(164): App\Libraries\vCard->__construct(false, '04291836')
#1 /home/eventodigital/public_html/api_controlAccesos/system/CodeIgniter.php(832): App\Controllers\RestController->create()
#2 /home/eventodigital/public_html/api_controlAccesos/system/CodeIgniter.php(419): CodeIgniter\CodeIgniter->runController(Object(App\Controllers\RestController))
#3 /home/eventodigital/public_html/api_controlAccesos/system/CodeIgniter.php(326): CodeIgniter\CodeIgniter->handleRequest(NULL, Object(Config\Cache), false)
#4 /home/eventodigital/public_html/api_controlAccesos/public/index.php(37): CodeIgniter\CodeIgniter->run()
#5 {main}
CRITICAL - 2022-10-20 17:18:32 --> Class 'App\Libraries\Exception' not found
#0 /home/eventodigital/public_html/api_controlAccesos/app/Controllers/RestController.php(164): App\Libraries\vCard->__construct(false, '17008075')
#1 /home/eventodigital/public_html/api_controlAccesos/system/CodeIgniter.php(832): App\Controllers\RestController->create()
#2 /home/eventodigital/public_html/api_controlAccesos/system/CodeIgniter.php(419): CodeIgniter\CodeIgniter->runController(Object(App\Controllers\RestController))
#3 /home/eventodigital/public_html/api_controlAccesos/system/CodeIgniter.php(326): CodeIgniter\CodeIgniter->handleRequest(NULL, Object(Config\Cache), false)
#4 /home/eventodigital/public_html/api_controlAccesos/public/index.php(37): CodeIgniter\CodeIgniter->run()
#5 {main}
CRITICAL - 2022-10-20 17:18:41 --> Class 'App\Libraries\Exception' not found
#0 /home/eventodigital/public_html/api_controlAccesos/app/Controllers/RestController.php(164): App\Libraries\vCard->__construct(false, '17242592')
#1 /home/eventodigital/public_html/api_controlAccesos/system/CodeIgniter.php(832): App\Controllers\RestController->create()
#2 /home/eventodigital/public_html/api_controlAccesos/system/CodeIgniter.php(419): CodeIgniter\CodeIgniter->runController(Object(App\Controllers\RestController))
#3 /home/eventodigital/public_html/api_controlAccesos/system/CodeIgniter.php(326): CodeIgniter\CodeIgniter->handleRequest(NULL, Object(Config\Cache), false)
#4 /home/eventodigital/public_html/api_controlAccesos/public/index.php(37): CodeIgniter\CodeIgniter->run()
#5 {main}
CRITICAL - 2022-10-20 17:19:13 --> Class 'App\Libraries\Exception' not found
#0 /home/eventodigital/public_html/api_controlAccesos/app/Controllers/RestController.php(164): App\Libraries\vCard->__construct(false, '12589173')
#1 /home/eventodigital/public_html/api_controlAccesos/system/CodeIgniter.php(832): App\Controllers\RestController->create()
#2 /home/eventodigital/public_html/api_controlAccesos/system/CodeIgniter.php(419): CodeIgniter\CodeIgniter->runController(Object(App\Controllers\RestController))
#3 /home/eventodigital/public_html/api_controlAccesos/system/CodeIgniter.php(326): CodeIgniter\CodeIgniter->handleRequest(NULL, Object(Config\Cache), false)
#4 /home/eventodigital/public_html/api_controlAccesos/public/index.php(37): CodeIgniter\CodeIgniter->run()
#5 {main}
CRITICAL - 2022-10-20 17:20:30 --> Class 'App\Libraries\Exception' not found
#0 /home/eventodigital/public_html/api_controlAccesos/app/Controllers/RestController.php(164): App\Libraries\vCard->__construct(false, '10355135')
#1 /home/eventodigital/public_html/api_controlAccesos/system/CodeIgniter.php(832): App\Controllers\RestController->create()
#2 /home/eventodigital/public_html/api_controlAccesos/system/CodeIgniter.php(419): CodeIgniter\CodeIgniter->runController(Object(App\Controllers\RestController))
#3 /home/eventodigital/public_html/api_controlAccesos/system/CodeIgniter.php(326): CodeIgniter\CodeIgniter->handleRequest(NULL, Object(Config\Cache), false)
#4 /home/eventodigital/public_html/api_controlAccesos/public/index.php(37): CodeIgniter\CodeIgniter->run()
#5 {main}
CRITICAL - 2022-10-20 17:21:17 --> Class 'App\Libraries\Exception' not found
#0 /home/eventodigital/public_html/api_controlAccesos/app/Controllers/RestController.php(164): App\Libraries\vCard->__construct(false, '04291657')
#1 /home/eventodigital/public_html/api_controlAccesos/system/CodeIgniter.php(832): App\Controllers\RestController->create()
#2 /home/eventodigital/public_html/api_controlAccesos/system/CodeIgniter.php(419): CodeIgniter\CodeIgniter->runController(Object(App\Controllers\RestController))
#3 /home/eventodigital/public_html/api_controlAccesos/system/CodeIgniter.php(326): CodeIgniter\CodeIgniter->handleRequest(NULL, Object(Config\Cache), false)
#4 /home/eventodigital/public_html/api_controlAccesos/public/index.php(37): CodeIgniter\CodeIgniter->run()
#5 {main}
CRITICAL - 2022-10-20 17:24:44 --> Class 'App\Libraries\Exception' not found
#0 /home/eventodigital/public_html/api_controlAccesos/app/Controllers/RestController.php(164): App\Libraries\vCard->__construct(false, '02146113')
#1 /home/eventodigital/public_html/api_controlAccesos/system/CodeIgniter.php(832): App\Controllers\RestController->create()
#2 /home/eventodigital/public_html/api_controlAccesos/system/CodeIgniter.php(419): CodeIgniter\CodeIgniter->runController(Object(App\Controllers\RestController))
#3 /home/eventodigital/public_html/api_controlAccesos/system/CodeIgniter.php(326): CodeIgniter\CodeIgniter->handleRequest(NULL, Object(Config\Cache), false)
#4 /home/eventodigital/public_html/api_controlAccesos/public/index.php(37): CodeIgniter\CodeIgniter->run()
#5 {main}
CRITICAL - 2022-10-20 17:25:08 --> Class 'App\Libraries\Exception' not found
#0 /home/eventodigital/public_html/api_controlAccesos/app/Controllers/RestController.php(164): App\Libraries\vCard->__construct(false, '03870990')
#1 /home/eventodigital/public_html/api_controlAccesos/system/CodeIgniter.php(832): App\Controllers\RestController->create()
#2 /home/eventodigital/public_html/api_controlAccesos/system/CodeIgniter.php(419): CodeIgniter\CodeIgniter->runController(Object(App\Controllers\RestController))
#3 /home/eventodigital/public_html/api_controlAccesos/system/CodeIgniter.php(326): CodeIgniter\CodeIgniter->handleRequest(NULL, Object(Config\Cache), false)
#4 /home/eventodigital/public_html/api_controlAccesos/public/index.php(37): CodeIgniter\CodeIgniter->run()
#5 {main}
CRITICAL - 2022-10-20 17:26:52 --> Class 'App\Libraries\Exception' not found
#0 /home/eventodigital/public_html/api_controlAccesos/app/Controllers/RestController.php(164): App\Libraries\vCard->__construct(false, '10331415')
#1 /home/eventodigital/public_html/api_controlAccesos/system/CodeIgniter.php(832): App\Controllers\RestController->create()
#2 /home/eventodigital/public_html/api_controlAccesos/system/CodeIgniter.php(419): CodeIgniter\CodeIgniter->runController(Object(App\Controllers\RestController))
#3 /home/eventodigital/public_html/api_controlAccesos/system/CodeIgniter.php(326): CodeIgniter\CodeIgniter->handleRequest(NULL, Object(Config\Cache), false)
#4 /home/eventodigital/public_html/api_controlAccesos/public/index.php(37): CodeIgniter\CodeIgniter->run()
#5 {main}
CRITICAL - 2022-10-20 17:27:26 --> Class 'App\Libraries\Exception' not found
#0 /home/eventodigital/public_html/api_controlAccesos/app/Controllers/RestController.php(164): App\Libraries\vCard->__construct(false, '07660609')
#1 /home/eventodigital/public_html/api_controlAccesos/system/CodeIgniter.php(832): App\Controllers\RestController->create()
#2 /home/eventodigital/public_html/api_controlAccesos/system/CodeIgniter.php(419): CodeIgniter\CodeIgniter->runController(Object(App\Controllers\RestController))
#3 /home/eventodigital/public_html/api_controlAccesos/system/CodeIgniter.php(326): CodeIgniter\CodeIgniter->handleRequest(NULL, Object(Config\Cache), false)
#4 /home/eventodigital/public_html/api_controlAccesos/public/index.php(37): CodeIgniter\CodeIgniter->run()
#5 {main}
CRITICAL - 2022-10-20 17:28:32 --> Class 'App\Libraries\Exception' not found
#0 /home/eventodigital/public_html/api_controlAccesos/app/Controllers/RestController.php(164): App\Libraries\vCard->__construct(false, '18190366')
#1 /home/eventodigital/public_html/api_controlAccesos/system/CodeIgniter.php(832): App\Controllers\RestController->create()
#2 /home/eventodigital/public_html/api_controlAccesos/system/CodeIgniter.php(419): CodeIgniter\CodeIgniter->runController(Object(App\Controllers\RestController))
#3 /home/eventodigital/public_html/api_controlAccesos/system/CodeIgniter.php(326): CodeIgniter\CodeIgniter->handleRequest(NULL, Object(Config\Cache), false)
#4 /home/eventodigital/public_html/api_controlAccesos/public/index.php(37): CodeIgniter\CodeIgniter->run()
#5 {main}
CRITICAL - 2022-10-20 17:34:16 --> Class 'App\Libraries\Exception' not found
#0 /home/eventodigital/public_html/api_controlAccesos/app/Controllers/RestController.php(164): App\Libraries\vCard->__construct(false, '\xEF\xBB\xBFBEGIN:VCARD\n...')
#1 /home/eventodigital/public_html/api_controlAccesos/system/CodeIgniter.php(832): App\Controllers\RestController->create()
#2 /home/eventodigital/public_html/api_controlAccesos/system/CodeIgniter.php(419): CodeIgniter\CodeIgniter->runController(Object(App\Controllers\RestController))
#3 /home/eventodigital/public_html/api_controlAccesos/system/CodeIgniter.php(326): CodeIgniter\CodeIgniter->handleRequest(NULL, Object(Config\Cache), false)
#4 /home/eventodigital/public_html/api_controlAccesos/public/index.php(37): CodeIgniter\CodeIgniter->run()
#5 {main}
CRITICAL - 2022-10-20 17:34:19 --> Class 'App\Libraries\Exception' not found
#0 /home/eventodigital/public_html/api_controlAccesos/app/Controllers/RestController.php(164): App\Libraries\vCard->__construct(false, '\xEF\xBB\xBFBEGIN:VCARD\n...')
#1 /home/eventodigital/public_html/api_controlAccesos/system/CodeIgniter.php(832): App\Controllers\RestController->create()
#2 /home/eventodigital/public_html/api_controlAccesos/system/CodeIgniter.php(419): CodeIgniter\CodeIgniter->runController(Object(App\Controllers\RestController))
#3 /home/eventodigital/public_html/api_controlAccesos/system/CodeIgniter.php(326): CodeIgniter\CodeIgniter->handleRequest(NULL, Object(Config\Cache), false)
#4 /home/eventodigital/public_html/api_controlAccesos/public/index.php(37): CodeIgniter\CodeIgniter->run()
#5 {main}
CRITICAL - 2022-10-20 17:34:27 --> Class 'App\Libraries\Exception' not found
#0 /home/eventodigital/public_html/api_controlAccesos/app/Controllers/RestController.php(164): App\Libraries\vCard->__construct(false, '\xEF\xBB\xBFBEGIN:VCARD\n...')
#1 /home/eventodigital/public_html/api_controlAccesos/system/CodeIgniter.php(832): App\Controllers\RestController->create()
#2 /home/eventodigital/public_html/api_controlAccesos/system/CodeIgniter.php(419): CodeIgniter\CodeIgniter->runController(Object(App\Controllers\RestController))
#3 /home/eventodigital/public_html/api_controlAccesos/system/CodeIgniter.php(326): CodeIgniter\CodeIgniter->handleRequest(NULL, Object(Config\Cache), false)
#4 /home/eventodigital/public_html/api_controlAccesos/public/index.php(37): CodeIgniter\CodeIgniter->run()
#5 {main}
CRITICAL - 2022-10-20 17:34:33 --> Class 'App\Libraries\Exception' not found
#0 /home/eventodigital/public_html/api_controlAccesos/app/Controllers/RestController.php(164): App\Libraries\vCard->__construct(false, '\xEF\xBB\xBFBEGIN:VCARD\n...')
#1 /home/eventodigital/public_html/api_controlAccesos/system/CodeIgniter.php(832): App\Controllers\RestController->create()
#2 /home/eventodigital/public_html/api_controlAccesos/system/CodeIgniter.php(419): CodeIgniter\CodeIgniter->runController(Object(App\Controllers\RestController))
#3 /home/eventodigital/public_html/api_controlAccesos/system/CodeIgniter.php(326): CodeIgniter\CodeIgniter->handleRequest(NULL, Object(Config\Cache), false)
#4 /home/eventodigital/public_html/api_controlAccesos/public/index.php(37): CodeIgniter\CodeIgniter->run()
#5 {main}
CRITICAL - 2022-10-20 17:34:36 --> Class 'App\Libraries\Exception' not found
#0 /home/eventodigital/public_html/api_controlAccesos/app/Controllers/RestController.php(164): App\Libraries\vCard->__construct(false, '\xEF\xBB\xBFBEGIN:VCARD\n...')
#1 /home/eventodigital/public_html/api_controlAccesos/system/CodeIgniter.php(832): App\Controllers\RestController->create()
#2 /home/eventodigital/public_html/api_controlAccesos/system/CodeIgniter.php(419): CodeIgniter\CodeIgniter->runController(Object(App\Controllers\RestController))
#3 /home/eventodigital/public_html/api_controlAccesos/system/CodeIgniter.php(326): CodeIgniter\CodeIgniter->handleRequest(NULL, Object(Config\Cache), false)
#4 /home/eventodigital/public_html/api_controlAccesos/public/index.php(37): CodeIgniter\CodeIgniter->run()
#5 {main}
CRITICAL - 2022-10-20 17:35:41 --> Class 'App\Libraries\Exception' not found
#0 /home/eventodigital/public_html/api_controlAccesos/app/Controllers/RestController.php(164): App\Libraries\vCard->__construct(false, '01121162')
#1 /home/eventodigital/public_html/api_controlAccesos/system/CodeIgniter.php(832): App\Controllers\RestController->create()
#2 /home/eventodigital/public_html/api_controlAccesos/system/CodeIgniter.php(419): CodeIgniter\CodeIgniter->runController(Object(App\Controllers\RestController))
#3 /home/eventodigital/public_html/api_controlAccesos/system/CodeIgniter.php(326): CodeIgniter\CodeIgniter->handleRequest(NULL, Object(Config\Cache), false)
#4 /home/eventodigital/public_html/api_controlAccesos/public/index.php(37): CodeIgniter\CodeIgniter->run()
#5 {main}
CRITICAL - 2022-10-20 17:43:04 --> Class 'App\Libraries\Exception' not found
#0 /home/eventodigital/public_html/api_controlAccesos/app/Controllers/RestController.php(164): App\Libraries\vCard->__construct(false, '17277877')
#1 /home/eventodigital/public_html/api_controlAccesos/system/CodeIgniter.php(832): App\Controllers\RestController->create()
#2 /home/eventodigital/public_html/api_controlAccesos/system/CodeIgniter.php(419): CodeIgniter\CodeIgniter->runController(Object(App\Controllers\RestController))
#3 /home/eventodigital/public_html/api_controlAccesos/system/CodeIgniter.php(326): CodeIgniter\CodeIgniter->handleRequest(NULL, Object(Config\Cache), false)
#4 /home/eventodigital/public_html/api_controlAccesos/public/index.php(37): CodeIgniter\CodeIgniter->run()
#5 {main}
CRITICAL - 2022-10-20 17:47:27 --> Class 'App\Libraries\Exception' not found
#0 /home/eventodigital/public_html/api_controlAccesos/app/Controllers/RestController.php(164): App\Libraries\vCard->__construct(false, '17000154')
#1 /home/eventodigital/public_html/api_controlAccesos/system/CodeIgniter.php(832): App\Controllers\RestController->create()
#2 /home/eventodigital/public_html/api_controlAccesos/system/CodeIgniter.php(419): CodeIgniter\CodeIgniter->runController(Object(App\Controllers\RestController))
#3 /home/eventodigital/public_html/api_controlAccesos/system/CodeIgniter.php(326): CodeIgniter\CodeIgniter->handleRequest(NULL, Object(Config\Cache), false)
#4 /home/eventodigital/public_html/api_controlAccesos/public/index.php(37): CodeIgniter\CodeIgniter->run()
#5 {main}
CRITICAL - 2022-10-20 17:48:02 --> Class 'App\Libraries\Exception' not found
#0 /home/eventodigital/public_html/api_controlAccesos/app/Controllers/RestController.php(164): App\Libraries\vCard->__construct(false, '01666229')
#1 /home/eventodigital/public_html/api_controlAccesos/system/CodeIgniter.php(832): App\Controllers\RestController->create()
#2 /home/eventodigital/public_html/api_controlAccesos/system/CodeIgniter.php(419): CodeIgniter\CodeIgniter->runController(Object(App\Controllers\RestController))
#3 /home/eventodigital/public_html/api_controlAccesos/system/CodeIgniter.php(326): CodeIgniter\CodeIgniter->handleRequest(NULL, Object(Config\Cache), false)
#4 /home/eventodigital/public_html/api_controlAccesos/public/index.php(37): CodeIgniter\CodeIgniter->run()
#5 {main}
CRITICAL - 2022-10-20 17:48:33 --> Class 'App\Libraries\Exception' not found
#0 /home/eventodigital/public_html/api_controlAccesos/app/Controllers/RestController.php(164): App\Libraries\vCard->__construct(false, '05948406')
#1 /home/eventodigital/public_html/api_controlAccesos/system/CodeIgniter.php(832): App\Controllers\RestController->create()
#2 /home/eventodigital/public_html/api_controlAccesos/system/CodeIgniter.php(419): CodeIgniter\CodeIgniter->runController(Object(App\Controllers\RestController))
#3 /home/eventodigital/public_html/api_controlAccesos/system/CodeIgniter.php(326): CodeIgniter\CodeIgniter->handleRequest(NULL, Object(Config\Cache), false)
#4 /home/eventodigital/public_html/api_controlAccesos/public/index.php(37): CodeIgniter\CodeIgniter->run()
#5 {main}
CRITICAL - 2022-10-20 17:53:06 --> Class 'App\Libraries\Exception' not found
#0 /home/eventodigital/public_html/api_controlAccesos/app/Controllers/RestController.php(164): App\Libraries\vCard->__construct(false, '02913917')
#1 /home/eventodigital/public_html/api_controlAccesos/system/CodeIgniter.php(832): App\Controllers\RestController->create()
#2 /home/eventodigital/public_html/api_controlAccesos/system/CodeIgniter.php(419): CodeIgniter\CodeIgniter->runController(Object(App\Controllers\RestController))
#3 /home/eventodigital/public_html/api_controlAccesos/system/CodeIgniter.php(326): CodeIgniter\CodeIgniter->handleRequest(NULL, Object(Config\Cache), false)
#4 /home/eventodigital/public_html/api_controlAccesos/public/index.php(37): CodeIgniter\CodeIgniter->run()
#5 {main}
CRITICAL - 2022-10-20 17:53:09 --> Class 'App\Libraries\Exception' not found
#0 /home/eventodigital/public_html/api_controlAccesos/app/Controllers/RestController.php(164): App\Libraries\vCard->__construct(false, '07480130')
#1 /home/eventodigital/public_html/api_controlAccesos/system/CodeIgniter.php(832): App\Controllers\RestController->create()
#2 /home/eventodigital/public_html/api_controlAccesos/system/CodeIgniter.php(419): CodeIgniter\CodeIgniter->runController(Object(App\Controllers\RestController))
#3 /home/eventodigital/public_html/api_controlAccesos/system/CodeIgniter.php(326): CodeIgniter\CodeIgniter->handleRequest(NULL, Object(Config\Cache), false)
#4 /home/eventodigital/public_html/api_controlAccesos/public/index.php(37): CodeIgniter\CodeIgniter->run()
#5 {main}
CRITICAL - 2022-10-20 17:53:48 --> Class 'App\Libraries\Exception' not found
#0 /home/eventodigital/public_html/api_controlAccesos/app/Controllers/RestController.php(164): App\Libraries\vCard->__construct(false, '06943710')
#1 /home/eventodigital/public_html/api_controlAccesos/system/CodeIgniter.php(832): App\Controllers\RestController->create()
#2 /home/eventodigital/public_html/api_controlAccesos/system/CodeIgniter.php(419): CodeIgniter\CodeIgniter->runController(Object(App\Controllers\RestController))
#3 /home/eventodigital/public_html/api_controlAccesos/system/CodeIgniter.php(326): CodeIgniter\CodeIgniter->handleRequest(NULL, Object(Config\Cache), false)
#4 /home/eventodigital/public_html/api_controlAccesos/public/index.php(37): CodeIgniter\CodeIgniter->run()
#5 {main}
CRITICAL - 2022-10-20 17:55:05 --> Class 'App\Libraries\Exception' not found
#0 /home/eventodigital/public_html/api_controlAccesos/app/Controllers/RestController.php(164): App\Libraries\vCard->__construct(false, '10982266')
#1 /home/eventodigital/public_html/api_controlAccesos/system/CodeIgniter.php(832): App\Controllers\RestController->create()
#2 /home/eventodigital/public_html/api_controlAccesos/system/CodeIgniter.php(419): CodeIgniter\CodeIgniter->runController(Object(App\Controllers\RestController))
#3 /home/eventodigital/public_html/api_controlAccesos/system/CodeIgniter.php(326): CodeIgniter\CodeIgniter->handleRequest(NULL, Object(Config\Cache), false)
#4 /home/eventodigital/public_html/api_controlAccesos/public/index.php(37): CodeIgniter\CodeIgniter->run()
#5 {main}
CRITICAL - 2022-10-20 17:55:41 --> Class 'App\Libraries\Exception' not found
#0 /home/eventodigital/public_html/api_controlAccesos/app/Controllers/RestController.php(164): App\Libraries\vCard->__construct(false, '11144308')
#1 /home/eventodigital/public_html/api_controlAccesos/system/CodeIgniter.php(832): App\Controllers\RestController->create()
#2 /home/eventodigital/public_html/api_controlAccesos/system/CodeIgniter.php(419): CodeIgniter\CodeIgniter->runController(Object(App\Controllers\RestController))
#3 /home/eventodigital/public_html/api_controlAccesos/system/CodeIgniter.php(326): CodeIgniter\CodeIgniter->handleRequest(NULL, Object(Config\Cache), false)
#4 /home/eventodigital/public_html/api_controlAccesos/public/index.php(37): CodeIgniter\CodeIgniter->run()
#5 {main}
CRITICAL - 2022-10-20 17:56:03 --> Class 'App\Libraries\Exception' not found
#0 /home/eventodigital/public_html/api_controlAccesos/app/Controllers/RestController.php(164): App\Libraries\vCard->__construct(false, '03797516')
#1 /home/eventodigital/public_html/api_controlAccesos/system/CodeIgniter.php(832): App\Controllers\RestController->create()
#2 /home/eventodigital/public_html/api_controlAccesos/system/CodeIgniter.php(419): CodeIgniter\CodeIgniter->runController(Object(App\Controllers\RestController))
#3 /home/eventodigital/public_html/api_controlAccesos/system/CodeIgniter.php(326): CodeIgniter\CodeIgniter->handleRequest(NULL, Object(Config\Cache), false)
#4 /home/eventodigital/public_html/api_controlAccesos/public/index.php(37): CodeIgniter\CodeIgniter->run()
#5 {main}
CRITICAL - 2022-10-20 17:56:40 --> Class 'App\Libraries\Exception' not found
#0 /home/eventodigital/public_html/api_controlAccesos/app/Controllers/RestController.php(164): App\Libraries\vCard->__construct(false, '08936044')
#1 /home/eventodigital/public_html/api_controlAccesos/system/CodeIgniter.php(832): App\Controllers\RestController->create()
#2 /home/eventodigital/public_html/api_controlAccesos/system/CodeIgniter.php(419): CodeIgniter\CodeIgniter->runController(Object(App\Controllers\RestController))
#3 /home/eventodigital/public_html/api_controlAccesos/system/CodeIgniter.php(326): CodeIgniter\CodeIgniter->handleRequest(NULL, Object(Config\Cache), false)
#4 /home/eventodigital/public_html/api_controlAccesos/public/index.php(37): CodeIgniter\CodeIgniter->run()
#5 {main}
CRITICAL - 2022-10-20 17:59:45 --> Class 'App\Libraries\Exception' not found
#0 /home/eventodigital/public_html/api_controlAccesos/app/Controllers/RestController.php(164): App\Libraries\vCard->__construct(false, '11541105')
#1 /home/eventodigital/public_html/api_controlAccesos/system/CodeIgniter.php(832): App\Controllers\RestController->create()
#2 /home/eventodigital/public_html/api_controlAccesos/system/CodeIgniter.php(419): CodeIgniter\CodeIgniter->runController(Object(App\Controllers\RestController))
#3 /home/eventodigital/public_html/api_controlAccesos/system/CodeIgniter.php(326): CodeIgniter\CodeIgniter->handleRequest(NULL, Object(Config\Cache), false)
#4 /home/eventodigital/public_html/api_controlAccesos/public/index.php(37): CodeIgniter\CodeIgniter->run()
#5 {main}
CRITICAL - 2022-10-20 18:02:34 --> Class 'App\Libraries\Exception' not found
#0 /home/eventodigital/public_html/api_controlAccesos/app/Controllers/RestController.php(164): App\Libraries\vCard->__construct(false, '06872984')
#1 /home/eventodigital/public_html/api_controlAccesos/system/CodeIgniter.php(832): App\Controllers\RestController->create()
#2 /home/eventodigital/public_html/api_controlAccesos/system/CodeIgniter.php(419): CodeIgniter\CodeIgniter->runController(Object(App\Controllers\RestController))
#3 /home/eventodigital/public_html/api_controlAccesos/system/CodeIgniter.php(326): CodeIgniter\CodeIgniter->handleRequest(NULL, Object(Config\Cache), false)
#4 /home/eventodigital/public_html/api_controlAccesos/public/index.php(37): CodeIgniter\CodeIgniter->run()
#5 {main}
CRITICAL - 2022-10-20 18:04:02 --> Class 'App\Libraries\Exception' not found
#0 /home/eventodigital/public_html/api_controlAccesos/app/Controllers/RestController.php(164): App\Libraries\vCard->__construct(false, '06288731')
#1 /home/eventodigital/public_html/api_controlAccesos/system/CodeIgniter.php(832): App\Controllers\RestController->create()
#2 /home/eventodigital/public_html/api_controlAccesos/system/CodeIgniter.php(419): CodeIgniter\CodeIgniter->runController(Object(App\Controllers\RestController))
#3 /home/eventodigital/public_html/api_controlAccesos/system/CodeIgniter.php(326): CodeIgniter\CodeIgniter->handleRequest(NULL, Object(Config\Cache), false)
#4 /home/eventodigital/public_html/api_controlAccesos/public/index.php(37): CodeIgniter\CodeIgniter->run()
#5 {main}
CRITICAL - 2022-10-20 18:06:01 --> Class 'App\Libraries\Exception' not found
#0 /home/eventodigital/public_html/api_controlAccesos/app/Controllers/RestController.php(164): App\Libraries\vCard->__construct(false, 'https://play.go...')
#1 /home/eventodigital/public_html/api_controlAccesos/system/CodeIgniter.php(832): App\Controllers\RestController->create()
#2 /home/eventodigital/public_html/api_controlAccesos/system/CodeIgniter.php(419): CodeIgniter\CodeIgniter->runController(Object(App\Controllers\RestController))
#3 /home/eventodigital/public_html/api_controlAccesos/system/CodeIgniter.php(326): CodeIgniter\CodeIgniter->handleRequest(NULL, Object(Config\Cache), false)
#4 /home/eventodigital/public_html/api_controlAccesos/public/index.php(37): CodeIgniter\CodeIgniter->run()
#5 {main}
CRITICAL - 2022-10-20 18:07:11 --> Class 'App\Libraries\Exception' not found
#0 /home/eventodigital/public_html/api_controlAccesos/app/Controllers/RestController.php(164): App\Libraries\vCard->__construct(false, '09875249')
#1 /home/eventodigital/public_html/api_controlAccesos/system/CodeIgniter.php(832): App\Controllers\RestController->create()
#2 /home/eventodigital/public_html/api_controlAccesos/system/CodeIgniter.php(419): CodeIgniter\CodeIgniter->runController(Object(App\Controllers\RestController))
#3 /home/eventodigital/public_html/api_controlAccesos/system/CodeIgniter.php(326): CodeIgniter\CodeIgniter->handleRequest(NULL, Object(Config\Cache), false)
#4 /home/eventodigital/public_html/api_controlAccesos/public/index.php(37): CodeIgniter\CodeIgniter->run()
#5 {main}
CRITICAL - 2022-10-20 18:09:32 --> Class 'App\Libraries\Exception' not found
#0 /home/eventodigital/public_html/api_controlAccesos/app/Controllers/RestController.php(164): App\Libraries\vCard->__construct(false, '11806592')
#1 /home/eventodigital/public_html/api_controlAccesos/system/CodeIgniter.php(832): App\Controllers\RestController->create()
#2 /home/eventodigital/public_html/api_controlAccesos/system/CodeIgniter.php(419): CodeIgniter\CodeIgniter->runController(Object(App\Controllers\RestController))
#3 /home/eventodigital/public_html/api_controlAccesos/system/CodeIgniter.php(326): CodeIgniter\CodeIgniter->handleRequest(NULL, Object(Config\Cache), false)
#4 /home/eventodigital/public_html/api_controlAccesos/public/index.php(37): CodeIgniter\CodeIgniter->run()
#5 {main}
CRITICAL - 2022-10-20 18:10:42 --> Class 'App\Libraries\Exception' not found
#0 /home/eventodigital/public_html/api_controlAccesos/app/Controllers/RestController.php(164): App\Libraries\vCard->__construct(false, '14181757')
#1 /home/eventodigital/public_html/api_controlAccesos/system/CodeIgniter.php(832): App\Controllers\RestController->create()
#2 /home/eventodigital/public_html/api_controlAccesos/system/CodeIgniter.php(419): CodeIgniter\CodeIgniter->runController(Object(App\Controllers\RestController))
#3 /home/eventodigital/public_html/api_controlAccesos/system/CodeIgniter.php(326): CodeIgniter\CodeIgniter->handleRequest(NULL, Object(Config\Cache), false)
#4 /home/eventodigital/public_html/api_controlAccesos/public/index.php(37): CodeIgniter\CodeIgniter->run()
#5 {main}
CRITICAL - 2022-10-20 18:12:09 --> Class 'App\Libraries\Exception' not found
#0 /home/eventodigital/public_html/api_controlAccesos/app/Controllers/RestController.php(164): App\Libraries\vCard->__construct(false, '14112227')
#1 /home/eventodigital/public_html/api_controlAccesos/system/CodeIgniter.php(832): App\Controllers\RestController->create()
#2 /home/eventodigital/public_html/api_controlAccesos/system/CodeIgniter.php(419): CodeIgniter\CodeIgniter->runController(Object(App\Controllers\RestController))
#3 /home/eventodigital/public_html/api_controlAccesos/system/CodeIgniter.php(326): CodeIgniter\CodeIgniter->handleRequest(NULL, Object(Config\Cache), false)
#4 /home/eventodigital/public_html/api_controlAccesos/public/index.php(37): CodeIgniter\CodeIgniter->run()
#5 {main}
CRITICAL - 2022-10-20 18:13:31 --> Class 'App\Libraries\Exception' not found
#0 /home/eventodigital/public_html/api_controlAccesos/app/Controllers/RestController.php(164): App\Libraries\vCard->__construct(false, '12321629')
#1 /home/eventodigital/public_html/api_controlAccesos/system/CodeIgniter.php(832): App\Controllers\RestController->create()
#2 /home/eventodigital/public_html/api_controlAccesos/system/CodeIgniter.php(419): CodeIgniter\CodeIgniter->runController(Object(App\Controllers\RestController))
#3 /home/eventodigital/public_html/api_controlAccesos/system/CodeIgniter.php(326): CodeIgniter\CodeIgniter->handleRequest(NULL, Object(Config\Cache), false)
#4 /home/eventodigital/public_html/api_controlAccesos/public/index.php(37): CodeIgniter\CodeIgniter->run()
#5 {main}
CRITICAL - 2022-10-20 18:15:00 --> Class 'App\Libraries\Exception' not found
#0 /home/eventodigital/public_html/api_controlAccesos/app/Controllers/RestController.php(164): App\Libraries\vCard->__construct(false, '07774140')
#1 /home/eventodigital/public_html/api_controlAccesos/system/CodeIgniter.php(832): App\Controllers\RestController->create()
#2 /home/eventodigital/public_html/api_controlAccesos/system/CodeIgniter.php(419): CodeIgniter\CodeIgniter->runController(Object(App\Controllers\RestController))
#3 /home/eventodigital/public_html/api_controlAccesos/system/CodeIgniter.php(326): CodeIgniter\CodeIgniter->handleRequest(NULL, Object(Config\Cache), false)
#4 /home/eventodigital/public_html/api_controlAccesos/public/index.php(37): CodeIgniter\CodeIgniter->run()
#5 {main}
CRITICAL - 2022-10-20 18:16:42 --> Class 'App\Libraries\Exception' not found
#0 /home/eventodigital/public_html/api_controlAccesos/app/Controllers/RestController.php(164): App\Libraries\vCard->__construct(false, 'http://www.cong...')
#1 /home/eventodigital/public_html/api_controlAccesos/system/CodeIgniter.php(832): App\Controllers\RestController->create()
#2 /home/eventodigital/public_html/api_controlAccesos/system/CodeIgniter.php(419): CodeIgniter\CodeIgniter->runController(Object(App\Controllers\RestController))
#3 /home/eventodigital/public_html/api_controlAccesos/system/CodeIgniter.php(326): CodeIgniter\CodeIgniter->handleRequest(NULL, Object(Config\Cache), false)
#4 /home/eventodigital/public_html/api_controlAccesos/public/index.php(37): CodeIgniter\CodeIgniter->run()
#5 {main}
CRITICAL - 2022-10-20 18:17:18 --> Class 'App\Libraries\Exception' not found
#0 /home/eventodigital/public_html/api_controlAccesos/app/Controllers/RestController.php(164): App\Libraries\vCard->__construct(false, '07248788')
#1 /home/eventodigital/public_html/api_controlAccesos/system/CodeIgniter.php(832): App\Controllers\RestController->create()
#2 /home/eventodigital/public_html/api_controlAccesos/system/CodeIgniter.php(419): CodeIgniter\CodeIgniter->runController(Object(App\Controllers\RestController))
#3 /home/eventodigital/public_html/api_controlAccesos/system/CodeIgniter.php(326): CodeIgniter\CodeIgniter->handleRequest(NULL, Object(Config\Cache), false)
#4 /home/eventodigital/public_html/api_controlAccesos/public/index.php(37): CodeIgniter\CodeIgniter->run()
#5 {main}
CRITICAL - 2022-10-20 18:17:41 --> Class 'App\Libraries\Exception' not found
#0 /home/eventodigital/public_html/api_controlAccesos/app/Controllers/RestController.php(164): App\Libraries\vCard->__construct(false, '03134816')
#1 /home/eventodigital/public_html/api_controlAccesos/system/CodeIgniter.php(832): App\Controllers\RestController->create()
#2 /home/eventodigital/public_html/api_controlAccesos/system/CodeIgniter.php(419): CodeIgniter\CodeIgniter->runController(Object(App\Controllers\RestController))
#3 /home/eventodigital/public_html/api_controlAccesos/system/CodeIgniter.php(326): CodeIgniter\CodeIgniter->handleRequest(NULL, Object(Config\Cache), false)
#4 /home/eventodigital/public_html/api_controlAccesos/public/index.php(37): CodeIgniter\CodeIgniter->run()
#5 {main}
CRITICAL - 2022-10-20 18:17:56 --> Class 'App\Libraries\Exception' not found
#0 /home/eventodigital/public_html/api_controlAccesos/app/Controllers/RestController.php(164): App\Libraries\vCard->__construct(false, '15969438')
#1 /home/eventodigital/public_html/api_controlAccesos/system/CodeIgniter.php(832): App\Controllers\RestController->create()
#2 /home/eventodigital/public_html/api_controlAccesos/system/CodeIgniter.php(419): CodeIgniter\CodeIgniter->runController(Object(App\Controllers\RestController))
#3 /home/eventodigital/public_html/api_controlAccesos/system/CodeIgniter.php(326): CodeIgniter\CodeIgniter->handleRequest(NULL, Object(Config\Cache), false)
#4 /home/eventodigital/public_html/api_controlAccesos/public/index.php(37): CodeIgniter\CodeIgniter->run()
#5 {main}
CRITICAL - 2022-10-20 18:18:29 --> Class 'App\Libraries\Exception' not found
#0 /home/eventodigital/public_html/api_controlAccesos/app/Controllers/RestController.php(164): App\Libraries\vCard->__construct(false, '01033405')
#1 /home/eventodigital/public_html/api_controlAccesos/system/CodeIgniter.php(832): App\Controllers\RestController->create()
#2 /home/eventodigital/public_html/api_controlAccesos/system/CodeIgniter.php(419): CodeIgniter\CodeIgniter->runController(Object(App\Controllers\RestController))
#3 /home/eventodigital/public_html/api_controlAccesos/system/CodeIgniter.php(326): CodeIgniter\CodeIgniter->handleRequest(NULL, Object(Config\Cache), false)
#4 /home/eventodigital/public_html/api_controlAccesos/public/index.php(37): CodeIgniter\CodeIgniter->run()
#5 {main}
CRITICAL - 2022-10-20 18:19:33 --> Class 'App\Libraries\Exception' not found
#0 /home/eventodigital/public_html/api_controlAccesos/app/Controllers/RestController.php(164): App\Libraries\vCard->__construct(false, '08975732')
#1 /home/eventodigital/public_html/api_controlAccesos/system/CodeIgniter.php(832): App\Controllers\RestController->create()
#2 /home/eventodigital/public_html/api_controlAccesos/system/CodeIgniter.php(419): CodeIgniter\CodeIgniter->runController(Object(App\Controllers\RestController))
#3 /home/eventodigital/public_html/api_controlAccesos/system/CodeIgniter.php(326): CodeIgniter\CodeIgniter->handleRequest(NULL, Object(Config\Cache), false)
#4 /home/eventodigital/public_html/api_controlAccesos/public/index.php(37): CodeIgniter\CodeIgniter->run()
#5 {main}
CRITICAL - 2022-10-20 18:20:21 --> Class 'App\Libraries\Exception' not found
#0 /home/eventodigital/public_html/api_controlAccesos/app/Controllers/RestController.php(164): App\Libraries\vCard->__construct(false, '12830664')
#1 /home/eventodigital/public_html/api_controlAccesos/system/CodeIgniter.php(832): App\Controllers\RestController->create()
#2 /home/eventodigital/public_html/api_controlAccesos/system/CodeIgniter.php(419): CodeIgniter\CodeIgniter->runController(Object(App\Controllers\RestController))
#3 /home/eventodigital/public_html/api_controlAccesos/system/CodeIgniter.php(326): CodeIgniter\CodeIgniter->handleRequest(NULL, Object(Config\Cache), false)
#4 /home/eventodigital/public_html/api_controlAccesos/public/index.php(37): CodeIgniter\CodeIgniter->run()
#5 {main}
CRITICAL - 2022-10-20 18:20:45 --> Class 'App\Libraries\Exception' not found
#0 /home/eventodigital/public_html/api_controlAccesos/app/Controllers/RestController.php(164): App\Libraries\vCard->__construct(false, '14054411')
#1 /home/eventodigital/public_html/api_controlAccesos/system/CodeIgniter.php(832): App\Controllers\RestController->create()
#2 /home/eventodigital/public_html/api_controlAccesos/system/CodeIgniter.php(419): CodeIgniter\CodeIgniter->runController(Object(App\Controllers\RestController))
#3 /home/eventodigital/public_html/api_controlAccesos/system/CodeIgniter.php(326): CodeIgniter\CodeIgniter->handleRequest(NULL, Object(Config\Cache), false)
#4 /home/eventodigital/public_html/api_controlAccesos/public/index.php(37): CodeIgniter\CodeIgniter->run()
#5 {main}
CRITICAL - 2022-10-20 18:27:17 --> Class 'App\Libraries\Exception' not found
#0 /home/eventodigital/public_html/api_controlAccesos/app/Controllers/RestController.php(164): App\Libraries\vCard->__construct(false, '11374978')
#1 /home/eventodigital/public_html/api_controlAccesos/system/CodeIgniter.php(832): App\Controllers\RestController->create()
#2 /home/eventodigital/public_html/api_controlAccesos/system/CodeIgniter.php(419): CodeIgniter\CodeIgniter->runController(Object(App\Controllers\RestController))
#3 /home/eventodigital/public_html/api_controlAccesos/system/CodeIgniter.php(326): CodeIgniter\CodeIgniter->handleRequest(NULL, Object(Config\Cache), false)
#4 /home/eventodigital/public_html/api_controlAccesos/public/index.php(37): CodeIgniter\CodeIgniter->run()
#5 {main}
CRITICAL - 2022-10-20 18:27:30 --> Class 'App\Libraries\Exception' not found
#0 /home/eventodigital/public_html/api_controlAccesos/app/Controllers/RestController.php(164): App\Libraries\vCard->__construct(false, '11793571')
#1 /home/eventodigital/public_html/api_controlAccesos/system/CodeIgniter.php(832): App\Controllers\RestController->create()
#2 /home/eventodigital/public_html/api_controlAccesos/system/CodeIgniter.php(419): CodeIgniter\CodeIgniter->runController(Object(App\Controllers\RestController))
#3 /home/eventodigital/public_html/api_controlAccesos/system/CodeIgniter.php(326): CodeIgniter\CodeIgniter->handleRequest(NULL, Object(Config\Cache), false)
#4 /home/eventodigital/public_html/api_controlAccesos/public/index.php(37): CodeIgniter\CodeIgniter->run()
#5 {main}
CRITICAL - 2022-10-20 18:27:57 --> Class 'App\Libraries\Exception' not found
#0 /home/eventodigital/public_html/api_controlAccesos/app/Controllers/RestController.php(164): App\Libraries\vCard->__construct(false, '01872149')
#1 /home/eventodigital/public_html/api_controlAccesos/system/CodeIgniter.php(832): App\Controllers\RestController->create()
#2 /home/eventodigital/public_html/api_controlAccesos/system/CodeIgniter.php(419): CodeIgniter\CodeIgniter->runController(Object(App\Controllers\RestController))
#3 /home/eventodigital/public_html/api_controlAccesos/system/CodeIgniter.php(326): CodeIgniter\CodeIgniter->handleRequest(NULL, Object(Config\Cache), false)
#4 /home/eventodigital/public_html/api_controlAccesos/public/index.php(37): CodeIgniter\CodeIgniter->run()
#5 {main}
CRITICAL - 2022-10-20 18:29:31 --> Class 'App\Libraries\Exception' not found
#0 /home/eventodigital/public_html/api_controlAccesos/app/Controllers/RestController.php(164): App\Libraries\vCard->__construct(false, '11485568')
#1 /home/eventodigital/public_html/api_controlAccesos/system/CodeIgniter.php(832): App\Controllers\RestController->create()
#2 /home/eventodigital/public_html/api_controlAccesos/system/CodeIgniter.php(419): CodeIgniter\CodeIgniter->runController(Object(App\Controllers\RestController))
#3 /home/eventodigital/public_html/api_controlAccesos/system/CodeIgniter.php(326): CodeIgniter\CodeIgniter->handleRequest(NULL, Object(Config\Cache), false)
#4 /home/eventodigital/public_html/api_controlAccesos/public/index.php(37): CodeIgniter\CodeIgniter->run()
#5 {main}
CRITICAL - 2022-10-20 18:35:19 --> Class 'App\Libraries\Exception' not found
#0 /home/eventodigital/public_html/api_controlAccesos/app/Controllers/RestController.php(164): App\Libraries\vCard->__construct(false, '14565801')
#1 /home/eventodigital/public_html/api_controlAccesos/system/CodeIgniter.php(832): App\Controllers\RestController->create()
#2 /home/eventodigital/public_html/api_controlAccesos/system/CodeIgniter.php(419): CodeIgniter\CodeIgniter->runController(Object(App\Controllers\RestController))
#3 /home/eventodigital/public_html/api_controlAccesos/system/CodeIgniter.php(326): CodeIgniter\CodeIgniter->handleRequest(NULL, Object(Config\Cache), false)
#4 /home/eventodigital/public_html/api_controlAccesos/public/index.php(37): CodeIgniter\CodeIgniter->run()
#5 {main}
CRITICAL - 2022-10-20 18:36:44 --> Class 'App\Libraries\Exception' not found
#0 /home/eventodigital/public_html/api_controlAccesos/app/Controllers/RestController.php(164): App\Libraries\vCard->__construct(false, '17113793')
#1 /home/eventodigital/public_html/api_controlAccesos/system/CodeIgniter.php(832): App\Controllers\RestController->create()
#2 /home/eventodigital/public_html/api_controlAccesos/system/CodeIgniter.php(419): CodeIgniter\CodeIgniter->runController(Object(App\Controllers\RestController))
#3 /home/eventodigital/public_html/api_controlAccesos/system/CodeIgniter.php(326): CodeIgniter\CodeIgniter->handleRequest(NULL, Object(Config\Cache), false)
#4 /home/eventodigital/public_html/api_controlAccesos/public/index.php(37): CodeIgniter\CodeIgniter->run()
#5 {main}
CRITICAL - 2022-10-20 18:40:13 --> Class 'App\Libraries\Exception' not found
#0 /home/eventodigital/public_html/api_controlAccesos/app/Controllers/RestController.php(164): App\Libraries\vCard->__construct(false, '11111214')
#1 /home/eventodigital/public_html/api_controlAccesos/system/CodeIgniter.php(832): App\Controllers\RestController->create()
#2 /home/eventodigital/public_html/api_controlAccesos/system/CodeIgniter.php(419): CodeIgniter\CodeIgniter->runController(Object(App\Controllers\RestController))
#3 /home/eventodigital/public_html/api_controlAccesos/system/CodeIgniter.php(326): CodeIgniter\CodeIgniter->handleRequest(NULL, Object(Config\Cache), false)
#4 /home/eventodigital/public_html/api_controlAccesos/public/index.php(37): CodeIgniter\CodeIgniter->run()
#5 {main}
CRITICAL - 2022-10-20 18:40:48 --> Class 'App\Libraries\Exception' not found
#0 /home/eventodigital/public_html/api_controlAccesos/app/Controllers/RestController.php(164): App\Libraries\vCard->__construct(false, '08324559')
#1 /home/eventodigital/public_html/api_controlAccesos/system/CodeIgniter.php(832): App\Controllers\RestController->create()
#2 /home/eventodigital/public_html/api_controlAccesos/system/CodeIgniter.php(419): CodeIgniter\CodeIgniter->runController(Object(App\Controllers\RestController))
#3 /home/eventodigital/public_html/api_controlAccesos/system/CodeIgniter.php(326): CodeIgniter\CodeIgniter->handleRequest(NULL, Object(Config\Cache), false)
#4 /home/eventodigital/public_html/api_controlAccesos/public/index.php(37): CodeIgniter\CodeIgniter->run()
#5 {main}
CRITICAL - 2022-10-20 18:41:51 --> Class 'App\Libraries\Exception' not found
#0 /home/eventodigital/public_html/api_controlAccesos/app/Controllers/RestController.php(164): App\Libraries\vCard->__construct(false, '16801103')
#1 /home/eventodigital/public_html/api_controlAccesos/system/CodeIgniter.php(832): App\Controllers\RestController->create()
#2 /home/eventodigital/public_html/api_controlAccesos/system/CodeIgniter.php(419): CodeIgniter\CodeIgniter->runController(Object(App\Controllers\RestController))
#3 /home/eventodigital/public_html/api_controlAccesos/system/CodeIgniter.php(326): CodeIgniter\CodeIgniter->handleRequest(NULL, Object(Config\Cache), false)
#4 /home/eventodigital/public_html/api_controlAccesos/public/index.php(37): CodeIgniter\CodeIgniter->run()
#5 {main}
CRITICAL - 2022-10-20 18:42:00 --> Class 'App\Libraries\Exception' not found
#0 /home/eventodigital/public_html/api_controlAccesos/app/Controllers/RestController.php(164): App\Libraries\vCard->__construct(false, '00454407')
#1 /home/eventodigital/public_html/api_controlAccesos/system/CodeIgniter.php(832): App\Controllers\RestController->create()
#2 /home/eventodigital/public_html/api_controlAccesos/system/CodeIgniter.php(419): CodeIgniter\CodeIgniter->runController(Object(App\Controllers\RestController))
#3 /home/eventodigital/public_html/api_controlAccesos/system/CodeIgniter.php(326): CodeIgniter\CodeIgniter->handleRequest(NULL, Object(Config\Cache), false)
#4 /home/eventodigital/public_html/api_controlAccesos/public/index.php(37): CodeIgniter\CodeIgniter->run()
#5 {main}
CRITICAL - 2022-10-20 18:43:40 --> Class 'App\Libraries\Exception' not found
#0 /home/eventodigital/public_html/api_controlAccesos/app/Controllers/RestController.php(164): App\Libraries\vCard->__construct(false, '\xEF\xBB\xBFBEGIN:VCARD\n...')
#1 /home/eventodigital/public_html/api_controlAccesos/system/CodeIgniter.php(832): App\Controllers\RestController->create()
#2 /home/eventodigital/public_html/api_controlAccesos/system/CodeIgniter.php(419): CodeIgniter\CodeIgniter->runController(Object(App\Controllers\RestController))
#3 /home/eventodigital/public_html/api_controlAccesos/system/CodeIgniter.php(326): CodeIgniter\CodeIgniter->handleRequest(NULL, Object(Config\Cache), false)
#4 /home/eventodigital/public_html/api_controlAccesos/public/index.php(37): CodeIgniter\CodeIgniter->run()
#5 {main}
CRITICAL - 2022-10-20 18:44:11 --> Class 'App\Libraries\Exception' not found
#0 /home/eventodigital/public_html/api_controlAccesos/app/Controllers/RestController.php(164): App\Libraries\vCard->__construct(false, '05820252')
#1 /home/eventodigital/public_html/api_controlAccesos/system/CodeIgniter.php(832): App\Controllers\RestController->create()
#2 /home/eventodigital/public_html/api_controlAccesos/system/CodeIgniter.php(419): CodeIgniter\CodeIgniter->runController(Object(App\Controllers\RestController))
#3 /home/eventodigital/public_html/api_controlAccesos/system/CodeIgniter.php(326): CodeIgniter\CodeIgniter->handleRequest(NULL, Object(Config\Cache), false)
#4 /home/eventodigital/public_html/api_controlAccesos/public/index.php(37): CodeIgniter\CodeIgniter->run()
#5 {main}
CRITICAL - 2022-10-20 18:49:51 --> Class 'App\Libraries\Exception' not found
#0 /home/eventodigital/public_html/api_controlAccesos/app/Controllers/RestController.php(164): App\Libraries\vCard->__construct(false, '\xEF\xBB\xBFBEGIN:VCARD\n...')
#1 /home/eventodigital/public_html/api_controlAccesos/system/CodeIgniter.php(832): App\Controllers\RestController->create()
#2 /home/eventodigital/public_html/api_controlAccesos/system/CodeIgniter.php(419): CodeIgniter\CodeIgniter->runController(Object(App\Controllers\RestController))
#3 /home/eventodigital/public_html/api_controlAccesos/system/CodeIgniter.php(326): CodeIgniter\CodeIgniter->handleRequest(NULL, Object(Config\Cache), false)
#4 /home/eventodigital/public_html/api_controlAccesos/public/index.php(37): CodeIgniter\CodeIgniter->run()
#5 {main}
CRITICAL - 2022-10-20 18:52:30 --> Class 'App\Libraries\Exception' not found
#0 /home/eventodigital/public_html/api_controlAccesos/app/Controllers/RestController.php(164): App\Libraries\vCard->__construct(false, '06614881')
#1 /home/eventodigital/public_html/api_controlAccesos/system/CodeIgniter.php(832): App\Controllers\RestController->create()
#2 /home/eventodigital/public_html/api_controlAccesos/system/CodeIgniter.php(419): CodeIgniter\CodeIgniter->runController(Object(App\Controllers\RestController))
#3 /home/eventodigital/public_html/api_controlAccesos/system/CodeIgniter.php(326): CodeIgniter\CodeIgniter->handleRequest(NULL, Object(Config\Cache), false)
#4 /home/eventodigital/public_html/api_controlAccesos/public/index.php(37): CodeIgniter\CodeIgniter->run()
#5 {main}
CRITICAL - 2022-10-20 18:54:48 --> Class 'App\Libraries\Exception' not found
#0 /home/eventodigital/public_html/api_controlAccesos/app/Controllers/RestController.php(164): App\Libraries\vCard->__construct(false, '08222657')
#1 /home/eventodigital/public_html/api_controlAccesos/system/CodeIgniter.php(832): App\Controllers\RestController->create()
#2 /home/eventodigital/public_html/api_controlAccesos/system/CodeIgniter.php(419): CodeIgniter\CodeIgniter->runController(Object(App\Controllers\RestController))
#3 /home/eventodigital/public_html/api_controlAccesos/system/CodeIgniter.php(326): CodeIgniter\CodeIgniter->handleRequest(NULL, Object(Config\Cache), false)
#4 /home/eventodigital/public_html/api_controlAccesos/public/index.php(37): CodeIgniter\CodeIgniter->run()
#5 {main}
CRITICAL - 2022-10-20 18:56:11 --> Class 'App\Libraries\Exception' not found
#0 /home/eventodigital/public_html/api_controlAccesos/app/Controllers/RestController.php(164): App\Libraries\vCard->__construct(false, '14365603')
#1 /home/eventodigital/public_html/api_controlAccesos/system/CodeIgniter.php(832): App\Controllers\RestController->create()
#2 /home/eventodigital/public_html/api_controlAccesos/system/CodeIgniter.php(419): CodeIgniter\CodeIgniter->runController(Object(App\Controllers\RestController))
#3 /home/eventodigital/public_html/api_controlAccesos/system/CodeIgniter.php(326): CodeIgniter\CodeIgniter->handleRequest(NULL, Object(Config\Cache), false)
#4 /home/eventodigital/public_html/api_controlAccesos/public/index.php(37): CodeIgniter\CodeIgniter->run()
#5 {main}
CRITICAL - 2022-10-20 18:57:25 --> Class 'App\Libraries\Exception' not found
#0 /home/eventodigital/public_html/api_controlAccesos/app/Controllers/RestController.php(164): App\Libraries\vCard->__construct(false, '16819111')
#1 /home/eventodigital/public_html/api_controlAccesos/system/CodeIgniter.php(832): App\Controllers\RestController->create()
#2 /home/eventodigital/public_html/api_controlAccesos/system/CodeIgniter.php(419): CodeIgniter\CodeIgniter->runController(Object(App\Controllers\RestController))
#3 /home/eventodigital/public_html/api_controlAccesos/system/CodeIgniter.php(326): CodeIgniter\CodeIgniter->handleRequest(NULL, Object(Config\Cache), false)
#4 /home/eventodigital/public_html/api_controlAccesos/public/index.php(37): CodeIgniter\CodeIgniter->run()
#5 {main}
CRITICAL - 2022-10-20 19:01:54 --> Class 'App\Libraries\Exception' not found
#0 /home/eventodigital/public_html/api_controlAccesos/app/Controllers/RestController.php(164): App\Libraries\vCard->__construct(false, '00389628')
#1 /home/eventodigital/public_html/api_controlAccesos/system/CodeIgniter.php(832): App\Controllers\RestController->create()
#2 /home/eventodigital/public_html/api_controlAccesos/system/CodeIgniter.php(419): CodeIgniter\CodeIgniter->runController(Object(App\Controllers\RestController))
#3 /home/eventodigital/public_html/api_controlAccesos/system/CodeIgniter.php(326): CodeIgniter\CodeIgniter->handleRequest(NULL, Object(Config\Cache), false)
#4 /home/eventodigital/public_html/api_controlAccesos/public/index.php(37): CodeIgniter\CodeIgniter->run()
#5 {main}
CRITICAL - 2022-10-20 19:03:47 --> Class 'App\Libraries\Exception' not found
#0 /home/eventodigital/public_html/api_controlAccesos/app/Controllers/RestController.php(164): App\Libraries\vCard->__construct(false, '07410888')
#1 /home/eventodigital/public_html/api_controlAccesos/system/CodeIgniter.php(832): App\Controllers\RestController->create()
#2 /home/eventodigital/public_html/api_controlAccesos/system/CodeIgniter.php(419): CodeIgniter\CodeIgniter->runController(Object(App\Controllers\RestController))
#3 /home/eventodigital/public_html/api_controlAccesos/system/CodeIgniter.php(326): CodeIgniter\CodeIgniter->handleRequest(NULL, Object(Config\Cache), false)
#4 /home/eventodigital/public_html/api_controlAccesos/public/index.php(37): CodeIgniter\CodeIgniter->run()
#5 {main}
CRITICAL - 2022-10-20 19:04:48 --> Class 'App\Libraries\Exception' not found
#0 /home/eventodigital/public_html/api_controlAccesos/app/Controllers/RestController.php(164): App\Libraries\vCard->__construct(false, '70223767')
#1 /home/eventodigital/public_html/api_controlAccesos/system/CodeIgniter.php(832): App\Controllers\RestController->create()
#2 /home/eventodigital/public_html/api_controlAccesos/system/CodeIgniter.php(419): CodeIgniter\CodeIgniter->runController(Object(App\Controllers\RestController))
#3 /home/eventodigital/public_html/api_controlAccesos/system/CodeIgniter.php(326): CodeIgniter\CodeIgniter->handleRequest(NULL, Object(Config\Cache), false)
#4 /home/eventodigital/public_html/api_controlAccesos/public/index.php(37): CodeIgniter\CodeIgniter->run()
#5 {main}
CRITICAL - 2022-10-20 19:04:58 --> Class 'App\Libraries\Exception' not found
#0 /home/eventodigital/public_html/api_controlAccesos/app/Controllers/RestController.php(164): App\Libraries\vCard->__construct(false, '12112111')
#1 /home/eventodigital/public_html/api_controlAccesos/system/CodeIgniter.php(832): App\Controllers\RestController->create()
#2 /home/eventodigital/public_html/api_controlAccesos/system/CodeIgniter.php(419): CodeIgniter\CodeIgniter->runController(Object(App\Controllers\RestController))
#3 /home/eventodigital/public_html/api_controlAccesos/system/CodeIgniter.php(326): CodeIgniter\CodeIgniter->handleRequest(NULL, Object(Config\Cache), false)
#4 /home/eventodigital/public_html/api_controlAccesos/public/index.php(37): CodeIgniter\CodeIgniter->run()
#5 {main}
CRITICAL - 2022-10-20 19:06:08 --> Class 'App\Libraries\Exception' not found
#0 /home/eventodigital/public_html/api_controlAccesos/app/Controllers/RestController.php(164): App\Libraries\vCard->__construct(false, '\xEF\xBB\xBFBEGIN:VCARD\n...')
#1 /home/eventodigital/public_html/api_controlAccesos/system/CodeIgniter.php(832): App\Controllers\RestController->create()
#2 /home/eventodigital/public_html/api_controlAccesos/system/CodeIgniter.php(419): CodeIgniter\CodeIgniter->runController(Object(App\Controllers\RestController))
#3 /home/eventodigital/public_html/api_controlAccesos/system/CodeIgniter.php(326): CodeIgniter\CodeIgniter->handleRequest(NULL, Object(Config\Cache), false)
#4 /home/eventodigital/public_html/api_controlAccesos/public/index.php(37): CodeIgniter\CodeIgniter->run()
#5 {main}
CRITICAL - 2022-10-20 19:06:15 --> Class 'App\Libraries\Exception' not found
#0 /home/eventodigital/public_html/api_controlAccesos/app/Controllers/RestController.php(164): App\Libraries\vCard->__construct(false, '02577555')
#1 /home/eventodigital/public_html/api_controlAccesos/system/CodeIgniter.php(832): App\Controllers\RestController->create()
#2 /home/eventodigital/public_html/api_controlAccesos/system/CodeIgniter.php(419): CodeIgniter\CodeIgniter->runController(Object(App\Controllers\RestController))
#3 /home/eventodigital/public_html/api_controlAccesos/system/CodeIgniter.php(326): CodeIgniter\CodeIgniter->handleRequest(NULL, Object(Config\Cache), false)
#4 /home/eventodigital/public_html/api_controlAccesos/public/index.php(37): CodeIgniter\CodeIgniter->run()
#5 {main}
CRITICAL - 2022-10-20 19:09:16 --> Class 'App\Libraries\Exception' not found
#0 /home/eventodigital/public_html/api_controlAccesos/app/Controllers/RestController.php(164): App\Libraries\vCard->__construct(false, '06700410')
#1 /home/eventodigital/public_html/api_controlAccesos/system/CodeIgniter.php(832): App\Controllers\RestController->create()
#2 /home/eventodigital/public_html/api_controlAccesos/system/CodeIgniter.php(419): CodeIgniter\CodeIgniter->runController(Object(App\Controllers\RestController))
#3 /home/eventodigital/public_html/api_controlAccesos/system/CodeIgniter.php(326): CodeIgniter\CodeIgniter->handleRequest(NULL, Object(Config\Cache), false)
#4 /home/eventodigital/public_html/api_controlAccesos/public/index.php(37): CodeIgniter\CodeIgniter->run()
#5 {main}
CRITICAL - 2022-10-20 19:11:42 --> Class 'App\Libraries\Exception' not found
#0 /home/eventodigital/public_html/api_controlAccesos/app/Controllers/RestController.php(164): App\Libraries\vCard->__construct(false, '01187439')
#1 /home/eventodigital/public_html/api_controlAccesos/system/CodeIgniter.php(832): App\Controllers\RestController->create()
#2 /home/eventodigital/public_html/api_controlAccesos/system/CodeIgniter.php(419): CodeIgniter\CodeIgniter->runController(Object(App\Controllers\RestController))
#3 /home/eventodigital/public_html/api_controlAccesos/system/CodeIgniter.php(326): CodeIgniter\CodeIgniter->handleRequest(NULL, Object(Config\Cache), false)
#4 /home/eventodigital/public_html/api_controlAccesos/public/index.php(37): CodeIgniter\CodeIgniter->run()
#5 {main}
CRITICAL - 2022-10-20 19:14:29 --> Class 'App\Libraries\Exception' not found
#0 /home/eventodigital/public_html/api_controlAccesos/app/Controllers/RestController.php(164): App\Libraries\vCard->__construct(false, '13740835')
#1 /home/eventodigital/public_html/api_controlAccesos/system/CodeIgniter.php(832): App\Controllers\RestController->create()
#2 /home/eventodigital/public_html/api_controlAccesos/system/CodeIgniter.php(419): CodeIgniter\CodeIgniter->runController(Object(App\Controllers\RestController))
#3 /home/eventodigital/public_html/api_controlAccesos/system/CodeIgniter.php(326): CodeIgniter\CodeIgniter->handleRequest(NULL, Object(Config\Cache), false)
#4 /home/eventodigital/public_html/api_controlAccesos/public/index.php(37): CodeIgniter\CodeIgniter->run()
#5 {main}
CRITICAL - 2022-10-20 19:15:47 --> Class 'App\Libraries\Exception' not found
#0 /home/eventodigital/public_html/api_controlAccesos/app/Controllers/RestController.php(164): App\Libraries\vCard->__construct(false, '06816193')
#1 /home/eventodigital/public_html/api_controlAccesos/system/CodeIgniter.php(832): App\Controllers\RestController->create()
#2 /home/eventodigital/public_html/api_controlAccesos/system/CodeIgniter.php(419): CodeIgniter\CodeIgniter->runController(Object(App\Controllers\RestController))
#3 /home/eventodigital/public_html/api_controlAccesos/system/CodeIgniter.php(326): CodeIgniter\CodeIgniter->handleRequest(NULL, Object(Config\Cache), false)
#4 /home/eventodigital/public_html/api_controlAccesos/public/index.php(37): CodeIgniter\CodeIgniter->run()
#5 {main}
CRITICAL - 2022-10-20 19:18:18 --> Class 'App\Libraries\Exception' not found
#0 /home/eventodigital/public_html/api_controlAccesos/app/Controllers/RestController.php(164): App\Libraries\vCard->__construct(false, '03423561')
#1 /home/eventodigital/public_html/api_controlAccesos/system/CodeIgniter.php(832): App\Controllers\RestController->create()
#2 /home/eventodigital/public_html/api_controlAccesos/system/CodeIgniter.php(419): CodeIgniter\CodeIgniter->runController(Object(App\Controllers\RestController))
#3 /home/eventodigital/public_html/api_controlAccesos/system/CodeIgniter.php(326): CodeIgniter\CodeIgniter->handleRequest(NULL, Object(Config\Cache), false)
#4 /home/eventodigital/public_html/api_controlAccesos/public/index.php(37): CodeIgniter\CodeIgniter->run()
#5 {main}
CRITICAL - 2022-10-20 19:27:14 --> Class 'App\Libraries\Exception' not found
#0 /home/eventodigital/public_html/api_controlAccesos/app/Controllers/RestController.php(164): App\Libraries\vCard->__construct(false, '13961558')
#1 /home/eventodigital/public_html/api_controlAccesos/system/CodeIgniter.php(832): App\Controllers\RestController->create()
#2 /home/eventodigital/public_html/api_controlAccesos/system/CodeIgniter.php(419): CodeIgniter\CodeIgniter->runController(Object(App\Controllers\RestController))
#3 /home/eventodigital/public_html/api_controlAccesos/system/CodeIgniter.php(326): CodeIgniter\CodeIgniter->handleRequest(NULL, Object(Config\Cache), false)
#4 /home/eventodigital/public_html/api_controlAccesos/public/index.php(37): CodeIgniter\CodeIgniter->run()
#5 {main}
CRITICAL - 2022-10-20 19:30:23 --> Class 'App\Libraries\Exception' not found
#0 /home/eventodigital/public_html/api_controlAccesos/app/Controllers/RestController.php(164): App\Libraries\vCard->__construct(false, '20018115')
#1 /home/eventodigital/public_html/api_controlAccesos/system/CodeIgniter.php(832): App\Controllers\RestController->create()
#2 /home/eventodigital/public_html/api_controlAccesos/system/CodeIgniter.php(419): CodeIgniter\CodeIgniter->runController(Object(App\Controllers\RestController))
#3 /home/eventodigital/public_html/api_controlAccesos/system/CodeIgniter.php(326): CodeIgniter\CodeIgniter->handleRequest(NULL, Object(Config\Cache), false)
#4 /home/eventodigital/public_html/api_controlAccesos/public/index.php(37): CodeIgniter\CodeIgniter->run()
#5 {main}
CRITICAL - 2022-10-20 19:37:33 --> Class 'App\Libraries\Exception' not found
#0 /home/eventodigital/public_html/api_controlAccesos/app/Controllers/RestController.php(164): App\Libraries\vCard->__construct(false, '25557336')
#1 /home/eventodigital/public_html/api_controlAccesos/system/CodeIgniter.php(832): App\Controllers\RestController->create()
#2 /home/eventodigital/public_html/api_controlAccesos/system/CodeIgniter.php(419): CodeIgniter\CodeIgniter->runController(Object(App\Controllers\RestController))
#3 /home/eventodigital/public_html/api_controlAccesos/system/CodeIgniter.php(326): CodeIgniter\CodeIgniter->handleRequest(NULL, Object(Config\Cache), false)
#4 /home/eventodigital/public_html/api_controlAccesos/public/index.php(37): CodeIgniter\CodeIgniter->run()
#5 {main}
CRITICAL - 2022-10-20 19:39:07 --> Class 'App\Libraries\Exception' not found
#0 /home/eventodigital/public_html/api_controlAccesos/app/Controllers/RestController.php(164): App\Libraries\vCard->__construct(false, '14007006')
#1 /home/eventodigital/public_html/api_controlAccesos/system/CodeIgniter.php(832): App\Controllers\RestController->create()
#2 /home/eventodigital/public_html/api_controlAccesos/system/CodeIgniter.php(419): CodeIgniter\CodeIgniter->runController(Object(App\Controllers\RestController))
#3 /home/eventodigital/public_html/api_controlAccesos/system/CodeIgniter.php(326): CodeIgniter\CodeIgniter->handleRequest(NULL, Object(Config\Cache), false)
#4 /home/eventodigital/public_html/api_controlAccesos/public/index.php(37): CodeIgniter\CodeIgniter->run()
#5 {main}
CRITICAL - 2022-10-20 19:40:37 --> Class 'App\Libraries\Exception' not found
#0 /home/eventodigital/public_html/api_controlAccesos/app/Controllers/RestController.php(164): App\Libraries\vCard->__construct(false, '56')
#1 /home/eventodigital/public_html/api_controlAccesos/system/CodeIgniter.php(832): App\Controllers\RestController->create()
#2 /home/eventodigital/public_html/api_controlAccesos/system/CodeIgniter.php(419): CodeIgniter\CodeIgniter->runController(Object(App\Controllers\RestController))
#3 /home/eventodigital/public_html/api_controlAccesos/system/CodeIgniter.php(326): CodeIgniter\CodeIgniter->handleRequest(NULL, Object(Config\Cache), false)
#4 /home/eventodigital/public_html/api_controlAccesos/public/index.php(37): CodeIgniter\CodeIgniter->run()
#5 {main}
CRITICAL - 2022-10-20 19:40:40 --> Class 'App\Libraries\Exception' not found
#0 /home/eventodigital/public_html/api_controlAccesos/app/Controllers/RestController.php(164): App\Libraries\vCard->__construct(false, '18311068')
#1 /home/eventodigital/public_html/api_controlAccesos/system/CodeIgniter.php(832): App\Controllers\RestController->create()
#2 /home/eventodigital/public_html/api_controlAccesos/system/CodeIgniter.php(419): CodeIgniter\CodeIgniter->runController(Object(App\Controllers\RestController))
#3 /home/eventodigital/public_html/api_controlAccesos/system/CodeIgniter.php(326): CodeIgniter\CodeIgniter->handleRequest(NULL, Object(Config\Cache), false)
#4 /home/eventodigital/public_html/api_controlAccesos/public/index.php(37): CodeIgniter\CodeIgniter->run()
#5 {main}
CRITICAL - 2022-10-20 19:40:55 --> Class 'App\Libraries\Exception' not found
#0 /home/eventodigital/public_html/api_controlAccesos/app/Controllers/RestController.php(164): App\Libraries\vCard->__construct(false, '11242178')
#1 /home/eventodigital/public_html/api_controlAccesos/system/CodeIgniter.php(832): App\Controllers\RestController->create()
#2 /home/eventodigital/public_html/api_controlAccesos/system/CodeIgniter.php(419): CodeIgniter\CodeIgniter->runController(Object(App\Controllers\RestController))
#3 /home/eventodigital/public_html/api_controlAccesos/system/CodeIgniter.php(326): CodeIgniter\CodeIgniter->handleRequest(NULL, Object(Config\Cache), false)
#4 /home/eventodigital/public_html/api_controlAccesos/public/index.php(37): CodeIgniter\CodeIgniter->run()
#5 {main}
CRITICAL - 2022-10-20 19:41:03 --> Class 'App\Libraries\Exception' not found
#0 /home/eventodigital/public_html/api_controlAccesos/app/Controllers/RestController.php(164): App\Libraries\vCard->__construct(false, '16273427')
#1 /home/eventodigital/public_html/api_controlAccesos/system/CodeIgniter.php(832): App\Controllers\RestController->create()
#2 /home/eventodigital/public_html/api_controlAccesos/system/CodeIgniter.php(419): CodeIgniter\CodeIgniter->runController(Object(App\Controllers\RestController))
#3 /home/eventodigital/public_html/api_controlAccesos/system/CodeIgniter.php(326): CodeIgniter\CodeIgniter->handleRequest(NULL, Object(Config\Cache), false)
#4 /home/eventodigital/public_html/api_controlAccesos/public/index.php(37): CodeIgniter\CodeIgniter->run()
#5 {main}
CRITICAL - 2022-10-20 19:42:31 --> Class 'App\Libraries\Exception' not found
#0 /home/eventodigital/public_html/api_controlAccesos/app/Controllers/RestController.php(164): App\Libraries\vCard->__construct(false, '12120178')
#1 /home/eventodigital/public_html/api_controlAccesos/system/CodeIgniter.php(832): App\Controllers\RestController->create()
#2 /home/eventodigital/public_html/api_controlAccesos/system/CodeIgniter.php(419): CodeIgniter\CodeIgniter->runController(Object(App\Controllers\RestController))
#3 /home/eventodigital/public_html/api_controlAccesos/system/CodeIgniter.php(326): CodeIgniter\CodeIgniter->handleRequest(NULL, Object(Config\Cache), false)
#4 /home/eventodigital/public_html/api_controlAccesos/public/index.php(37): CodeIgniter\CodeIgniter->run()
#5 {main}
CRITICAL - 2022-10-20 19:45:33 --> Class 'App\Libraries\Exception' not found
#0 /home/eventodigital/public_html/api_controlAccesos/app/Controllers/RestController.php(164): App\Libraries\vCard->__construct(false, '06075286')
#1 /home/eventodigital/public_html/api_controlAccesos/system/CodeIgniter.php(832): App\Controllers\RestController->create()
#2 /home/eventodigital/public_html/api_controlAccesos/system/CodeIgniter.php(419): CodeIgniter\CodeIgniter->runController(Object(App\Controllers\RestController))
#3 /home/eventodigital/public_html/api_controlAccesos/system/CodeIgniter.php(326): CodeIgniter\CodeIgniter->handleRequest(NULL, Object(Config\Cache), false)
#4 /home/eventodigital/public_html/api_controlAccesos/public/index.php(37): CodeIgniter\CodeIgniter->run()
#5 {main}
CRITICAL - 2022-10-20 19:46:32 --> Class 'App\Libraries\Exception' not found
#0 /home/eventodigital/public_html/api_controlAccesos/app/Controllers/RestController.php(164): App\Libraries\vCard->__construct(false, '06225483')
#1 /home/eventodigital/public_html/api_controlAccesos/system/CodeIgniter.php(832): App\Controllers\RestController->create()
#2 /home/eventodigital/public_html/api_controlAccesos/system/CodeIgniter.php(419): CodeIgniter\CodeIgniter->runController(Object(App\Controllers\RestController))
#3 /home/eventodigital/public_html/api_controlAccesos/system/CodeIgniter.php(326): CodeIgniter\CodeIgniter->handleRequest(NULL, Object(Config\Cache), false)
#4 /home/eventodigital/public_html/api_controlAccesos/public/index.php(37): CodeIgniter\CodeIgniter->run()
#5 {main}
CRITICAL - 2022-10-20 19:47:39 --> Class 'App\Libraries\Exception' not found
#0 /home/eventodigital/public_html/api_controlAccesos/app/Controllers/RestController.php(164): App\Libraries\vCard->__construct(false, '09982937')
#1 /home/eventodigital/public_html/api_controlAccesos/system/CodeIgniter.php(832): App\Controllers\RestController->create()
#2 /home/eventodigital/public_html/api_controlAccesos/system/CodeIgniter.php(419): CodeIgniter\CodeIgniter->runController(Object(App\Controllers\RestController))
#3 /home/eventodigital/public_html/api_controlAccesos/system/CodeIgniter.php(326): CodeIgniter\CodeIgniter->handleRequest(NULL, Object(Config\Cache), false)
#4 /home/eventodigital/public_html/api_controlAccesos/public/index.php(37): CodeIgniter\CodeIgniter->run()
#5 {main}
CRITICAL - 2022-10-20 19:50:48 --> Class 'App\Libraries\Exception' not found
#0 /home/eventodigital/public_html/api_controlAccesos/app/Controllers/RestController.php(164): App\Libraries\vCard->__construct(false, '08872173')
#1 /home/eventodigital/public_html/api_controlAccesos/system/CodeIgniter.php(832): App\Controllers\RestController->create()
#2 /home/eventodigital/public_html/api_controlAccesos/system/CodeIgniter.php(419): CodeIgniter\CodeIgniter->runController(Object(App\Controllers\RestController))
#3 /home/eventodigital/public_html/api_controlAccesos/system/CodeIgniter.php(326): CodeIgniter\CodeIgniter->handleRequest(NULL, Object(Config\Cache), false)
#4 /home/eventodigital/public_html/api_controlAccesos/public/index.php(37): CodeIgniter\CodeIgniter->run()
#5 {main}
CRITICAL - 2022-10-20 19:53:07 --> Class 'App\Libraries\Exception' not found
#0 /home/eventodigital/public_html/api_controlAccesos/app/Controllers/RestController.php(164): App\Libraries\vCard->__construct(false, '01374412')
#1 /home/eventodigital/public_html/api_controlAccesos/system/CodeIgniter.php(832): App\Controllers\RestController->create()
#2 /home/eventodigital/public_html/api_controlAccesos/system/CodeIgniter.php(419): CodeIgniter\CodeIgniter->runController(Object(App\Controllers\RestController))
#3 /home/eventodigital/public_html/api_controlAccesos/system/CodeIgniter.php(326): CodeIgniter\CodeIgniter->handleRequest(NULL, Object(Config\Cache), false)
#4 /home/eventodigital/public_html/api_controlAccesos/public/index.php(37): CodeIgniter\CodeIgniter->run()
#5 {main}
CRITICAL - 2022-10-20 19:57:17 --> Class 'App\Libraries\Exception' not found
#0 /home/eventodigital/public_html/api_controlAccesos/app/Controllers/RestController.php(164): App\Libraries\vCard->__construct(false, '07374540')
#1 /home/eventodigital/public_html/api_controlAccesos/system/CodeIgniter.php(832): App\Controllers\RestController->create()
#2 /home/eventodigital/public_html/api_controlAccesos/system/CodeIgniter.php(419): CodeIgniter\CodeIgniter->runController(Object(App\Controllers\RestController))
#3 /home/eventodigital/public_html/api_controlAccesos/system/CodeIgniter.php(326): CodeIgniter\CodeIgniter->handleRequest(NULL, Object(Config\Cache), false)
#4 /home/eventodigital/public_html/api_controlAccesos/public/index.php(37): CodeIgniter\CodeIgniter->run()
#5 {main}
CRITICAL - 2022-10-20 19:57:36 --> Class 'App\Libraries\Exception' not found
#0 /home/eventodigital/public_html/api_controlAccesos/app/Controllers/RestController.php(164): App\Libraries\vCard->__construct(false, '06134006')
#1 /home/eventodigital/public_html/api_controlAccesos/system/CodeIgniter.php(832): App\Controllers\RestController->create()
#2 /home/eventodigital/public_html/api_controlAccesos/system/CodeIgniter.php(419): CodeIgniter\CodeIgniter->runController(Object(App\Controllers\RestController))
#3 /home/eventodigital/public_html/api_controlAccesos/system/CodeIgniter.php(326): CodeIgniter\CodeIgniter->handleRequest(NULL, Object(Config\Cache), false)
#4 /home/eventodigital/public_html/api_controlAccesos/public/index.php(37): CodeIgniter\CodeIgniter->run()
#5 {main}
CRITICAL - 2022-10-20 19:59:21 --> Class 'App\Libraries\Exception' not found
#0 /home/eventodigital/public_html/api_controlAccesos/app/Controllers/RestController.php(164): App\Libraries\vCard->__construct(false, '01108873')
#1 /home/eventodigital/public_html/api_controlAccesos/system/CodeIgniter.php(832): App\Controllers\RestController->create()
#2 /home/eventodigital/public_html/api_controlAccesos/system/CodeIgniter.php(419): CodeIgniter\CodeIgniter->runController(Object(App\Controllers\RestController))
#3 /home/eventodigital/public_html/api_controlAccesos/system/CodeIgniter.php(326): CodeIgniter\CodeIgniter->handleRequest(NULL, Object(Config\Cache), false)
#4 /home/eventodigital/public_html/api_controlAccesos/public/index.php(37): CodeIgniter\CodeIgniter->run()
#5 {main}
CRITICAL - 2022-10-20 20:05:53 --> Class 'App\Libraries\Exception' not found
#0 /home/eventodigital/public_html/api_controlAccesos/app/Controllers/RestController.php(164): App\Libraries\vCard->__construct(false, '18168990')
#1 /home/eventodigital/public_html/api_controlAccesos/system/CodeIgniter.php(832): App\Controllers\RestController->create()
#2 /home/eventodigital/public_html/api_controlAccesos/system/CodeIgniter.php(419): CodeIgniter\CodeIgniter->runController(Object(App\Controllers\RestController))
#3 /home/eventodigital/public_html/api_controlAccesos/system/CodeIgniter.php(326): CodeIgniter\CodeIgniter->handleRequest(NULL, Object(Config\Cache), false)
#4 /home/eventodigital/public_html/api_controlAccesos/public/index.php(37): CodeIgniter\CodeIgniter->run()
#5 {main}
CRITICAL - 2022-10-20 20:08:35 --> Class 'App\Libraries\Exception' not found
#0 /home/eventodigital/public_html/api_controlAccesos/app/Controllers/RestController.php(164): App\Libraries\vCard->__construct(false, '04969613')
#1 /home/eventodigital/public_html/api_controlAccesos/system/CodeIgniter.php(832): App\Controllers\RestController->create()
#2 /home/eventodigital/public_html/api_controlAccesos/system/CodeIgniter.php(419): CodeIgniter\CodeIgniter->runController(Object(App\Controllers\RestController))
#3 /home/eventodigital/public_html/api_controlAccesos/system/CodeIgniter.php(326): CodeIgniter\CodeIgniter->handleRequest(NULL, Object(Config\Cache), false)
#4 /home/eventodigital/public_html/api_controlAccesos/public/index.php(37): CodeIgniter\CodeIgniter->run()
#5 {main}
CRITICAL - 2022-10-20 20:09:30 --> Class 'App\Libraries\Exception' not found
#0 /home/eventodigital/public_html/api_controlAccesos/app/Controllers/RestController.php(164): App\Libraries\vCard->__construct(false, '91246806')
#1 /home/eventodigital/public_html/api_controlAccesos/system/CodeIgniter.php(832): App\Controllers\RestController->create()
#2 /home/eventodigital/public_html/api_controlAccesos/system/CodeIgniter.php(419): CodeIgniter\CodeIgniter->runController(Object(App\Controllers\RestController))
#3 /home/eventodigital/public_html/api_controlAccesos/system/CodeIgniter.php(326): CodeIgniter\CodeIgniter->handleRequest(NULL, Object(Config\Cache), false)
#4 /home/eventodigital/public_html/api_controlAccesos/public/index.php(37): CodeIgniter\CodeIgniter->run()
#5 {main}
CRITICAL - 2022-10-20 20:12:20 --> Class 'App\Libraries\Exception' not found
#0 /home/eventodigital/public_html/api_controlAccesos/app/Controllers/RestController.php(164): App\Libraries\vCard->__construct(false, '1491|C092323214...')
#1 /home/eventodigital/public_html/api_controlAccesos/system/CodeIgniter.php(832): App\Controllers\RestController->create()
#2 /home/eventodigital/public_html/api_controlAccesos/system/CodeIgniter.php(419): CodeIgniter\CodeIgniter->runController(Object(App\Controllers\RestController))
#3 /home/eventodigital/public_html/api_controlAccesos/system/CodeIgniter.php(326): CodeIgniter\CodeIgniter->handleRequest(NULL, Object(Config\Cache), false)
#4 /home/eventodigital/public_html/api_controlAccesos/public/index.php(37): CodeIgniter\CodeIgniter->run()
#5 {main}
CRITICAL - 2022-10-20 20:13:51 --> Class 'App\Libraries\Exception' not found
#0 /home/eventodigital/public_html/api_controlAccesos/app/Controllers/RestController.php(164): App\Libraries\vCard->__construct(false, '11')
#1 /home/eventodigital/public_html/api_controlAccesos/system/CodeIgniter.php(832): App\Controllers\RestController->create()
#2 /home/eventodigital/public_html/api_controlAccesos/system/CodeIgniter.php(419): CodeIgniter\CodeIgniter->runController(Object(App\Controllers\RestController))
#3 /home/eventodigital/public_html/api_controlAccesos/system/CodeIgniter.php(326): CodeIgniter\CodeIgniter->handleRequest(NULL, Object(Config\Cache), false)
#4 /home/eventodigital/public_html/api_controlAccesos/public/index.php(37): CodeIgniter\CodeIgniter->run()
#5 {main}
CRITICAL - 2022-10-20 20:17:13 --> Class 'App\Libraries\Exception' not found
#0 /home/eventodigital/public_html/api_controlAccesos/app/Controllers/RestController.php(164): App\Libraries\vCard->__construct(false, '14443006')
#1 /home/eventodigital/public_html/api_controlAccesos/system/CodeIgniter.php(832): App\Controllers\RestController->create()
#2 /home/eventodigital/public_html/api_controlAccesos/system/CodeIgniter.php(419): CodeIgniter\CodeIgniter->runController(Object(App\Controllers\RestController))
#3 /home/eventodigital/public_html/api_controlAccesos/system/CodeIgniter.php(326): CodeIgniter\CodeIgniter->handleRequest(NULL, Object(Config\Cache), false)
#4 /home/eventodigital/public_html/api_controlAccesos/public/index.php(37): CodeIgniter\CodeIgniter->run()
#5 {main}
CRITICAL - 2022-10-20 20:17:26 --> Class 'App\Libraries\Exception' not found
#0 /home/eventodigital/public_html/api_controlAccesos/app/Controllers/RestController.php(164): App\Libraries\vCard->__construct(false, '12373642')
#1 /home/eventodigital/public_html/api_controlAccesos/system/CodeIgniter.php(832): App\Controllers\RestController->create()
#2 /home/eventodigital/public_html/api_controlAccesos/system/CodeIgniter.php(419): CodeIgniter\CodeIgniter->runController(Object(App\Controllers\RestController))
#3 /home/eventodigital/public_html/api_controlAccesos/system/CodeIgniter.php(326): CodeIgniter\CodeIgniter->handleRequest(NULL, Object(Config\Cache), false)
#4 /home/eventodigital/public_html/api_controlAccesos/public/index.php(37): CodeIgniter\CodeIgniter->run()
#5 {main}
CRITICAL - 2022-10-20 20:18:43 --> Class 'App\Libraries\Exception' not found
#0 /home/eventodigital/public_html/api_controlAccesos/app/Controllers/RestController.php(164): App\Libraries\vCard->__construct(false, '13331120')
#1 /home/eventodigital/public_html/api_controlAccesos/system/CodeIgniter.php(832): App\Controllers\RestController->create()
#2 /home/eventodigital/public_html/api_controlAccesos/system/CodeIgniter.php(419): CodeIgniter\CodeIgniter->runController(Object(App\Controllers\RestController))
#3 /home/eventodigital/public_html/api_controlAccesos/system/CodeIgniter.php(326): CodeIgniter\CodeIgniter->handleRequest(NULL, Object(Config\Cache), false)
#4 /home/eventodigital/public_html/api_controlAccesos/public/index.php(37): CodeIgniter\CodeIgniter->run()
#5 {main}
CRITICAL - 2022-10-20 20:21:38 --> Class 'App\Libraries\Exception' not found
#0 /home/eventodigital/public_html/api_controlAccesos/app/Controllers/RestController.php(164): App\Libraries\vCard->__construct(false, '14878747')
#1 /home/eventodigital/public_html/api_controlAccesos/system/CodeIgniter.php(832): App\Controllers\RestController->create()
#2 /home/eventodigital/public_html/api_controlAccesos/system/CodeIgniter.php(419): CodeIgniter\CodeIgniter->runController(Object(App\Controllers\RestController))
#3 /home/eventodigital/public_html/api_controlAccesos/system/CodeIgniter.php(326): CodeIgniter\CodeIgniter->handleRequest(NULL, Object(Config\Cache), false)
#4 /home/eventodigital/public_html/api_controlAccesos/public/index.php(37): CodeIgniter\CodeIgniter->run()
#5 {main}
CRITICAL - 2022-10-20 20:21:54 --> Class 'App\Libraries\Exception' not found
#0 /home/eventodigital/public_html/api_controlAccesos/app/Controllers/RestController.php(164): App\Libraries\vCard->__construct(false, '06294786')
#1 /home/eventodigital/public_html/api_controlAccesos/system/CodeIgniter.php(832): App\Controllers\RestController->create()
#2 /home/eventodigital/public_html/api_controlAccesos/system/CodeIgniter.php(419): CodeIgniter\CodeIgniter->runController(Object(App\Controllers\RestController))
#3 /home/eventodigital/public_html/api_controlAccesos/system/CodeIgniter.php(326): CodeIgniter\CodeIgniter->handleRequest(NULL, Object(Config\Cache), false)
#4 /home/eventodigital/public_html/api_controlAccesos/public/index.php(37): CodeIgniter\CodeIgniter->run()
#5 {main}
CRITICAL - 2022-10-20 20:22:05 --> Class 'App\Libraries\Exception' not found
#0 /home/eventodigital/public_html/api_controlAccesos/app/Controllers/RestController.php(164): App\Libraries\vCard->__construct(false, '01527342')
#1 /home/eventodigital/public_html/api_controlAccesos/system/CodeIgniter.php(832): App\Controllers\RestController->create()
#2 /home/eventodigital/public_html/api_controlAccesos/system/CodeIgniter.php(419): CodeIgniter\CodeIgniter->runController(Object(App\Controllers\RestController))
#3 /home/eventodigital/public_html/api_controlAccesos/system/CodeIgniter.php(326): CodeIgniter\CodeIgniter->handleRequest(NULL, Object(Config\Cache), false)
#4 /home/eventodigital/public_html/api_controlAccesos/public/index.php(37): CodeIgniter\CodeIgniter->run()
#5 {main}
CRITICAL - 2022-10-20 20:23:31 --> Class 'App\Libraries\Exception' not found
#0 /home/eventodigital/public_html/api_controlAccesos/app/Controllers/RestController.php(164): App\Libraries\vCard->__construct(false, '07913602')
#1 /home/eventodigital/public_html/api_controlAccesos/system/CodeIgniter.php(832): App\Controllers\RestController->create()
#2 /home/eventodigital/public_html/api_controlAccesos/system/CodeIgniter.php(419): CodeIgniter\CodeIgniter->runController(Object(App\Controllers\RestController))
#3 /home/eventodigital/public_html/api_controlAccesos/system/CodeIgniter.php(326): CodeIgniter\CodeIgniter->handleRequest(NULL, Object(Config\Cache), false)
#4 /home/eventodigital/public_html/api_controlAccesos/public/index.php(37): CodeIgniter\CodeIgniter->run()
#5 {main}
CRITICAL - 2022-10-20 20:28:41 --> Class 'App\Libraries\Exception' not found
#0 /home/eventodigital/public_html/api_controlAccesos/app/Controllers/RestController.php(164): App\Libraries\vCard->__construct(false, '08112262')
#1 /home/eventodigital/public_html/api_controlAccesos/system/CodeIgniter.php(832): App\Controllers\RestController->create()
#2 /home/eventodigital/public_html/api_controlAccesos/system/CodeIgniter.php(419): CodeIgniter\CodeIgniter->runController(Object(App\Controllers\RestController))
#3 /home/eventodigital/public_html/api_controlAccesos/system/CodeIgniter.php(326): CodeIgniter\CodeIgniter->handleRequest(NULL, Object(Config\Cache), false)
#4 /home/eventodigital/public_html/api_controlAccesos/public/index.php(37): CodeIgniter\CodeIgniter->run()
#5 {main}
CRITICAL - 2022-10-20 20:29:01 --> Class 'App\Libraries\Exception' not found
#0 /home/eventodigital/public_html/api_controlAccesos/app/Controllers/RestController.php(164): App\Libraries\vCard->__construct(false, '11926715')
#1 /home/eventodigital/public_html/api_controlAccesos/system/CodeIgniter.php(832): App\Controllers\RestController->create()
#2 /home/eventodigital/public_html/api_controlAccesos/system/CodeIgniter.php(419): CodeIgniter\CodeIgniter->runController(Object(App\Controllers\RestController))
#3 /home/eventodigital/public_html/api_controlAccesos/system/CodeIgniter.php(326): CodeIgniter\CodeIgniter->handleRequest(NULL, Object(Config\Cache), false)
#4 /home/eventodigital/public_html/api_controlAccesos/public/index.php(37): CodeIgniter\CodeIgniter->run()
#5 {main}
CRITICAL - 2022-10-20 20:32:16 --> Class 'App\Libraries\Exception' not found
#0 /home/eventodigital/public_html/api_controlAccesos/app/Controllers/RestController.php(164): App\Libraries\vCard->__construct(false, '07422294')
#1 /home/eventodigital/public_html/api_controlAccesos/system/CodeIgniter.php(832): App\Controllers\RestController->create()
#2 /home/eventodigital/public_html/api_controlAccesos/system/CodeIgniter.php(419): CodeIgniter\CodeIgniter->runController(Object(App\Controllers\RestController))
#3 /home/eventodigital/public_html/api_controlAccesos/system/CodeIgniter.php(326): CodeIgniter\CodeIgniter->handleRequest(NULL, Object(Config\Cache), false)
#4 /home/eventodigital/public_html/api_controlAccesos/public/index.php(37): CodeIgniter\CodeIgniter->run()
#5 {main}
CRITICAL - 2022-10-20 20:37:55 --> Class 'App\Libraries\Exception' not found
#0 /home/eventodigital/public_html/api_controlAccesos/app/Controllers/RestController.php(164): App\Libraries\vCard->__construct(false, '12591558')
#1 /home/eventodigital/public_html/api_controlAccesos/system/CodeIgniter.php(832): App\Controllers\RestController->create()
#2 /home/eventodigital/public_html/api_controlAccesos/system/CodeIgniter.php(419): CodeIgniter\CodeIgniter->runController(Object(App\Controllers\RestController))
#3 /home/eventodigital/public_html/api_controlAccesos/system/CodeIgniter.php(326): CodeIgniter\CodeIgniter->handleRequest(NULL, Object(Config\Cache), false)
#4 /home/eventodigital/public_html/api_controlAccesos/public/index.php(37): CodeIgniter\CodeIgniter->run()
#5 {main}
CRITICAL - 2022-10-20 20:42:46 --> Class 'App\Libraries\Exception' not found
#0 /home/eventodigital/public_html/api_controlAccesos/app/Controllers/RestController.php(164): App\Libraries\vCard->__construct(false, '18126457')
#1 /home/eventodigital/public_html/api_controlAccesos/system/CodeIgniter.php(832): App\Controllers\RestController->create()
#2 /home/eventodigital/public_html/api_controlAccesos/system/CodeIgniter.php(419): CodeIgniter\CodeIgniter->runController(Object(App\Controllers\RestController))
#3 /home/eventodigital/public_html/api_controlAccesos/system/CodeIgniter.php(326): CodeIgniter\CodeIgniter->handleRequest(NULL, Object(Config\Cache), false)
#4 /home/eventodigital/public_html/api_controlAccesos/public/index.php(37): CodeIgniter\CodeIgniter->run()
#5 {main}
CRITICAL - 2022-10-20 20:47:46 --> Class 'App\Libraries\Exception' not found
#0 /home/eventodigital/public_html/api_controlAccesos/app/Controllers/RestController.php(164): App\Libraries\vCard->__construct(false, '11192244')
#1 /home/eventodigital/public_html/api_controlAccesos/system/CodeIgniter.php(832): App\Controllers\RestController->create()
#2 /home/eventodigital/public_html/api_controlAccesos/system/CodeIgniter.php(419): CodeIgniter\CodeIgniter->runController(Object(App\Controllers\RestController))
#3 /home/eventodigital/public_html/api_controlAccesos/system/CodeIgniter.php(326): CodeIgniter\CodeIgniter->handleRequest(NULL, Object(Config\Cache), false)
#4 /home/eventodigital/public_html/api_controlAccesos/public/index.php(37): CodeIgniter\CodeIgniter->run()
#5 {main}
CRITICAL - 2022-10-20 20:47:55 --> Class 'App\Libraries\Exception' not found
#0 /home/eventodigital/public_html/api_controlAccesos/app/Controllers/RestController.php(164): App\Libraries\vCard->__construct(false, '10337363')
#1 /home/eventodigital/public_html/api_controlAccesos/system/CodeIgniter.php(832): App\Controllers\RestController->create()
#2 /home/eventodigital/public_html/api_controlAccesos/system/CodeIgniter.php(419): CodeIgniter\CodeIgniter->runController(Object(App\Controllers\RestController))
#3 /home/eventodigital/public_html/api_controlAccesos/system/CodeIgniter.php(326): CodeIgniter\CodeIgniter->handleRequest(NULL, Object(Config\Cache), false)
#4 /home/eventodigital/public_html/api_controlAccesos/public/index.php(37): CodeIgniter\CodeIgniter->run()
#5 {main}
CRITICAL - 2022-10-20 20:48:33 --> Class 'App\Libraries\Exception' not found
#0 /home/eventodigital/public_html/api_controlAccesos/app/Controllers/RestController.php(164): App\Libraries\vCard->__construct(false, '14866218')
#1 /home/eventodigital/public_html/api_controlAccesos/system/CodeIgniter.php(832): App\Controllers\RestController->create()
#2 /home/eventodigital/public_html/api_controlAccesos/system/CodeIgniter.php(419): CodeIgniter\CodeIgniter->runController(Object(App\Controllers\RestController))
#3 /home/eventodigital/public_html/api_controlAccesos/system/CodeIgniter.php(326): CodeIgniter\CodeIgniter->handleRequest(NULL, Object(Config\Cache), false)
#4 /home/eventodigital/public_html/api_controlAccesos/public/index.php(37): CodeIgniter\CodeIgniter->run()
#5 {main}
CRITICAL - 2022-10-20 20:50:48 --> Class 'App\Libraries\Exception' not found
#0 /home/eventodigital/public_html/api_controlAccesos/app/Controllers/RestController.php(164): App\Libraries\vCard->__construct(false, '\xEF\xBB\xBFBEGIN:VCARD\n...')
#1 /home/eventodigital/public_html/api_controlAccesos/system/CodeIgniter.php(832): App\Controllers\RestController->create()
#2 /home/eventodigital/public_html/api_controlAccesos/system/CodeIgniter.php(419): CodeIgniter\CodeIgniter->runController(Object(App\Controllers\RestController))
#3 /home/eventodigital/public_html/api_controlAccesos/system/CodeIgniter.php(326): CodeIgniter\CodeIgniter->handleRequest(NULL, Object(Config\Cache), false)
#4 /home/eventodigital/public_html/api_controlAccesos/public/index.php(37): CodeIgniter\CodeIgniter->run()
#5 {main}
CRITICAL - 2022-10-20 20:51:08 --> Class 'App\Libraries\Exception' not found
#0 /home/eventodigital/public_html/api_controlAccesos/app/Controllers/RestController.php(164): App\Libraries\vCard->__construct(false, '17639088')
#1 /home/eventodigital/public_html/api_controlAccesos/system/CodeIgniter.php(832): App\Controllers\RestController->create()
#2 /home/eventodigital/public_html/api_controlAccesos/system/CodeIgniter.php(419): CodeIgniter\CodeIgniter->runController(Object(App\Controllers\RestController))
#3 /home/eventodigital/public_html/api_controlAccesos/system/CodeIgniter.php(326): CodeIgniter\CodeIgniter->handleRequest(NULL, Object(Config\Cache), false)
#4 /home/eventodigital/public_html/api_controlAccesos/public/index.php(37): CodeIgniter\CodeIgniter->run()
#5 {main}
CRITICAL - 2022-10-20 20:54:26 --> Class 'App\Libraries\Exception' not found
#0 /home/eventodigital/public_html/api_controlAccesos/app/Controllers/RestController.php(164): App\Libraries\vCard->__construct(false, '\xEF\xBB\xBFBEGIN:VCARD\n...')
#1 /home/eventodigital/public_html/api_controlAccesos/system/CodeIgniter.php(832): App\Controllers\RestController->create()
#2 /home/eventodigital/public_html/api_controlAccesos/system/CodeIgniter.php(419): CodeIgniter\CodeIgniter->runController(Object(App\Controllers\RestController))
#3 /home/eventodigital/public_html/api_controlAccesos/system/CodeIgniter.php(326): CodeIgniter\CodeIgniter->handleRequest(NULL, Object(Config\Cache), false)
#4 /home/eventodigital/public_html/api_controlAccesos/public/index.php(37): CodeIgniter\CodeIgniter->run()
#5 {main}
CRITICAL - 2022-10-20 20:56:36 --> Class 'App\Libraries\Exception' not found
#0 /home/eventodigital/public_html/api_controlAccesos/app/Controllers/RestController.php(164): App\Libraries\vCard->__construct(false, '10243176')
#1 /home/eventodigital/public_html/api_controlAccesos/system/CodeIgniter.php(832): App\Controllers\RestController->create()
#2 /home/eventodigital/public_html/api_controlAccesos/system/CodeIgniter.php(419): CodeIgniter\CodeIgniter->runController(Object(App\Controllers\RestController))
#3 /home/eventodigital/public_html/api_controlAccesos/system/CodeIgniter.php(326): CodeIgniter\CodeIgniter->handleRequest(NULL, Object(Config\Cache), false)
#4 /home/eventodigital/public_html/api_controlAccesos/public/index.php(37): CodeIgniter\CodeIgniter->run()
#5 {main}
CRITICAL - 2022-10-20 20:57:02 --> Class 'App\Libraries\Exception' not found
#0 /home/eventodigital/public_html/api_controlAccesos/app/Controllers/RestController.php(164): App\Libraries\vCard->__construct(false, '11112211')
#1 /home/eventodigital/public_html/api_controlAccesos/system/CodeIgniter.php(832): App\Controllers\RestController->create()
#2 /home/eventodigital/public_html/api_controlAccesos/system/CodeIgniter.php(419): CodeIgniter\CodeIgniter->runController(Object(App\Controllers\RestController))
#3 /home/eventodigital/public_html/api_controlAccesos/system/CodeIgniter.php(326): CodeIgniter\CodeIgniter->handleRequest(NULL, Object(Config\Cache), false)
#4 /home/eventodigital/public_html/api_controlAccesos/public/index.php(37): CodeIgniter\CodeIgniter->run()
#5 {main}
CRITICAL - 2022-10-20 20:57:10 --> Class 'App\Libraries\Exception' not found
#0 /home/eventodigital/public_html/api_controlAccesos/app/Controllers/RestController.php(164): App\Libraries\vCard->__construct(false, '13599633')
#1 /home/eventodigital/public_html/api_controlAccesos/system/CodeIgniter.php(832): App\Controllers\RestController->create()
#2 /home/eventodigital/public_html/api_controlAccesos/system/CodeIgniter.php(419): CodeIgniter\CodeIgniter->runController(Object(App\Controllers\RestController))
#3 /home/eventodigital/public_html/api_controlAccesos/system/CodeIgniter.php(326): CodeIgniter\CodeIgniter->handleRequest(NULL, Object(Config\Cache), false)
#4 /home/eventodigital/public_html/api_controlAccesos/public/index.php(37): CodeIgniter\CodeIgniter->run()
#5 {main}
CRITICAL - 2022-10-20 20:57:56 --> Class 'App\Libraries\Exception' not found
#0 /home/eventodigital/public_html/api_controlAccesos/app/Controllers/RestController.php(164): App\Libraries\vCard->__construct(false, '19478730')
#1 /home/eventodigital/public_html/api_controlAccesos/system/CodeIgniter.php(832): App\Controllers\RestController->create()
#2 /home/eventodigital/public_html/api_controlAccesos/system/CodeIgniter.php(419): CodeIgniter\CodeIgniter->runController(Object(App\Controllers\RestController))
#3 /home/eventodigital/public_html/api_controlAccesos/system/CodeIgniter.php(326): CodeIgniter\CodeIgniter->handleRequest(NULL, Object(Config\Cache), false)
#4 /home/eventodigital/public_html/api_controlAccesos/public/index.php(37): CodeIgniter\CodeIgniter->run()
#5 {main}
CRITICAL - 2022-10-20 20:58:45 --> Class 'App\Libraries\Exception' not found
#0 /home/eventodigital/public_html/api_controlAccesos/app/Controllers/RestController.php(164): App\Libraries\vCard->__construct(false, '09773015')
#1 /home/eventodigital/public_html/api_controlAccesos/system/CodeIgniter.php(832): App\Controllers\RestController->create()
#2 /home/eventodigital/public_html/api_controlAccesos/system/CodeIgniter.php(419): CodeIgniter\CodeIgniter->runController(Object(App\Controllers\RestController))
#3 /home/eventodigital/public_html/api_controlAccesos/system/CodeIgniter.php(326): CodeIgniter\CodeIgniter->handleRequest(NULL, Object(Config\Cache), false)
#4 /home/eventodigital/public_html/api_controlAccesos/public/index.php(37): CodeIgniter\CodeIgniter->run()
#5 {main}
CRITICAL - 2022-10-20 20:58:52 --> Class 'App\Libraries\Exception' not found
#0 /home/eventodigital/public_html/api_controlAccesos/app/Controllers/RestController.php(164): App\Libraries\vCard->__construct(false, '42387121')
#1 /home/eventodigital/public_html/api_controlAccesos/system/CodeIgniter.php(832): App\Controllers\RestController->create()
#2 /home/eventodigital/public_html/api_controlAccesos/system/CodeIgniter.php(419): CodeIgniter\CodeIgniter->runController(Object(App\Controllers\RestController))
#3 /home/eventodigital/public_html/api_controlAccesos/system/CodeIgniter.php(326): CodeIgniter\CodeIgniter->handleRequest(NULL, Object(Config\Cache), false)
#4 /home/eventodigital/public_html/api_controlAccesos/public/index.php(37): CodeIgniter\CodeIgniter->run()
#5 {main}
CRITICAL - 2022-10-20 20:59:40 --> Class 'App\Libraries\Exception' not found
#0 /home/eventodigital/public_html/api_controlAccesos/app/Controllers/RestController.php(164): App\Libraries\vCard->__construct(false, '03156995')
#1 /home/eventodigital/public_html/api_controlAccesos/system/CodeIgniter.php(832): App\Controllers\RestController->create()
#2 /home/eventodigital/public_html/api_controlAccesos/system/CodeIgniter.php(419): CodeIgniter\CodeIgniter->runController(Object(App\Controllers\RestController))
#3 /home/eventodigital/public_html/api_controlAccesos/system/CodeIgniter.php(326): CodeIgniter\CodeIgniter->handleRequest(NULL, Object(Config\Cache), false)
#4 /home/eventodigital/public_html/api_controlAccesos/public/index.php(37): CodeIgniter\CodeIgniter->run()
#5 {main}
CRITICAL - 2022-10-20 20:59:50 --> Class 'App\Libraries\Exception' not found
#0 /home/eventodigital/public_html/api_controlAccesos/app/Controllers/RestController.php(164): App\Libraries\vCard->__construct(false, '06281885')
#1 /home/eventodigital/public_html/api_controlAccesos/system/CodeIgniter.php(832): App\Controllers\RestController->create()
#2 /home/eventodigital/public_html/api_controlAccesos/system/CodeIgniter.php(419): CodeIgniter\CodeIgniter->runController(Object(App\Controllers\RestController))
#3 /home/eventodigital/public_html/api_controlAccesos/system/CodeIgniter.php(326): CodeIgniter\CodeIgniter->handleRequest(NULL, Object(Config\Cache), false)
#4 /home/eventodigital/public_html/api_controlAccesos/public/index.php(37): CodeIgniter\CodeIgniter->run()
#5 {main}
