CRITICAL - 2022-03-28 16:57:41 --> The framework needs the following extension(s) installed and loaded: intl.
#0 /home/techmeetings/public_html/api_controlAccesos/system/CodeIgniter.php(219): CodeIgniter\Exceptions\FrameworkException::forMissingExtension('intl')
#1 /home/techmeetings/public_html/api_controlAccesos/system/CodeIgniter.php(177): CodeIgniter\CodeIgniter->resolvePlatformExtensions()
#2 /home/techmeetings/public_html/api_controlAccesos/system/bootstrap.php(146): CodeIgniter\CodeIgniter->initialize()
#3 /home/techmeetings/public_html/api_controlAccesos/public/index.php(28): require('/home/techmeeti...')
#4 {main}
CRITICAL - 2022-03-28 16:58:33 --> The framework needs the following extension(s) installed and loaded: intl.
#0 /home/techmeetings/public_html/api_controlAccesos/system/CodeIgniter.php(219): CodeIgniter\Exceptions\FrameworkException::forMissingExtension('intl')
#1 /home/techmeetings/public_html/api_controlAccesos/system/CodeIgniter.php(177): CodeIgniter\CodeIgniter->resolvePlatformExtensions()
#2 /home/techmeetings/public_html/api_controlAccesos/system/bootstrap.php(146): CodeIgniter\CodeIgniter->initialize()
#3 /home/techmeetings/public_html/api_controlAccesos/public/index.php(28): require('/home/techmeeti...')
#4 {main}
CRITICAL - 2022-03-28 18:38:59 --> The framework needs the following extension(s) installed and loaded: intl.
#0 /home/techmeetings/public_html/api_controlAccesos/system/CodeIgniter.php(219): CodeIgniter\Exceptions\FrameworkException::forMissingExtension('intl')
#1 /home/techmeetings/public_html/api_controlAccesos/system/CodeIgniter.php(177): CodeIgniter\CodeIgniter->resolvePlatformExtensions()
#2 /home/techmeetings/public_html/api_controlAccesos/system/bootstrap.php(146): CodeIgniter\CodeIgniter->initialize()
#3 /home/techmeetings/public_html/api_controlAccesos/public/index.php(28): require('/home/techmeeti...')
#4 {main}
CRITICAL - 2022-03-28 18:39:51 --> The framework needs the following extension(s) installed and loaded: intl.
#0 /home/techmeetings/public_html/api_controlAccesos/system/CodeIgniter.php(219): CodeIgniter\Exceptions\FrameworkException::forMissingExtension('intl')
#1 /home/techmeetings/public_html/api_controlAccesos/system/CodeIgniter.php(177): CodeIgniter\CodeIgniter->resolvePlatformExtensions()
#2 /home/techmeetings/public_html/api_controlAccesos/system/bootstrap.php(146): CodeIgniter\CodeIgniter->initialize()
#3 /home/techmeetings/public_html/api_controlAccesos/public/index.php(28): require('/home/techmeeti...')
#4 {main}
CRITICAL - 2022-03-28 18:41:00 --> The framework needs the following extension(s) installed and loaded: intl.
#0 /home/techmeetings/public_html/api_controlAccesos/system/CodeIgniter.php(219): CodeIgniter\Exceptions\FrameworkException::forMissingExtension('intl')
#1 /home/techmeetings/public_html/api_controlAccesos/system/CodeIgniter.php(177): CodeIgniter\CodeIgniter->resolvePlatformExtensions()
#2 /home/techmeetings/public_html/api_controlAccesos/system/bootstrap.php(146): CodeIgniter\CodeIgniter->initialize()
#3 /home/techmeetings/public_html/api_controlAccesos/public/index.php(28): require('/home/techmeeti...')
#4 {main}
CRITICAL - 2022-03-28 18:42:42 --> The framework needs the following extension(s) installed and loaded: intl.
#0 /home/techmeetings/public_html/api_controlAccesos/system/CodeIgniter.php(219): CodeIgniter\Exceptions\FrameworkException::forMissingExtension('intl')
#1 /home/techmeetings/public_html/api_controlAccesos/system/CodeIgniter.php(177): CodeIgniter\CodeIgniter->resolvePlatformExtensions()
#2 /home/techmeetings/public_html/api_controlAccesos/system/bootstrap.php(146): CodeIgniter\CodeIgniter->initialize()
#3 /home/techmeetings/public_html/api_controlAccesos/public/index.php(28): require('/home/techmeeti...')
#4 {main}
CRITICAL - 2022-03-28 18:42:43 --> The framework needs the following extension(s) installed and loaded: intl.
#0 /home/techmeetings/public_html/api_controlAccesos/system/CodeIgniter.php(219): CodeIgniter\Exceptions\FrameworkException::forMissingExtension('intl')
#1 /home/techmeetings/public_html/api_controlAccesos/system/CodeIgniter.php(177): CodeIgniter\CodeIgniter->resolvePlatformExtensions()
#2 /home/techmeetings/public_html/api_controlAccesos/system/bootstrap.php(146): CodeIgniter\CodeIgniter->initialize()
#3 /home/techmeetings/public_html/api_controlAccesos/public/index.php(28): require('/home/techmeeti...')
#4 {main}
CRITICAL - 2022-03-28 18:42:43 --> The framework needs the following extension(s) installed and loaded: intl.
#0 /home/techmeetings/public_html/api_controlAccesos/system/CodeIgniter.php(219): CodeIgniter\Exceptions\FrameworkException::forMissingExtension('intl')
#1 /home/techmeetings/public_html/api_controlAccesos/system/CodeIgniter.php(177): CodeIgniter\CodeIgniter->resolvePlatformExtensions()
#2 /home/techmeetings/public_html/api_controlAccesos/system/bootstrap.php(146): CodeIgniter\CodeIgniter->initialize()
#3 /home/techmeetings/public_html/api_controlAccesos/public/index.php(28): require('/home/techmeeti...')
#4 {main}
CRITICAL - 2022-03-28 18:42:44 --> The framework needs the following extension(s) installed and loaded: intl.
#0 /home/techmeetings/public_html/api_controlAccesos/system/CodeIgniter.php(219): CodeIgniter\Exceptions\FrameworkException::forMissingExtension('intl')
#1 /home/techmeetings/public_html/api_controlAccesos/system/CodeIgniter.php(177): CodeIgniter\CodeIgniter->resolvePlatformExtensions()
#2 /home/techmeetings/public_html/api_controlAccesos/system/bootstrap.php(146): CodeIgniter\CodeIgniter->initialize()
#3 /home/techmeetings/public_html/api_controlAccesos/public/index.php(28): require('/home/techmeeti...')
#4 {main}
CRITICAL - 2022-03-28 18:42:44 --> The framework needs the following extension(s) installed and loaded: intl.
#0 /home/techmeetings/public_html/api_controlAccesos/system/CodeIgniter.php(219): CodeIgniter\Exceptions\FrameworkException::forMissingExtension('intl')
#1 /home/techmeetings/public_html/api_controlAccesos/system/CodeIgniter.php(177): CodeIgniter\CodeIgniter->resolvePlatformExtensions()
#2 /home/techmeetings/public_html/api_controlAccesos/system/bootstrap.php(146): CodeIgniter\CodeIgniter->initialize()
#3 /home/techmeetings/public_html/api_controlAccesos/public/index.php(28): require('/home/techmeeti...')
#4 {main}
CRITICAL - 2022-03-28 18:42:44 --> The framework needs the following extension(s) installed and loaded: intl.
#0 /home/techmeetings/public_html/api_controlAccesos/system/CodeIgniter.php(219): CodeIgniter\Exceptions\FrameworkException::forMissingExtension('intl')
#1 /home/techmeetings/public_html/api_controlAccesos/system/CodeIgniter.php(177): CodeIgniter\CodeIgniter->resolvePlatformExtensions()
#2 /home/techmeetings/public_html/api_controlAccesos/system/bootstrap.php(146): CodeIgniter\CodeIgniter->initialize()
#3 /home/techmeetings/public_html/api_controlAccesos/public/index.php(28): require('/home/techmeeti...')
#4 {main}
CRITICAL - 2022-03-28 18:42:45 --> The framework needs the following extension(s) installed and loaded: intl.
#0 /home/techmeetings/public_html/api_controlAccesos/system/CodeIgniter.php(219): CodeIgniter\Exceptions\FrameworkException::forMissingExtension('intl')
#1 /home/techmeetings/public_html/api_controlAccesos/system/CodeIgniter.php(177): CodeIgniter\CodeIgniter->resolvePlatformExtensions()
#2 /home/techmeetings/public_html/api_controlAccesos/system/bootstrap.php(146): CodeIgniter\CodeIgniter->initialize()
#3 /home/techmeetings/public_html/api_controlAccesos/public/index.php(28): require('/home/techmeeti...')
#4 {main}
CRITICAL - 2022-03-28 18:42:45 --> The framework needs the following extension(s) installed and loaded: intl.
#0 /home/techmeetings/public_html/api_controlAccesos/system/CodeIgniter.php(219): CodeIgniter\Exceptions\FrameworkException::forMissingExtension('intl')
#1 /home/techmeetings/public_html/api_controlAccesos/system/CodeIgniter.php(177): CodeIgniter\CodeIgniter->resolvePlatformExtensions()
#2 /home/techmeetings/public_html/api_controlAccesos/system/bootstrap.php(146): CodeIgniter\CodeIgniter->initialize()
#3 /home/techmeetings/public_html/api_controlAccesos/public/index.php(28): require('/home/techmeeti...')
#4 {main}
CRITICAL - 2022-03-28 18:42:45 --> The framework needs the following extension(s) installed and loaded: intl.
#0 /home/techmeetings/public_html/api_controlAccesos/system/CodeIgniter.php(219): CodeIgniter\Exceptions\FrameworkException::forMissingExtension('intl')
#1 /home/techmeetings/public_html/api_controlAccesos/system/CodeIgniter.php(177): CodeIgniter\CodeIgniter->resolvePlatformExtensions()
#2 /home/techmeetings/public_html/api_controlAccesos/system/bootstrap.php(146): CodeIgniter\CodeIgniter->initialize()
#3 /home/techmeetings/public_html/api_controlAccesos/public/index.php(28): require('/home/techmeeti...')
#4 {main}
CRITICAL - 2022-03-28 18:42:45 --> The framework needs the following extension(s) installed and loaded: intl.
#0 /home/techmeetings/public_html/api_controlAccesos/system/CodeIgniter.php(219): CodeIgniter\Exceptions\FrameworkException::forMissingExtension('intl')
#1 /home/techmeetings/public_html/api_controlAccesos/system/CodeIgniter.php(177): CodeIgniter\CodeIgniter->resolvePlatformExtensions()
#2 /home/techmeetings/public_html/api_controlAccesos/system/bootstrap.php(146): CodeIgniter\CodeIgniter->initialize()
#3 /home/techmeetings/public_html/api_controlAccesos/public/index.php(28): require('/home/techmeeti...')
#4 {main}
CRITICAL - 2022-03-28 18:42:59 --> The framework needs the following extension(s) installed and loaded: intl.
#0 /home/techmeetings/public_html/api_controlAccesos/system/CodeIgniter.php(219): CodeIgniter\Exceptions\FrameworkException::forMissingExtension('intl')
#1 /home/techmeetings/public_html/api_controlAccesos/system/CodeIgniter.php(177): CodeIgniter\CodeIgniter->resolvePlatformExtensions()
#2 /home/techmeetings/public_html/api_controlAccesos/system/bootstrap.php(146): CodeIgniter\CodeIgniter->initialize()
#3 /home/techmeetings/public_html/api_controlAccesos/public/index.php(28): require('/home/techmeeti...')
#4 {main}
CRITICAL - 2022-03-28 18:50:54 --> The framework needs the following extension(s) installed and loaded: intl.
#0 /home/techmeetings/public_html/api_controlAccesos/system/CodeIgniter.php(219): CodeIgniter\Exceptions\FrameworkException::forMissingExtension('intl')
#1 /home/techmeetings/public_html/api_controlAccesos/system/CodeIgniter.php(177): CodeIgniter\CodeIgniter->resolvePlatformExtensions()
#2 /home/techmeetings/public_html/api_controlAccesos/system/bootstrap.php(146): CodeIgniter\CodeIgniter->initialize()
#3 /home/techmeetings/public_html/api_controlAccesos/public/index.php(28): require('/home/techmeeti...')
#4 {main}
CRITICAL - 2022-03-28 18:50:58 --> The framework needs the following extension(s) installed and loaded: intl.
#0 /home/techmeetings/public_html/api_controlAccesos/system/CodeIgniter.php(219): CodeIgniter\Exceptions\FrameworkException::forMissingExtension('intl')
#1 /home/techmeetings/public_html/api_controlAccesos/system/CodeIgniter.php(177): CodeIgniter\CodeIgniter->resolvePlatformExtensions()
#2 /home/techmeetings/public_html/api_controlAccesos/system/bootstrap.php(146): CodeIgniter\CodeIgniter->initialize()
#3 /home/techmeetings/public_html/api_controlAccesos/public/index.php(28): require('/home/techmeeti...')
#4 {main}
CRITICAL - 2022-03-28 18:53:28 --> The framework needs the following extension(s) installed and loaded: intl.
#0 /home/techmeetings/public_html/api_controlAccesos/system/CodeIgniter.php(219): CodeIgniter\Exceptions\FrameworkException::forMissingExtension('intl')
#1 /home/techmeetings/public_html/api_controlAccesos/system/CodeIgniter.php(177): CodeIgniter\CodeIgniter->resolvePlatformExtensions()
#2 /home/techmeetings/public_html/api_controlAccesos/system/bootstrap.php(146): CodeIgniter\CodeIgniter->initialize()
#3 /home/techmeetings/public_html/api_controlAccesos/public/index.php(28): require('/home/techmeeti...')
#4 {main}
CRITICAL - 2022-03-28 18:53:30 --> The framework needs the following extension(s) installed and loaded: intl.
#0 /home/techmeetings/public_html/api_controlAccesos/system/CodeIgniter.php(219): CodeIgniter\Exceptions\FrameworkException::forMissingExtension('intl')
#1 /home/techmeetings/public_html/api_controlAccesos/system/CodeIgniter.php(177): CodeIgniter\CodeIgniter->resolvePlatformExtensions()
#2 /home/techmeetings/public_html/api_controlAccesos/system/bootstrap.php(146): CodeIgniter\CodeIgniter->initialize()
#3 /home/techmeetings/public_html/api_controlAccesos/public/index.php(28): require('/home/techmeeti...')
#4 {main}
CRITICAL - 2022-03-28 18:53:30 --> The framework needs the following extension(s) installed and loaded: intl.
#0 /home/techmeetings/public_html/api_controlAccesos/system/CodeIgniter.php(219): CodeIgniter\Exceptions\FrameworkException::forMissingExtension('intl')
#1 /home/techmeetings/public_html/api_controlAccesos/system/CodeIgniter.php(177): CodeIgniter\CodeIgniter->resolvePlatformExtensions()
#2 /home/techmeetings/public_html/api_controlAccesos/system/bootstrap.php(146): CodeIgniter\CodeIgniter->initialize()
#3 /home/techmeetings/public_html/api_controlAccesos/public/index.php(28): require('/home/techmeeti...')
#4 {main}
CRITICAL - 2022-03-28 18:55:27 --> The framework needs the following extension(s) installed and loaded: intl.
#0 /home/techmeetings/public_html/api_controlAccesos/system/CodeIgniter.php(219): CodeIgniter\Exceptions\FrameworkException::forMissingExtension('intl')
#1 /home/techmeetings/public_html/api_controlAccesos/system/CodeIgniter.php(177): CodeIgniter\CodeIgniter->resolvePlatformExtensions()
#2 /home/techmeetings/public_html/api_controlAccesos/system/bootstrap.php(146): CodeIgniter\CodeIgniter->initialize()
#3 /home/techmeetings/public_html/api_controlAccesos/public/index.php(28): require('/home/techmeeti...')
#4 {main}
CRITICAL - 2022-03-28 18:55:29 --> The framework needs the following extension(s) installed and loaded: intl.
#0 /home/techmeetings/public_html/api_controlAccesos/system/CodeIgniter.php(219): CodeIgniter\Exceptions\FrameworkException::forMissingExtension('intl')
#1 /home/techmeetings/public_html/api_controlAccesos/system/CodeIgniter.php(177): CodeIgniter\CodeIgniter->resolvePlatformExtensions()
#2 /home/techmeetings/public_html/api_controlAccesos/system/bootstrap.php(146): CodeIgniter\CodeIgniter->initialize()
#3 /home/techmeetings/public_html/api_controlAccesos/public/index.php(28): require('/home/techmeeti...')
#4 {main}
CRITICAL - 2022-03-28 18:55:32 --> The framework needs the following extension(s) installed and loaded: intl.
#0 /home/techmeetings/public_html/api_controlAccesos/system/CodeIgniter.php(219): CodeIgniter\Exceptions\FrameworkException::forMissingExtension('intl')
#1 /home/techmeetings/public_html/api_controlAccesos/system/CodeIgniter.php(177): CodeIgniter\CodeIgniter->resolvePlatformExtensions()
#2 /home/techmeetings/public_html/api_controlAccesos/system/bootstrap.php(146): CodeIgniter\CodeIgniter->initialize()
#3 /home/techmeetings/public_html/api_controlAccesos/public/index.php(28): require('/home/techmeeti...')
#4 {main}
CRITICAL - 2022-03-28 18:55:58 --> The framework needs the following extension(s) installed and loaded: intl.
#0 /home/techmeetings/public_html/api_controlAccesos/system/CodeIgniter.php(219): CodeIgniter\Exceptions\FrameworkException::forMissingExtension('intl')
#1 /home/techmeetings/public_html/api_controlAccesos/system/CodeIgniter.php(177): CodeIgniter\CodeIgniter->resolvePlatformExtensions()
#2 /home/techmeetings/public_html/api_controlAccesos/system/bootstrap.php(146): CodeIgniter\CodeIgniter->initialize()
#3 /home/techmeetings/public_html/api_controlAccesos/public/index.php(28): require('/home/techmeeti...')
#4 {main}
CRITICAL - 2022-03-28 18:55:59 --> The framework needs the following extension(s) installed and loaded: intl.
#0 /home/techmeetings/public_html/api_controlAccesos/system/CodeIgniter.php(219): CodeIgniter\Exceptions\FrameworkException::forMissingExtension('intl')
#1 /home/techmeetings/public_html/api_controlAccesos/system/CodeIgniter.php(177): CodeIgniter\CodeIgniter->resolvePlatformExtensions()
#2 /home/techmeetings/public_html/api_controlAccesos/system/bootstrap.php(146): CodeIgniter\CodeIgniter->initialize()
#3 /home/techmeetings/public_html/api_controlAccesos/public/index.php(28): require('/home/techmeeti...')
#4 {main}
CRITICAL - 2022-03-28 18:55:59 --> The framework needs the following extension(s) installed and loaded: intl.
#0 /home/techmeetings/public_html/api_controlAccesos/system/CodeIgniter.php(219): CodeIgniter\Exceptions\FrameworkException::forMissingExtension('intl')
#1 /home/techmeetings/public_html/api_controlAccesos/system/CodeIgniter.php(177): CodeIgniter\CodeIgniter->resolvePlatformExtensions()
#2 /home/techmeetings/public_html/api_controlAccesos/system/bootstrap.php(146): CodeIgniter\CodeIgniter->initialize()
#3 /home/techmeetings/public_html/api_controlAccesos/public/index.php(28): require('/home/techmeeti...')
#4 {main}
CRITICAL - 2022-03-28 18:56:00 --> The framework needs the following extension(s) installed and loaded: intl.
#0 /home/techmeetings/public_html/api_controlAccesos/system/CodeIgniter.php(219): CodeIgniter\Exceptions\FrameworkException::forMissingExtension('intl')
#1 /home/techmeetings/public_html/api_controlAccesos/system/CodeIgniter.php(177): CodeIgniter\CodeIgniter->resolvePlatformExtensions()
#2 /home/techmeetings/public_html/api_controlAccesos/system/bootstrap.php(146): CodeIgniter\CodeIgniter->initialize()
#3 /home/techmeetings/public_html/api_controlAccesos/public/index.php(28): require('/home/techmeeti...')
#4 {main}
CRITICAL - 2022-03-28 18:56:00 --> The framework needs the following extension(s) installed and loaded: intl.
#0 /home/techmeetings/public_html/api_controlAccesos/system/CodeIgniter.php(219): CodeIgniter\Exceptions\FrameworkException::forMissingExtension('intl')
#1 /home/techmeetings/public_html/api_controlAccesos/system/CodeIgniter.php(177): CodeIgniter\CodeIgniter->resolvePlatformExtensions()
#2 /home/techmeetings/public_html/api_controlAccesos/system/bootstrap.php(146): CodeIgniter\CodeIgniter->initialize()
#3 /home/techmeetings/public_html/api_controlAccesos/public/index.php(28): require('/home/techmeeti...')
#4 {main}
CRITICAL - 2022-03-28 18:56:04 --> The framework needs the following extension(s) installed and loaded: intl.
#0 /home/techmeetings/public_html/api_controlAccesos/system/CodeIgniter.php(219): CodeIgniter\Exceptions\FrameworkException::forMissingExtension('intl')
#1 /home/techmeetings/public_html/api_controlAccesos/system/CodeIgniter.php(177): CodeIgniter\CodeIgniter->resolvePlatformExtensions()
#2 /home/techmeetings/public_html/api_controlAccesos/system/bootstrap.php(146): CodeIgniter\CodeIgniter->initialize()
#3 /home/techmeetings/public_html/api_controlAccesos/public/index.php(28): require('/home/techmeeti...')
#4 {main}
CRITICAL - 2022-03-28 18:56:25 --> The framework needs the following extension(s) installed and loaded: intl.
#0 /home/techmeetings/public_html/api_controlAccesos/system/CodeIgniter.php(219): CodeIgniter\Exceptions\FrameworkException::forMissingExtension('intl')
#1 /home/techmeetings/public_html/api_controlAccesos/system/CodeIgniter.php(177): CodeIgniter\CodeIgniter->resolvePlatformExtensions()
#2 /home/techmeetings/public_html/api_controlAccesos/system/bootstrap.php(146): CodeIgniter\CodeIgniter->initialize()
#3 /home/techmeetings/public_html/api_controlAccesos/public/index.php(28): require('/home/techmeeti...')
#4 {main}
CRITICAL - 2022-03-28 18:56:25 --> The framework needs the following extension(s) installed and loaded: intl.
#0 /home/techmeetings/public_html/api_controlAccesos/system/CodeIgniter.php(219): CodeIgniter\Exceptions\FrameworkException::forMissingExtension('intl')
#1 /home/techmeetings/public_html/api_controlAccesos/system/CodeIgniter.php(177): CodeIgniter\CodeIgniter->resolvePlatformExtensions()
#2 /home/techmeetings/public_html/api_controlAccesos/system/bootstrap.php(146): CodeIgniter\CodeIgniter->initialize()
#3 /home/techmeetings/public_html/api_controlAccesos/public/index.php(28): require('/home/techmeeti...')
#4 {main}
CRITICAL - 2022-03-28 18:56:44 --> The framework needs the following extension(s) installed and loaded: intl.
#0 /home/techmeetings/public_html/api_controlAccesos/system/CodeIgniter.php(219): CodeIgniter\Exceptions\FrameworkException::forMissingExtension('intl')
#1 /home/techmeetings/public_html/api_controlAccesos/system/CodeIgniter.php(177): CodeIgniter\CodeIgniter->resolvePlatformExtensions()
#2 /home/techmeetings/public_html/api_controlAccesos/system/bootstrap.php(146): CodeIgniter\CodeIgniter->initialize()
#3 /home/techmeetings/public_html/api_controlAccesos/public/index.php(28): require('/home/techmeeti...')
#4 {main}
CRITICAL - 2022-03-28 19:57:45 --> The framework needs the following extension(s) installed and loaded: intl.
#0 /home/techmeetings/public_html/api_controlAccesos/system/CodeIgniter.php(219): CodeIgniter\Exceptions\FrameworkException::forMissingExtension('intl')
#1 /home/techmeetings/public_html/api_controlAccesos/system/CodeIgniter.php(177): CodeIgniter\CodeIgniter->resolvePlatformExtensions()
#2 /home/techmeetings/public_html/api_controlAccesos/system/bootstrap.php(146): CodeIgniter\CodeIgniter->initialize()
#3 /home/techmeetings/public_html/api_controlAccesos/public/index.php(28): require('/home/techmeeti...')
#4 {main}
CRITICAL - 2022-03-28 19:57:46 --> The framework needs the following extension(s) installed and loaded: intl.
#0 /home/techmeetings/public_html/api_controlAccesos/system/CodeIgniter.php(219): CodeIgniter\Exceptions\FrameworkException::forMissingExtension('intl')
#1 /home/techmeetings/public_html/api_controlAccesos/system/CodeIgniter.php(177): CodeIgniter\CodeIgniter->resolvePlatformExtensions()
#2 /home/techmeetings/public_html/api_controlAccesos/system/bootstrap.php(146): CodeIgniter\CodeIgniter->initialize()
#3 /home/techmeetings/public_html/api_controlAccesos/public/index.php(28): require('/home/techmeeti...')
#4 {main}
CRITICAL - 2022-03-28 19:57:46 --> The framework needs the following extension(s) installed and loaded: intl.
#0 /home/techmeetings/public_html/api_controlAccesos/system/CodeIgniter.php(219): CodeIgniter\Exceptions\FrameworkException::forMissingExtension('intl')
#1 /home/techmeetings/public_html/api_controlAccesos/system/CodeIgniter.php(177): CodeIgniter\CodeIgniter->resolvePlatformExtensions()
#2 /home/techmeetings/public_html/api_controlAccesos/system/bootstrap.php(146): CodeIgniter\CodeIgniter->initialize()
#3 /home/techmeetings/public_html/api_controlAccesos/public/index.php(28): require('/home/techmeeti...')
#4 {main}
CRITICAL - 2022-03-28 19:57:47 --> The framework needs the following extension(s) installed and loaded: intl.
#0 /home/techmeetings/public_html/api_controlAccesos/system/CodeIgniter.php(219): CodeIgniter\Exceptions\FrameworkException::forMissingExtension('intl')
#1 /home/techmeetings/public_html/api_controlAccesos/system/CodeIgniter.php(177): CodeIgniter\CodeIgniter->resolvePlatformExtensions()
#2 /home/techmeetings/public_html/api_controlAccesos/system/bootstrap.php(146): CodeIgniter\CodeIgniter->initialize()
#3 /home/techmeetings/public_html/api_controlAccesos/public/index.php(28): require('/home/techmeeti...')
#4 {main}
CRITICAL - 2022-03-28 19:57:47 --> The framework needs the following extension(s) installed and loaded: intl.
#0 /home/techmeetings/public_html/api_controlAccesos/system/CodeIgniter.php(219): CodeIgniter\Exceptions\FrameworkException::forMissingExtension('intl')
#1 /home/techmeetings/public_html/api_controlAccesos/system/CodeIgniter.php(177): CodeIgniter\CodeIgniter->resolvePlatformExtensions()
#2 /home/techmeetings/public_html/api_controlAccesos/system/bootstrap.php(146): CodeIgniter\CodeIgniter->initialize()
#3 /home/techmeetings/public_html/api_controlAccesos/public/index.php(28): require('/home/techmeeti...')
#4 {main}
CRITICAL - 2022-03-28 19:57:47 --> The framework needs the following extension(s) installed and loaded: intl.
#0 /home/techmeetings/public_html/api_controlAccesos/system/CodeIgniter.php(219): CodeIgniter\Exceptions\FrameworkException::forMissingExtension('intl')
#1 /home/techmeetings/public_html/api_controlAccesos/system/CodeIgniter.php(177): CodeIgniter\CodeIgniter->resolvePlatformExtensions()
#2 /home/techmeetings/public_html/api_controlAccesos/system/bootstrap.php(146): CodeIgniter\CodeIgniter->initialize()
#3 /home/techmeetings/public_html/api_controlAccesos/public/index.php(28): require('/home/techmeeti...')
#4 {main}
CRITICAL - 2022-03-28 20:01:27 --> The framework needs the following extension(s) installed and loaded: intl.
#0 /home/techmeetings/public_html/api_controlAccesos/system/CodeIgniter.php(219): CodeIgniter\Exceptions\FrameworkException::forMissingExtension('intl')
#1 /home/techmeetings/public_html/api_controlAccesos/system/CodeIgniter.php(177): CodeIgniter\CodeIgniter->resolvePlatformExtensions()
#2 /home/techmeetings/public_html/api_controlAccesos/system/bootstrap.php(146): CodeIgniter\CodeIgniter->initialize()
#3 /home/techmeetings/public_html/api_controlAccesos/public/index.php(28): require('/home/techmeeti...')
#4 {main}
CRITICAL - 2022-03-28 20:01:28 --> The framework needs the following extension(s) installed and loaded: intl.
#0 /home/techmeetings/public_html/api_controlAccesos/system/CodeIgniter.php(219): CodeIgniter\Exceptions\FrameworkException::forMissingExtension('intl')
#1 /home/techmeetings/public_html/api_controlAccesos/system/CodeIgniter.php(177): CodeIgniter\CodeIgniter->resolvePlatformExtensions()
#2 /home/techmeetings/public_html/api_controlAccesos/system/bootstrap.php(146): CodeIgniter\CodeIgniter->initialize()
#3 /home/techmeetings/public_html/api_controlAccesos/public/index.php(28): require('/home/techmeeti...')
#4 {main}
CRITICAL - 2022-03-28 20:01:29 --> The framework needs the following extension(s) installed and loaded: intl.
#0 /home/techmeetings/public_html/api_controlAccesos/system/CodeIgniter.php(219): CodeIgniter\Exceptions\FrameworkException::forMissingExtension('intl')
#1 /home/techmeetings/public_html/api_controlAccesos/system/CodeIgniter.php(177): CodeIgniter\CodeIgniter->resolvePlatformExtensions()
#2 /home/techmeetings/public_html/api_controlAccesos/system/bootstrap.php(146): CodeIgniter\CodeIgniter->initialize()
#3 /home/techmeetings/public_html/api_controlAccesos/public/index.php(28): require('/home/techmeeti...')
#4 {main}
CRITICAL - 2022-03-28 20:01:29 --> The framework needs the following extension(s) installed and loaded: intl.
#0 /home/techmeetings/public_html/api_controlAccesos/system/CodeIgniter.php(219): CodeIgniter\Exceptions\FrameworkException::forMissingExtension('intl')
#1 /home/techmeetings/public_html/api_controlAccesos/system/CodeIgniter.php(177): CodeIgniter\CodeIgniter->resolvePlatformExtensions()
#2 /home/techmeetings/public_html/api_controlAccesos/system/bootstrap.php(146): CodeIgniter\CodeIgniter->initialize()
#3 /home/techmeetings/public_html/api_controlAccesos/public/index.php(28): require('/home/techmeeti...')
#4 {main}
CRITICAL - 2022-03-28 20:01:29 --> The framework needs the following extension(s) installed and loaded: intl.
#0 /home/techmeetings/public_html/api_controlAccesos/system/CodeIgniter.php(219): CodeIgniter\Exceptions\FrameworkException::forMissingExtension('intl')
#1 /home/techmeetings/public_html/api_controlAccesos/system/CodeIgniter.php(177): CodeIgniter\CodeIgniter->resolvePlatformExtensions()
#2 /home/techmeetings/public_html/api_controlAccesos/system/bootstrap.php(146): CodeIgniter\CodeIgniter->initialize()
#3 /home/techmeetings/public_html/api_controlAccesos/public/index.php(28): require('/home/techmeeti...')
#4 {main}
CRITICAL - 2022-03-28 20:01:29 --> The framework needs the following extension(s) installed and loaded: intl.
#0 /home/techmeetings/public_html/api_controlAccesos/system/CodeIgniter.php(219): CodeIgniter\Exceptions\FrameworkException::forMissingExtension('intl')
#1 /home/techmeetings/public_html/api_controlAccesos/system/CodeIgniter.php(177): CodeIgniter\CodeIgniter->resolvePlatformExtensions()
#2 /home/techmeetings/public_html/api_controlAccesos/system/bootstrap.php(146): CodeIgniter\CodeIgniter->initialize()
#3 /home/techmeetings/public_html/api_controlAccesos/public/index.php(28): require('/home/techmeeti...')
#4 {main}
CRITICAL - 2022-03-28 20:01:29 --> The framework needs the following extension(s) installed and loaded: intl.
#0 /home/techmeetings/public_html/api_controlAccesos/system/CodeIgniter.php(219): CodeIgniter\Exceptions\FrameworkException::forMissingExtension('intl')
#1 /home/techmeetings/public_html/api_controlAccesos/system/CodeIgniter.php(177): CodeIgniter\CodeIgniter->resolvePlatformExtensions()
#2 /home/techmeetings/public_html/api_controlAccesos/system/bootstrap.php(146): CodeIgniter\CodeIgniter->initialize()
#3 /home/techmeetings/public_html/api_controlAccesos/public/index.php(28): require('/home/techmeeti...')
#4 {main}
CRITICAL - 2022-03-28 20:02:34 --> The framework needs the following extension(s) installed and loaded: intl.
#0 /home/techmeetings/public_html/api_controlAccesos/system/CodeIgniter.php(219): CodeIgniter\Exceptions\FrameworkException::forMissingExtension('intl')
#1 /home/techmeetings/public_html/api_controlAccesos/system/CodeIgniter.php(177): CodeIgniter\CodeIgniter->resolvePlatformExtensions()
#2 /home/techmeetings/public_html/api_controlAccesos/system/bootstrap.php(146): CodeIgniter\CodeIgniter->initialize()
#3 /home/techmeetings/public_html/api_controlAccesos/public/index.php(28): require('/home/techmeeti...')
#4 {main}
CRITICAL - 2022-03-28 20:02:34 --> The framework needs the following extension(s) installed and loaded: intl.
#0 /home/techmeetings/public_html/api_controlAccesos/system/CodeIgniter.php(219): CodeIgniter\Exceptions\FrameworkException::forMissingExtension('intl')
#1 /home/techmeetings/public_html/api_controlAccesos/system/CodeIgniter.php(177): CodeIgniter\CodeIgniter->resolvePlatformExtensions()
#2 /home/techmeetings/public_html/api_controlAccesos/system/bootstrap.php(146): CodeIgniter\CodeIgniter->initialize()
#3 /home/techmeetings/public_html/api_controlAccesos/public/index.php(28): require('/home/techmeeti...')
#4 {main}
CRITICAL - 2022-03-28 20:02:35 --> The framework needs the following extension(s) installed and loaded: intl.
#0 /home/techmeetings/public_html/api_controlAccesos/system/CodeIgniter.php(219): CodeIgniter\Exceptions\FrameworkException::forMissingExtension('intl')
#1 /home/techmeetings/public_html/api_controlAccesos/system/CodeIgniter.php(177): CodeIgniter\CodeIgniter->resolvePlatformExtensions()
#2 /home/techmeetings/public_html/api_controlAccesos/system/bootstrap.php(146): CodeIgniter\CodeIgniter->initialize()
#3 /home/techmeetings/public_html/api_controlAccesos/public/index.php(28): require('/home/techmeeti...')
#4 {main}
CRITICAL - 2022-03-28 20:02:35 --> The framework needs the following extension(s) installed and loaded: intl.
#0 /home/techmeetings/public_html/api_controlAccesos/system/CodeIgniter.php(219): CodeIgniter\Exceptions\FrameworkException::forMissingExtension('intl')
#1 /home/techmeetings/public_html/api_controlAccesos/system/CodeIgniter.php(177): CodeIgniter\CodeIgniter->resolvePlatformExtensions()
#2 /home/techmeetings/public_html/api_controlAccesos/system/bootstrap.php(146): CodeIgniter\CodeIgniter->initialize()
#3 /home/techmeetings/public_html/api_controlAccesos/public/index.php(28): require('/home/techmeeti...')
#4 {main}
CRITICAL - 2022-03-28 20:02:35 --> The framework needs the following extension(s) installed and loaded: intl.
#0 /home/techmeetings/public_html/api_controlAccesos/system/CodeIgniter.php(219): CodeIgniter\Exceptions\FrameworkException::forMissingExtension('intl')
#1 /home/techmeetings/public_html/api_controlAccesos/system/CodeIgniter.php(177): CodeIgniter\CodeIgniter->resolvePlatformExtensions()
#2 /home/techmeetings/public_html/api_controlAccesos/system/bootstrap.php(146): CodeIgniter\CodeIgniter->initialize()
#3 /home/techmeetings/public_html/api_controlAccesos/public/index.php(28): require('/home/techmeeti...')
#4 {main}
CRITICAL - 2022-03-28 20:02:36 --> The framework needs the following extension(s) installed and loaded: intl.
#0 /home/techmeetings/public_html/api_controlAccesos/system/CodeIgniter.php(219): CodeIgniter\Exceptions\FrameworkException::forMissingExtension('intl')
#1 /home/techmeetings/public_html/api_controlAccesos/system/CodeIgniter.php(177): CodeIgniter\CodeIgniter->resolvePlatformExtensions()
#2 /home/techmeetings/public_html/api_controlAccesos/system/bootstrap.php(146): CodeIgniter\CodeIgniter->initialize()
#3 /home/techmeetings/public_html/api_controlAccesos/public/index.php(28): require('/home/techmeeti...')
#4 {main}
CRITICAL - 2022-03-28 20:04:43 --> The framework needs the following extension(s) installed and loaded: intl.
#0 /home/techmeetings/public_html/api_controlAccesos/system/CodeIgniter.php(219): CodeIgniter\Exceptions\FrameworkException::forMissingExtension('intl')
#1 /home/techmeetings/public_html/api_controlAccesos/system/CodeIgniter.php(177): CodeIgniter\CodeIgniter->resolvePlatformExtensions()
#2 /home/techmeetings/public_html/api_controlAccesos/system/bootstrap.php(146): CodeIgniter\CodeIgniter->initialize()
#3 /home/techmeetings/public_html/api_controlAccesos/public/index.php(28): require('/home/techmeeti...')
#4 {main}
CRITICAL - 2022-03-28 20:04:43 --> The framework needs the following extension(s) installed and loaded: intl.
#0 /home/techmeetings/public_html/api_controlAccesos/system/CodeIgniter.php(219): CodeIgniter\Exceptions\FrameworkException::forMissingExtension('intl')
#1 /home/techmeetings/public_html/api_controlAccesos/system/CodeIgniter.php(177): CodeIgniter\CodeIgniter->resolvePlatformExtensions()
#2 /home/techmeetings/public_html/api_controlAccesos/system/bootstrap.php(146): CodeIgniter\CodeIgniter->initialize()
#3 /home/techmeetings/public_html/api_controlAccesos/public/index.php(28): require('/home/techmeeti...')
#4 {main}
CRITICAL - 2022-03-28 20:04:44 --> The framework needs the following extension(s) installed and loaded: intl.
#0 /home/techmeetings/public_html/api_controlAccesos/system/CodeIgniter.php(219): CodeIgniter\Exceptions\FrameworkException::forMissingExtension('intl')
#1 /home/techmeetings/public_html/api_controlAccesos/system/CodeIgniter.php(177): CodeIgniter\CodeIgniter->resolvePlatformExtensions()
#2 /home/techmeetings/public_html/api_controlAccesos/system/bootstrap.php(146): CodeIgniter\CodeIgniter->initialize()
#3 /home/techmeetings/public_html/api_controlAccesos/public/index.php(28): require('/home/techmeeti...')
#4 {main}
CRITICAL - 2022-03-28 20:04:49 --> The framework needs the following extension(s) installed and loaded: intl.
#0 /home/techmeetings/public_html/api_controlAccesos/system/CodeIgniter.php(219): CodeIgniter\Exceptions\FrameworkException::forMissingExtension('intl')
#1 /home/techmeetings/public_html/api_controlAccesos/system/CodeIgniter.php(177): CodeIgniter\CodeIgniter->resolvePlatformExtensions()
#2 /home/techmeetings/public_html/api_controlAccesos/system/bootstrap.php(146): CodeIgniter\CodeIgniter->initialize()
#3 /home/techmeetings/public_html/api_controlAccesos/public/index.php(28): require('/home/techmeeti...')
#4 {main}
CRITICAL - 2022-03-28 20:04:52 --> The framework needs the following extension(s) installed and loaded: intl.
#0 /home/techmeetings/public_html/api_controlAccesos/system/CodeIgniter.php(219): CodeIgniter\Exceptions\FrameworkException::forMissingExtension('intl')
#1 /home/techmeetings/public_html/api_controlAccesos/system/CodeIgniter.php(177): CodeIgniter\CodeIgniter->resolvePlatformExtensions()
#2 /home/techmeetings/public_html/api_controlAccesos/system/bootstrap.php(146): CodeIgniter\CodeIgniter->initialize()
#3 /home/techmeetings/public_html/api_controlAccesos/public/index.php(28): require('/home/techmeeti...')
#4 {main}
CRITICAL - 2022-03-28 20:04:53 --> The framework needs the following extension(s) installed and loaded: intl.
#0 /home/techmeetings/public_html/api_controlAccesos/system/CodeIgniter.php(219): CodeIgniter\Exceptions\FrameworkException::forMissingExtension('intl')
#1 /home/techmeetings/public_html/api_controlAccesos/system/CodeIgniter.php(177): CodeIgniter\CodeIgniter->resolvePlatformExtensions()
#2 /home/techmeetings/public_html/api_controlAccesos/system/bootstrap.php(146): CodeIgniter\CodeIgniter->initialize()
#3 /home/techmeetings/public_html/api_controlAccesos/public/index.php(28): require('/home/techmeeti...')
#4 {main}
CRITICAL - 2022-03-28 20:04:53 --> The framework needs the following extension(s) installed and loaded: intl.
#0 /home/techmeetings/public_html/api_controlAccesos/system/CodeIgniter.php(219): CodeIgniter\Exceptions\FrameworkException::forMissingExtension('intl')
#1 /home/techmeetings/public_html/api_controlAccesos/system/CodeIgniter.php(177): CodeIgniter\CodeIgniter->resolvePlatformExtensions()
#2 /home/techmeetings/public_html/api_controlAccesos/system/bootstrap.php(146): CodeIgniter\CodeIgniter->initialize()
#3 /home/techmeetings/public_html/api_controlAccesos/public/index.php(28): require('/home/techmeeti...')
#4 {main}
CRITICAL - 2022-03-28 20:04:53 --> The framework needs the following extension(s) installed and loaded: intl.
#0 /home/techmeetings/public_html/api_controlAccesos/system/CodeIgniter.php(219): CodeIgniter\Exceptions\FrameworkException::forMissingExtension('intl')
#1 /home/techmeetings/public_html/api_controlAccesos/system/CodeIgniter.php(177): CodeIgniter\CodeIgniter->resolvePlatformExtensions()
#2 /home/techmeetings/public_html/api_controlAccesos/system/bootstrap.php(146): CodeIgniter\CodeIgniter->initialize()
#3 /home/techmeetings/public_html/api_controlAccesos/public/index.php(28): require('/home/techmeeti...')
#4 {main}
CRITICAL - 2022-03-28 20:43:42 --> The framework needs the following extension(s) installed and loaded: intl.
#0 /home/techmeetings/public_html/api_controlAccesos/system/CodeIgniter.php(219): CodeIgniter\Exceptions\FrameworkException::forMissingExtension('intl')
#1 /home/techmeetings/public_html/api_controlAccesos/system/CodeIgniter.php(177): CodeIgniter\CodeIgniter->resolvePlatformExtensions()
#2 /home/techmeetings/public_html/api_controlAccesos/system/bootstrap.php(146): CodeIgniter\CodeIgniter->initialize()
#3 /home/techmeetings/public_html/api_controlAccesos/public/index.php(28): require('/home/techmeeti...')
#4 {main}
CRITICAL - 2022-03-28 21:14:05 --> The framework needs the following extension(s) installed and loaded: intl.
#0 /home/techmeetings/public_html/api_controlAccesos/system/CodeIgniter.php(219): CodeIgniter\Exceptions\FrameworkException::forMissingExtension('intl')
#1 /home/techmeetings/public_html/api_controlAccesos/system/CodeIgniter.php(177): CodeIgniter\CodeIgniter->resolvePlatformExtensions()
#2 /home/techmeetings/public_html/api_controlAccesos/system/bootstrap.php(146): CodeIgniter\CodeIgniter->initialize()
#3 /home/techmeetings/public_html/api_controlAccesos/public/index.php(28): require('/home/techmeeti...')
#4 {main}
CRITICAL - 2022-03-28 21:14:06 --> The framework needs the following extension(s) installed and loaded: intl.
#0 /home/techmeetings/public_html/api_controlAccesos/system/CodeIgniter.php(219): CodeIgniter\Exceptions\FrameworkException::forMissingExtension('intl')
#1 /home/techmeetings/public_html/api_controlAccesos/system/CodeIgniter.php(177): CodeIgniter\CodeIgniter->resolvePlatformExtensions()
#2 /home/techmeetings/public_html/api_controlAccesos/system/bootstrap.php(146): CodeIgniter\CodeIgniter->initialize()
#3 /home/techmeetings/public_html/api_controlAccesos/public/index.php(28): require('/home/techmeeti...')
#4 {main}
CRITICAL - 2022-03-28 21:14:06 --> The framework needs the following extension(s) installed and loaded: intl.
#0 /home/techmeetings/public_html/api_controlAccesos/system/CodeIgniter.php(219): CodeIgniter\Exceptions\FrameworkException::forMissingExtension('intl')
#1 /home/techmeetings/public_html/api_controlAccesos/system/CodeIgniter.php(177): CodeIgniter\CodeIgniter->resolvePlatformExtensions()
#2 /home/techmeetings/public_html/api_controlAccesos/system/bootstrap.php(146): CodeIgniter\CodeIgniter->initialize()
#3 /home/techmeetings/public_html/api_controlAccesos/public/index.php(28): require('/home/techmeeti...')
#4 {main}
CRITICAL - 2022-03-28 21:16:05 --> The framework needs the following extension(s) installed and loaded: intl.
#0 /home/techmeetings/public_html/api_controlAccesos/system/CodeIgniter.php(219): CodeIgniter\Exceptions\FrameworkException::forMissingExtension('intl')
#1 /home/techmeetings/public_html/api_controlAccesos/system/CodeIgniter.php(177): CodeIgniter\CodeIgniter->resolvePlatformExtensions()
#2 /home/techmeetings/public_html/api_controlAccesos/system/bootstrap.php(146): CodeIgniter\CodeIgniter->initialize()
#3 /home/techmeetings/public_html/api_controlAccesos/public/index.php(28): require('/home/techmeeti...')
#4 {main}
CRITICAL - 2022-03-28 21:17:26 --> The framework needs the following extension(s) installed and loaded: intl.
#0 /home/techmeetings/public_html/api_controlAccesos/system/CodeIgniter.php(219): CodeIgniter\Exceptions\FrameworkException::forMissingExtension('intl')
#1 /home/techmeetings/public_html/api_controlAccesos/system/CodeIgniter.php(177): CodeIgniter\CodeIgniter->resolvePlatformExtensions()
#2 /home/techmeetings/public_html/api_controlAccesos/system/bootstrap.php(146): CodeIgniter\CodeIgniter->initialize()
#3 /home/techmeetings/public_html/api_controlAccesos/public/index.php(28): require('/home/techmeeti...')
#4 {main}
CRITICAL - 2022-03-28 21:17:27 --> The framework needs the following extension(s) installed and loaded: intl.
#0 /home/techmeetings/public_html/api_controlAccesos/system/CodeIgniter.php(219): CodeIgniter\Exceptions\FrameworkException::forMissingExtension('intl')
#1 /home/techmeetings/public_html/api_controlAccesos/system/CodeIgniter.php(177): CodeIgniter\CodeIgniter->resolvePlatformExtensions()
#2 /home/techmeetings/public_html/api_controlAccesos/system/bootstrap.php(146): CodeIgniter\CodeIgniter->initialize()
#3 /home/techmeetings/public_html/api_controlAccesos/public/index.php(28): require('/home/techmeeti...')
#4 {main}
CRITICAL - 2022-03-28 21:17:27 --> The framework needs the following extension(s) installed and loaded: intl.
#0 /home/techmeetings/public_html/api_controlAccesos/system/CodeIgniter.php(219): CodeIgniter\Exceptions\FrameworkException::forMissingExtension('intl')
#1 /home/techmeetings/public_html/api_controlAccesos/system/CodeIgniter.php(177): CodeIgniter\CodeIgniter->resolvePlatformExtensions()
#2 /home/techmeetings/public_html/api_controlAccesos/system/bootstrap.php(146): CodeIgniter\CodeIgniter->initialize()
#3 /home/techmeetings/public_html/api_controlAccesos/public/index.php(28): require('/home/techmeeti...')
#4 {main}
CRITICAL - 2022-03-28 21:17:27 --> The framework needs the following extension(s) installed and loaded: intl.
#0 /home/techmeetings/public_html/api_controlAccesos/system/CodeIgniter.php(219): CodeIgniter\Exceptions\FrameworkException::forMissingExtension('intl')
#1 /home/techmeetings/public_html/api_controlAccesos/system/CodeIgniter.php(177): CodeIgniter\CodeIgniter->resolvePlatformExtensions()
#2 /home/techmeetings/public_html/api_controlAccesos/system/bootstrap.php(146): CodeIgniter\CodeIgniter->initialize()
#3 /home/techmeetings/public_html/api_controlAccesos/public/index.php(28): require('/home/techmeeti...')
#4 {main}
CRITICAL - 2022-03-28 21:17:44 --> The framework needs the following extension(s) installed and loaded: intl.
#0 /home/techmeetings/public_html/api_controlAccesos/system/CodeIgniter.php(219): CodeIgniter\Exceptions\FrameworkException::forMissingExtension('intl')
#1 /home/techmeetings/public_html/api_controlAccesos/system/CodeIgniter.php(177): CodeIgniter\CodeIgniter->resolvePlatformExtensions()
#2 /home/techmeetings/public_html/api_controlAccesos/system/bootstrap.php(146): CodeIgniter\CodeIgniter->initialize()
#3 /home/techmeetings/public_html/api_controlAccesos/public/index.php(28): require('/home/techmeeti...')
#4 {main}
CRITICAL - 2022-03-28 21:17:45 --> The framework needs the following extension(s) installed and loaded: intl.
#0 /home/techmeetings/public_html/api_controlAccesos/system/CodeIgniter.php(219): CodeIgniter\Exceptions\FrameworkException::forMissingExtension('intl')
#1 /home/techmeetings/public_html/api_controlAccesos/system/CodeIgniter.php(177): CodeIgniter\CodeIgniter->resolvePlatformExtensions()
#2 /home/techmeetings/public_html/api_controlAccesos/system/bootstrap.php(146): CodeIgniter\CodeIgniter->initialize()
#3 /home/techmeetings/public_html/api_controlAccesos/public/index.php(28): require('/home/techmeeti...')
#4 {main}
CRITICAL - 2022-03-28 21:17:45 --> The framework needs the following extension(s) installed and loaded: intl.
#0 /home/techmeetings/public_html/api_controlAccesos/system/CodeIgniter.php(219): CodeIgniter\Exceptions\FrameworkException::forMissingExtension('intl')
#1 /home/techmeetings/public_html/api_controlAccesos/system/CodeIgniter.php(177): CodeIgniter\CodeIgniter->resolvePlatformExtensions()
#2 /home/techmeetings/public_html/api_controlAccesos/system/bootstrap.php(146): CodeIgniter\CodeIgniter->initialize()
#3 /home/techmeetings/public_html/api_controlAccesos/public/index.php(28): require('/home/techmeeti...')
#4 {main}
CRITICAL - 2022-03-28 21:17:45 --> The framework needs the following extension(s) installed and loaded: intl.
#0 /home/techmeetings/public_html/api_controlAccesos/system/CodeIgniter.php(219): CodeIgniter\Exceptions\FrameworkException::forMissingExtension('intl')
#1 /home/techmeetings/public_html/api_controlAccesos/system/CodeIgniter.php(177): CodeIgniter\CodeIgniter->resolvePlatformExtensions()
#2 /home/techmeetings/public_html/api_controlAccesos/system/bootstrap.php(146): CodeIgniter\CodeIgniter->initialize()
#3 /home/techmeetings/public_html/api_controlAccesos/public/index.php(28): require('/home/techmeeti...')
#4 {main}
CRITICAL - 2022-03-28 21:18:02 --> The framework needs the following extension(s) installed and loaded: intl.
#0 /home/techmeetings/public_html/api_controlAccesos/system/CodeIgniter.php(219): CodeIgniter\Exceptions\FrameworkException::forMissingExtension('intl')
#1 /home/techmeetings/public_html/api_controlAccesos/system/CodeIgniter.php(177): CodeIgniter\CodeIgniter->resolvePlatformExtensions()
#2 /home/techmeetings/public_html/api_controlAccesos/system/bootstrap.php(146): CodeIgniter\CodeIgniter->initialize()
#3 /home/techmeetings/public_html/api_controlAccesos/public/index.php(28): require('/home/techmeeti...')
#4 {main}
CRITICAL - 2022-03-28 21:18:02 --> The framework needs the following extension(s) installed and loaded: intl.
#0 /home/techmeetings/public_html/api_controlAccesos/system/CodeIgniter.php(219): CodeIgniter\Exceptions\FrameworkException::forMissingExtension('intl')
#1 /home/techmeetings/public_html/api_controlAccesos/system/CodeIgniter.php(177): CodeIgniter\CodeIgniter->resolvePlatformExtensions()
#2 /home/techmeetings/public_html/api_controlAccesos/system/bootstrap.php(146): CodeIgniter\CodeIgniter->initialize()
#3 /home/techmeetings/public_html/api_controlAccesos/public/index.php(28): require('/home/techmeeti...')
#4 {main}
CRITICAL - 2022-03-28 21:19:09 --> The framework needs the following extension(s) installed and loaded: intl.
#0 /home/techmeetings/public_html/api_controlAccesos/system/CodeIgniter.php(219): CodeIgniter\Exceptions\FrameworkException::forMissingExtension('intl')
#1 /home/techmeetings/public_html/api_controlAccesos/system/CodeIgniter.php(177): CodeIgniter\CodeIgniter->resolvePlatformExtensions()
#2 /home/techmeetings/public_html/api_controlAccesos/system/bootstrap.php(146): CodeIgniter\CodeIgniter->initialize()
#3 /home/techmeetings/public_html/api_controlAccesos/public/index.php(28): require('/home/techmeeti...')
#4 {main}
CRITICAL - 2022-03-28 21:19:10 --> The framework needs the following extension(s) installed and loaded: intl.
#0 /home/techmeetings/public_html/api_controlAccesos/system/CodeIgniter.php(219): CodeIgniter\Exceptions\FrameworkException::forMissingExtension('intl')
#1 /home/techmeetings/public_html/api_controlAccesos/system/CodeIgniter.php(177): CodeIgniter\CodeIgniter->resolvePlatformExtensions()
#2 /home/techmeetings/public_html/api_controlAccesos/system/bootstrap.php(146): CodeIgniter\CodeIgniter->initialize()
#3 /home/techmeetings/public_html/api_controlAccesos/public/index.php(28): require('/home/techmeeti...')
#4 {main}
CRITICAL - 2022-03-28 21:19:11 --> The framework needs the following extension(s) installed and loaded: intl.
#0 /home/techmeetings/public_html/api_controlAccesos/system/CodeIgniter.php(219): CodeIgniter\Exceptions\FrameworkException::forMissingExtension('intl')
#1 /home/techmeetings/public_html/api_controlAccesos/system/CodeIgniter.php(177): CodeIgniter\CodeIgniter->resolvePlatformExtensions()
#2 /home/techmeetings/public_html/api_controlAccesos/system/bootstrap.php(146): CodeIgniter\CodeIgniter->initialize()
#3 /home/techmeetings/public_html/api_controlAccesos/public/index.php(28): require('/home/techmeeti...')
#4 {main}
CRITICAL - 2022-03-28 21:19:11 --> The framework needs the following extension(s) installed and loaded: intl.
#0 /home/techmeetings/public_html/api_controlAccesos/system/CodeIgniter.php(219): CodeIgniter\Exceptions\FrameworkException::forMissingExtension('intl')
#1 /home/techmeetings/public_html/api_controlAccesos/system/CodeIgniter.php(177): CodeIgniter\CodeIgniter->resolvePlatformExtensions()
#2 /home/techmeetings/public_html/api_controlAccesos/system/bootstrap.php(146): CodeIgniter\CodeIgniter->initialize()
#3 /home/techmeetings/public_html/api_controlAccesos/public/index.php(28): require('/home/techmeeti...')
#4 {main}
CRITICAL - 2022-03-28 21:19:11 --> The framework needs the following extension(s) installed and loaded: intl.
#0 /home/techmeetings/public_html/api_controlAccesos/system/CodeIgniter.php(219): CodeIgniter\Exceptions\FrameworkException::forMissingExtension('intl')
#1 /home/techmeetings/public_html/api_controlAccesos/system/CodeIgniter.php(177): CodeIgniter\CodeIgniter->resolvePlatformExtensions()
#2 /home/techmeetings/public_html/api_controlAccesos/system/bootstrap.php(146): CodeIgniter\CodeIgniter->initialize()
#3 /home/techmeetings/public_html/api_controlAccesos/public/index.php(28): require('/home/techmeeti...')
#4 {main}
CRITICAL - 2022-03-28 21:19:11 --> The framework needs the following extension(s) installed and loaded: intl.
#0 /home/techmeetings/public_html/api_controlAccesos/system/CodeIgniter.php(219): CodeIgniter\Exceptions\FrameworkException::forMissingExtension('intl')
#1 /home/techmeetings/public_html/api_controlAccesos/system/CodeIgniter.php(177): CodeIgniter\CodeIgniter->resolvePlatformExtensions()
#2 /home/techmeetings/public_html/api_controlAccesos/system/bootstrap.php(146): CodeIgniter\CodeIgniter->initialize()
#3 /home/techmeetings/public_html/api_controlAccesos/public/index.php(28): require('/home/techmeeti...')
#4 {main}
CRITICAL - 2022-03-28 21:19:41 --> The framework needs the following extension(s) installed and loaded: intl.
#0 /home/techmeetings/public_html/api_controlAccesos/system/CodeIgniter.php(219): CodeIgniter\Exceptions\FrameworkException::forMissingExtension('intl')
#1 /home/techmeetings/public_html/api_controlAccesos/system/CodeIgniter.php(177): CodeIgniter\CodeIgniter->resolvePlatformExtensions()
#2 /home/techmeetings/public_html/api_controlAccesos/system/bootstrap.php(146): CodeIgniter\CodeIgniter->initialize()
#3 /home/techmeetings/public_html/api_controlAccesos/public/index.php(28): require('/home/techmeeti...')
#4 {main}
CRITICAL - 2022-03-28 21:20:16 --> The framework needs the following extension(s) installed and loaded: intl.
#0 /home/techmeetings/public_html/api_controlAccesos/system/CodeIgniter.php(219): CodeIgniter\Exceptions\FrameworkException::forMissingExtension('intl')
#1 /home/techmeetings/public_html/api_controlAccesos/system/CodeIgniter.php(177): CodeIgniter\CodeIgniter->resolvePlatformExtensions()
#2 /home/techmeetings/public_html/api_controlAccesos/system/bootstrap.php(146): CodeIgniter\CodeIgniter->initialize()
#3 /home/techmeetings/public_html/api_controlAccesos/public/index.php(28): require('/home/techmeeti...')
#4 {main}
CRITICAL - 2022-03-28 21:20:17 --> The framework needs the following extension(s) installed and loaded: intl.
#0 /home/techmeetings/public_html/api_controlAccesos/system/CodeIgniter.php(219): CodeIgniter\Exceptions\FrameworkException::forMissingExtension('intl')
#1 /home/techmeetings/public_html/api_controlAccesos/system/CodeIgniter.php(177): CodeIgniter\CodeIgniter->resolvePlatformExtensions()
#2 /home/techmeetings/public_html/api_controlAccesos/system/bootstrap.php(146): CodeIgniter\CodeIgniter->initialize()
#3 /home/techmeetings/public_html/api_controlAccesos/public/index.php(28): require('/home/techmeeti...')
#4 {main}
CRITICAL - 2022-03-28 21:20:44 --> The framework needs the following extension(s) installed and loaded: intl.
#0 /home/techmeetings/public_html/api_controlAccesos/system/CodeIgniter.php(219): CodeIgniter\Exceptions\FrameworkException::forMissingExtension('intl')
#1 /home/techmeetings/public_html/api_controlAccesos/system/CodeIgniter.php(177): CodeIgniter\CodeIgniter->resolvePlatformExtensions()
#2 /home/techmeetings/public_html/api_controlAccesos/system/bootstrap.php(146): CodeIgniter\CodeIgniter->initialize()
#3 /home/techmeetings/public_html/api_controlAccesos/public/index.php(28): require('/home/techmeeti...')
#4 {main}
CRITICAL - 2022-03-28 21:20:44 --> The framework needs the following extension(s) installed and loaded: intl.
#0 /home/techmeetings/public_html/api_controlAccesos/system/CodeIgniter.php(219): CodeIgniter\Exceptions\FrameworkException::forMissingExtension('intl')
#1 /home/techmeetings/public_html/api_controlAccesos/system/CodeIgniter.php(177): CodeIgniter\CodeIgniter->resolvePlatformExtensions()
#2 /home/techmeetings/public_html/api_controlAccesos/system/bootstrap.php(146): CodeIgniter\CodeIgniter->initialize()
#3 /home/techmeetings/public_html/api_controlAccesos/public/index.php(28): require('/home/techmeeti...')
#4 {main}
CRITICAL - 2022-03-28 21:20:44 --> The framework needs the following extension(s) installed and loaded: intl.
#0 /home/techmeetings/public_html/api_controlAccesos/system/CodeIgniter.php(219): CodeIgniter\Exceptions\FrameworkException::forMissingExtension('intl')
#1 /home/techmeetings/public_html/api_controlAccesos/system/CodeIgniter.php(177): CodeIgniter\CodeIgniter->resolvePlatformExtensions()
#2 /home/techmeetings/public_html/api_controlAccesos/system/bootstrap.php(146): CodeIgniter\CodeIgniter->initialize()
#3 /home/techmeetings/public_html/api_controlAccesos/public/index.php(28): require('/home/techmeeti...')
#4 {main}
CRITICAL - 2022-03-28 21:20:45 --> The framework needs the following extension(s) installed and loaded: intl.
#0 /home/techmeetings/public_html/api_controlAccesos/system/CodeIgniter.php(219): CodeIgniter\Exceptions\FrameworkException::forMissingExtension('intl')
#1 /home/techmeetings/public_html/api_controlAccesos/system/CodeIgniter.php(177): CodeIgniter\CodeIgniter->resolvePlatformExtensions()
#2 /home/techmeetings/public_html/api_controlAccesos/system/bootstrap.php(146): CodeIgniter\CodeIgniter->initialize()
#3 /home/techmeetings/public_html/api_controlAccesos/public/index.php(28): require('/home/techmeeti...')
#4 {main}
CRITICAL - 2022-03-28 21:20:45 --> The framework needs the following extension(s) installed and loaded: intl.
#0 /home/techmeetings/public_html/api_controlAccesos/system/CodeIgniter.php(219): CodeIgniter\Exceptions\FrameworkException::forMissingExtension('intl')
#1 /home/techmeetings/public_html/api_controlAccesos/system/CodeIgniter.php(177): CodeIgniter\CodeIgniter->resolvePlatformExtensions()
#2 /home/techmeetings/public_html/api_controlAccesos/system/bootstrap.php(146): CodeIgniter\CodeIgniter->initialize()
#3 /home/techmeetings/public_html/api_controlAccesos/public/index.php(28): require('/home/techmeeti...')
#4 {main}
CRITICAL - 2022-03-28 21:20:45 --> The framework needs the following extension(s) installed and loaded: intl.
#0 /home/techmeetings/public_html/api_controlAccesos/system/CodeIgniter.php(219): CodeIgniter\Exceptions\FrameworkException::forMissingExtension('intl')
#1 /home/techmeetings/public_html/api_controlAccesos/system/CodeIgniter.php(177): CodeIgniter\CodeIgniter->resolvePlatformExtensions()
#2 /home/techmeetings/public_html/api_controlAccesos/system/bootstrap.php(146): CodeIgniter\CodeIgniter->initialize()
#3 /home/techmeetings/public_html/api_controlAccesos/public/index.php(28): require('/home/techmeeti...')
#4 {main}
CRITICAL - 2022-03-28 21:20:45 --> The framework needs the following extension(s) installed and loaded: intl.
#0 /home/techmeetings/public_html/api_controlAccesos/system/CodeIgniter.php(219): CodeIgniter\Exceptions\FrameworkException::forMissingExtension('intl')
#1 /home/techmeetings/public_html/api_controlAccesos/system/CodeIgniter.php(177): CodeIgniter\CodeIgniter->resolvePlatformExtensions()
#2 /home/techmeetings/public_html/api_controlAccesos/system/bootstrap.php(146): CodeIgniter\CodeIgniter->initialize()
#3 /home/techmeetings/public_html/api_controlAccesos/public/index.php(28): require('/home/techmeeti...')
#4 {main}
CRITICAL - 2022-03-28 21:21:29 --> The framework needs the following extension(s) installed and loaded: intl.
#0 /home/techmeetings/public_html/api_controlAccesos/system/CodeIgniter.php(219): CodeIgniter\Exceptions\FrameworkException::forMissingExtension('intl')
#1 /home/techmeetings/public_html/api_controlAccesos/system/CodeIgniter.php(177): CodeIgniter\CodeIgniter->resolvePlatformExtensions()
#2 /home/techmeetings/public_html/api_controlAccesos/system/bootstrap.php(146): CodeIgniter\CodeIgniter->initialize()
#3 /home/techmeetings/public_html/api_controlAccesos/public/index.php(28): require('/home/techmeeti...')
#4 {main}
CRITICAL - 2022-03-28 21:21:29 --> The framework needs the following extension(s) installed and loaded: intl.
#0 /home/techmeetings/public_html/api_controlAccesos/system/CodeIgniter.php(219): CodeIgniter\Exceptions\FrameworkException::forMissingExtension('intl')
#1 /home/techmeetings/public_html/api_controlAccesos/system/CodeIgniter.php(177): CodeIgniter\CodeIgniter->resolvePlatformExtensions()
#2 /home/techmeetings/public_html/api_controlAccesos/system/bootstrap.php(146): CodeIgniter\CodeIgniter->initialize()
#3 /home/techmeetings/public_html/api_controlAccesos/public/index.php(28): require('/home/techmeeti...')
#4 {main}
CRITICAL - 2022-03-28 21:25:18 --> The framework needs the following extension(s) installed and loaded: intl.
#0 /home/techmeetings/public_html/api_controlAccesos/system/CodeIgniter.php(219): CodeIgniter\Exceptions\FrameworkException::forMissingExtension('intl')
#1 /home/techmeetings/public_html/api_controlAccesos/system/CodeIgniter.php(177): CodeIgniter\CodeIgniter->resolvePlatformExtensions()
#2 /home/techmeetings/public_html/api_controlAccesos/system/bootstrap.php(146): CodeIgniter\CodeIgniter->initialize()
#3 /home/techmeetings/public_html/api_controlAccesos/public/index.php(28): require('/home/techmeeti...')
#4 {main}
CRITICAL - 2022-03-28 21:25:19 --> The framework needs the following extension(s) installed and loaded: intl.
#0 /home/techmeetings/public_html/api_controlAccesos/system/CodeIgniter.php(219): CodeIgniter\Exceptions\FrameworkException::forMissingExtension('intl')
#1 /home/techmeetings/public_html/api_controlAccesos/system/CodeIgniter.php(177): CodeIgniter\CodeIgniter->resolvePlatformExtensions()
#2 /home/techmeetings/public_html/api_controlAccesos/system/bootstrap.php(146): CodeIgniter\CodeIgniter->initialize()
#3 /home/techmeetings/public_html/api_controlAccesos/public/index.php(28): require('/home/techmeeti...')
#4 {main}
CRITICAL - 2022-03-28 21:26:08 --> The framework needs the following extension(s) installed and loaded: intl.
#0 /home/techmeetings/public_html/api_controlAccesos/system/CodeIgniter.php(219): CodeIgniter\Exceptions\FrameworkException::forMissingExtension('intl')
#1 /home/techmeetings/public_html/api_controlAccesos/system/CodeIgniter.php(177): CodeIgniter\CodeIgniter->resolvePlatformExtensions()
#2 /home/techmeetings/public_html/api_controlAccesos/system/bootstrap.php(146): CodeIgniter\CodeIgniter->initialize()
#3 /home/techmeetings/public_html/api_controlAccesos/public/index.php(28): require('/home/techmeeti...')
#4 {main}
CRITICAL - 2022-03-28 21:26:08 --> The framework needs the following extension(s) installed and loaded: intl.
#0 /home/techmeetings/public_html/api_controlAccesos/system/CodeIgniter.php(219): CodeIgniter\Exceptions\FrameworkException::forMissingExtension('intl')
#1 /home/techmeetings/public_html/api_controlAccesos/system/CodeIgniter.php(177): CodeIgniter\CodeIgniter->resolvePlatformExtensions()
#2 /home/techmeetings/public_html/api_controlAccesos/system/bootstrap.php(146): CodeIgniter\CodeIgniter->initialize()
#3 /home/techmeetings/public_html/api_controlAccesos/public/index.php(28): require('/home/techmeeti...')
#4 {main}
CRITICAL - 2022-03-28 21:26:15 --> The framework needs the following extension(s) installed and loaded: intl.
#0 /home/techmeetings/public_html/api_controlAccesos/system/CodeIgniter.php(219): CodeIgniter\Exceptions\FrameworkException::forMissingExtension('intl')
#1 /home/techmeetings/public_html/api_controlAccesos/system/CodeIgniter.php(177): CodeIgniter\CodeIgniter->resolvePlatformExtensions()
#2 /home/techmeetings/public_html/api_controlAccesos/system/bootstrap.php(146): CodeIgniter\CodeIgniter->initialize()
#3 /home/techmeetings/public_html/api_controlAccesos/public/index.php(28): require('/home/techmeeti...')
#4 {main}
CRITICAL - 2022-03-28 21:26:15 --> The framework needs the following extension(s) installed and loaded: intl.
#0 /home/techmeetings/public_html/api_controlAccesos/system/CodeIgniter.php(219): CodeIgniter\Exceptions\FrameworkException::forMissingExtension('intl')
#1 /home/techmeetings/public_html/api_controlAccesos/system/CodeIgniter.php(177): CodeIgniter\CodeIgniter->resolvePlatformExtensions()
#2 /home/techmeetings/public_html/api_controlAccesos/system/bootstrap.php(146): CodeIgniter\CodeIgniter->initialize()
#3 /home/techmeetings/public_html/api_controlAccesos/public/index.php(28): require('/home/techmeeti...')
#4 {main}
CRITICAL - 2022-03-28 21:26:16 --> The framework needs the following extension(s) installed and loaded: intl.
#0 /home/techmeetings/public_html/api_controlAccesos/system/CodeIgniter.php(219): CodeIgniter\Exceptions\FrameworkException::forMissingExtension('intl')
#1 /home/techmeetings/public_html/api_controlAccesos/system/CodeIgniter.php(177): CodeIgniter\CodeIgniter->resolvePlatformExtensions()
#2 /home/techmeetings/public_html/api_controlAccesos/system/bootstrap.php(146): CodeIgniter\CodeIgniter->initialize()
#3 /home/techmeetings/public_html/api_controlAccesos/public/index.php(28): require('/home/techmeeti...')
#4 {main}
CRITICAL - 2022-03-28 21:26:16 --> The framework needs the following extension(s) installed and loaded: intl.
#0 /home/techmeetings/public_html/api_controlAccesos/system/CodeIgniter.php(219): CodeIgniter\Exceptions\FrameworkException::forMissingExtension('intl')
#1 /home/techmeetings/public_html/api_controlAccesos/system/CodeIgniter.php(177): CodeIgniter\CodeIgniter->resolvePlatformExtensions()
#2 /home/techmeetings/public_html/api_controlAccesos/system/bootstrap.php(146): CodeIgniter\CodeIgniter->initialize()
#3 /home/techmeetings/public_html/api_controlAccesos/public/index.php(28): require('/home/techmeeti...')
#4 {main}
CRITICAL - 2022-03-28 21:26:16 --> The framework needs the following extension(s) installed and loaded: intl.
#0 /home/techmeetings/public_html/api_controlAccesos/system/CodeIgniter.php(219): CodeIgniter\Exceptions\FrameworkException::forMissingExtension('intl')
#1 /home/techmeetings/public_html/api_controlAccesos/system/CodeIgniter.php(177): CodeIgniter\CodeIgniter->resolvePlatformExtensions()
#2 /home/techmeetings/public_html/api_controlAccesos/system/bootstrap.php(146): CodeIgniter\CodeIgniter->initialize()
#3 /home/techmeetings/public_html/api_controlAccesos/public/index.php(28): require('/home/techmeeti...')
#4 {main}
CRITICAL - 2022-03-28 21:26:16 --> The framework needs the following extension(s) installed and loaded: intl.
#0 /home/techmeetings/public_html/api_controlAccesos/system/CodeIgniter.php(219): CodeIgniter\Exceptions\FrameworkException::forMissingExtension('intl')
#1 /home/techmeetings/public_html/api_controlAccesos/system/CodeIgniter.php(177): CodeIgniter\CodeIgniter->resolvePlatformExtensions()
#2 /home/techmeetings/public_html/api_controlAccesos/system/bootstrap.php(146): CodeIgniter\CodeIgniter->initialize()
#3 /home/techmeetings/public_html/api_controlAccesos/public/index.php(28): require('/home/techmeeti...')
#4 {main}
CRITICAL - 2022-03-28 21:26:16 --> The framework needs the following extension(s) installed and loaded: intl.
#0 /home/techmeetings/public_html/api_controlAccesos/system/CodeIgniter.php(219): CodeIgniter\Exceptions\FrameworkException::forMissingExtension('intl')
#1 /home/techmeetings/public_html/api_controlAccesos/system/CodeIgniter.php(177): CodeIgniter\CodeIgniter->resolvePlatformExtensions()
#2 /home/techmeetings/public_html/api_controlAccesos/system/bootstrap.php(146): CodeIgniter\CodeIgniter->initialize()
#3 /home/techmeetings/public_html/api_controlAccesos/public/index.php(28): require('/home/techmeeti...')
#4 {main}
CRITICAL - 2022-03-28 21:26:16 --> The framework needs the following extension(s) installed and loaded: intl.
#0 /home/techmeetings/public_html/api_controlAccesos/system/CodeIgniter.php(219): CodeIgniter\Exceptions\FrameworkException::forMissingExtension('intl')
#1 /home/techmeetings/public_html/api_controlAccesos/system/CodeIgniter.php(177): CodeIgniter\CodeIgniter->resolvePlatformExtensions()
#2 /home/techmeetings/public_html/api_controlAccesos/system/bootstrap.php(146): CodeIgniter\CodeIgniter->initialize()
#3 /home/techmeetings/public_html/api_controlAccesos/public/index.php(28): require('/home/techmeeti...')
#4 {main}
CRITICAL - 2022-03-28 21:26:17 --> The framework needs the following extension(s) installed and loaded: intl.
#0 /home/techmeetings/public_html/api_controlAccesos/system/CodeIgniter.php(219): CodeIgniter\Exceptions\FrameworkException::forMissingExtension('intl')
#1 /home/techmeetings/public_html/api_controlAccesos/system/CodeIgniter.php(177): CodeIgniter\CodeIgniter->resolvePlatformExtensions()
#2 /home/techmeetings/public_html/api_controlAccesos/system/bootstrap.php(146): CodeIgniter\CodeIgniter->initialize()
#3 /home/techmeetings/public_html/api_controlAccesos/public/index.php(28): require('/home/techmeeti...')
#4 {main}
CRITICAL - 2022-03-28 21:26:17 --> The framework needs the following extension(s) installed and loaded: intl.
#0 /home/techmeetings/public_html/api_controlAccesos/system/CodeIgniter.php(219): CodeIgniter\Exceptions\FrameworkException::forMissingExtension('intl')
#1 /home/techmeetings/public_html/api_controlAccesos/system/CodeIgniter.php(177): CodeIgniter\CodeIgniter->resolvePlatformExtensions()
#2 /home/techmeetings/public_html/api_controlAccesos/system/bootstrap.php(146): CodeIgniter\CodeIgniter->initialize()
#3 /home/techmeetings/public_html/api_controlAccesos/public/index.php(28): require('/home/techmeeti...')
#4 {main}
CRITICAL - 2022-03-28 21:26:17 --> The framework needs the following extension(s) installed and loaded: intl.
#0 /home/techmeetings/public_html/api_controlAccesos/system/CodeIgniter.php(219): CodeIgniter\Exceptions\FrameworkException::forMissingExtension('intl')
#1 /home/techmeetings/public_html/api_controlAccesos/system/CodeIgniter.php(177): CodeIgniter\CodeIgniter->resolvePlatformExtensions()
#2 /home/techmeetings/public_html/api_controlAccesos/system/bootstrap.php(146): CodeIgniter\CodeIgniter->initialize()
#3 /home/techmeetings/public_html/api_controlAccesos/public/index.php(28): require('/home/techmeeti...')
#4 {main}
CRITICAL - 2022-03-28 21:26:17 --> The framework needs the following extension(s) installed and loaded: intl.
#0 /home/techmeetings/public_html/api_controlAccesos/system/CodeIgniter.php(219): CodeIgniter\Exceptions\FrameworkException::forMissingExtension('intl')
#1 /home/techmeetings/public_html/api_controlAccesos/system/CodeIgniter.php(177): CodeIgniter\CodeIgniter->resolvePlatformExtensions()
#2 /home/techmeetings/public_html/api_controlAccesos/system/bootstrap.php(146): CodeIgniter\CodeIgniter->initialize()
#3 /home/techmeetings/public_html/api_controlAccesos/public/index.php(28): require('/home/techmeeti...')
#4 {main}
CRITICAL - 2022-03-28 21:26:17 --> The framework needs the following extension(s) installed and loaded: intl.
#0 /home/techmeetings/public_html/api_controlAccesos/system/CodeIgniter.php(219): CodeIgniter\Exceptions\FrameworkException::forMissingExtension('intl')
#1 /home/techmeetings/public_html/api_controlAccesos/system/CodeIgniter.php(177): CodeIgniter\CodeIgniter->resolvePlatformExtensions()
#2 /home/techmeetings/public_html/api_controlAccesos/system/bootstrap.php(146): CodeIgniter\CodeIgniter->initialize()
#3 /home/techmeetings/public_html/api_controlAccesos/public/index.php(28): require('/home/techmeeti...')
#4 {main}
CRITICAL - 2022-03-28 21:26:22 --> The framework needs the following extension(s) installed and loaded: intl.
#0 /home/techmeetings/public_html/api_controlAccesos/system/CodeIgniter.php(219): CodeIgniter\Exceptions\FrameworkException::forMissingExtension('intl')
#1 /home/techmeetings/public_html/api_controlAccesos/system/CodeIgniter.php(177): CodeIgniter\CodeIgniter->resolvePlatformExtensions()
#2 /home/techmeetings/public_html/api_controlAccesos/system/bootstrap.php(146): CodeIgniter\CodeIgniter->initialize()
#3 /home/techmeetings/public_html/api_controlAccesos/public/index.php(28): require('/home/techmeeti...')
#4 {main}
CRITICAL - 2022-03-28 21:26:23 --> The framework needs the following extension(s) installed and loaded: intl.
#0 /home/techmeetings/public_html/api_controlAccesos/system/CodeIgniter.php(219): CodeIgniter\Exceptions\FrameworkException::forMissingExtension('intl')
#1 /home/techmeetings/public_html/api_controlAccesos/system/CodeIgniter.php(177): CodeIgniter\CodeIgniter->resolvePlatformExtensions()
#2 /home/techmeetings/public_html/api_controlAccesos/system/bootstrap.php(146): CodeIgniter\CodeIgniter->initialize()
#3 /home/techmeetings/public_html/api_controlAccesos/public/index.php(28): require('/home/techmeeti...')
#4 {main}
CRITICAL - 2022-03-28 21:26:23 --> The framework needs the following extension(s) installed and loaded: intl.
#0 /home/techmeetings/public_html/api_controlAccesos/system/CodeIgniter.php(219): CodeIgniter\Exceptions\FrameworkException::forMissingExtension('intl')
#1 /home/techmeetings/public_html/api_controlAccesos/system/CodeIgniter.php(177): CodeIgniter\CodeIgniter->resolvePlatformExtensions()
#2 /home/techmeetings/public_html/api_controlAccesos/system/bootstrap.php(146): CodeIgniter\CodeIgniter->initialize()
#3 /home/techmeetings/public_html/api_controlAccesos/public/index.php(28): require('/home/techmeeti...')
#4 {main}
CRITICAL - 2022-03-28 21:26:24 --> The framework needs the following extension(s) installed and loaded: intl.
#0 /home/techmeetings/public_html/api_controlAccesos/system/CodeIgniter.php(219): CodeIgniter\Exceptions\FrameworkException::forMissingExtension('intl')
#1 /home/techmeetings/public_html/api_controlAccesos/system/CodeIgniter.php(177): CodeIgniter\CodeIgniter->resolvePlatformExtensions()
#2 /home/techmeetings/public_html/api_controlAccesos/system/bootstrap.php(146): CodeIgniter\CodeIgniter->initialize()
#3 /home/techmeetings/public_html/api_controlAccesos/public/index.php(28): require('/home/techmeeti...')
#4 {main}
CRITICAL - 2022-03-28 21:26:24 --> The framework needs the following extension(s) installed and loaded: intl.
#0 /home/techmeetings/public_html/api_controlAccesos/system/CodeIgniter.php(219): CodeIgniter\Exceptions\FrameworkException::forMissingExtension('intl')
#1 /home/techmeetings/public_html/api_controlAccesos/system/CodeIgniter.php(177): CodeIgniter\CodeIgniter->resolvePlatformExtensions()
#2 /home/techmeetings/public_html/api_controlAccesos/system/bootstrap.php(146): CodeIgniter\CodeIgniter->initialize()
#3 /home/techmeetings/public_html/api_controlAccesos/public/index.php(28): require('/home/techmeeti...')
#4 {main}
CRITICAL - 2022-03-28 21:27:12 --> The framework needs the following extension(s) installed and loaded: intl.
#0 /home/techmeetings/public_html/api_controlAccesos/system/CodeIgniter.php(219): CodeIgniter\Exceptions\FrameworkException::forMissingExtension('intl')
#1 /home/techmeetings/public_html/api_controlAccesos/system/CodeIgniter.php(177): CodeIgniter\CodeIgniter->resolvePlatformExtensions()
#2 /home/techmeetings/public_html/api_controlAccesos/system/bootstrap.php(146): CodeIgniter\CodeIgniter->initialize()
#3 /home/techmeetings/public_html/api_controlAccesos/public/index.php(28): require('/home/techmeeti...')
#4 {main}
CRITICAL - 2022-03-28 21:27:13 --> The framework needs the following extension(s) installed and loaded: intl.
#0 /home/techmeetings/public_html/api_controlAccesos/system/CodeIgniter.php(219): CodeIgniter\Exceptions\FrameworkException::forMissingExtension('intl')
#1 /home/techmeetings/public_html/api_controlAccesos/system/CodeIgniter.php(177): CodeIgniter\CodeIgniter->resolvePlatformExtensions()
#2 /home/techmeetings/public_html/api_controlAccesos/system/bootstrap.php(146): CodeIgniter\CodeIgniter->initialize()
#3 /home/techmeetings/public_html/api_controlAccesos/public/index.php(28): require('/home/techmeeti...')
#4 {main}
CRITICAL - 2022-03-28 21:27:13 --> The framework needs the following extension(s) installed and loaded: intl.
#0 /home/techmeetings/public_html/api_controlAccesos/system/CodeIgniter.php(219): CodeIgniter\Exceptions\FrameworkException::forMissingExtension('intl')
#1 /home/techmeetings/public_html/api_controlAccesos/system/CodeIgniter.php(177): CodeIgniter\CodeIgniter->resolvePlatformExtensions()
#2 /home/techmeetings/public_html/api_controlAccesos/system/bootstrap.php(146): CodeIgniter\CodeIgniter->initialize()
#3 /home/techmeetings/public_html/api_controlAccesos/public/index.php(28): require('/home/techmeeti...')
#4 {main}
CRITICAL - 2022-03-28 21:27:13 --> The framework needs the following extension(s) installed and loaded: intl.
#0 /home/techmeetings/public_html/api_controlAccesos/system/CodeIgniter.php(219): CodeIgniter\Exceptions\FrameworkException::forMissingExtension('intl')
#1 /home/techmeetings/public_html/api_controlAccesos/system/CodeIgniter.php(177): CodeIgniter\CodeIgniter->resolvePlatformExtensions()
#2 /home/techmeetings/public_html/api_controlAccesos/system/bootstrap.php(146): CodeIgniter\CodeIgniter->initialize()
#3 /home/techmeetings/public_html/api_controlAccesos/public/index.php(28): require('/home/techmeeti...')
#4 {main}
CRITICAL - 2022-03-28 21:27:14 --> The framework needs the following extension(s) installed and loaded: intl.
#0 /home/techmeetings/public_html/api_controlAccesos/system/CodeIgniter.php(219): CodeIgniter\Exceptions\FrameworkException::forMissingExtension('intl')
#1 /home/techmeetings/public_html/api_controlAccesos/system/CodeIgniter.php(177): CodeIgniter\CodeIgniter->resolvePlatformExtensions()
#2 /home/techmeetings/public_html/api_controlAccesos/system/bootstrap.php(146): CodeIgniter\CodeIgniter->initialize()
#3 /home/techmeetings/public_html/api_controlAccesos/public/index.php(28): require('/home/techmeeti...')
#4 {main}
CRITICAL - 2022-03-28 21:30:12 --> The framework needs the following extension(s) installed and loaded: intl.
#0 /home/techmeetings/public_html/api_controlAccesos/system/CodeIgniter.php(219): CodeIgniter\Exceptions\FrameworkException::forMissingExtension('intl')
#1 /home/techmeetings/public_html/api_controlAccesos/system/CodeIgniter.php(177): CodeIgniter\CodeIgniter->resolvePlatformExtensions()
#2 /home/techmeetings/public_html/api_controlAccesos/system/bootstrap.php(146): CodeIgniter\CodeIgniter->initialize()
#3 /home/techmeetings/public_html/api_controlAccesos/public/index.php(28): require('/home/techmeeti...')
#4 {main}
CRITICAL - 2022-03-28 21:30:13 --> The framework needs the following extension(s) installed and loaded: intl.
#0 /home/techmeetings/public_html/api_controlAccesos/system/CodeIgniter.php(219): CodeIgniter\Exceptions\FrameworkException::forMissingExtension('intl')
#1 /home/techmeetings/public_html/api_controlAccesos/system/CodeIgniter.php(177): CodeIgniter\CodeIgniter->resolvePlatformExtensions()
#2 /home/techmeetings/public_html/api_controlAccesos/system/bootstrap.php(146): CodeIgniter\CodeIgniter->initialize()
#3 /home/techmeetings/public_html/api_controlAccesos/public/index.php(28): require('/home/techmeeti...')
#4 {main}
CRITICAL - 2022-03-28 21:30:13 --> The framework needs the following extension(s) installed and loaded: intl.
#0 /home/techmeetings/public_html/api_controlAccesos/system/CodeIgniter.php(219): CodeIgniter\Exceptions\FrameworkException::forMissingExtension('intl')
#1 /home/techmeetings/public_html/api_controlAccesos/system/CodeIgniter.php(177): CodeIgniter\CodeIgniter->resolvePlatformExtensions()
#2 /home/techmeetings/public_html/api_controlAccesos/system/bootstrap.php(146): CodeIgniter\CodeIgniter->initialize()
#3 /home/techmeetings/public_html/api_controlAccesos/public/index.php(28): require('/home/techmeeti...')
#4 {main}
CRITICAL - 2022-03-28 21:30:13 --> The framework needs the following extension(s) installed and loaded: intl.
#0 /home/techmeetings/public_html/api_controlAccesos/system/CodeIgniter.php(219): CodeIgniter\Exceptions\FrameworkException::forMissingExtension('intl')
#1 /home/techmeetings/public_html/api_controlAccesos/system/CodeIgniter.php(177): CodeIgniter\CodeIgniter->resolvePlatformExtensions()
#2 /home/techmeetings/public_html/api_controlAccesos/system/bootstrap.php(146): CodeIgniter\CodeIgniter->initialize()
#3 /home/techmeetings/public_html/api_controlAccesos/public/index.php(28): require('/home/techmeeti...')
#4 {main}
CRITICAL - 2022-03-28 21:30:14 --> The framework needs the following extension(s) installed and loaded: intl.
#0 /home/techmeetings/public_html/api_controlAccesos/system/CodeIgniter.php(219): CodeIgniter\Exceptions\FrameworkException::forMissingExtension('intl')
#1 /home/techmeetings/public_html/api_controlAccesos/system/CodeIgniter.php(177): CodeIgniter\CodeIgniter->resolvePlatformExtensions()
#2 /home/techmeetings/public_html/api_controlAccesos/system/bootstrap.php(146): CodeIgniter\CodeIgniter->initialize()
#3 /home/techmeetings/public_html/api_controlAccesos/public/index.php(28): require('/home/techmeeti...')
#4 {main}
CRITICAL - 2022-03-28 21:30:33 --> The framework needs the following extension(s) installed and loaded: intl.
#0 /home/techmeetings/public_html/api_controlAccesos/system/CodeIgniter.php(219): CodeIgniter\Exceptions\FrameworkException::forMissingExtension('intl')
#1 /home/techmeetings/public_html/api_controlAccesos/system/CodeIgniter.php(177): CodeIgniter\CodeIgniter->resolvePlatformExtensions()
#2 /home/techmeetings/public_html/api_controlAccesos/system/bootstrap.php(146): CodeIgniter\CodeIgniter->initialize()
#3 /home/techmeetings/public_html/api_controlAccesos/public/index.php(28): require('/home/techmeeti...')
#4 {main}
CRITICAL - 2022-03-28 21:30:34 --> The framework needs the following extension(s) installed and loaded: intl.
#0 /home/techmeetings/public_html/api_controlAccesos/system/CodeIgniter.php(219): CodeIgniter\Exceptions\FrameworkException::forMissingExtension('intl')
#1 /home/techmeetings/public_html/api_controlAccesos/system/CodeIgniter.php(177): CodeIgniter\CodeIgniter->resolvePlatformExtensions()
#2 /home/techmeetings/public_html/api_controlAccesos/system/bootstrap.php(146): CodeIgniter\CodeIgniter->initialize()
#3 /home/techmeetings/public_html/api_controlAccesos/public/index.php(28): require('/home/techmeeti...')
#4 {main}
CRITICAL - 2022-03-28 21:30:34 --> The framework needs the following extension(s) installed and loaded: intl.
#0 /home/techmeetings/public_html/api_controlAccesos/system/CodeIgniter.php(219): CodeIgniter\Exceptions\FrameworkException::forMissingExtension('intl')
#1 /home/techmeetings/public_html/api_controlAccesos/system/CodeIgniter.php(177): CodeIgniter\CodeIgniter->resolvePlatformExtensions()
#2 /home/techmeetings/public_html/api_controlAccesos/system/bootstrap.php(146): CodeIgniter\CodeIgniter->initialize()
#3 /home/techmeetings/public_html/api_controlAccesos/public/index.php(28): require('/home/techmeeti...')
#4 {main}
CRITICAL - 2022-03-28 21:30:34 --> The framework needs the following extension(s) installed and loaded: intl.
#0 /home/techmeetings/public_html/api_controlAccesos/system/CodeIgniter.php(219): CodeIgniter\Exceptions\FrameworkException::forMissingExtension('intl')
#1 /home/techmeetings/public_html/api_controlAccesos/system/CodeIgniter.php(177): CodeIgniter\CodeIgniter->resolvePlatformExtensions()
#2 /home/techmeetings/public_html/api_controlAccesos/system/bootstrap.php(146): CodeIgniter\CodeIgniter->initialize()
#3 /home/techmeetings/public_html/api_controlAccesos/public/index.php(28): require('/home/techmeeti...')
#4 {main}
CRITICAL - 2022-03-28 21:30:34 --> The framework needs the following extension(s) installed and loaded: intl.
#0 /home/techmeetings/public_html/api_controlAccesos/system/CodeIgniter.php(219): CodeIgniter\Exceptions\FrameworkException::forMissingExtension('intl')
#1 /home/techmeetings/public_html/api_controlAccesos/system/CodeIgniter.php(177): CodeIgniter\CodeIgniter->resolvePlatformExtensions()
#2 /home/techmeetings/public_html/api_controlAccesos/system/bootstrap.php(146): CodeIgniter\CodeIgniter->initialize()
#3 /home/techmeetings/public_html/api_controlAccesos/public/index.php(28): require('/home/techmeeti...')
#4 {main}
CRITICAL - 2022-03-28 21:30:58 --> The framework needs the following extension(s) installed and loaded: intl.
#0 /home/techmeetings/public_html/api_controlAccesos/system/CodeIgniter.php(219): CodeIgniter\Exceptions\FrameworkException::forMissingExtension('intl')
#1 /home/techmeetings/public_html/api_controlAccesos/system/CodeIgniter.php(177): CodeIgniter\CodeIgniter->resolvePlatformExtensions()
#2 /home/techmeetings/public_html/api_controlAccesos/system/bootstrap.php(146): CodeIgniter\CodeIgniter->initialize()
#3 /home/techmeetings/public_html/api_controlAccesos/public/index.php(28): require('/home/techmeeti...')
#4 {main}
CRITICAL - 2022-03-28 21:30:59 --> The framework needs the following extension(s) installed and loaded: intl.
#0 /home/techmeetings/public_html/api_controlAccesos/system/CodeIgniter.php(219): CodeIgniter\Exceptions\FrameworkException::forMissingExtension('intl')
#1 /home/techmeetings/public_html/api_controlAccesos/system/CodeIgniter.php(177): CodeIgniter\CodeIgniter->resolvePlatformExtensions()
#2 /home/techmeetings/public_html/api_controlAccesos/system/bootstrap.php(146): CodeIgniter\CodeIgniter->initialize()
#3 /home/techmeetings/public_html/api_controlAccesos/public/index.php(28): require('/home/techmeeti...')
#4 {main}
CRITICAL - 2022-03-28 21:31:00 --> The framework needs the following extension(s) installed and loaded: intl.
#0 /home/techmeetings/public_html/api_controlAccesos/system/CodeIgniter.php(219): CodeIgniter\Exceptions\FrameworkException::forMissingExtension('intl')
#1 /home/techmeetings/public_html/api_controlAccesos/system/CodeIgniter.php(177): CodeIgniter\CodeIgniter->resolvePlatformExtensions()
#2 /home/techmeetings/public_html/api_controlAccesos/system/bootstrap.php(146): CodeIgniter\CodeIgniter->initialize()
#3 /home/techmeetings/public_html/api_controlAccesos/public/index.php(28): require('/home/techmeeti...')
#4 {main}
CRITICAL - 2022-03-28 21:31:01 --> The framework needs the following extension(s) installed and loaded: intl.
#0 /home/techmeetings/public_html/api_controlAccesos/system/CodeIgniter.php(219): CodeIgniter\Exceptions\FrameworkException::forMissingExtension('intl')
#1 /home/techmeetings/public_html/api_controlAccesos/system/CodeIgniter.php(177): CodeIgniter\CodeIgniter->resolvePlatformExtensions()
#2 /home/techmeetings/public_html/api_controlAccesos/system/bootstrap.php(146): CodeIgniter\CodeIgniter->initialize()
#3 /home/techmeetings/public_html/api_controlAccesos/public/index.php(28): require('/home/techmeeti...')
#4 {main}
CRITICAL - 2022-03-28 21:34:06 --> The framework needs the following extension(s) installed and loaded: intl.
#0 /home/techmeetings/public_html/api_controlAccesos/system/CodeIgniter.php(219): CodeIgniter\Exceptions\FrameworkException::forMissingExtension('intl')
#1 /home/techmeetings/public_html/api_controlAccesos/system/CodeIgniter.php(177): CodeIgniter\CodeIgniter->resolvePlatformExtensions()
#2 /home/techmeetings/public_html/api_controlAccesos/system/bootstrap.php(146): CodeIgniter\CodeIgniter->initialize()
#3 /home/techmeetings/public_html/api_controlAccesos/public/index.php(28): require('/home/techmeeti...')
#4 {main}
CRITICAL - 2022-03-28 21:34:08 --> The framework needs the following extension(s) installed and loaded: intl.
#0 /home/techmeetings/public_html/api_controlAccesos/system/CodeIgniter.php(219): CodeIgniter\Exceptions\FrameworkException::forMissingExtension('intl')
#1 /home/techmeetings/public_html/api_controlAccesos/system/CodeIgniter.php(177): CodeIgniter\CodeIgniter->resolvePlatformExtensions()
#2 /home/techmeetings/public_html/api_controlAccesos/system/bootstrap.php(146): CodeIgniter\CodeIgniter->initialize()
#3 /home/techmeetings/public_html/api_controlAccesos/public/index.php(28): require('/home/techmeeti...')
#4 {main}
CRITICAL - 2022-03-28 21:54:15 --> The framework needs the following extension(s) installed and loaded: intl.
#0 /home/techmeetings/public_html/api_controlAccesos/system/CodeIgniter.php(219): CodeIgniter\Exceptions\FrameworkException::forMissingExtension('intl')
#1 /home/techmeetings/public_html/api_controlAccesos/system/CodeIgniter.php(177): CodeIgniter\CodeIgniter->resolvePlatformExtensions()
#2 /home/techmeetings/public_html/api_controlAccesos/system/bootstrap.php(146): CodeIgniter\CodeIgniter->initialize()
#3 /home/techmeetings/public_html/api_controlAccesos/public/index.php(28): require('/home/techmeeti...')
#4 {main}
CRITICAL - 2022-03-28 21:59:20 --> The framework needs the following extension(s) installed and loaded: intl.
#0 /home/techmeetings/public_html/api_controlAccesos/system/CodeIgniter.php(219): CodeIgniter\Exceptions\FrameworkException::forMissingExtension('intl')
#1 /home/techmeetings/public_html/api_controlAccesos/system/CodeIgniter.php(177): CodeIgniter\CodeIgniter->resolvePlatformExtensions()
#2 /home/techmeetings/public_html/api_controlAccesos/system/bootstrap.php(146): CodeIgniter\CodeIgniter->initialize()
#3 /home/techmeetings/public_html/api_controlAccesos/public/index.php(28): require('/home/techmeeti...')
#4 {main}
CRITICAL - 2022-03-28 22:01:33 --> The framework needs the following extension(s) installed and loaded: intl.
#0 /home/techmeetings/public_html/api_controlAccesos/system/CodeIgniter.php(219): CodeIgniter\Exceptions\FrameworkException::forMissingExtension('intl')
#1 /home/techmeetings/public_html/api_controlAccesos/system/CodeIgniter.php(177): CodeIgniter\CodeIgniter->resolvePlatformExtensions()
#2 /home/techmeetings/public_html/api_controlAccesos/system/bootstrap.php(146): CodeIgniter\CodeIgniter->initialize()
#3 /home/techmeetings/public_html/api_controlAccesos/public/index.php(28): require('/home/techmeeti...')
#4 {main}
CRITICAL - 2022-03-28 22:02:45 --> The framework needs the following extension(s) installed and loaded: intl.
#0 /home/techmeetings/public_html/api_controlAccesos/system/CodeIgniter.php(219): CodeIgniter\Exceptions\FrameworkException::forMissingExtension('intl')
#1 /home/techmeetings/public_html/api_controlAccesos/system/CodeIgniter.php(177): CodeIgniter\CodeIgniter->resolvePlatformExtensions()
#2 /home/techmeetings/public_html/api_controlAccesos/system/bootstrap.php(146): CodeIgniter\CodeIgniter->initialize()
#3 /home/techmeetings/public_html/api_controlAccesos/public/index.php(28): require('/home/techmeeti...')
#4 {main}
CRITICAL - 2022-03-28 22:02:47 --> The framework needs the following extension(s) installed and loaded: intl.
#0 /home/techmeetings/public_html/api_controlAccesos/system/CodeIgniter.php(219): CodeIgniter\Exceptions\FrameworkException::forMissingExtension('intl')
#1 /home/techmeetings/public_html/api_controlAccesos/system/CodeIgniter.php(177): CodeIgniter\CodeIgniter->resolvePlatformExtensions()
#2 /home/techmeetings/public_html/api_controlAccesos/system/bootstrap.php(146): CodeIgniter\CodeIgniter->initialize()
#3 /home/techmeetings/public_html/api_controlAccesos/public/index.php(28): require('/home/techmeeti...')
#4 {main}
CRITICAL - 2022-03-28 22:03:37 --> The framework needs the following extension(s) installed and loaded: intl.
#0 /home/techmeetings/public_html/api_controlAccesos/system/CodeIgniter.php(219): CodeIgniter\Exceptions\FrameworkException::forMissingExtension('intl')
#1 /home/techmeetings/public_html/api_controlAccesos/system/CodeIgniter.php(177): CodeIgniter\CodeIgniter->resolvePlatformExtensions()
#2 /home/techmeetings/public_html/api_controlAccesos/system/bootstrap.php(146): CodeIgniter\CodeIgniter->initialize()
#3 /home/techmeetings/public_html/api_controlAccesos/public/index.php(28): require('/home/techmeeti...')
#4 {main}
CRITICAL - 2022-03-28 22:03:37 --> The framework needs the following extension(s) installed and loaded: intl.
#0 /home/techmeetings/public_html/api_controlAccesos/system/CodeIgniter.php(219): CodeIgniter\Exceptions\FrameworkException::forMissingExtension('intl')
#1 /home/techmeetings/public_html/api_controlAccesos/system/CodeIgniter.php(177): CodeIgniter\CodeIgniter->resolvePlatformExtensions()
#2 /home/techmeetings/public_html/api_controlAccesos/system/bootstrap.php(146): CodeIgniter\CodeIgniter->initialize()
#3 /home/techmeetings/public_html/api_controlAccesos/public/index.php(28): require('/home/techmeeti...')
#4 {main}
CRITICAL - 2022-03-28 22:03:38 --> The framework needs the following extension(s) installed and loaded: intl.
#0 /home/techmeetings/public_html/api_controlAccesos/system/CodeIgniter.php(219): CodeIgniter\Exceptions\FrameworkException::forMissingExtension('intl')
#1 /home/techmeetings/public_html/api_controlAccesos/system/CodeIgniter.php(177): CodeIgniter\CodeIgniter->resolvePlatformExtensions()
#2 /home/techmeetings/public_html/api_controlAccesos/system/bootstrap.php(146): CodeIgniter\CodeIgniter->initialize()
#3 /home/techmeetings/public_html/api_controlAccesos/public/index.php(28): require('/home/techmeeti...')
#4 {main}
CRITICAL - 2022-03-28 22:03:56 --> The framework needs the following extension(s) installed and loaded: intl.
#0 /home/techmeetings/public_html/api_controlAccesos/system/CodeIgniter.php(219): CodeIgniter\Exceptions\FrameworkException::forMissingExtension('intl')
#1 /home/techmeetings/public_html/api_controlAccesos/system/CodeIgniter.php(177): CodeIgniter\CodeIgniter->resolvePlatformExtensions()
#2 /home/techmeetings/public_html/api_controlAccesos/system/bootstrap.php(146): CodeIgniter\CodeIgniter->initialize()
#3 /home/techmeetings/public_html/api_controlAccesos/public/index.php(28): require('/home/techmeeti...')
#4 {main}
CRITICAL - 2022-03-28 22:03:57 --> The framework needs the following extension(s) installed and loaded: intl.
#0 /home/techmeetings/public_html/api_controlAccesos/system/CodeIgniter.php(219): CodeIgniter\Exceptions\FrameworkException::forMissingExtension('intl')
#1 /home/techmeetings/public_html/api_controlAccesos/system/CodeIgniter.php(177): CodeIgniter\CodeIgniter->resolvePlatformExtensions()
#2 /home/techmeetings/public_html/api_controlAccesos/system/bootstrap.php(146): CodeIgniter\CodeIgniter->initialize()
#3 /home/techmeetings/public_html/api_controlAccesos/public/index.php(28): require('/home/techmeeti...')
#4 {main}
CRITICAL - 2022-03-28 22:24:02 --> The framework needs the following extension(s) installed and loaded: intl.
#0 /home/techmeetings/public_html/api_controlAccesos/system/CodeIgniter.php(219): CodeIgniter\Exceptions\FrameworkException::forMissingExtension('intl')
#1 /home/techmeetings/public_html/api_controlAccesos/system/CodeIgniter.php(177): CodeIgniter\CodeIgniter->resolvePlatformExtensions()
#2 /home/techmeetings/public_html/api_controlAccesos/system/bootstrap.php(146): CodeIgniter\CodeIgniter->initialize()
#3 /home/techmeetings/public_html/api_controlAccesos/public/index.php(28): require('/home/techmeeti...')
#4 {main}
CRITICAL - 2022-03-28 22:24:03 --> The framework needs the following extension(s) installed and loaded: intl.
#0 /home/techmeetings/public_html/api_controlAccesos/system/CodeIgniter.php(219): CodeIgniter\Exceptions\FrameworkException::forMissingExtension('intl')
#1 /home/techmeetings/public_html/api_controlAccesos/system/CodeIgniter.php(177): CodeIgniter\CodeIgniter->resolvePlatformExtensions()
#2 /home/techmeetings/public_html/api_controlAccesos/system/bootstrap.php(146): CodeIgniter\CodeIgniter->initialize()
#3 /home/techmeetings/public_html/api_controlAccesos/public/index.php(28): require('/home/techmeeti...')
#4 {main}
CRITICAL - 2022-03-28 22:27:04 --> The framework needs the following extension(s) installed and loaded: intl.
#0 /home/techmeetings/public_html/api_controlAccesos/system/CodeIgniter.php(219): CodeIgniter\Exceptions\FrameworkException::forMissingExtension('intl')
#1 /home/techmeetings/public_html/api_controlAccesos/system/CodeIgniter.php(177): CodeIgniter\CodeIgniter->resolvePlatformExtensions()
#2 /home/techmeetings/public_html/api_controlAccesos/system/bootstrap.php(146): CodeIgniter\CodeIgniter->initialize()
#3 /home/techmeetings/public_html/api_controlAccesos/public/index.php(28): require('/home/techmeeti...')
#4 {main}
CRITICAL - 2022-03-28 22:31:59 --> The framework needs the following extension(s) installed and loaded: intl.
#0 /home/techmeetings/public_html/api_controlAccesos/system/CodeIgniter.php(219): CodeIgniter\Exceptions\FrameworkException::forMissingExtension('intl')
#1 /home/techmeetings/public_html/api_controlAccesos/system/CodeIgniter.php(177): CodeIgniter\CodeIgniter->resolvePlatformExtensions()
#2 /home/techmeetings/public_html/api_controlAccesos/system/bootstrap.php(146): CodeIgniter\CodeIgniter->initialize()
#3 /home/techmeetings/public_html/api_controlAccesos/public/index.php(28): require('/home/techmeeti...')
#4 {main}
CRITICAL - 2022-03-28 22:32:01 --> The framework needs the following extension(s) installed and loaded: intl.
#0 /home/techmeetings/public_html/api_controlAccesos/system/CodeIgniter.php(219): CodeIgniter\Exceptions\FrameworkException::forMissingExtension('intl')
#1 /home/techmeetings/public_html/api_controlAccesos/system/CodeIgniter.php(177): CodeIgniter\CodeIgniter->resolvePlatformExtensions()
#2 /home/techmeetings/public_html/api_controlAccesos/system/bootstrap.php(146): CodeIgniter\CodeIgniter->initialize()
#3 /home/techmeetings/public_html/api_controlAccesos/public/index.php(28): require('/home/techmeeti...')
#4 {main}
ERROR - 2022-03-28 17:48:16 --> Error connecting to the database: Access denied for user '****'@'localhost' (using password: YES)
CRITICAL - 2022-03-28 17:48:16 --> Unable to connect to the database.
Main connection [MySQLi]: Access denied for user '****'@'localhost' (using password: YES)
#0 /home/eventodigital/public_html/api_controlAccesos/system/Database/BaseConnection.php(577): CodeIgniter\Database\BaseConnection->initialize()
#1 /home/eventodigital/public_html/api_controlAccesos/system/Database/BaseBuilder.php(1455): CodeIgniter\Database\BaseConnection->query('SELECT *\nFROM `...', Array, false)
#2 /home/eventodigital/public_html/api_controlAccesos/system/Model.php(183): CodeIgniter\Database\BaseBuilder->get()
#3 /home/eventodigital/public_html/api_controlAccesos/system/BaseModel.php(584): CodeIgniter\Model->doFindAll(0, 0)
#4 /home/eventodigital/public_html/api_controlAccesos/app/Controllers/RestController.php(14): CodeIgniter\BaseModel->findAll()
#5 /home/eventodigital/public_html/api_controlAccesos/system/CodeIgniter.php(832): App\Controllers\RestController->index()
#6 /home/eventodigital/public_html/api_controlAccesos/system/CodeIgniter.php(419): CodeIgniter\CodeIgniter->runController(Object(App\Controllers\RestController))
#7 /home/eventodigital/public_html/api_controlAccesos/system/CodeIgniter.php(326): CodeIgniter\CodeIgniter->handleRequest(NULL, Object(Config\Cache), false)
#8 /home/eventodigital/public_html/api_controlAccesos/public/index.php(37): CodeIgniter\CodeIgniter->run()
#9 {main}
CRITICAL - 2022-03-28 17:48:16 --> Uncaught ErrorException: print_r(): Property access is not allowed yet in /home/eventodigital/public_html/api_controlAccesos/app/Views/errors/html/error_exception.php:96
Stack trace:
#0 [internal function]: CodeIgniter\Debug\Exceptions->errorHandler(2, 'print_r(): Prop...', '/home/eventodig...', 96, Array)
#1 /home/eventodigital/public_html/api_controlAccesos/app/Views/errors/html/error_exception.php(96): print_r(Object(App\Controllers\RestController), true)
#2 /home/eventodigital/public_html/api_controlAccesos/system/Debug/Exceptions.php(234): include('/home/eventodig...')
#3 /home/eventodigital/public_html/api_controlAccesos/system/Debug/Exceptions.php(237): CodeIgniter\Debug\Exceptions->CodeIgniter\Debug\{closure}()
#4 /home/eventodigital/public_html/api_controlAccesos/system/Debug/Exceptions.php(121): CodeIgniter\Debug\Exceptions->render(Object(CodeIgniter\Database\Exceptions\DatabaseException), 500)
#5 [internal function]: CodeIgniter\Debug\Exceptions->exceptionHandler(Object(CodeIgniter\Database\Excepti
#0 [internal function]: CodeIgniter\Debug\Exceptions->shutdownHandler()
#1 {main}
ERROR - 2022-03-28 17:49:33 --> Error connecting to the database: Access denied for user '****'@'localhost' (using password: YES)
CRITICAL - 2022-03-28 17:49:33 --> Unable to connect to the database.
Main connection [MySQLi]: Access denied for user '****'@'localhost' (using password: YES)
#0 /home/eventodigital/public_html/api_controlAccesos/system/Database/BaseConnection.php(577): CodeIgniter\Database\BaseConnection->initialize()
#1 /home/eventodigital/public_html/api_controlAccesos/system/Database/BaseBuilder.php(1455): CodeIgniter\Database\BaseConnection->query('SELECT *\nFROM `...', Array, false)
#2 /home/eventodigital/public_html/api_controlAccesos/system/Model.php(183): CodeIgniter\Database\BaseBuilder->get()
#3 /home/eventodigital/public_html/api_controlAccesos/system/BaseModel.php(584): CodeIgniter\Model->doFindAll(0, 0)
#4 /home/eventodigital/public_html/api_controlAccesos/app/Controllers/RestController.php(14): CodeIgniter\BaseModel->findAll()
#5 /home/eventodigital/public_html/api_controlAccesos/system/CodeIgniter.php(832): App\Controllers\RestController->index()
#6 /home/eventodigital/public_html/api_controlAccesos/system/CodeIgniter.php(419): CodeIgniter\CodeIgniter->runController(Object(App\Controllers\RestController))
#7 /home/eventodigital/public_html/api_controlAccesos/system/CodeIgniter.php(326): CodeIgniter\CodeIgniter->handleRequest(NULL, Object(Config\Cache), false)
#8 /home/eventodigital/public_html/api_controlAccesos/public/index.php(37): CodeIgniter\CodeIgniter->run()
#9 {main}
CRITICAL - 2022-03-28 17:49:33 --> Uncaught ErrorException: print_r(): Property access is not allowed yet in /home/eventodigital/public_html/api_controlAccesos/app/Views/errors/html/error_exception.php:96
Stack trace:
#0 [internal function]: CodeIgniter\Debug\Exceptions->errorHandler(2, 'print_r(): Prop...', '/home/eventodig...', 96, Array)
#1 /home/eventodigital/public_html/api_controlAccesos/app/Views/errors/html/error_exception.php(96): print_r(Object(App\Controllers\RestController), true)
#2 /home/eventodigital/public_html/api_controlAccesos/system/Debug/Exceptions.php(234): include('/home/eventodig...')
#3 /home/eventodigital/public_html/api_controlAccesos/system/Debug/Exceptions.php(237): CodeIgniter\Debug\Exceptions->CodeIgniter\Debug\{closure}()
#4 /home/eventodigital/public_html/api_controlAccesos/system/Debug/Exceptions.php(121): CodeIgniter\Debug\Exceptions->render(Object(CodeIgniter\Database\Exceptions\DatabaseException), 500)
#5 [internal function]: CodeIgniter\Debug\Exceptions->exceptionHandler(Object(CodeIgniter\Database\Excepti
#0 [internal function]: CodeIgniter\Debug\Exceptions->shutdownHandler()
#1 {main}
ERROR - 2022-03-28 17:49:34 --> Error connecting to the database: Access denied for user '****'@'localhost' (using password: YES)
CRITICAL - 2022-03-28 17:49:34 --> Unable to connect to the database.
Main connection [MySQLi]: Access denied for user '****'@'localhost' (using password: YES)
#0 /home/eventodigital/public_html/api_controlAccesos/system/Database/BaseConnection.php(577): CodeIgniter\Database\BaseConnection->initialize()
#1 /home/eventodigital/public_html/api_controlAccesos/system/Database/BaseBuilder.php(1455): CodeIgniter\Database\BaseConnection->query('SELECT *\nFROM `...', Array, false)
#2 /home/eventodigital/public_html/api_controlAccesos/system/Model.php(183): CodeIgniter\Database\BaseBuilder->get()
#3 /home/eventodigital/public_html/api_controlAccesos/system/BaseModel.php(584): CodeIgniter\Model->doFindAll(0, 0)
#4 /home/eventodigital/public_html/api_controlAccesos/app/Controllers/RestController.php(14): CodeIgniter\BaseModel->findAll()
#5 /home/eventodigital/public_html/api_controlAccesos/system/CodeIgniter.php(832): App\Controllers\RestController->index()
#6 /home/eventodigital/public_html/api_controlAccesos/system/CodeIgniter.php(419): CodeIgniter\CodeIgniter->runController(Object(App\Controllers\RestController))
#7 /home/eventodigital/public_html/api_controlAccesos/system/CodeIgniter.php(326): CodeIgniter\CodeIgniter->handleRequest(NULL, Object(Config\Cache), false)
#8 /home/eventodigital/public_html/api_controlAccesos/public/index.php(37): CodeIgniter\CodeIgniter->run()
#9 {main}
CRITICAL - 2022-03-28 17:49:34 --> Uncaught ErrorException: print_r(): Property access is not allowed yet in /home/eventodigital/public_html/api_controlAccesos/app/Views/errors/html/error_exception.php:96
Stack trace:
#0 [internal function]: CodeIgniter\Debug\Exceptions->errorHandler(2, 'print_r(): Prop...', '/home/eventodig...', 96, Array)
#1 /home/eventodigital/public_html/api_controlAccesos/app/Views/errors/html/error_exception.php(96): print_r(Object(App\Controllers\RestController), true)
#2 /home/eventodigital/public_html/api_controlAccesos/system/Debug/Exceptions.php(234): include('/home/eventodig...')
#3 /home/eventodigital/public_html/api_controlAccesos/system/Debug/Exceptions.php(237): CodeIgniter\Debug\Exceptions->CodeIgniter\Debug\{closure}()
#4 /home/eventodigital/public_html/api_controlAccesos/system/Debug/Exceptions.php(121): CodeIgniter\Debug\Exceptions->render(Object(CodeIgniter\Database\Exceptions\DatabaseException), 500)
#5 [internal function]: CodeIgniter\Debug\Exceptions->exceptionHandler(Object(CodeIgniter\Database\Excepti
#0 [internal function]: CodeIgniter\Debug\Exceptions->shutdownHandler()
#1 {main}
ERROR - 2022-03-28 17:49:34 --> Error connecting to the database: Access denied for user '****'@'localhost' (using password: YES)
CRITICAL - 2022-03-28 17:49:34 --> Unable to connect to the database.
Main connection [MySQLi]: Access denied for user '****'@'localhost' (using password: YES)
#0 /home/eventodigital/public_html/api_controlAccesos/system/Database/BaseConnection.php(577): CodeIgniter\Database\BaseConnection->initialize()
#1 /home/eventodigital/public_html/api_controlAccesos/system/Database/BaseBuilder.php(1455): CodeIgniter\Database\BaseConnection->query('SELECT *\nFROM `...', Array, false)
#2 /home/eventodigital/public_html/api_controlAccesos/system/Model.php(183): CodeIgniter\Database\BaseBuilder->get()
#3 /home/eventodigital/public_html/api_controlAccesos/system/BaseModel.php(584): CodeIgniter\Model->doFindAll(0, 0)
#4 /home/eventodigital/public_html/api_controlAccesos/app/Controllers/RestController.php(14): CodeIgniter\BaseModel->findAll()
#5 /home/eventodigital/public_html/api_controlAccesos/system/CodeIgniter.php(832): App\Controllers\RestController->index()
#6 /home/eventodigital/public_html/api_controlAccesos/system/CodeIgniter.php(419): CodeIgniter\CodeIgniter->runController(Object(App\Controllers\RestController))
#7 /home/eventodigital/public_html/api_controlAccesos/system/CodeIgniter.php(326): CodeIgniter\CodeIgniter->handleRequest(NULL, Object(Config\Cache), false)
#8 /home/eventodigital/public_html/api_controlAccesos/public/index.php(37): CodeIgniter\CodeIgniter->run()
#9 {main}
CRITICAL - 2022-03-28 17:49:34 --> Uncaught ErrorException: print_r(): Property access is not allowed yet in /home/eventodigital/public_html/api_controlAccesos/app/Views/errors/html/error_exception.php:96
Stack trace:
#0 [internal function]: CodeIgniter\Debug\Exceptions->errorHandler(2, 'print_r(): Prop...', '/home/eventodig...', 96, Array)
#1 /home/eventodigital/public_html/api_controlAccesos/app/Views/errors/html/error_exception.php(96): print_r(Object(App\Controllers\RestController), true)
#2 /home/eventodigital/public_html/api_controlAccesos/system/Debug/Exceptions.php(234): include('/home/eventodig...')
#3 /home/eventodigital/public_html/api_controlAccesos/system/Debug/Exceptions.php(237): CodeIgniter\Debug\Exceptions->CodeIgniter\Debug\{closure}()
#4 /home/eventodigital/public_html/api_controlAccesos/system/Debug/Exceptions.php(121): CodeIgniter\Debug\Exceptions->render(Object(CodeIgniter\Database\Exceptions\DatabaseException), 500)
#5 [internal function]: CodeIgniter\Debug\Exceptions->exceptionHandler(Object(CodeIgniter\Database\Excepti
#0 [internal function]: CodeIgniter\Debug\Exceptions->shutdownHandler()
#1 {main}
ERROR - 2022-03-28 17:49:34 --> Error connecting to the database: Access denied for user '****'@'localhost' (using password: YES)
CRITICAL - 2022-03-28 17:49:34 --> Unable to connect to the database.
Main connection [MySQLi]: Access denied for user '****'@'localhost' (using password: YES)
#0 /home/eventodigital/public_html/api_controlAccesos/system/Database/BaseConnection.php(577): CodeIgniter\Database\BaseConnection->initialize()
#1 /home/eventodigital/public_html/api_controlAccesos/system/Database/BaseBuilder.php(1455): CodeIgniter\Database\BaseConnection->query('SELECT *\nFROM `...', Array, false)
#2 /home/eventodigital/public_html/api_controlAccesos/system/Model.php(183): CodeIgniter\Database\BaseBuilder->get()
#3 /home/eventodigital/public_html/api_controlAccesos/system/BaseModel.php(584): CodeIgniter\Model->doFindAll(0, 0)
#4 /home/eventodigital/public_html/api_controlAccesos/app/Controllers/RestController.php(14): CodeIgniter\BaseModel->findAll()
#5 /home/eventodigital/public_html/api_controlAccesos/system/CodeIgniter.php(832): App\Controllers\RestController->index()
#6 /home/eventodigital/public_html/api_controlAccesos/system/CodeIgniter.php(419): CodeIgniter\CodeIgniter->runController(Object(App\Controllers\RestController))
#7 /home/eventodigital/public_html/api_controlAccesos/system/CodeIgniter.php(326): CodeIgniter\CodeIgniter->handleRequest(NULL, Object(Config\Cache), false)
#8 /home/eventodigital/public_html/api_controlAccesos/public/index.php(37): CodeIgniter\CodeIgniter->run()
#9 {main}
CRITICAL - 2022-03-28 17:49:34 --> Uncaught ErrorException: print_r(): Property access is not allowed yet in /home/eventodigital/public_html/api_controlAccesos/app/Views/errors/html/error_exception.php:96
Stack trace:
#0 [internal function]: CodeIgniter\Debug\Exceptions->errorHandler(2, 'print_r(): Prop...', '/home/eventodig...', 96, Array)
#1 /home/eventodigital/public_html/api_controlAccesos/app/Views/errors/html/error_exception.php(96): print_r(Object(App\Controllers\RestController), true)
#2 /home/eventodigital/public_html/api_controlAccesos/system/Debug/Exceptions.php(234): include('/home/eventodig...')
#3 /home/eventodigital/public_html/api_controlAccesos/system/Debug/Exceptions.php(237): CodeIgniter\Debug\Exceptions->CodeIgniter\Debug\{closure}()
#4 /home/eventodigital/public_html/api_controlAccesos/system/Debug/Exceptions.php(121): CodeIgniter\Debug\Exceptions->render(Object(CodeIgniter\Database\Exceptions\DatabaseException), 500)
#5 [internal function]: CodeIgniter\Debug\Exceptions->exceptionHandler(Object(CodeIgniter\Database\Excepti
#0 [internal function]: CodeIgniter\Debug\Exceptions->shutdownHandler()
#1 {main}
