CRITICAL - 2022-05-16 09:59:19 --> vCard: invalid vCard
#0 /home/eventodigital/public_html/api_controlAccesos/app/Controllers/OutputController.php(63): vCard->__construct(false, 'BEGIN:VCARD\n\tVE...')
#1 /home/eventodigital/public_html/api_controlAccesos/system/Router/Router.php(518): include_once('/home/eventodig...')
#2 /home/eventodigital/public_html/api_controlAccesos/system/Router/Router.php(175): CodeIgniter\Router\Router->autoRoute('OutputControlle...')
#3 /home/eventodigital/public_html/api_controlAccesos/system/CodeIgniter.php(726): CodeIgniter\Router\Router->handle('OutputControlle...')
#4 /home/eventodigital/public_html/api_controlAccesos/system/CodeIgniter.php(368): CodeIgniter\CodeIgniter->tryToRouteIt(Object(CodeIgniter\Router\RouteCollection))
#5 /home/eventodigital/public_html/api_controlAccesos/system/CodeIgniter.php(326): CodeIgniter\CodeIgniter->handleRequest(NULL, Object(Config\Cache), false)
#6 /home/eventodigital/public_html/api_controlAccesos/public/index.php(37): CodeIgniter\CodeIgniter->run()
#7 {main}
CRITICAL - 2022-05-16 10:02:04 --> vCard: invalid vCard
#0 /home/eventodigital/public_html/api_controlAccesos/app/Controllers/OutputController.php(63): vCard->__construct(false, 'BEGIN:VCARD\n\tVE...')
#1 /home/eventodigital/public_html/api_controlAccesos/system/Router/Router.php(518): include_once('/home/eventodig...')
#2 /home/eventodigital/public_html/api_controlAccesos/system/Router/Router.php(175): CodeIgniter\Router\Router->autoRoute('OutputControlle...')
#3 /home/eventodigital/public_html/api_controlAccesos/system/CodeIgniter.php(726): CodeIgniter\Router\Router->handle('OutputControlle...')
#4 /home/eventodigital/public_html/api_controlAccesos/system/CodeIgniter.php(368): CodeIgniter\CodeIgniter->tryToRouteIt(Object(CodeIgniter\Router\RouteCollection))
#5 /home/eventodigital/public_html/api_controlAccesos/system/CodeIgniter.php(326): CodeIgniter\CodeIgniter->handleRequest(NULL, Object(Config\Cache), false)
#6 /home/eventodigital/public_html/api_controlAccesos/public/index.php(37): CodeIgniter\CodeIgniter->run()
#7 {main}
CRITICAL - 2022-05-16 10:02:05 --> vCard: invalid vCard
#0 /home/eventodigital/public_html/api_controlAccesos/app/Controllers/OutputController.php(63): vCard->__construct(false, 'BEGIN:VCARD\n\tVE...')
#1 /home/eventodigital/public_html/api_controlAccesos/system/Router/Router.php(518): include_once('/home/eventodig...')
#2 /home/eventodigital/public_html/api_controlAccesos/system/Router/Router.php(175): CodeIgniter\Router\Router->autoRoute('OutputControlle...')
#3 /home/eventodigital/public_html/api_controlAccesos/system/CodeIgniter.php(726): CodeIgniter\Router\Router->handle('OutputControlle...')
#4 /home/eventodigital/public_html/api_controlAccesos/system/CodeIgniter.php(368): CodeIgniter\CodeIgniter->tryToRouteIt(Object(CodeIgniter\Router\RouteCollection))
#5 /home/eventodigital/public_html/api_controlAccesos/system/CodeIgniter.php(326): CodeIgniter\CodeIgniter->handleRequest(NULL, Object(Config\Cache), false)
#6 /home/eventodigital/public_html/api_controlAccesos/public/index.php(37): CodeIgniter\CodeIgniter->run()
#7 {main}
CRITICAL - 2022-05-16 10:02:21 --> vCard: Path not accessible (Example.vcf)
#0 /home/eventodigital/public_html/api_controlAccesos/app/Controllers/OutputController.php(59): vCard->__construct('Example.vcf', false, Array)
#1 /home/eventodigital/public_html/api_controlAccesos/system/Router/Router.php(518): include_once('/home/eventodig...')
#2 /home/eventodigital/public_html/api_controlAccesos/system/Router/Router.php(175): CodeIgniter\Router\Router->autoRoute('OutputControlle...')
#3 /home/eventodigital/public_html/api_controlAccesos/system/CodeIgniter.php(726): CodeIgniter\Router\Router->handle('OutputControlle...')
#4 /home/eventodigital/public_html/api_controlAccesos/system/CodeIgniter.php(368): CodeIgniter\CodeIgniter->tryToRouteIt(Object(CodeIgniter\Router\RouteCollection))
#5 /home/eventodigital/public_html/api_controlAccesos/system/CodeIgniter.php(326): CodeIgniter\CodeIgniter->handleRequest(NULL, Object(Config\Cache), false)
#6 /home/eventodigital/public_html/api_controlAccesos/public/index.php(37): CodeIgniter\CodeIgniter->run()
#7 {main}
CRITICAL - 2022-05-16 10:37:14 --> vCard: Path not accessible (Example.vcf)
#0 /home/eventodigital/public_html/api_controlAccesos/app/Controllers/OutputController.php(59): vCard->__construct('Example.vcf', false, Array)
#1 /home/eventodigital/public_html/api_controlAccesos/system/Router/Router.php(518): include_once('/home/eventodig...')
#2 /home/eventodigital/public_html/api_controlAccesos/system/Router/Router.php(175): CodeIgniter\Router\Router->autoRoute('OutputControlle...')
#3 /home/eventodigital/public_html/api_controlAccesos/system/CodeIgniter.php(726): CodeIgniter\Router\Router->handle('OutputControlle...')
#4 /home/eventodigital/public_html/api_controlAccesos/system/CodeIgniter.php(368): CodeIgniter\CodeIgniter->tryToRouteIt(Object(CodeIgniter\Router\RouteCollection))
#5 /home/eventodigital/public_html/api_controlAccesos/system/CodeIgniter.php(326): CodeIgniter\CodeIgniter->handleRequest(NULL, Object(Config\Cache), false)
#6 /home/eventodigital/public_html/api_controlAccesos/public/index.php(37): CodeIgniter\CodeIgniter->run()
#7 {main}
CRITICAL - 2022-05-16 10:37:16 --> vCard: Path not accessible (Example.vcf)
#0 /home/eventodigital/public_html/api_controlAccesos/app/Controllers/OutputController.php(59): vCard->__construct('Example.vcf', false, Array)
#1 /home/eventodigital/public_html/api_controlAccesos/system/Router/Router.php(518): include_once('/home/eventodig...')
#2 /home/eventodigital/public_html/api_controlAccesos/system/Router/Router.php(175): CodeIgniter\Router\Router->autoRoute('OutputControlle...')
#3 /home/eventodigital/public_html/api_controlAccesos/system/CodeIgniter.php(726): CodeIgniter\Router\Router->handle('OutputControlle...')
#4 /home/eventodigital/public_html/api_controlAccesos/system/CodeIgniter.php(368): CodeIgniter\CodeIgniter->tryToRouteIt(Object(CodeIgniter\Router\RouteCollection))
#5 /home/eventodigital/public_html/api_controlAccesos/system/CodeIgniter.php(326): CodeIgniter\CodeIgniter->handleRequest(NULL, Object(Config\Cache), false)
#6 /home/eventodigital/public_html/api_controlAccesos/public/index.php(37): CodeIgniter\CodeIgniter->run()
#7 {main}
CRITICAL - 2022-05-16 10:37:16 --> vCard: Path not accessible (Example.vcf)
#0 /home/eventodigital/public_html/api_controlAccesos/app/Controllers/OutputController.php(59): vCard->__construct('Example.vcf', false, Array)
#1 /home/eventodigital/public_html/api_controlAccesos/system/Router/Router.php(518): include_once('/home/eventodig...')
#2 /home/eventodigital/public_html/api_controlAccesos/system/Router/Router.php(175): CodeIgniter\Router\Router->autoRoute('OutputControlle...')
#3 /home/eventodigital/public_html/api_controlAccesos/system/CodeIgniter.php(726): CodeIgniter\Router\Router->handle('OutputControlle...')
#4 /home/eventodigital/public_html/api_controlAccesos/system/CodeIgniter.php(368): CodeIgniter\CodeIgniter->tryToRouteIt(Object(CodeIgniter\Router\RouteCollection))
#5 /home/eventodigital/public_html/api_controlAccesos/system/CodeIgniter.php(326): CodeIgniter\CodeIgniter->handleRequest(NULL, Object(Config\Cache), false)
#6 /home/eventodigital/public_html/api_controlAccesos/public/index.php(37): CodeIgniter\CodeIgniter->run()
#7 {main}
CRITICAL - 2022-05-16 10:37:33 --> vCard: Path not accessible (Example.vcf)
#0 /home/eventodigital/public_html/api_controlAccesos/app/Controllers/OutputController.php(59): vCard->__construct('Example.vcf', false, Array)
#1 /home/eventodigital/public_html/api_controlAccesos/system/Router/Router.php(518): include_once('/home/eventodig...')
#2 /home/eventodigital/public_html/api_controlAccesos/system/Router/Router.php(175): CodeIgniter\Router\Router->autoRoute('OutputControlle...')
#3 /home/eventodigital/public_html/api_controlAccesos/system/CodeIgniter.php(726): CodeIgniter\Router\Router->handle('OutputControlle...')
#4 /home/eventodigital/public_html/api_controlAccesos/system/CodeIgniter.php(368): CodeIgniter\CodeIgniter->tryToRouteIt(Object(CodeIgniter\Router\RouteCollection))
#5 /home/eventodigital/public_html/api_controlAccesos/system/CodeIgniter.php(326): CodeIgniter\CodeIgniter->handleRequest(NULL, Object(Config\Cache), false)
#6 /home/eventodigital/public_html/api_controlAccesos/public/index.php(37): CodeIgniter\CodeIgniter->run()
#7 {main}
CRITICAL - 2022-05-16 10:37:34 --> vCard: Path not accessible (Example.vcf)
#0 /home/eventodigital/public_html/api_controlAccesos/app/Controllers/OutputController.php(59): vCard->__construct('Example.vcf', false, Array)
#1 /home/eventodigital/public_html/api_controlAccesos/system/Router/Router.php(518): include_once('/home/eventodig...')
#2 /home/eventodigital/public_html/api_controlAccesos/system/Router/Router.php(175): CodeIgniter\Router\Router->autoRoute('OutputControlle...')
#3 /home/eventodigital/public_html/api_controlAccesos/system/CodeIgniter.php(726): CodeIgniter\Router\Router->handle('OutputControlle...')
#4 /home/eventodigital/public_html/api_controlAccesos/system/CodeIgniter.php(368): CodeIgniter\CodeIgniter->tryToRouteIt(Object(CodeIgniter\Router\RouteCollection))
#5 /home/eventodigital/public_html/api_controlAccesos/system/CodeIgniter.php(326): CodeIgniter\CodeIgniter->handleRequest(NULL, Object(Config\Cache), false)
#6 /home/eventodigital/public_html/api_controlAccesos/public/index.php(37): CodeIgniter\CodeIgniter->run()
#7 {main}
CRITICAL - 2022-05-16 10:37:51 --> vCard: Path not accessible (Example.vcf)
#0 /home/eventodigital/public_html/api_controlAccesos/app/Controllers/OutputController.php(59): vCard->__construct('Example.vcf', false, Array)
#1 /home/eventodigital/public_html/api_controlAccesos/system/Router/Router.php(518): include_once('/home/eventodig...')
#2 /home/eventodigital/public_html/api_controlAccesos/system/Router/Router.php(175): CodeIgniter\Router\Router->autoRoute('OutputControlle...')
#3 /home/eventodigital/public_html/api_controlAccesos/system/CodeIgniter.php(726): CodeIgniter\Router\Router->handle('OutputControlle...')
#4 /home/eventodigital/public_html/api_controlAccesos/system/CodeIgniter.php(368): CodeIgniter\CodeIgniter->tryToRouteIt(Object(CodeIgniter\Router\RouteCollection))
#5 /home/eventodigital/public_html/api_controlAccesos/system/CodeIgniter.php(326): CodeIgniter\CodeIgniter->handleRequest(NULL, Object(Config\Cache), false)
#6 /home/eventodigital/public_html/api_controlAccesos/public/index.php(37): CodeIgniter\CodeIgniter->run()
#7 {main}
CRITICAL - 2022-05-16 10:37:52 --> vCard: Path not accessible (Example.vcf)
#0 /home/eventodigital/public_html/api_controlAccesos/app/Controllers/OutputController.php(59): vCard->__construct('Example.vcf', false, Array)
#1 /home/eventodigital/public_html/api_controlAccesos/system/Router/Router.php(518): include_once('/home/eventodig...')
#2 /home/eventodigital/public_html/api_controlAccesos/system/Router/Router.php(175): CodeIgniter\Router\Router->autoRoute('OutputControlle...')
#3 /home/eventodigital/public_html/api_controlAccesos/system/CodeIgniter.php(726): CodeIgniter\Router\Router->handle('OutputControlle...')
#4 /home/eventodigital/public_html/api_controlAccesos/system/CodeIgniter.php(368): CodeIgniter\CodeIgniter->tryToRouteIt(Object(CodeIgniter\Router\RouteCollection))
#5 /home/eventodigital/public_html/api_controlAccesos/system/CodeIgniter.php(326): CodeIgniter\CodeIgniter->handleRequest(NULL, Object(Config\Cache), false)
#6 /home/eventodigital/public_html/api_controlAccesos/public/index.php(37): CodeIgniter\CodeIgniter->run()
#7 {main}
CRITICAL - 2022-05-16 10:37:52 --> vCard: Path not accessible (Example.vcf)
#0 /home/eventodigital/public_html/api_controlAccesos/app/Controllers/OutputController.php(59): vCard->__construct('Example.vcf', false, Array)
#1 /home/eventodigital/public_html/api_controlAccesos/system/Router/Router.php(518): include_once('/home/eventodig...')
#2 /home/eventodigital/public_html/api_controlAccesos/system/Router/Router.php(175): CodeIgniter\Router\Router->autoRoute('OutputControlle...')
#3 /home/eventodigital/public_html/api_controlAccesos/system/CodeIgniter.php(726): CodeIgniter\Router\Router->handle('OutputControlle...')
#4 /home/eventodigital/public_html/api_controlAccesos/system/CodeIgniter.php(368): CodeIgniter\CodeIgniter->tryToRouteIt(Object(CodeIgniter\Router\RouteCollection))
#5 /home/eventodigital/public_html/api_controlAccesos/system/CodeIgniter.php(326): CodeIgniter\CodeIgniter->handleRequest(NULL, Object(Config\Cache), false)
#6 /home/eventodigital/public_html/api_controlAccesos/public/index.php(37): CodeIgniter\CodeIgniter->run()
#7 {main}
CRITICAL - 2022-05-16 10:38:24 --> vCard: invalid vCard
#0 /home/eventodigital/public_html/api_controlAccesos/app/Controllers/OutputController.php(59): vCard->__construct('Example.vcf', false, Array)
#1 /home/eventodigital/public_html/api_controlAccesos/system/Router/Router.php(518): include_once('/home/eventodig...')
#2 /home/eventodigital/public_html/api_controlAccesos/system/Router/Router.php(175): CodeIgniter\Router\Router->autoRoute('OutputControlle...')
#3 /home/eventodigital/public_html/api_controlAccesos/system/CodeIgniter.php(726): CodeIgniter\Router\Router->handle('OutputControlle...')
#4 /home/eventodigital/public_html/api_controlAccesos/system/CodeIgniter.php(368): CodeIgniter\CodeIgniter->tryToRouteIt(Object(CodeIgniter\Router\RouteCollection))
#5 /home/eventodigital/public_html/api_controlAccesos/system/CodeIgniter.php(326): CodeIgniter\CodeIgniter->handleRequest(NULL, Object(Config\Cache), false)
#6 /home/eventodigital/public_html/api_controlAccesos/public/index.php(37): CodeIgniter\CodeIgniter->run()
#7 {main}
CRITICAL - 2022-05-16 10:38:25 --> vCard: invalid vCard
#0 /home/eventodigital/public_html/api_controlAccesos/app/Controllers/OutputController.php(59): vCard->__construct('Example.vcf', false, Array)
#1 /home/eventodigital/public_html/api_controlAccesos/system/Router/Router.php(518): include_once('/home/eventodig...')
#2 /home/eventodigital/public_html/api_controlAccesos/system/Router/Router.php(175): CodeIgniter\Router\Router->autoRoute('OutputControlle...')
#3 /home/eventodigital/public_html/api_controlAccesos/system/CodeIgniter.php(726): CodeIgniter\Router\Router->handle('OutputControlle...')
#4 /home/eventodigital/public_html/api_controlAccesos/system/CodeIgniter.php(368): CodeIgniter\CodeIgniter->tryToRouteIt(Object(CodeIgniter\Router\RouteCollection))
#5 /home/eventodigital/public_html/api_controlAccesos/system/CodeIgniter.php(326): CodeIgniter\CodeIgniter->handleRequest(NULL, Object(Config\Cache), false)
#6 /home/eventodigital/public_html/api_controlAccesos/public/index.php(37): CodeIgniter\CodeIgniter->run()
#7 {main}
CRITICAL - 2022-05-16 10:46:27 --> vCard: invalid vCard
#0 /home/eventodigital/public_html/api_controlAccesos/app/Controllers/OutputController.php(64): vCard->__construct(false, 'BEGIN:VCARD\n\tVE...')
#1 /home/eventodigital/public_html/api_controlAccesos/system/Router/Router.php(518): include_once('/home/eventodig...')
#2 /home/eventodigital/public_html/api_controlAccesos/system/Router/Router.php(175): CodeIgniter\Router\Router->autoRoute('OutputControlle...')
#3 /home/eventodigital/public_html/api_controlAccesos/system/CodeIgniter.php(726): CodeIgniter\Router\Router->handle('OutputControlle...')
#4 /home/eventodigital/public_html/api_controlAccesos/system/CodeIgniter.php(368): CodeIgniter\CodeIgniter->tryToRouteIt(Object(CodeIgniter\Router\RouteCollection))
#5 /home/eventodigital/public_html/api_controlAccesos/system/CodeIgniter.php(326): CodeIgniter\CodeIgniter->handleRequest(NULL, Object(Config\Cache), false)
#6 /home/eventodigital/public_html/api_controlAccesos/public/index.php(37): CodeIgniter\CodeIgniter->run()
#7 {main}
CRITICAL - 2022-05-16 10:47:19 --> vCard: invalid vCard
#0 /home/eventodigital/public_html/api_controlAccesos/app/Controllers/OutputController.php(65): vCard->__construct(false, 'BEGIN:VCARD\n\tVE...')
#1 /home/eventodigital/public_html/api_controlAccesos/system/Router/Router.php(518): include_once('/home/eventodig...')
#2 /home/eventodigital/public_html/api_controlAccesos/system/Router/Router.php(175): CodeIgniter\Router\Router->autoRoute('OutputControlle...')
#3 /home/eventodigital/public_html/api_controlAccesos/system/CodeIgniter.php(726): CodeIgniter\Router\Router->handle('OutputControlle...')
#4 /home/eventodigital/public_html/api_controlAccesos/system/CodeIgniter.php(368): CodeIgniter\CodeIgniter->tryToRouteIt(Object(CodeIgniter\Router\RouteCollection))
#5 /home/eventodigital/public_html/api_controlAccesos/system/CodeIgniter.php(326): CodeIgniter\CodeIgniter->handleRequest(NULL, Object(Config\Cache), false)
#6 /home/eventodigital/public_html/api_controlAccesos/public/index.php(37): CodeIgniter\CodeIgniter->run()
#7 {main}
CRITICAL - 2022-05-16 10:47:51 --> vCard: invalid vCard
#0 /home/eventodigital/public_html/api_controlAccesos/app/Controllers/OutputController.php(66): vCard->__construct(false, 'BEGIN:VCARD\n\tVE...')
#1 /home/eventodigital/public_html/api_controlAccesos/system/Router/Router.php(518): include_once('/home/eventodig...')
#2 /home/eventodigital/public_html/api_controlAccesos/system/Router/Router.php(175): CodeIgniter\Router\Router->autoRoute('OutputControlle...')
#3 /home/eventodigital/public_html/api_controlAccesos/system/CodeIgniter.php(726): CodeIgniter\Router\Router->handle('OutputControlle...')
#4 /home/eventodigital/public_html/api_controlAccesos/system/CodeIgniter.php(368): CodeIgniter\CodeIgniter->tryToRouteIt(Object(CodeIgniter\Router\RouteCollection))
#5 /home/eventodigital/public_html/api_controlAccesos/system/CodeIgniter.php(326): CodeIgniter\CodeIgniter->handleRequest(NULL, Object(Config\Cache), false)
#6 /home/eventodigital/public_html/api_controlAccesos/public/index.php(37): CodeIgniter\CodeIgniter->run()
#7 {main}
CRITICAL - 2022-05-16 10:47:52 --> vCard: invalid vCard
#0 /home/eventodigital/public_html/api_controlAccesos/app/Controllers/OutputController.php(66): vCard->__construct(false, 'BEGIN:VCARD\n\tVE...')
#1 /home/eventodigital/public_html/api_controlAccesos/system/Router/Router.php(518): include_once('/home/eventodig...')
#2 /home/eventodigital/public_html/api_controlAccesos/system/Router/Router.php(175): CodeIgniter\Router\Router->autoRoute('OutputControlle...')
#3 /home/eventodigital/public_html/api_controlAccesos/system/CodeIgniter.php(726): CodeIgniter\Router\Router->handle('OutputControlle...')
#4 /home/eventodigital/public_html/api_controlAccesos/system/CodeIgniter.php(368): CodeIgniter\CodeIgniter->tryToRouteIt(Object(CodeIgniter\Router\RouteCollection))
#5 /home/eventodigital/public_html/api_controlAccesos/system/CodeIgniter.php(326): CodeIgniter\CodeIgniter->handleRequest(NULL, Object(Config\Cache), false)
#6 /home/eventodigital/public_html/api_controlAccesos/public/index.php(37): CodeIgniter\CodeIgniter->run()
#7 {main}
CRITICAL - 2022-05-16 10:48:08 --> vCard: invalid vCard
#0 /home/eventodigital/public_html/api_controlAccesos/app/Controllers/OutputController.php(66): vCard->__construct(false, 'BEGIN:VCARD\nVER...')
#1 /home/eventodigital/public_html/api_controlAccesos/system/Router/Router.php(518): include_once('/home/eventodig...')
#2 /home/eventodigital/public_html/api_controlAccesos/system/Router/Router.php(175): CodeIgniter\Router\Router->autoRoute('OutputControlle...')
#3 /home/eventodigital/public_html/api_controlAccesos/system/CodeIgniter.php(726): CodeIgniter\Router\Router->handle('OutputControlle...')
#4 /home/eventodigital/public_html/api_controlAccesos/system/CodeIgniter.php(368): CodeIgniter\CodeIgniter->tryToRouteIt(Object(CodeIgniter\Router\RouteCollection))
#5 /home/eventodigital/public_html/api_controlAccesos/system/CodeIgniter.php(326): CodeIgniter\CodeIgniter->handleRequest(NULL, Object(Config\Cache), false)
#6 /home/eventodigital/public_html/api_controlAccesos/public/index.php(37): CodeIgniter\CodeIgniter->run()
#7 {main}
CRITICAL - 2022-05-16 10:59:10 --> Too few arguments to function OutputvCard(), 0 passed in /home/eventodigital/public_html/api_controlAccesos/app/Controllers/OutputController.php on line 25 and exactly 1 expected
#0 /home/eventodigital/public_html/api_controlAccesos/app/Controllers/OutputController.php(25): OutputvCard()
#1 /home/eventodigital/public_html/api_controlAccesos/system/Router/Router.php(518): include_once('/home/eventodig...')
#2 /home/eventodigital/public_html/api_controlAccesos/system/Router/Router.php(175): CodeIgniter\Router\Router->autoRoute('OutputControlle...')
#3 /home/eventodigital/public_html/api_controlAccesos/system/CodeIgniter.php(726): CodeIgniter\Router\Router->handle('OutputControlle...')
#4 /home/eventodigital/public_html/api_controlAccesos/system/CodeIgniter.php(368): CodeIgniter\CodeIgniter->tryToRouteIt(Object(CodeIgniter\Router\RouteCollection))
#5 /home/eventodigital/public_html/api_controlAccesos/system/CodeIgniter.php(326): CodeIgniter\CodeIgniter->handleRequest(NULL, Object(Config\Cache), false)
#6 /home/eventodigital/public_html/api_controlAccesos/public/index.php(37): CodeIgniter\CodeIgniter->run()
#7 {main}
CRITICAL - 2022-05-16 10:59:11 --> Too few arguments to function OutputvCard(), 0 passed in /home/eventodigital/public_html/api_controlAccesos/app/Controllers/OutputController.php on line 25 and exactly 1 expected
#0 /home/eventodigital/public_html/api_controlAccesos/app/Controllers/OutputController.php(25): OutputvCard()
#1 /home/eventodigital/public_html/api_controlAccesos/system/Router/Router.php(518): include_once('/home/eventodig...')
#2 /home/eventodigital/public_html/api_controlAccesos/system/Router/Router.php(175): CodeIgniter\Router\Router->autoRoute('OutputControlle...')
#3 /home/eventodigital/public_html/api_controlAccesos/system/CodeIgniter.php(726): CodeIgniter\Router\Router->handle('OutputControlle...')
#4 /home/eventodigital/public_html/api_controlAccesos/system/CodeIgniter.php(368): CodeIgniter\CodeIgniter->tryToRouteIt(Object(CodeIgniter\Router\RouteCollection))
#5 /home/eventodigital/public_html/api_controlAccesos/system/CodeIgniter.php(326): CodeIgniter\CodeIgniter->handleRequest(NULL, Object(Config\Cache), false)
#6 /home/eventodigital/public_html/api_controlAccesos/public/index.php(37): CodeIgniter\CodeIgniter->run()
#7 {main}
CRITICAL - 2022-05-16 11:01:10 --> syntax error, unexpected 'require_once' (T_REQUIRE_ONCE), expecting function (T_FUNCTION) or const (T_CONST)
#0 /home/eventodigital/public_html/api_controlAccesos/system/Autoloader/Autoloader.php(241): CodeIgniter\Autoloader\Autoloader->includeFile('/home/eventodig...')
#1 /home/eventodigital/public_html/api_controlAccesos/system/Autoloader/Autoloader.php(219): CodeIgniter\Autoloader\Autoloader->loadInNamespace('App\\Controllers...')
#2 [internal function]: CodeIgniter\Autoloader\Autoloader->loadClass('App\\Controllers...')
#3 [internal function]: spl_autoload_call('App\\Controllers...')
#4 /home/eventodigital/public_html/api_controlAccesos/system/CodeIgniter.php(797): class_exists('\\App\\Controller...', true)
#5 /home/eventodigital/public_html/api_controlAccesos/system/CodeIgniter.php(406): CodeIgniter\CodeIgniter->startController()
#6 /home/eventodigital/public_html/api_controlAccesos/system/CodeIgniter.php(326): CodeIgniter\CodeIgniter->handleRequest(NULL, Object(Config\Cache), false)
#7 /home/eventodigital/public_html/api_controlAccesos/public/index.php(37): CodeIgniter\CodeIgniter->run()
#8 {main}
CRITICAL - 2022-05-16 11:01:14 --> syntax error, unexpected 'require_once' (T_REQUIRE_ONCE), expecting function (T_FUNCTION) or const (T_CONST)
#0 /home/eventodigital/public_html/api_controlAccesos/system/Autoloader/Autoloader.php(241): CodeIgniter\Autoloader\Autoloader->includeFile('/home/eventodig...')
#1 /home/eventodigital/public_html/api_controlAccesos/system/Autoloader/Autoloader.php(219): CodeIgniter\Autoloader\Autoloader->loadInNamespace('App\\Controllers...')
#2 [internal function]: CodeIgniter\Autoloader\Autoloader->loadClass('App\\Controllers...')
#3 [internal function]: spl_autoload_call('App\\Controllers...')
#4 /home/eventodigital/public_html/api_controlAccesos/system/CodeIgniter.php(797): class_exists('\\App\\Controller...', true)
#5 /home/eventodigital/public_html/api_controlAccesos/system/CodeIgniter.php(406): CodeIgniter\CodeIgniter->startController()
#6 /home/eventodigital/public_html/api_controlAccesos/system/CodeIgniter.php(326): CodeIgniter\CodeIgniter->handleRequest(NULL, Object(Config\Cache), false)
#7 /home/eventodigital/public_html/api_controlAccesos/public/index.php(37): CodeIgniter\CodeIgniter->run()
#8 {main}
CRITICAL - 2022-05-16 11:11:15 --> syntax error, unexpected 'require_once' (T_REQUIRE_ONCE), expecting function (T_FUNCTION) or const (T_CONST)
#0 /home/eventodigital/public_html/api_controlAccesos/system/Autoloader/Autoloader.php(241): CodeIgniter\Autoloader\Autoloader->includeFile('/home/eventodig...')
#1 /home/eventodigital/public_html/api_controlAccesos/system/Autoloader/Autoloader.php(219): CodeIgniter\Autoloader\Autoloader->loadInNamespace('App\\Controllers...')
#2 [internal function]: CodeIgniter\Autoloader\Autoloader->loadClass('App\\Controllers...')
#3 [internal function]: spl_autoload_call('App\\Controllers...')
#4 /home/eventodigital/public_html/api_controlAccesos/system/CodeIgniter.php(797): class_exists('\\App\\Controller...', true)
#5 /home/eventodigital/public_html/api_controlAccesos/system/CodeIgniter.php(406): CodeIgniter\CodeIgniter->startController()
#6 /home/eventodigital/public_html/api_controlAccesos/system/CodeIgniter.php(326): CodeIgniter\CodeIgniter->handleRequest(NULL, Object(Config\Cache), false)
#7 /home/eventodigital/public_html/api_controlAccesos/public/index.php(37): CodeIgniter\CodeIgniter->run()
#8 {main}
CRITICAL - 2022-05-16 11:11:17 --> syntax error, unexpected 'require_once' (T_REQUIRE_ONCE), expecting function (T_FUNCTION) or const (T_CONST)
#0 /home/eventodigital/public_html/api_controlAccesos/system/Autoloader/Autoloader.php(241): CodeIgniter\Autoloader\Autoloader->includeFile('/home/eventodig...')
#1 /home/eventodigital/public_html/api_controlAccesos/system/Autoloader/Autoloader.php(219): CodeIgniter\Autoloader\Autoloader->loadInNamespace('App\\Controllers...')
#2 [internal function]: CodeIgniter\Autoloader\Autoloader->loadClass('App\\Controllers...')
#3 [internal function]: spl_autoload_call('App\\Controllers...')
#4 /home/eventodigital/public_html/api_controlAccesos/system/CodeIgniter.php(797): class_exists('\\App\\Controller...', true)
#5 /home/eventodigital/public_html/api_controlAccesos/system/CodeIgniter.php(406): CodeIgniter\CodeIgniter->startController()
#6 /home/eventodigital/public_html/api_controlAccesos/system/CodeIgniter.php(326): CodeIgniter\CodeIgniter->handleRequest(NULL, Object(Config\Cache), false)
#7 /home/eventodigital/public_html/api_controlAccesos/public/index.php(37): CodeIgniter\CodeIgniter->run()
#8 {main}
CRITICAL - 2022-05-16 11:11:25 --> syntax error, unexpected 'require_once' (T_REQUIRE_ONCE), expecting function (T_FUNCTION) or const (T_CONST)
#0 /home/eventodigital/public_html/api_controlAccesos/system/Autoloader/Autoloader.php(241): CodeIgniter\Autoloader\Autoloader->includeFile('/home/eventodig...')
#1 /home/eventodigital/public_html/api_controlAccesos/system/Autoloader/Autoloader.php(219): CodeIgniter\Autoloader\Autoloader->loadInNamespace('App\\Controllers...')
#2 [internal function]: CodeIgniter\Autoloader\Autoloader->loadClass('App\\Controllers...')
#3 [internal function]: spl_autoload_call('App\\Controllers...')
#4 /home/eventodigital/public_html/api_controlAccesos/system/CodeIgniter.php(797): class_exists('\\App\\Controller...', true)
#5 /home/eventodigital/public_html/api_controlAccesos/system/CodeIgniter.php(406): CodeIgniter\CodeIgniter->startController()
#6 /home/eventodigital/public_html/api_controlAccesos/system/CodeIgniter.php(326): CodeIgniter\CodeIgniter->handleRequest(NULL, Object(Config\Cache), false)
#7 /home/eventodigital/public_html/api_controlAccesos/public/index.php(37): CodeIgniter\CodeIgniter->run()
#8 {main}
CRITICAL - 2022-05-16 11:11:27 --> syntax error, unexpected 'require_once' (T_REQUIRE_ONCE), expecting function (T_FUNCTION) or const (T_CONST)
#0 /home/eventodigital/public_html/api_controlAccesos/system/Autoloader/Autoloader.php(241): CodeIgniter\Autoloader\Autoloader->includeFile('/home/eventodig...')
#1 /home/eventodigital/public_html/api_controlAccesos/system/Autoloader/Autoloader.php(219): CodeIgniter\Autoloader\Autoloader->loadInNamespace('App\\Controllers...')
#2 [internal function]: CodeIgniter\Autoloader\Autoloader->loadClass('App\\Controllers...')
#3 [internal function]: spl_autoload_call('App\\Controllers...')
#4 /home/eventodigital/public_html/api_controlAccesos/system/CodeIgniter.php(797): class_exists('\\App\\Controller...', true)
#5 /home/eventodigital/public_html/api_controlAccesos/system/CodeIgniter.php(406): CodeIgniter\CodeIgniter->startController()
#6 /home/eventodigital/public_html/api_controlAccesos/system/CodeIgniter.php(326): CodeIgniter\CodeIgniter->handleRequest(NULL, Object(Config\Cache), false)
#7 /home/eventodigital/public_html/api_controlAccesos/public/index.php(37): CodeIgniter\CodeIgniter->run()
#8 {main}
CRITICAL - 2022-05-16 11:11:27 --> syntax error, unexpected 'require_once' (T_REQUIRE_ONCE), expecting function (T_FUNCTION) or const (T_CONST)
#0 /home/eventodigital/public_html/api_controlAccesos/system/Autoloader/Autoloader.php(241): CodeIgniter\Autoloader\Autoloader->includeFile('/home/eventodig...')
#1 /home/eventodigital/public_html/api_controlAccesos/system/Autoloader/Autoloader.php(219): CodeIgniter\Autoloader\Autoloader->loadInNamespace('App\\Controllers...')
#2 [internal function]: CodeIgniter\Autoloader\Autoloader->loadClass('App\\Controllers...')
#3 [internal function]: spl_autoload_call('App\\Controllers...')
#4 /home/eventodigital/public_html/api_controlAccesos/system/CodeIgniter.php(797): class_exists('\\App\\Controller...', true)
#5 /home/eventodigital/public_html/api_controlAccesos/system/CodeIgniter.php(406): CodeIgniter\CodeIgniter->startController()
#6 /home/eventodigital/public_html/api_controlAccesos/system/CodeIgniter.php(326): CodeIgniter\CodeIgniter->handleRequest(NULL, Object(Config\Cache), false)
#7 /home/eventodigital/public_html/api_controlAccesos/public/index.php(37): CodeIgniter\CodeIgniter->run()
#8 {main}
CRITICAL - 2022-05-16 11:11:27 --> syntax error, unexpected 'require_once' (T_REQUIRE_ONCE), expecting function (T_FUNCTION) or const (T_CONST)
#0 /home/eventodigital/public_html/api_controlAccesos/system/Autoloader/Autoloader.php(241): CodeIgniter\Autoloader\Autoloader->includeFile('/home/eventodig...')
#1 /home/eventodigital/public_html/api_controlAccesos/system/Autoloader/Autoloader.php(219): CodeIgniter\Autoloader\Autoloader->loadInNamespace('App\\Controllers...')
#2 [internal function]: CodeIgniter\Autoloader\Autoloader->loadClass('App\\Controllers...')
#3 [internal function]: spl_autoload_call('App\\Controllers...')
#4 /home/eventodigital/public_html/api_controlAccesos/system/CodeIgniter.php(797): class_exists('\\App\\Controller...', true)
#5 /home/eventodigital/public_html/api_controlAccesos/system/CodeIgniter.php(406): CodeIgniter\CodeIgniter->startController()
#6 /home/eventodigital/public_html/api_controlAccesos/system/CodeIgniter.php(326): CodeIgniter\CodeIgniter->handleRequest(NULL, Object(Config\Cache), false)
#7 /home/eventodigital/public_html/api_controlAccesos/public/index.php(37): CodeIgniter\CodeIgniter->run()
#8 {main}
CRITICAL - 2022-05-16 11:11:28 --> syntax error, unexpected 'require_once' (T_REQUIRE_ONCE), expecting function (T_FUNCTION) or const (T_CONST)
#0 /home/eventodigital/public_html/api_controlAccesos/system/Autoloader/Autoloader.php(241): CodeIgniter\Autoloader\Autoloader->includeFile('/home/eventodig...')
#1 /home/eventodigital/public_html/api_controlAccesos/system/Autoloader/Autoloader.php(219): CodeIgniter\Autoloader\Autoloader->loadInNamespace('App\\Controllers...')
#2 [internal function]: CodeIgniter\Autoloader\Autoloader->loadClass('App\\Controllers...')
#3 [internal function]: spl_autoload_call('App\\Controllers...')
#4 /home/eventodigital/public_html/api_controlAccesos/system/CodeIgniter.php(797): class_exists('\\App\\Controller...', true)
#5 /home/eventodigital/public_html/api_controlAccesos/system/CodeIgniter.php(406): CodeIgniter\CodeIgniter->startController()
#6 /home/eventodigital/public_html/api_controlAccesos/system/CodeIgniter.php(326): CodeIgniter\CodeIgniter->handleRequest(NULL, Object(Config\Cache), false)
#7 /home/eventodigital/public_html/api_controlAccesos/public/index.php(37): CodeIgniter\CodeIgniter->run()
#8 {main}
CRITICAL - 2022-05-16 11:11:28 --> syntax error, unexpected 'require_once' (T_REQUIRE_ONCE), expecting function (T_FUNCTION) or const (T_CONST)
#0 /home/eventodigital/public_html/api_controlAccesos/system/Autoloader/Autoloader.php(241): CodeIgniter\Autoloader\Autoloader->includeFile('/home/eventodig...')
#1 /home/eventodigital/public_html/api_controlAccesos/system/Autoloader/Autoloader.php(219): CodeIgniter\Autoloader\Autoloader->loadInNamespace('App\\Controllers...')
#2 [internal function]: CodeIgniter\Autoloader\Autoloader->loadClass('App\\Controllers...')
#3 [internal function]: spl_autoload_call('App\\Controllers...')
#4 /home/eventodigital/public_html/api_controlAccesos/system/CodeIgniter.php(797): class_exists('\\App\\Controller...', true)
#5 /home/eventodigital/public_html/api_controlAccesos/system/CodeIgniter.php(406): CodeIgniter\CodeIgniter->startController()
#6 /home/eventodigital/public_html/api_controlAccesos/system/CodeIgniter.php(326): CodeIgniter\CodeIgniter->handleRequest(NULL, Object(Config\Cache), false)
#7 /home/eventodigital/public_html/api_controlAccesos/public/index.php(37): CodeIgniter\CodeIgniter->run()
#8 {main}
CRITICAL - 2022-05-16 11:21:47 --> Class 'App\Controllers\vCard' not found
#0 /home/eventodigital/public_html/api_controlAccesos/system/CodeIgniter.php(832): App\Controllers\RestController->create()
#1 /home/eventodigital/public_html/api_controlAccesos/system/CodeIgniter.php(419): CodeIgniter\CodeIgniter->runController(Object(App\Controllers\RestController))
#2 /home/eventodigital/public_html/api_controlAccesos/system/CodeIgniter.php(326): CodeIgniter\CodeIgniter->handleRequest(NULL, Object(Config\Cache), false)
#3 /home/eventodigital/public_html/api_controlAccesos/public/index.php(37): CodeIgniter\CodeIgniter->run()
#4 {main}
CRITICAL - 2022-05-16 11:22:43 --> Class 'App\Controllers\vCard' not found
#0 /home/eventodigital/public_html/api_controlAccesos/system/CodeIgniter.php(832): App\Controllers\RestController->create()
#1 /home/eventodigital/public_html/api_controlAccesos/system/CodeIgniter.php(419): CodeIgniter\CodeIgniter->runController(Object(App\Controllers\RestController))
#2 /home/eventodigital/public_html/api_controlAccesos/system/CodeIgniter.php(326): CodeIgniter\CodeIgniter->handleRequest(NULL, Object(Config\Cache), false)
#3 /home/eventodigital/public_html/api_controlAccesos/public/index.php(37): CodeIgniter\CodeIgniter->run()
#4 {main}
CRITICAL - 2022-05-16 11:24:01 --> Class 'App\Controllers\vCard' not found
#0 /home/eventodigital/public_html/api_controlAccesos/system/CodeIgniter.php(832): App\Controllers\RestController->create()
#1 /home/eventodigital/public_html/api_controlAccesos/system/CodeIgniter.php(419): CodeIgniter\CodeIgniter->runController(Object(App\Controllers\RestController))
#2 /home/eventodigital/public_html/api_controlAccesos/system/CodeIgniter.php(326): CodeIgniter\CodeIgniter->handleRequest(NULL, Object(Config\Cache), false)
#3 /home/eventodigital/public_html/api_controlAccesos/public/index.php(37): CodeIgniter\CodeIgniter->run()
#4 {main}
CRITICAL - 2022-05-16 11:24:51 --> Class 'App\Controllers\vCard' not found
#0 /home/eventodigital/public_html/api_controlAccesos/system/CodeIgniter.php(832): App\Controllers\RestController->create()
#1 /home/eventodigital/public_html/api_controlAccesos/system/CodeIgniter.php(419): CodeIgniter\CodeIgniter->runController(Object(App\Controllers\RestController))
#2 /home/eventodigital/public_html/api_controlAccesos/system/CodeIgniter.php(326): CodeIgniter\CodeIgniter->handleRequest(NULL, Object(Config\Cache), false)
#3 /home/eventodigital/public_html/api_controlAccesos/public/index.php(37): CodeIgniter\CodeIgniter->run()
#4 {main}
CRITICAL - 2022-05-16 11:25:21 --> Class 'App\Controllers\vCard' not found
#0 /home/eventodigital/public_html/api_controlAccesos/system/CodeIgniter.php(832): App\Controllers\RestController->create()
#1 /home/eventodigital/public_html/api_controlAccesos/system/CodeIgniter.php(419): CodeIgniter\CodeIgniter->runController(Object(App\Controllers\RestController))
#2 /home/eventodigital/public_html/api_controlAccesos/system/CodeIgniter.php(326): CodeIgniter\CodeIgniter->handleRequest(NULL, Object(Config\Cache), false)
#3 /home/eventodigital/public_html/api_controlAccesos/public/index.php(37): CodeIgniter\CodeIgniter->run()
#4 {main}
CRITICAL - 2022-05-16 11:26:28 --> Class 'App\Controllers\vCard' not found
#0 /home/eventodigital/public_html/api_controlAccesos/system/CodeIgniter.php(832): App\Controllers\RestController->create()
#1 /home/eventodigital/public_html/api_controlAccesos/system/CodeIgniter.php(419): CodeIgniter\CodeIgniter->runController(Object(App\Controllers\RestController))
#2 /home/eventodigital/public_html/api_controlAccesos/system/CodeIgniter.php(326): CodeIgniter\CodeIgniter->handleRequest(NULL, Object(Config\Cache), false)
#3 /home/eventodigital/public_html/api_controlAccesos/public/index.php(37): CodeIgniter\CodeIgniter->run()
#4 {main}
CRITICAL - 2022-05-16 11:28:11 --> Class 'App\Libraries\Vcard' not found
#0 /home/eventodigital/public_html/api_controlAccesos/system/CodeIgniter.php(832): App\Controllers\RestController->create()
#1 /home/eventodigital/public_html/api_controlAccesos/system/CodeIgniter.php(419): CodeIgniter\CodeIgniter->runController(Object(App\Controllers\RestController))
#2 /home/eventodigital/public_html/api_controlAccesos/system/CodeIgniter.php(326): CodeIgniter\CodeIgniter->handleRequest(NULL, Object(Config\Cache), false)
#3 /home/eventodigital/public_html/api_controlAccesos/public/index.php(37): CodeIgniter\CodeIgniter->run()
#4 {main}
CRITICAL - 2022-05-16 11:30:08 --> Class 'App\Libraries\Vcard' not found
#0 /home/eventodigital/public_html/api_controlAccesos/system/CodeIgniter.php(832): App\Controllers\RestController->create()
#1 /home/eventodigital/public_html/api_controlAccesos/system/CodeIgniter.php(419): CodeIgniter\CodeIgniter->runController(Object(App\Controllers\RestController))
#2 /home/eventodigital/public_html/api_controlAccesos/system/CodeIgniter.php(326): CodeIgniter\CodeIgniter->handleRequest(NULL, Object(Config\Cache), false)
#3 /home/eventodigital/public_html/api_controlAccesos/public/index.php(37): CodeIgniter\CodeIgniter->run()
#4 {main}
CRITICAL - 2022-05-16 11:30:50 --> Class 'App\Libraries\Vcard' not found
#0 /home/eventodigital/public_html/api_controlAccesos/system/CodeIgniter.php(832): App\Controllers\RestController->create()
#1 /home/eventodigital/public_html/api_controlAccesos/system/CodeIgniter.php(419): CodeIgniter\CodeIgniter->runController(Object(App\Controllers\RestController))
#2 /home/eventodigital/public_html/api_controlAccesos/system/CodeIgniter.php(326): CodeIgniter\CodeIgniter->handleRequest(NULL, Object(Config\Cache), false)
#3 /home/eventodigital/public_html/api_controlAccesos/public/index.php(37): CodeIgniter\CodeIgniter->run()
#4 {main}
CRITICAL - 2022-05-16 11:31:34 --> Class 'App\Libraries\Vcard' not found
#0 /home/eventodigital/public_html/api_controlAccesos/system/CodeIgniter.php(832): App\Controllers\RestController->create()
#1 /home/eventodigital/public_html/api_controlAccesos/system/CodeIgniter.php(419): CodeIgniter\CodeIgniter->runController(Object(App\Controllers\RestController))
#2 /home/eventodigital/public_html/api_controlAccesos/system/CodeIgniter.php(326): CodeIgniter\CodeIgniter->handleRequest(NULL, Object(Config\Cache), false)
#3 /home/eventodigital/public_html/api_controlAccesos/public/index.php(37): CodeIgniter\CodeIgniter->run()
#4 {main}
CRITICAL - 2022-05-16 11:32:02 --> Class 'App\Libraries\Vcard' not found
#0 /home/eventodigital/public_html/api_controlAccesos/system/CodeIgniter.php(832): App\Controllers\RestController->create()
#1 /home/eventodigital/public_html/api_controlAccesos/system/CodeIgniter.php(419): CodeIgniter\CodeIgniter->runController(Object(App\Controllers\RestController))
#2 /home/eventodigital/public_html/api_controlAccesos/system/CodeIgniter.php(326): CodeIgniter\CodeIgniter->handleRequest(NULL, Object(Config\Cache), false)
#3 /home/eventodigital/public_html/api_controlAccesos/public/index.php(37): CodeIgniter\CodeIgniter->run()
#4 {main}
CRITICAL - 2022-05-16 11:36:32 --> Class 'App\Libraries\Vcard' not found
#0 /home/eventodigital/public_html/api_controlAccesos/system/CodeIgniter.php(832): App\Controllers\RestController->create()
#1 /home/eventodigital/public_html/api_controlAccesos/system/CodeIgniter.php(419): CodeIgniter\CodeIgniter->runController(Object(App\Controllers\RestController))
#2 /home/eventodigital/public_html/api_controlAccesos/system/CodeIgniter.php(326): CodeIgniter\CodeIgniter->handleRequest(NULL, Object(Config\Cache), false)
#3 /home/eventodigital/public_html/api_controlAccesos/public/index.php(37): CodeIgniter\CodeIgniter->run()
#4 {main}
CRITICAL - 2022-05-16 11:38:03 --> Class 'App\Libraries\Vcard' not found
#0 /home/eventodigital/public_html/api_controlAccesos/system/CodeIgniter.php(832): App\Controllers\RestController->create()
#1 /home/eventodigital/public_html/api_controlAccesos/system/CodeIgniter.php(419): CodeIgniter\CodeIgniter->runController(Object(App\Controllers\RestController))
#2 /home/eventodigital/public_html/api_controlAccesos/system/CodeIgniter.php(326): CodeIgniter\CodeIgniter->handleRequest(NULL, Object(Config\Cache), false)
#3 /home/eventodigital/public_html/api_controlAccesos/public/index.php(37): CodeIgniter\CodeIgniter->run()
#4 {main}
CRITICAL - 2022-05-16 11:39:13 --> Class 'App\Libraries\Vcard' not found
#0 /home/eventodigital/public_html/api_controlAccesos/system/CodeIgniter.php(832): App\Controllers\RestController->create()
#1 /home/eventodigital/public_html/api_controlAccesos/system/CodeIgniter.php(419): CodeIgniter\CodeIgniter->runController(Object(App\Controllers\RestController))
#2 /home/eventodigital/public_html/api_controlAccesos/system/CodeIgniter.php(326): CodeIgniter\CodeIgniter->handleRequest(NULL, Object(Config\Cache), false)
#3 /home/eventodigital/public_html/api_controlAccesos/public/index.php(37): CodeIgniter\CodeIgniter->run()
#4 {main}
CRITICAL - 2022-05-16 11:41:07 --> Class 'App\Libraries\Vcard' not found
#0 /home/eventodigital/public_html/api_controlAccesos/system/CodeIgniter.php(832): App\Controllers\RestController->create()
#1 /home/eventodigital/public_html/api_controlAccesos/system/CodeIgniter.php(419): CodeIgniter\CodeIgniter->runController(Object(App\Controllers\RestController))
#2 /home/eventodigital/public_html/api_controlAccesos/system/CodeIgniter.php(326): CodeIgniter\CodeIgniter->handleRequest(NULL, Object(Config\Cache), false)
#3 /home/eventodigital/public_html/api_controlAccesos/public/index.php(37): CodeIgniter\CodeIgniter->run()
#4 {main}
CRITICAL - 2022-05-16 11:41:15 --> Class 'App\Libraries\Vcard' not found
#0 /home/eventodigital/public_html/api_controlAccesos/system/CodeIgniter.php(832): App\Controllers\RestController->create()
#1 /home/eventodigital/public_html/api_controlAccesos/system/CodeIgniter.php(419): CodeIgniter\CodeIgniter->runController(Object(App\Controllers\RestController))
#2 /home/eventodigital/public_html/api_controlAccesos/system/CodeIgniter.php(326): CodeIgniter\CodeIgniter->handleRequest(NULL, Object(Config\Cache), false)
#3 /home/eventodigital/public_html/api_controlAccesos/public/index.php(37): CodeIgniter\CodeIgniter->run()
#4 {main}
CRITICAL - 2022-05-16 11:41:20 --> Class 'App\Libraries\Vcard' not found
#0 /home/eventodigital/public_html/api_controlAccesos/system/CodeIgniter.php(832): App\Controllers\RestController->create()
#1 /home/eventodigital/public_html/api_controlAccesos/system/CodeIgniter.php(419): CodeIgniter\CodeIgniter->runController(Object(App\Controllers\RestController))
#2 /home/eventodigital/public_html/api_controlAccesos/system/CodeIgniter.php(326): CodeIgniter\CodeIgniter->handleRequest(NULL, Object(Config\Cache), false)
#3 /home/eventodigital/public_html/api_controlAccesos/public/index.php(37): CodeIgniter\CodeIgniter->run()
#4 {main}
CRITICAL - 2022-05-16 11:42:59 --> Class 'App\Libraries\Vcard' not found
#0 /home/eventodigital/public_html/api_controlAccesos/system/CodeIgniter.php(832): App\Controllers\RestController->create()
#1 /home/eventodigital/public_html/api_controlAccesos/system/CodeIgniter.php(419): CodeIgniter\CodeIgniter->runController(Object(App\Controllers\RestController))
#2 /home/eventodigital/public_html/api_controlAccesos/system/CodeIgniter.php(326): CodeIgniter\CodeIgniter->handleRequest(NULL, Object(Config\Cache), false)
#3 /home/eventodigital/public_html/api_controlAccesos/public/index.php(37): CodeIgniter\CodeIgniter->run()
#4 {main}
CRITICAL - 2022-05-16 11:43:05 --> Class 'App\Libraries\Vcard' not found
#0 /home/eventodigital/public_html/api_controlAccesos/system/CodeIgniter.php(832): App\Controllers\RestController->create()
#1 /home/eventodigital/public_html/api_controlAccesos/system/CodeIgniter.php(419): CodeIgniter\CodeIgniter->runController(Object(App\Controllers\RestController))
#2 /home/eventodigital/public_html/api_controlAccesos/system/CodeIgniter.php(326): CodeIgniter\CodeIgniter->handleRequest(NULL, Object(Config\Cache), false)
#3 /home/eventodigital/public_html/api_controlAccesos/public/index.php(37): CodeIgniter\CodeIgniter->run()
#4 {main}
CRITICAL - 2022-05-16 11:45:58 --> Class 'App\Libraries\Vcard' not found
#0 /home/eventodigital/public_html/api_controlAccesos/system/CodeIgniter.php(832): App\Controllers\RestController->create()
#1 /home/eventodigital/public_html/api_controlAccesos/system/CodeIgniter.php(419): CodeIgniter\CodeIgniter->runController(Object(App\Controllers\RestController))
#2 /home/eventodigital/public_html/api_controlAccesos/system/CodeIgniter.php(326): CodeIgniter\CodeIgniter->handleRequest(NULL, Object(Config\Cache), false)
#3 /home/eventodigital/public_html/api_controlAccesos/public/index.php(37): CodeIgniter\CodeIgniter->run()
#4 {main}
CRITICAL - 2022-05-16 12:21:31 --> Class 'App\Libraries\VCard' not found
#0 /home/eventodigital/public_html/api_controlAccesos/system/CodeIgniter.php(832): App\Controllers\RestController->create()
#1 /home/eventodigital/public_html/api_controlAccesos/system/CodeIgniter.php(419): CodeIgniter\CodeIgniter->runController(Object(App\Controllers\RestController))
#2 /home/eventodigital/public_html/api_controlAccesos/system/CodeIgniter.php(326): CodeIgniter\CodeIgniter->handleRequest(NULL, Object(Config\Cache), false)
#3 /home/eventodigital/public_html/api_controlAccesos/public/index.php(37): CodeIgniter\CodeIgniter->run()
#4 {main}
CRITICAL - 2022-05-16 12:21:36 --> Class 'App\Libraries\VCard' not found
#0 /home/eventodigital/public_html/api_controlAccesos/system/CodeIgniter.php(832): App\Controllers\RestController->create()
#1 /home/eventodigital/public_html/api_controlAccesos/system/CodeIgniter.php(419): CodeIgniter\CodeIgniter->runController(Object(App\Controllers\RestController))
#2 /home/eventodigital/public_html/api_controlAccesos/system/CodeIgniter.php(326): CodeIgniter\CodeIgniter->handleRequest(NULL, Object(Config\Cache), false)
#3 /home/eventodigital/public_html/api_controlAccesos/public/index.php(37): CodeIgniter\CodeIgniter->run()
#4 {main}
CRITICAL - 2022-05-16 12:22:31 --> Class 'App\Libraries\VCard' not found
#0 /home/eventodigital/public_html/api_controlAccesos/system/CodeIgniter.php(832): App\Controllers\RestController->create()
#1 /home/eventodigital/public_html/api_controlAccesos/system/CodeIgniter.php(419): CodeIgniter\CodeIgniter->runController(Object(App\Controllers\RestController))
#2 /home/eventodigital/public_html/api_controlAccesos/system/CodeIgniter.php(326): CodeIgniter\CodeIgniter->handleRequest(NULL, Object(Config\Cache), false)
#3 /home/eventodigital/public_html/api_controlAccesos/public/index.php(37): CodeIgniter\CodeIgniter->run()
#4 {main}
CRITICAL - 2022-05-16 12:22:33 --> Class 'App\Libraries\VCard' not found
#0 /home/eventodigital/public_html/api_controlAccesos/system/CodeIgniter.php(832): App\Controllers\RestController->create()
#1 /home/eventodigital/public_html/api_controlAccesos/system/CodeIgniter.php(419): CodeIgniter\CodeIgniter->runController(Object(App\Controllers\RestController))
#2 /home/eventodigital/public_html/api_controlAccesos/system/CodeIgniter.php(326): CodeIgniter\CodeIgniter->handleRequest(NULL, Object(Config\Cache), false)
#3 /home/eventodigital/public_html/api_controlAccesos/public/index.php(37): CodeIgniter\CodeIgniter->run()
#4 {main}
CRITICAL - 2022-05-16 12:22:47 --> Class 'App\Libraries\VCard' not found
#0 /home/eventodigital/public_html/api_controlAccesos/system/CodeIgniter.php(832): App\Controllers\RestController->create()
#1 /home/eventodigital/public_html/api_controlAccesos/system/CodeIgniter.php(419): CodeIgniter\CodeIgniter->runController(Object(App\Controllers\RestController))
#2 /home/eventodigital/public_html/api_controlAccesos/system/CodeIgniter.php(326): CodeIgniter\CodeIgniter->handleRequest(NULL, Object(Config\Cache), false)
#3 /home/eventodigital/public_html/api_controlAccesos/public/index.php(37): CodeIgniter\CodeIgniter->run()
#4 {main}
CRITICAL - 2022-05-16 12:24:06 --> Class 'App\Libraries\vCard' not found
#0 /home/eventodigital/public_html/api_controlAccesos/system/CodeIgniter.php(832): App\Controllers\RestController->create()
#1 /home/eventodigital/public_html/api_controlAccesos/system/CodeIgniter.php(419): CodeIgniter\CodeIgniter->runController(Object(App\Controllers\RestController))
#2 /home/eventodigital/public_html/api_controlAccesos/system/CodeIgniter.php(326): CodeIgniter\CodeIgniter->handleRequest(NULL, Object(Config\Cache), false)
#3 /home/eventodigital/public_html/api_controlAccesos/public/index.php(37): CodeIgniter\CodeIgniter->run()
#4 {main}
CRITICAL - 2022-05-16 12:24:11 --> Class 'App\Libraries\vCard' not found
#0 /home/eventodigital/public_html/api_controlAccesos/system/CodeIgniter.php(832): App\Controllers\RestController->create()
#1 /home/eventodigital/public_html/api_controlAccesos/system/CodeIgniter.php(419): CodeIgniter\CodeIgniter->runController(Object(App\Controllers\RestController))
#2 /home/eventodigital/public_html/api_controlAccesos/system/CodeIgniter.php(326): CodeIgniter\CodeIgniter->handleRequest(NULL, Object(Config\Cache), false)
#3 /home/eventodigital/public_html/api_controlAccesos/public/index.php(37): CodeIgniter\CodeIgniter->run()
#4 {main}
CRITICAL - 2022-05-16 12:25:24 --> Class 'App\Libraries\vCard' not found
#0 /home/eventodigital/public_html/api_controlAccesos/system/CodeIgniter.php(832): App\Controllers\RestController->create()
#1 /home/eventodigital/public_html/api_controlAccesos/system/CodeIgniter.php(419): CodeIgniter\CodeIgniter->runController(Object(App\Controllers\RestController))
#2 /home/eventodigital/public_html/api_controlAccesos/system/CodeIgniter.php(326): CodeIgniter\CodeIgniter->handleRequest(NULL, Object(Config\Cache), false)
#3 /home/eventodigital/public_html/api_controlAccesos/public/index.php(37): CodeIgniter\CodeIgniter->run()
#4 {main}
CRITICAL - 2022-05-16 12:25:31 --> Class 'App\Libraries\vCard' not found
#0 /home/eventodigital/public_html/api_controlAccesos/system/CodeIgniter.php(832): App\Controllers\RestController->create()
#1 /home/eventodigital/public_html/api_controlAccesos/system/CodeIgniter.php(419): CodeIgniter\CodeIgniter->runController(Object(App\Controllers\RestController))
#2 /home/eventodigital/public_html/api_controlAccesos/system/CodeIgniter.php(326): CodeIgniter\CodeIgniter->handleRequest(NULL, Object(Config\Cache), false)
#3 /home/eventodigital/public_html/api_controlAccesos/public/index.php(37): CodeIgniter\CodeIgniter->run()
#4 {main}
CRITICAL - 2022-05-16 12:25:43 --> Class 'App\Libraries\vCard' not found
#0 /home/eventodigital/public_html/api_controlAccesos/system/CodeIgniter.php(832): App\Controllers\RestController->create()
#1 /home/eventodigital/public_html/api_controlAccesos/system/CodeIgniter.php(419): CodeIgniter\CodeIgniter->runController(Object(App\Controllers\RestController))
#2 /home/eventodigital/public_html/api_controlAccesos/system/CodeIgniter.php(326): CodeIgniter\CodeIgniter->handleRequest(NULL, Object(Config\Cache), false)
#3 /home/eventodigital/public_html/api_controlAccesos/public/index.php(37): CodeIgniter\CodeIgniter->run()
#4 {main}
CRITICAL - 2022-05-16 12:27:50 --> Class 'App\Libraries\vCard' not found
#0 /home/eventodigital/public_html/api_controlAccesos/system/CodeIgniter.php(832): App\Controllers\RestController->create()
#1 /home/eventodigital/public_html/api_controlAccesos/system/CodeIgniter.php(419): CodeIgniter\CodeIgniter->runController(Object(App\Controllers\RestController))
#2 /home/eventodigital/public_html/api_controlAccesos/system/CodeIgniter.php(326): CodeIgniter\CodeIgniter->handleRequest(NULL, Object(Config\Cache), false)
#3 /home/eventodigital/public_html/api_controlAccesos/public/index.php(37): CodeIgniter\CodeIgniter->run()
#4 {main}
CRITICAL - 2022-05-16 12:27:54 --> Class 'App\Libraries\vCard' not found
#0 /home/eventodigital/public_html/api_controlAccesos/system/CodeIgniter.php(832): App\Controllers\RestController->create()
#1 /home/eventodigital/public_html/api_controlAccesos/system/CodeIgniter.php(419): CodeIgniter\CodeIgniter->runController(Object(App\Controllers\RestController))
#2 /home/eventodigital/public_html/api_controlAccesos/system/CodeIgniter.php(326): CodeIgniter\CodeIgniter->handleRequest(NULL, Object(Config\Cache), false)
#3 /home/eventodigital/public_html/api_controlAccesos/public/index.php(37): CodeIgniter\CodeIgniter->run()
#4 {main}
CRITICAL - 2022-05-16 12:27:57 --> Class 'App\Libraries\vCard' not found
#0 /home/eventodigital/public_html/api_controlAccesos/system/CodeIgniter.php(832): App\Controllers\RestController->create()
#1 /home/eventodigital/public_html/api_controlAccesos/system/CodeIgniter.php(419): CodeIgniter\CodeIgniter->runController(Object(App\Controllers\RestController))
#2 /home/eventodigital/public_html/api_controlAccesos/system/CodeIgniter.php(326): CodeIgniter\CodeIgniter->handleRequest(NULL, Object(Config\Cache), false)
#3 /home/eventodigital/public_html/api_controlAccesos/public/index.php(37): CodeIgniter\CodeIgniter->run()
#4 {main}
CRITICAL - 2022-05-16 12:27:59 --> Class 'App\Libraries\vCard' not found
#0 /home/eventodigital/public_html/api_controlAccesos/system/CodeIgniter.php(832): App\Controllers\RestController->create()
#1 /home/eventodigital/public_html/api_controlAccesos/system/CodeIgniter.php(419): CodeIgniter\CodeIgniter->runController(Object(App\Controllers\RestController))
#2 /home/eventodigital/public_html/api_controlAccesos/system/CodeIgniter.php(326): CodeIgniter\CodeIgniter->handleRequest(NULL, Object(Config\Cache), false)
#3 /home/eventodigital/public_html/api_controlAccesos/public/index.php(37): CodeIgniter\CodeIgniter->run()
#4 {main}
CRITICAL - 2022-05-16 12:28:46 --> Class 'App\Libraries\vCard' not found
#0 /home/eventodigital/public_html/api_controlAccesos/system/CodeIgniter.php(832): App\Controllers\RestController->create()
#1 /home/eventodigital/public_html/api_controlAccesos/system/CodeIgniter.php(419): CodeIgniter\CodeIgniter->runController(Object(App\Controllers\RestController))
#2 /home/eventodigital/public_html/api_controlAccesos/system/CodeIgniter.php(326): CodeIgniter\CodeIgniter->handleRequest(NULL, Object(Config\Cache), false)
#3 /home/eventodigital/public_html/api_controlAccesos/public/index.php(37): CodeIgniter\CodeIgniter->run()
#4 {main}
CRITICAL - 2022-05-16 12:29:58 --> Class 'App\Libraries\Vcard' not found
#0 /home/eventodigital/public_html/api_controlAccesos/system/CodeIgniter.php(832): App\Controllers\RestController->create()
#1 /home/eventodigital/public_html/api_controlAccesos/system/CodeIgniter.php(419): CodeIgniter\CodeIgniter->runController(Object(App\Controllers\RestController))
#2 /home/eventodigital/public_html/api_controlAccesos/system/CodeIgniter.php(326): CodeIgniter\CodeIgniter->handleRequest(NULL, Object(Config\Cache), false)
#3 /home/eventodigital/public_html/api_controlAccesos/public/index.php(37): CodeIgniter\CodeIgniter->run()
#4 {main}
CRITICAL - 2022-05-16 12:29:59 --> Class 'App\Libraries\Vcard' not found
#0 /home/eventodigital/public_html/api_controlAccesos/system/CodeIgniter.php(832): App\Controllers\RestController->create()
#1 /home/eventodigital/public_html/api_controlAccesos/system/CodeIgniter.php(419): CodeIgniter\CodeIgniter->runController(Object(App\Controllers\RestController))
#2 /home/eventodigital/public_html/api_controlAccesos/system/CodeIgniter.php(326): CodeIgniter\CodeIgniter->handleRequest(NULL, Object(Config\Cache), false)
#3 /home/eventodigital/public_html/api_controlAccesos/public/index.php(37): CodeIgniter\CodeIgniter->run()
#4 {main}
CRITICAL - 2022-05-16 12:30:17 --> Class 'App\Libraries\Vcard' not found
#0 /home/eventodigital/public_html/api_controlAccesos/system/CodeIgniter.php(832): App\Controllers\RestController->create()
#1 /home/eventodigital/public_html/api_controlAccesos/system/CodeIgniter.php(419): CodeIgniter\CodeIgniter->runController(Object(App\Controllers\RestController))
#2 /home/eventodigital/public_html/api_controlAccesos/system/CodeIgniter.php(326): CodeIgniter\CodeIgniter->handleRequest(NULL, Object(Config\Cache), false)
#3 /home/eventodigital/public_html/api_controlAccesos/public/index.php(37): CodeIgniter\CodeIgniter->run()
#4 {main}
CRITICAL - 2022-05-16 12:30:18 --> Class 'App\Libraries\Vcard' not found
#0 /home/eventodigital/public_html/api_controlAccesos/system/CodeIgniter.php(832): App\Controllers\RestController->create()
#1 /home/eventodigital/public_html/api_controlAccesos/system/CodeIgniter.php(419): CodeIgniter\CodeIgniter->runController(Object(App\Controllers\RestController))
#2 /home/eventodigital/public_html/api_controlAccesos/system/CodeIgniter.php(326): CodeIgniter\CodeIgniter->handleRequest(NULL, Object(Config\Cache), false)
#3 /home/eventodigital/public_html/api_controlAccesos/public/index.php(37): CodeIgniter\CodeIgniter->run()
#4 {main}
CRITICAL - 2022-05-16 12:31:30 --> Class 'App\Libraries\Vcard\vCard' not found
#0 /home/eventodigital/public_html/api_controlAccesos/system/CodeIgniter.php(832): App\Controllers\RestController->create()
#1 /home/eventodigital/public_html/api_controlAccesos/system/CodeIgniter.php(419): CodeIgniter\CodeIgniter->runController(Object(App\Controllers\RestController))
#2 /home/eventodigital/public_html/api_controlAccesos/system/CodeIgniter.php(326): CodeIgniter\CodeIgniter->handleRequest(NULL, Object(Config\Cache), false)
#3 /home/eventodigital/public_html/api_controlAccesos/public/index.php(37): CodeIgniter\CodeIgniter->run()
#4 {main}
CRITICAL - 2022-05-16 12:31:31 --> Class 'App\Libraries\Vcard\vCard' not found
#0 /home/eventodigital/public_html/api_controlAccesos/system/CodeIgniter.php(832): App\Controllers\RestController->create()
#1 /home/eventodigital/public_html/api_controlAccesos/system/CodeIgniter.php(419): CodeIgniter\CodeIgniter->runController(Object(App\Controllers\RestController))
#2 /home/eventodigital/public_html/api_controlAccesos/system/CodeIgniter.php(326): CodeIgniter\CodeIgniter->handleRequest(NULL, Object(Config\Cache), false)
#3 /home/eventodigital/public_html/api_controlAccesos/public/index.php(37): CodeIgniter\CodeIgniter->run()
#4 {main}
CRITICAL - 2022-05-16 12:31:33 --> Class 'App\Libraries\Vcard\vCard' not found
#0 /home/eventodigital/public_html/api_controlAccesos/system/CodeIgniter.php(832): App\Controllers\RestController->create()
#1 /home/eventodigital/public_html/api_controlAccesos/system/CodeIgniter.php(419): CodeIgniter\CodeIgniter->runController(Object(App\Controllers\RestController))
#2 /home/eventodigital/public_html/api_controlAccesos/system/CodeIgniter.php(326): CodeIgniter\CodeIgniter->handleRequest(NULL, Object(Config\Cache), false)
#3 /home/eventodigital/public_html/api_controlAccesos/public/index.php(37): CodeIgniter\CodeIgniter->run()
#4 {main}
CRITICAL - 2022-05-16 12:37:13 --> Class 'App\Helpers\Vcard\vCard' not found
#0 /home/eventodigital/public_html/api_controlAccesos/system/CodeIgniter.php(832): App\Controllers\RestController->create()
#1 /home/eventodigital/public_html/api_controlAccesos/system/CodeIgniter.php(419): CodeIgniter\CodeIgniter->runController(Object(App\Controllers\RestController))
#2 /home/eventodigital/public_html/api_controlAccesos/system/CodeIgniter.php(326): CodeIgniter\CodeIgniter->handleRequest(NULL, Object(Config\Cache), false)
#3 /home/eventodigital/public_html/api_controlAccesos/public/index.php(37): CodeIgniter\CodeIgniter->run()
#4 {main}
CRITICAL - 2022-05-16 12:37:14 --> Class 'App\Helpers\Vcard\vCard' not found
#0 /home/eventodigital/public_html/api_controlAccesos/system/CodeIgniter.php(832): App\Controllers\RestController->create()
#1 /home/eventodigital/public_html/api_controlAccesos/system/CodeIgniter.php(419): CodeIgniter\CodeIgniter->runController(Object(App\Controllers\RestController))
#2 /home/eventodigital/public_html/api_controlAccesos/system/CodeIgniter.php(326): CodeIgniter\CodeIgniter->handleRequest(NULL, Object(Config\Cache), false)
#3 /home/eventodigital/public_html/api_controlAccesos/public/index.php(37): CodeIgniter\CodeIgniter->run()
#4 {main}
CRITICAL - 2022-05-16 12:37:24 --> Class 'App\Helpers\vCard' not found
#0 /home/eventodigital/public_html/api_controlAccesos/system/CodeIgniter.php(832): App\Controllers\RestController->create()
#1 /home/eventodigital/public_html/api_controlAccesos/system/CodeIgniter.php(419): CodeIgniter\CodeIgniter->runController(Object(App\Controllers\RestController))
#2 /home/eventodigital/public_html/api_controlAccesos/system/CodeIgniter.php(326): CodeIgniter\CodeIgniter->handleRequest(NULL, Object(Config\Cache), false)
#3 /home/eventodigital/public_html/api_controlAccesos/public/index.php(37): CodeIgniter\CodeIgniter->run()
#4 {main}
CRITICAL - 2022-05-16 12:37:25 --> Class 'App\Helpers\vCard' not found
#0 /home/eventodigital/public_html/api_controlAccesos/system/CodeIgniter.php(832): App\Controllers\RestController->create()
#1 /home/eventodigital/public_html/api_controlAccesos/system/CodeIgniter.php(419): CodeIgniter\CodeIgniter->runController(Object(App\Controllers\RestController))
#2 /home/eventodigital/public_html/api_controlAccesos/system/CodeIgniter.php(326): CodeIgniter\CodeIgniter->handleRequest(NULL, Object(Config\Cache), false)
#3 /home/eventodigital/public_html/api_controlAccesos/public/index.php(37): CodeIgniter\CodeIgniter->run()
#4 {main}
CRITICAL - 2022-05-16 12:37:35 --> Class 'App\Helpers\Vcard' not found
#0 /home/eventodigital/public_html/api_controlAccesos/system/CodeIgniter.php(832): App\Controllers\RestController->create()
#1 /home/eventodigital/public_html/api_controlAccesos/system/CodeIgniter.php(419): CodeIgniter\CodeIgniter->runController(Object(App\Controllers\RestController))
#2 /home/eventodigital/public_html/api_controlAccesos/system/CodeIgniter.php(326): CodeIgniter\CodeIgniter->handleRequest(NULL, Object(Config\Cache), false)
#3 /home/eventodigital/public_html/api_controlAccesos/public/index.php(37): CodeIgniter\CodeIgniter->run()
#4 {main}
CRITICAL - 2022-05-16 12:37:36 --> Class 'App\Helpers\Vcard' not found
#0 /home/eventodigital/public_html/api_controlAccesos/system/CodeIgniter.php(832): App\Controllers\RestController->create()
#1 /home/eventodigital/public_html/api_controlAccesos/system/CodeIgniter.php(419): CodeIgniter\CodeIgniter->runController(Object(App\Controllers\RestController))
#2 /home/eventodigital/public_html/api_controlAccesos/system/CodeIgniter.php(326): CodeIgniter\CodeIgniter->handleRequest(NULL, Object(Config\Cache), false)
#3 /home/eventodigital/public_html/api_controlAccesos/public/index.php(37): CodeIgniter\CodeIgniter->run()
#4 {main}
CRITICAL - 2022-05-16 12:37:46 --> Class 'App\Controllers\vCard' not found
#0 /home/eventodigital/public_html/api_controlAccesos/system/CodeIgniter.php(832): App\Controllers\RestController->create()
#1 /home/eventodigital/public_html/api_controlAccesos/system/CodeIgniter.php(419): CodeIgniter\CodeIgniter->runController(Object(App\Controllers\RestController))
#2 /home/eventodigital/public_html/api_controlAccesos/system/CodeIgniter.php(326): CodeIgniter\CodeIgniter->handleRequest(NULL, Object(Config\Cache), false)
#3 /home/eventodigital/public_html/api_controlAccesos/public/index.php(37): CodeIgniter\CodeIgniter->run()
#4 {main}
CRITICAL - 2022-05-16 12:37:48 --> Class 'App\Controllers\vCard' not found
#0 /home/eventodigital/public_html/api_controlAccesos/system/CodeIgniter.php(832): App\Controllers\RestController->create()
#1 /home/eventodigital/public_html/api_controlAccesos/system/CodeIgniter.php(419): CodeIgniter\CodeIgniter->runController(Object(App\Controllers\RestController))
#2 /home/eventodigital/public_html/api_controlAccesos/system/CodeIgniter.php(326): CodeIgniter\CodeIgniter->handleRequest(NULL, Object(Config\Cache), false)
#3 /home/eventodigital/public_html/api_controlAccesos/public/index.php(37): CodeIgniter\CodeIgniter->run()
#4 {main}
CRITICAL - 2022-05-16 12:37:48 --> Class 'App\Controllers\vCard' not found
#0 /home/eventodigital/public_html/api_controlAccesos/system/CodeIgniter.php(832): App\Controllers\RestController->create()
#1 /home/eventodigital/public_html/api_controlAccesos/system/CodeIgniter.php(419): CodeIgniter\CodeIgniter->runController(Object(App\Controllers\RestController))
#2 /home/eventodigital/public_html/api_controlAccesos/system/CodeIgniter.php(326): CodeIgniter\CodeIgniter->handleRequest(NULL, Object(Config\Cache), false)
#3 /home/eventodigital/public_html/api_controlAccesos/public/index.php(37): CodeIgniter\CodeIgniter->run()
#4 {main}
CRITICAL - 2022-05-16 12:37:49 --> Class 'App\Controllers\vCard' not found
#0 /home/eventodigital/public_html/api_controlAccesos/system/CodeIgniter.php(832): App\Controllers\RestController->create()
#1 /home/eventodigital/public_html/api_controlAccesos/system/CodeIgniter.php(419): CodeIgniter\CodeIgniter->runController(Object(App\Controllers\RestController))
#2 /home/eventodigital/public_html/api_controlAccesos/system/CodeIgniter.php(326): CodeIgniter\CodeIgniter->handleRequest(NULL, Object(Config\Cache), false)
#3 /home/eventodigital/public_html/api_controlAccesos/public/index.php(37): CodeIgniter\CodeIgniter->run()
#4 {main}
CRITICAL - 2022-05-16 12:37:50 --> Class 'App\Controllers\vCard' not found
#0 /home/eventodigital/public_html/api_controlAccesos/system/CodeIgniter.php(832): App\Controllers\RestController->create()
#1 /home/eventodigital/public_html/api_controlAccesos/system/CodeIgniter.php(419): CodeIgniter\CodeIgniter->runController(Object(App\Controllers\RestController))
#2 /home/eventodigital/public_html/api_controlAccesos/system/CodeIgniter.php(326): CodeIgniter\CodeIgniter->handleRequest(NULL, Object(Config\Cache), false)
#3 /home/eventodigital/public_html/api_controlAccesos/public/index.php(37): CodeIgniter\CodeIgniter->run()
#4 {main}
CRITICAL - 2022-05-16 12:37:51 --> Class 'App\Controllers\vCard' not found
#0 /home/eventodigital/public_html/api_controlAccesos/system/CodeIgniter.php(832): App\Controllers\RestController->create()
#1 /home/eventodigital/public_html/api_controlAccesos/system/CodeIgniter.php(419): CodeIgniter\CodeIgniter->runController(Object(App\Controllers\RestController))
#2 /home/eventodigital/public_html/api_controlAccesos/system/CodeIgniter.php(326): CodeIgniter\CodeIgniter->handleRequest(NULL, Object(Config\Cache), false)
#3 /home/eventodigital/public_html/api_controlAccesos/public/index.php(37): CodeIgniter\CodeIgniter->run()
#4 {main}
CRITICAL - 2022-05-16 12:38:28 --> Class 'App\Controllers\vCard' not found
#0 /home/eventodigital/public_html/api_controlAccesos/system/CodeIgniter.php(832): App\Controllers\RestController->create()
#1 /home/eventodigital/public_html/api_controlAccesos/system/CodeIgniter.php(419): CodeIgniter\CodeIgniter->runController(Object(App\Controllers\RestController))
#2 /home/eventodigital/public_html/api_controlAccesos/system/CodeIgniter.php(326): CodeIgniter\CodeIgniter->handleRequest(NULL, Object(Config\Cache), false)
#3 /home/eventodigital/public_html/api_controlAccesos/public/index.php(37): CodeIgniter\CodeIgniter->run()
#4 {main}
CRITICAL - 2022-05-16 12:38:30 --> Class 'App\Controllers\vCard' not found
#0 /home/eventodigital/public_html/api_controlAccesos/system/CodeIgniter.php(832): App\Controllers\RestController->create()
#1 /home/eventodigital/public_html/api_controlAccesos/system/CodeIgniter.php(419): CodeIgniter\CodeIgniter->runController(Object(App\Controllers\RestController))
#2 /home/eventodigital/public_html/api_controlAccesos/system/CodeIgniter.php(326): CodeIgniter\CodeIgniter->handleRequest(NULL, Object(Config\Cache), false)
#3 /home/eventodigital/public_html/api_controlAccesos/public/index.php(37): CodeIgniter\CodeIgniter->run()
#4 {main}
CRITICAL - 2022-05-16 12:38:49 --> Class 'App\Controllers\vCard' not found
#0 /home/eventodigital/public_html/api_controlAccesos/system/CodeIgniter.php(832): App\Controllers\RestController->create()
#1 /home/eventodigital/public_html/api_controlAccesos/system/CodeIgniter.php(419): CodeIgniter\CodeIgniter->runController(Object(App\Controllers\RestController))
#2 /home/eventodigital/public_html/api_controlAccesos/system/CodeIgniter.php(326): CodeIgniter\CodeIgniter->handleRequest(NULL, Object(Config\Cache), false)
#3 /home/eventodigital/public_html/api_controlAccesos/public/index.php(37): CodeIgniter\CodeIgniter->run()
#4 {main}
CRITICAL - 2022-05-16 12:38:49 --> Class 'App\Controllers\vCard' not found
#0 /home/eventodigital/public_html/api_controlAccesos/system/CodeIgniter.php(832): App\Controllers\RestController->create()
#1 /home/eventodigital/public_html/api_controlAccesos/system/CodeIgniter.php(419): CodeIgniter\CodeIgniter->runController(Object(App\Controllers\RestController))
#2 /home/eventodigital/public_html/api_controlAccesos/system/CodeIgniter.php(326): CodeIgniter\CodeIgniter->handleRequest(NULL, Object(Config\Cache), false)
#3 /home/eventodigital/public_html/api_controlAccesos/public/index.php(37): CodeIgniter\CodeIgniter->run()
#4 {main}
CRITICAL - 2022-05-16 12:38:49 --> Class 'App\Controllers\vCard' not found
#0 /home/eventodigital/public_html/api_controlAccesos/system/CodeIgniter.php(832): App\Controllers\RestController->create()
#1 /home/eventodigital/public_html/api_controlAccesos/system/CodeIgniter.php(419): CodeIgniter\CodeIgniter->runController(Object(App\Controllers\RestController))
#2 /home/eventodigital/public_html/api_controlAccesos/system/CodeIgniter.php(326): CodeIgniter\CodeIgniter->handleRequest(NULL, Object(Config\Cache), false)
#3 /home/eventodigital/public_html/api_controlAccesos/public/index.php(37): CodeIgniter\CodeIgniter->run()
#4 {main}
CRITICAL - 2022-05-16 12:39:11 --> Class 'App\Controllers\vCard' not found
#0 /home/eventodigital/public_html/api_controlAccesos/system/CodeIgniter.php(832): App\Controllers\RestController->create()
#1 /home/eventodigital/public_html/api_controlAccesos/system/CodeIgniter.php(419): CodeIgniter\CodeIgniter->runController(Object(App\Controllers\RestController))
#2 /home/eventodigital/public_html/api_controlAccesos/system/CodeIgniter.php(326): CodeIgniter\CodeIgniter->handleRequest(NULL, Object(Config\Cache), false)
#3 /home/eventodigital/public_html/api_controlAccesos/public/index.php(37): CodeIgniter\CodeIgniter->run()
#4 {main}
CRITICAL - 2022-05-16 12:39:12 --> Class 'App\Controllers\vCard' not found
#0 /home/eventodigital/public_html/api_controlAccesos/system/CodeIgniter.php(832): App\Controllers\RestController->create()
#1 /home/eventodigital/public_html/api_controlAccesos/system/CodeIgniter.php(419): CodeIgniter\CodeIgniter->runController(Object(App\Controllers\RestController))
#2 /home/eventodigital/public_html/api_controlAccesos/system/CodeIgniter.php(326): CodeIgniter\CodeIgniter->handleRequest(NULL, Object(Config\Cache), false)
#3 /home/eventodigital/public_html/api_controlAccesos/public/index.php(37): CodeIgniter\CodeIgniter->run()
#4 {main}
CRITICAL - 2022-05-16 12:39:22 --> Class 'App\Controllers\Vcard' not found
#0 /home/eventodigital/public_html/api_controlAccesos/system/CodeIgniter.php(832): App\Controllers\RestController->create()
#1 /home/eventodigital/public_html/api_controlAccesos/system/CodeIgniter.php(419): CodeIgniter\CodeIgniter->runController(Object(App\Controllers\RestController))
#2 /home/eventodigital/public_html/api_controlAccesos/system/CodeIgniter.php(326): CodeIgniter\CodeIgniter->handleRequest(NULL, Object(Config\Cache), false)
#3 /home/eventodigital/public_html/api_controlAccesos/public/index.php(37): CodeIgniter\CodeIgniter->run()
#4 {main}
CRITICAL - 2022-05-16 12:39:24 --> Class 'App\Controllers\Vcard' not found
#0 /home/eventodigital/public_html/api_controlAccesos/system/CodeIgniter.php(832): App\Controllers\RestController->create()
#1 /home/eventodigital/public_html/api_controlAccesos/system/CodeIgniter.php(419): CodeIgniter\CodeIgniter->runController(Object(App\Controllers\RestController))
#2 /home/eventodigital/public_html/api_controlAccesos/system/CodeIgniter.php(326): CodeIgniter\CodeIgniter->handleRequest(NULL, Object(Config\Cache), false)
#3 /home/eventodigital/public_html/api_controlAccesos/public/index.php(37): CodeIgniter\CodeIgniter->run()
#4 {main}
CRITICAL - 2022-05-16 12:39:24 --> Class 'App\Controllers\Vcard' not found
#0 /home/eventodigital/public_html/api_controlAccesos/system/CodeIgniter.php(832): App\Controllers\RestController->create()
#1 /home/eventodigital/public_html/api_controlAccesos/system/CodeIgniter.php(419): CodeIgniter\CodeIgniter->runController(Object(App\Controllers\RestController))
#2 /home/eventodigital/public_html/api_controlAccesos/system/CodeIgniter.php(326): CodeIgniter\CodeIgniter->handleRequest(NULL, Object(Config\Cache), false)
#3 /home/eventodigital/public_html/api_controlAccesos/public/index.php(37): CodeIgniter\CodeIgniter->run()
#4 {main}
CRITICAL - 2022-05-16 12:39:24 --> Class 'App\Controllers\Vcard' not found
#0 /home/eventodigital/public_html/api_controlAccesos/system/CodeIgniter.php(832): App\Controllers\RestController->create()
#1 /home/eventodigital/public_html/api_controlAccesos/system/CodeIgniter.php(419): CodeIgniter\CodeIgniter->runController(Object(App\Controllers\RestController))
#2 /home/eventodigital/public_html/api_controlAccesos/system/CodeIgniter.php(326): CodeIgniter\CodeIgniter->handleRequest(NULL, Object(Config\Cache), false)
#3 /home/eventodigital/public_html/api_controlAccesos/public/index.php(37): CodeIgniter\CodeIgniter->run()
#4 {main}
CRITICAL - 2022-05-16 12:40:13 --> Class 'App\Libraries\Vcard' not found
#0 /home/eventodigital/public_html/api_controlAccesos/system/CodeIgniter.php(832): App\Controllers\RestController->create()
#1 /home/eventodigital/public_html/api_controlAccesos/system/CodeIgniter.php(419): CodeIgniter\CodeIgniter->runController(Object(App\Controllers\RestController))
#2 /home/eventodigital/public_html/api_controlAccesos/system/CodeIgniter.php(326): CodeIgniter\CodeIgniter->handleRequest(NULL, Object(Config\Cache), false)
#3 /home/eventodigital/public_html/api_controlAccesos/public/index.php(37): CodeIgniter\CodeIgniter->run()
#4 {main}
CRITICAL - 2022-05-16 12:40:14 --> Class 'App\Libraries\Vcard' not found
#0 /home/eventodigital/public_html/api_controlAccesos/system/CodeIgniter.php(832): App\Controllers\RestController->create()
#1 /home/eventodigital/public_html/api_controlAccesos/system/CodeIgniter.php(419): CodeIgniter\CodeIgniter->runController(Object(App\Controllers\RestController))
#2 /home/eventodigital/public_html/api_controlAccesos/system/CodeIgniter.php(326): CodeIgniter\CodeIgniter->handleRequest(NULL, Object(Config\Cache), false)
#3 /home/eventodigital/public_html/api_controlAccesos/public/index.php(37): CodeIgniter\CodeIgniter->run()
#4 {main}
CRITICAL - 2022-05-16 12:41:58 --> Class 'App\Libraries\Vcard' not found
#0 /home/eventodigital/public_html/api_controlAccesos/system/CodeIgniter.php(832): App\Controllers\RestController->create()
#1 /home/eventodigital/public_html/api_controlAccesos/system/CodeIgniter.php(419): CodeIgniter\CodeIgniter->runController(Object(App\Controllers\RestController))
#2 /home/eventodigital/public_html/api_controlAccesos/system/CodeIgniter.php(326): CodeIgniter\CodeIgniter->handleRequest(NULL, Object(Config\Cache), false)
#3 /home/eventodigital/public_html/api_controlAccesos/public/index.php(37): CodeIgniter\CodeIgniter->run()
#4 {main}
CRITICAL - 2022-05-16 12:41:59 --> Class 'App\Libraries\Vcard' not found
#0 /home/eventodigital/public_html/api_controlAccesos/system/CodeIgniter.php(832): App\Controllers\RestController->create()
#1 /home/eventodigital/public_html/api_controlAccesos/system/CodeIgniter.php(419): CodeIgniter\CodeIgniter->runController(Object(App\Controllers\RestController))
#2 /home/eventodigital/public_html/api_controlAccesos/system/CodeIgniter.php(326): CodeIgniter\CodeIgniter->handleRequest(NULL, Object(Config\Cache), false)
#3 /home/eventodigital/public_html/api_controlAccesos/public/index.php(37): CodeIgniter\CodeIgniter->run()
#4 {main}
CRITICAL - 2022-05-16 12:42:00 --> Class 'App\Libraries\Vcard' not found
#0 /home/eventodigital/public_html/api_controlAccesos/system/CodeIgniter.php(832): App\Controllers\RestController->create()
#1 /home/eventodigital/public_html/api_controlAccesos/system/CodeIgniter.php(419): CodeIgniter\CodeIgniter->runController(Object(App\Controllers\RestController))
#2 /home/eventodigital/public_html/api_controlAccesos/system/CodeIgniter.php(326): CodeIgniter\CodeIgniter->handleRequest(NULL, Object(Config\Cache), false)
#3 /home/eventodigital/public_html/api_controlAccesos/public/index.php(37): CodeIgniter\CodeIgniter->run()
#4 {main}
CRITICAL - 2022-05-16 12:42:33 --> Class 'App\Libraries\Vcard' not found
#0 /home/eventodigital/public_html/api_controlAccesos/system/CodeIgniter.php(832): App\Controllers\RestController->create()
#1 /home/eventodigital/public_html/api_controlAccesos/system/CodeIgniter.php(419): CodeIgniter\CodeIgniter->runController(Object(App\Controllers\RestController))
#2 /home/eventodigital/public_html/api_controlAccesos/system/CodeIgniter.php(326): CodeIgniter\CodeIgniter->handleRequest(NULL, Object(Config\Cache), false)
#3 /home/eventodigital/public_html/api_controlAccesos/public/index.php(37): CodeIgniter\CodeIgniter->run()
#4 {main}
CRITICAL - 2022-05-16 12:42:34 --> Class 'App\Libraries\Vcard' not found
#0 /home/eventodigital/public_html/api_controlAccesos/system/CodeIgniter.php(832): App\Controllers\RestController->create()
#1 /home/eventodigital/public_html/api_controlAccesos/system/CodeIgniter.php(419): CodeIgniter\CodeIgniter->runController(Object(App\Controllers\RestController))
#2 /home/eventodigital/public_html/api_controlAccesos/system/CodeIgniter.php(326): CodeIgniter\CodeIgniter->handleRequest(NULL, Object(Config\Cache), false)
#3 /home/eventodigital/public_html/api_controlAccesos/public/index.php(37): CodeIgniter\CodeIgniter->run()
#4 {main}
CRITICAL - 2022-05-16 12:45:51 --> Class 'App\Libraries\Vcard' not found
#0 /home/eventodigital/public_html/api_controlAccesos/system/CodeIgniter.php(832): App\Controllers\RestController->create()
#1 /home/eventodigital/public_html/api_controlAccesos/system/CodeIgniter.php(419): CodeIgniter\CodeIgniter->runController(Object(App\Controllers\RestController))
#2 /home/eventodigital/public_html/api_controlAccesos/system/CodeIgniter.php(326): CodeIgniter\CodeIgniter->handleRequest(NULL, Object(Config\Cache), false)
#3 /home/eventodigital/public_html/api_controlAccesos/public/index.php(37): CodeIgniter\CodeIgniter->run()
#4 {main}
CRITICAL - 2022-05-16 12:48:21 --> Class 'App\Libraries\Vcard' not found
#0 /home/eventodigital/public_html/api_controlAccesos/system/CodeIgniter.php(832): App\Controllers\RestController->create()
#1 /home/eventodigital/public_html/api_controlAccesos/system/CodeIgniter.php(419): CodeIgniter\CodeIgniter->runController(Object(App\Controllers\RestController))
#2 /home/eventodigital/public_html/api_controlAccesos/system/CodeIgniter.php(326): CodeIgniter\CodeIgniter->handleRequest(NULL, Object(Config\Cache), false)
#3 /home/eventodigital/public_html/api_controlAccesos/public/index.php(37): CodeIgniter\CodeIgniter->run()
#4 {main}
CRITICAL - 2022-05-16 12:48:21 --> Class 'App\Libraries\Vcard' not found
#0 /home/eventodigital/public_html/api_controlAccesos/system/CodeIgniter.php(832): App\Controllers\RestController->create()
#1 /home/eventodigital/public_html/api_controlAccesos/system/CodeIgniter.php(419): CodeIgniter\CodeIgniter->runController(Object(App\Controllers\RestController))
#2 /home/eventodigital/public_html/api_controlAccesos/system/CodeIgniter.php(326): CodeIgniter\CodeIgniter->handleRequest(NULL, Object(Config\Cache), false)
#3 /home/eventodigital/public_html/api_controlAccesos/public/index.php(37): CodeIgniter\CodeIgniter->run()
#4 {main}
CRITICAL - 2022-05-16 13:12:14 --> Class 'App\Libraries\Vcard\Vcard' not found
#0 /home/eventodigital/public_html/api_controlAccesos/system/CodeIgniter.php(832): App\Controllers\RestController->create()
#1 /home/eventodigital/public_html/api_controlAccesos/system/CodeIgniter.php(419): CodeIgniter\CodeIgniter->runController(Object(App\Controllers\RestController))
#2 /home/eventodigital/public_html/api_controlAccesos/system/CodeIgniter.php(326): CodeIgniter\CodeIgniter->handleRequest(NULL, Object(Config\Cache), false)
#3 /home/eventodigital/public_html/api_controlAccesos/public/index.php(37): CodeIgniter\CodeIgniter->run()
#4 {main}
CRITICAL - 2022-05-16 13:12:15 --> Class 'App\Libraries\Vcard\Vcard' not found
#0 /home/eventodigital/public_html/api_controlAccesos/system/CodeIgniter.php(832): App\Controllers\RestController->create()
#1 /home/eventodigital/public_html/api_controlAccesos/system/CodeIgniter.php(419): CodeIgniter\CodeIgniter->runController(Object(App\Controllers\RestController))
#2 /home/eventodigital/public_html/api_controlAccesos/system/CodeIgniter.php(326): CodeIgniter\CodeIgniter->handleRequest(NULL, Object(Config\Cache), false)
#3 /home/eventodigital/public_html/api_controlAccesos/public/index.php(37): CodeIgniter\CodeIgniter->run()
#4 {main}
CRITICAL - 2022-05-16 13:12:28 --> Class 'App\Libraries\Vcard' not found
#0 /home/eventodigital/public_html/api_controlAccesos/system/CodeIgniter.php(832): App\Controllers\RestController->create()
#1 /home/eventodigital/public_html/api_controlAccesos/system/CodeIgniter.php(419): CodeIgniter\CodeIgniter->runController(Object(App\Controllers\RestController))
#2 /home/eventodigital/public_html/api_controlAccesos/system/CodeIgniter.php(326): CodeIgniter\CodeIgniter->handleRequest(NULL, Object(Config\Cache), false)
#3 /home/eventodigital/public_html/api_controlAccesos/public/index.php(37): CodeIgniter\CodeIgniter->run()
#4 {main}
CRITICAL - 2022-05-16 13:13:25 --> Class 'App\Libraries\Vcard' not found
#0 /home/eventodigital/public_html/api_controlAccesos/system/CodeIgniter.php(832): App\Controllers\RestController->create()
#1 /home/eventodigital/public_html/api_controlAccesos/system/CodeIgniter.php(419): CodeIgniter\CodeIgniter->runController(Object(App\Controllers\RestController))
#2 /home/eventodigital/public_html/api_controlAccesos/system/CodeIgniter.php(326): CodeIgniter\CodeIgniter->handleRequest(NULL, Object(Config\Cache), false)
#3 /home/eventodigital/public_html/api_controlAccesos/public/index.php(37): CodeIgniter\CodeIgniter->run()
#4 {main}
CRITICAL - 2022-05-16 13:13:26 --> Class 'App\Libraries\Vcard' not found
#0 /home/eventodigital/public_html/api_controlAccesos/system/CodeIgniter.php(832): App\Controllers\RestController->create()
#1 /home/eventodigital/public_html/api_controlAccesos/system/CodeIgniter.php(419): CodeIgniter\CodeIgniter->runController(Object(App\Controllers\RestController))
#2 /home/eventodigital/public_html/api_controlAccesos/system/CodeIgniter.php(326): CodeIgniter\CodeIgniter->handleRequest(NULL, Object(Config\Cache), false)
#3 /home/eventodigital/public_html/api_controlAccesos/public/index.php(37): CodeIgniter\CodeIgniter->run()
#4 {main}
CRITICAL - 2022-05-16 13:13:26 --> Class 'App\Libraries\Vcard' not found
#0 /home/eventodigital/public_html/api_controlAccesos/system/CodeIgniter.php(832): App\Controllers\RestController->create()
#1 /home/eventodigital/public_html/api_controlAccesos/system/CodeIgniter.php(419): CodeIgniter\CodeIgniter->runController(Object(App\Controllers\RestController))
#2 /home/eventodigital/public_html/api_controlAccesos/system/CodeIgniter.php(326): CodeIgniter\CodeIgniter->handleRequest(NULL, Object(Config\Cache), false)
#3 /home/eventodigital/public_html/api_controlAccesos/public/index.php(37): CodeIgniter\CodeIgniter->run()
#4 {main}
CRITICAL - 2022-05-16 13:19:16 --> Class 'App\Libraries\Vcard' not found
#0 /home/eventodigital/public_html/api_controlAccesos/system/CodeIgniter.php(832): App\Controllers\RestController->create()
#1 /home/eventodigital/public_html/api_controlAccesos/system/CodeIgniter.php(419): CodeIgniter\CodeIgniter->runController(Object(App\Controllers\RestController))
#2 /home/eventodigital/public_html/api_controlAccesos/system/CodeIgniter.php(326): CodeIgniter\CodeIgniter->handleRequest(NULL, Object(Config\Cache), false)
#3 /home/eventodigital/public_html/api_controlAccesos/public/index.php(37): CodeIgniter\CodeIgniter->run()
#4 {main}
CRITICAL - 2022-05-16 13:22:08 --> CodeIgniter\Autoloader\Autoloader::main(): Failed opening required '/home/eventodigital/public_html/api_controlAccesos/app/libraries/Vcard.php' (include_path='.:/opt/cpanel/ea-php73/root/usr/share/pear')
#0 [internal function]: CodeIgniter\Debug\Exceptions->shutdownHandler()
#1 {main}
CRITICAL - 2022-05-16 13:23:03 --> CodeIgniter\Autoloader\Autoloader::main(): Failed opening required 'libraries/Vcard.php' (include_path='.:/opt/cpanel/ea-php73/root/usr/share/pear')
#0 [internal function]: CodeIgniter\Debug\Exceptions->shutdownHandler()
#1 {main}
CRITICAL - 2022-05-16 13:23:04 --> CodeIgniter\Autoloader\Autoloader::main(): Failed opening required 'libraries/Vcard.php' (include_path='.:/opt/cpanel/ea-php73/root/usr/share/pear')
#0 [internal function]: CodeIgniter\Debug\Exceptions->shutdownHandler()
#1 {main}
CRITICAL - 2022-05-16 13:23:05 --> CodeIgniter\Autoloader\Autoloader::main(): Failed opening required 'libraries/Vcard.php' (include_path='.:/opt/cpanel/ea-php73/root/usr/share/pear')
#0 [internal function]: CodeIgniter\Debug\Exceptions->shutdownHandler()
#1 {main}
CRITICAL - 2022-05-16 13:24:49 --> CodeIgniter\Autoloader\Autoloader::main(): Failed opening required '/home/eventodigital/public_html/api_controlAccesos/app/libraries/Vcard.php' (include_path='.:/opt/cpanel/ea-php73/root/usr/share/pear')
#0 [internal function]: CodeIgniter\Debug\Exceptions->shutdownHandler()
#1 {main}
CRITICAL - 2022-05-16 13:25:01 --> CodeIgniter\Autoloader\Autoloader::main(): Failed opening required '/home/eventodigital/public_html/api_controlAccesos/app/libraries/Vcard.php' (include_path='.:/opt/cpanel/ea-php73/root/usr/share/pear')
#0 [internal function]: CodeIgniter\Debug\Exceptions->shutdownHandler()
#1 {main}
CRITICAL - 2022-05-16 13:25:05 --> CodeIgniter\Autoloader\Autoloader::main(): Failed opening required '/home/eventodigital/public_html/api_controlAccesos/app/libraries/Vcard.php' (include_path='.:/opt/cpanel/ea-php73/root/usr/share/pear')
#0 [internal function]: CodeIgniter\Debug\Exceptions->shutdownHandler()
#1 {main}
CRITICAL - 2022-05-16 13:34:47 --> Class 'App\Libraries\Vcard' not found
#0 /home/eventodigital/public_html/api_controlAccesos/system/CodeIgniter.php(832): App\Controllers\RestController->create()
#1 /home/eventodigital/public_html/api_controlAccesos/system/CodeIgniter.php(419): CodeIgniter\CodeIgniter->runController(Object(App\Controllers\RestController))
#2 /home/eventodigital/public_html/api_controlAccesos/system/CodeIgniter.php(326): CodeIgniter\CodeIgniter->handleRequest(NULL, Object(Config\Cache), false)
#3 /home/eventodigital/public_html/api_controlAccesos/public/index.php(37): CodeIgniter\CodeIgniter->run()
#4 {main}
CRITICAL - 2022-05-16 13:34:47 --> Class 'App\Libraries\Vcard' not found
#0 /home/eventodigital/public_html/api_controlAccesos/system/CodeIgniter.php(832): App\Controllers\RestController->create()
#1 /home/eventodigital/public_html/api_controlAccesos/system/CodeIgniter.php(419): CodeIgniter\CodeIgniter->runController(Object(App\Controllers\RestController))
#2 /home/eventodigital/public_html/api_controlAccesos/system/CodeIgniter.php(326): CodeIgniter\CodeIgniter->handleRequest(NULL, Object(Config\Cache), false)
#3 /home/eventodigital/public_html/api_controlAccesos/public/index.php(37): CodeIgniter\CodeIgniter->run()
#4 {main}
CRITICAL - 2022-05-16 13:35:42 --> Class 'App\Libraries\Vcard' not found
#0 /home/eventodigital/public_html/api_controlAccesos/system/CodeIgniter.php(832): App\Controllers\RestController->create()
#1 /home/eventodigital/public_html/api_controlAccesos/system/CodeIgniter.php(419): CodeIgniter\CodeIgniter->runController(Object(App\Controllers\RestController))
#2 /home/eventodigital/public_html/api_controlAccesos/system/CodeIgniter.php(326): CodeIgniter\CodeIgniter->handleRequest(NULL, Object(Config\Cache), false)
#3 /home/eventodigital/public_html/api_controlAccesos/public/index.php(37): CodeIgniter\CodeIgniter->run()
#4 {main}
CRITICAL - 2022-05-16 13:35:43 --> Class 'App\Libraries\Vcard' not found
#0 /home/eventodigital/public_html/api_controlAccesos/system/CodeIgniter.php(832): App\Controllers\RestController->create()
#1 /home/eventodigital/public_html/api_controlAccesos/system/CodeIgniter.php(419): CodeIgniter\CodeIgniter->runController(Object(App\Controllers\RestController))
#2 /home/eventodigital/public_html/api_controlAccesos/system/CodeIgniter.php(326): CodeIgniter\CodeIgniter->handleRequest(NULL, Object(Config\Cache), false)
#3 /home/eventodigital/public_html/api_controlAccesos/public/index.php(37): CodeIgniter\CodeIgniter->run()
#4 {main}
CRITICAL - 2022-05-16 13:47:02 --> Class 'App\Controllers\App\Libraries\Vcard' not found
#0 /home/eventodigital/public_html/api_controlAccesos/system/CodeIgniter.php(832): App\Controllers\RestController->create()
#1 /home/eventodigital/public_html/api_controlAccesos/system/CodeIgniter.php(419): CodeIgniter\CodeIgniter->runController(Object(App\Controllers\RestController))
#2 /home/eventodigital/public_html/api_controlAccesos/system/CodeIgniter.php(326): CodeIgniter\CodeIgniter->handleRequest(NULL, Object(Config\Cache), false)
#3 /home/eventodigital/public_html/api_controlAccesos/public/index.php(37): CodeIgniter\CodeIgniter->run()
#4 {main}
CRITICAL - 2022-05-16 13:47:03 --> Class 'App\Controllers\App\Libraries\Vcard' not found
#0 /home/eventodigital/public_html/api_controlAccesos/system/CodeIgniter.php(832): App\Controllers\RestController->create()
#1 /home/eventodigital/public_html/api_controlAccesos/system/CodeIgniter.php(419): CodeIgniter\CodeIgniter->runController(Object(App\Controllers\RestController))
#2 /home/eventodigital/public_html/api_controlAccesos/system/CodeIgniter.php(326): CodeIgniter\CodeIgniter->handleRequest(NULL, Object(Config\Cache), false)
#3 /home/eventodigital/public_html/api_controlAccesos/public/index.php(37): CodeIgniter\CodeIgniter->run()
#4 {main}
CRITICAL - 2022-05-16 13:47:04 --> Class 'App\Controllers\App\Libraries\Vcard' not found
#0 /home/eventodigital/public_html/api_controlAccesos/system/CodeIgniter.php(832): App\Controllers\RestController->create()
#1 /home/eventodigital/public_html/api_controlAccesos/system/CodeIgniter.php(419): CodeIgniter\CodeIgniter->runController(Object(App\Controllers\RestController))
#2 /home/eventodigital/public_html/api_controlAccesos/system/CodeIgniter.php(326): CodeIgniter\CodeIgniter->handleRequest(NULL, Object(Config\Cache), false)
#3 /home/eventodigital/public_html/api_controlAccesos/public/index.php(37): CodeIgniter\CodeIgniter->run()
#4 {main}
CRITICAL - 2022-05-16 13:47:04 --> Class 'App\Controllers\App\Libraries\Vcard' not found
#0 /home/eventodigital/public_html/api_controlAccesos/system/CodeIgniter.php(832): App\Controllers\RestController->create()
#1 /home/eventodigital/public_html/api_controlAccesos/system/CodeIgniter.php(419): CodeIgniter\CodeIgniter->runController(Object(App\Controllers\RestController))
#2 /home/eventodigital/public_html/api_controlAccesos/system/CodeIgniter.php(326): CodeIgniter\CodeIgniter->handleRequest(NULL, Object(Config\Cache), false)
#3 /home/eventodigital/public_html/api_controlAccesos/public/index.php(37): CodeIgniter\CodeIgniter->run()
#4 {main}
CRITICAL - 2022-05-16 13:47:04 --> Class 'App\Controllers\App\Libraries\Vcard' not found
#0 /home/eventodigital/public_html/api_controlAccesos/system/CodeIgniter.php(832): App\Controllers\RestController->create()
#1 /home/eventodigital/public_html/api_controlAccesos/system/CodeIgniter.php(419): CodeIgniter\CodeIgniter->runController(Object(App\Controllers\RestController))
#2 /home/eventodigital/public_html/api_controlAccesos/system/CodeIgniter.php(326): CodeIgniter\CodeIgniter->handleRequest(NULL, Object(Config\Cache), false)
#3 /home/eventodigital/public_html/api_controlAccesos/public/index.php(37): CodeIgniter\CodeIgniter->run()
#4 {main}
CRITICAL - 2022-05-16 13:47:05 --> Class 'App\Controllers\App\Libraries\Vcard' not found
#0 /home/eventodigital/public_html/api_controlAccesos/system/CodeIgniter.php(832): App\Controllers\RestController->create()
#1 /home/eventodigital/public_html/api_controlAccesos/system/CodeIgniter.php(419): CodeIgniter\CodeIgniter->runController(Object(App\Controllers\RestController))
#2 /home/eventodigital/public_html/api_controlAccesos/system/CodeIgniter.php(326): CodeIgniter\CodeIgniter->handleRequest(NULL, Object(Config\Cache), false)
#3 /home/eventodigital/public_html/api_controlAccesos/public/index.php(37): CodeIgniter\CodeIgniter->run()
#4 {main}
CRITICAL - 2022-05-16 13:47:29 --> Class 'App\Libraries\Vcard' not found
#0 /home/eventodigital/public_html/api_controlAccesos/system/CodeIgniter.php(832): App\Controllers\RestController->create()
#1 /home/eventodigital/public_html/api_controlAccesos/system/CodeIgniter.php(419): CodeIgniter\CodeIgniter->runController(Object(App\Controllers\RestController))
#2 /home/eventodigital/public_html/api_controlAccesos/system/CodeIgniter.php(326): CodeIgniter\CodeIgniter->handleRequest(NULL, Object(Config\Cache), false)
#3 /home/eventodigital/public_html/api_controlAccesos/public/index.php(37): CodeIgniter\CodeIgniter->run()
#4 {main}
CRITICAL - 2022-05-16 15:59:37 --> Class 'App\Libraries\Vcard' not found
#0 /home/eventodigital/public_html/api_controlAccesos/system/CodeIgniter.php(832): App\Controllers\RestController->create()
#1 /home/eventodigital/public_html/api_controlAccesos/system/CodeIgniter.php(419): CodeIgniter\CodeIgniter->runController(Object(App\Controllers\RestController))
#2 /home/eventodigital/public_html/api_controlAccesos/system/CodeIgniter.php(326): CodeIgniter\CodeIgniter->handleRequest(NULL, Object(Config\Cache), false)
#3 /home/eventodigital/public_html/api_controlAccesos/public/index.php(37): CodeIgniter\CodeIgniter->run()
#4 {main}
CRITICAL - 2022-05-16 15:59:38 --> Class 'App\Libraries\Vcard' not found
#0 /home/eventodigital/public_html/api_controlAccesos/system/CodeIgniter.php(832): App\Controllers\RestController->create()
#1 /home/eventodigital/public_html/api_controlAccesos/system/CodeIgniter.php(419): CodeIgniter\CodeIgniter->runController(Object(App\Controllers\RestController))
#2 /home/eventodigital/public_html/api_controlAccesos/system/CodeIgniter.php(326): CodeIgniter\CodeIgniter->handleRequest(NULL, Object(Config\Cache), false)
#3 /home/eventodigital/public_html/api_controlAccesos/public/index.php(37): CodeIgniter\CodeIgniter->run()
#4 {main}
CRITICAL - 2022-05-16 15:59:38 --> Class 'App\Libraries\Vcard' not found
#0 /home/eventodigital/public_html/api_controlAccesos/system/CodeIgniter.php(832): App\Controllers\RestController->create()
#1 /home/eventodigital/public_html/api_controlAccesos/system/CodeIgniter.php(419): CodeIgniter\CodeIgniter->runController(Object(App\Controllers\RestController))
#2 /home/eventodigital/public_html/api_controlAccesos/system/CodeIgniter.php(326): CodeIgniter\CodeIgniter->handleRequest(NULL, Object(Config\Cache), false)
#3 /home/eventodigital/public_html/api_controlAccesos/public/index.php(37): CodeIgniter\CodeIgniter->run()
#4 {main}
CRITICAL - 2022-05-16 16:00:25 --> Class 'App\Controllers\Vcard' not found
#0 /home/eventodigital/public_html/api_controlAccesos/system/CodeIgniter.php(832): App\Controllers\RestController->create()
#1 /home/eventodigital/public_html/api_controlAccesos/system/CodeIgniter.php(419): CodeIgniter\CodeIgniter->runController(Object(App\Controllers\RestController))
#2 /home/eventodigital/public_html/api_controlAccesos/system/CodeIgniter.php(326): CodeIgniter\CodeIgniter->handleRequest(NULL, Object(Config\Cache), false)
#3 /home/eventodigital/public_html/api_controlAccesos/public/index.php(37): CodeIgniter\CodeIgniter->run()
#4 {main}
CRITICAL - 2022-05-16 16:00:26 --> Class 'App\Controllers\Vcard' not found
#0 /home/eventodigital/public_html/api_controlAccesos/system/CodeIgniter.php(832): App\Controllers\RestController->create()
#1 /home/eventodigital/public_html/api_controlAccesos/system/CodeIgniter.php(419): CodeIgniter\CodeIgniter->runController(Object(App\Controllers\RestController))
#2 /home/eventodigital/public_html/api_controlAccesos/system/CodeIgniter.php(326): CodeIgniter\CodeIgniter->handleRequest(NULL, Object(Config\Cache), false)
#3 /home/eventodigital/public_html/api_controlAccesos/public/index.php(37): CodeIgniter\CodeIgniter->run()
#4 {main}
CRITICAL - 2022-05-16 16:00:26 --> Class 'App\Controllers\Vcard' not found
#0 /home/eventodigital/public_html/api_controlAccesos/system/CodeIgniter.php(832): App\Controllers\RestController->create()
#1 /home/eventodigital/public_html/api_controlAccesos/system/CodeIgniter.php(419): CodeIgniter\CodeIgniter->runController(Object(App\Controllers\RestController))
#2 /home/eventodigital/public_html/api_controlAccesos/system/CodeIgniter.php(326): CodeIgniter\CodeIgniter->handleRequest(NULL, Object(Config\Cache), false)
#3 /home/eventodigital/public_html/api_controlAccesos/public/index.php(37): CodeIgniter\CodeIgniter->run()
#4 {main}
CRITICAL - 2022-05-16 16:00:27 --> Class 'App\Controllers\Vcard' not found
#0 /home/eventodigital/public_html/api_controlAccesos/system/CodeIgniter.php(832): App\Controllers\RestController->create()
#1 /home/eventodigital/public_html/api_controlAccesos/system/CodeIgniter.php(419): CodeIgniter\CodeIgniter->runController(Object(App\Controllers\RestController))
#2 /home/eventodigital/public_html/api_controlAccesos/system/CodeIgniter.php(326): CodeIgniter\CodeIgniter->handleRequest(NULL, Object(Config\Cache), false)
#3 /home/eventodigital/public_html/api_controlAccesos/public/index.php(37): CodeIgniter\CodeIgniter->run()
#4 {main}
CRITICAL - 2022-05-16 16:00:27 --> Class 'App\Controllers\Vcard' not found
#0 /home/eventodigital/public_html/api_controlAccesos/system/CodeIgniter.php(832): App\Controllers\RestController->create()
#1 /home/eventodigital/public_html/api_controlAccesos/system/CodeIgniter.php(419): CodeIgniter\CodeIgniter->runController(Object(App\Controllers\RestController))
#2 /home/eventodigital/public_html/api_controlAccesos/system/CodeIgniter.php(326): CodeIgniter\CodeIgniter->handleRequest(NULL, Object(Config\Cache), false)
#3 /home/eventodigital/public_html/api_controlAccesos/public/index.php(37): CodeIgniter\CodeIgniter->run()
#4 {main}
CRITICAL - 2022-05-16 16:00:27 --> Class 'App\Controllers\Vcard' not found
#0 /home/eventodigital/public_html/api_controlAccesos/system/CodeIgniter.php(832): App\Controllers\RestController->create()
#1 /home/eventodigital/public_html/api_controlAccesos/system/CodeIgniter.php(419): CodeIgniter\CodeIgniter->runController(Object(App\Controllers\RestController))
#2 /home/eventodigital/public_html/api_controlAccesos/system/CodeIgniter.php(326): CodeIgniter\CodeIgniter->handleRequest(NULL, Object(Config\Cache), false)
#3 /home/eventodigital/public_html/api_controlAccesos/public/index.php(37): CodeIgniter\CodeIgniter->run()
#4 {main}
CRITICAL - 2022-05-16 16:00:27 --> Class 'App\Controllers\Vcard' not found
#0 /home/eventodigital/public_html/api_controlAccesos/system/CodeIgniter.php(832): App\Controllers\RestController->create()
#1 /home/eventodigital/public_html/api_controlAccesos/system/CodeIgniter.php(419): CodeIgniter\CodeIgniter->runController(Object(App\Controllers\RestController))
#2 /home/eventodigital/public_html/api_controlAccesos/system/CodeIgniter.php(326): CodeIgniter\CodeIgniter->handleRequest(NULL, Object(Config\Cache), false)
#3 /home/eventodigital/public_html/api_controlAccesos/public/index.php(37): CodeIgniter\CodeIgniter->run()
#4 {main}
CRITICAL - 2022-05-16 16:00:27 --> Class 'App\Controllers\Vcard' not found
#0 /home/eventodigital/public_html/api_controlAccesos/system/CodeIgniter.php(832): App\Controllers\RestController->create()
#1 /home/eventodigital/public_html/api_controlAccesos/system/CodeIgniter.php(419): CodeIgniter\CodeIgniter->runController(Object(App\Controllers\RestController))
#2 /home/eventodigital/public_html/api_controlAccesos/system/CodeIgniter.php(326): CodeIgniter\CodeIgniter->handleRequest(NULL, Object(Config\Cache), false)
#3 /home/eventodigital/public_html/api_controlAccesos/public/index.php(37): CodeIgniter\CodeIgniter->run()
#4 {main}
CRITICAL - 2022-05-16 16:00:28 --> Class 'App\Controllers\Vcard' not found
#0 /home/eventodigital/public_html/api_controlAccesos/system/CodeIgniter.php(832): App\Controllers\RestController->create()
#1 /home/eventodigital/public_html/api_controlAccesos/system/CodeIgniter.php(419): CodeIgniter\CodeIgniter->runController(Object(App\Controllers\RestController))
#2 /home/eventodigital/public_html/api_controlAccesos/system/CodeIgniter.php(326): CodeIgniter\CodeIgniter->handleRequest(NULL, Object(Config\Cache), false)
#3 /home/eventodigital/public_html/api_controlAccesos/public/index.php(37): CodeIgniter\CodeIgniter->run()
#4 {main}
CRITICAL - 2022-05-16 16:01:50 --> App\Controllers\RestController::create(): Failed opening required '/home/eventodigital/public_html/api_controlAccesos/app/libraries/ion_auth.php' (include_path='.:/opt/cpanel/ea-php73/root/usr/share/pear')
#0 [internal function]: CodeIgniter\Debug\Exceptions->shutdownHandler()
#1 {main}
CRITICAL - 2022-05-16 16:01:54 --> App\Controllers\RestController::create(): Failed opening required '/home/eventodigital/public_html/api_controlAccesos/app/libraries/ion_auth.php' (include_path='.:/opt/cpanel/ea-php73/root/usr/share/pear')
#0 [internal function]: CodeIgniter\Debug\Exceptions->shutdownHandler()
#1 {main}
CRITICAL - 2022-05-16 16:01:55 --> App\Controllers\RestController::create(): Failed opening required '/home/eventodigital/public_html/api_controlAccesos/app/libraries/ion_auth.php' (include_path='.:/opt/cpanel/ea-php73/root/usr/share/pear')
#0 [internal function]: CodeIgniter\Debug\Exceptions->shutdownHandler()
#1 {main}
CRITICAL - 2022-05-16 16:17:15 --> Class 'App\Controllers\Vcard' not found
#0 /home/eventodigital/public_html/api_controlAccesos/system/CodeIgniter.php(832): App\Controllers\RestController->create()
#1 /home/eventodigital/public_html/api_controlAccesos/system/CodeIgniter.php(419): CodeIgniter\CodeIgniter->runController(Object(App\Controllers\RestController))
#2 /home/eventodigital/public_html/api_controlAccesos/system/CodeIgniter.php(326): CodeIgniter\CodeIgniter->handleRequest(NULL, Object(Config\Cache), false)
#3 /home/eventodigital/public_html/api_controlAccesos/public/index.php(37): CodeIgniter\CodeIgniter->run()
#4 {main}
CRITICAL - 2022-05-16 16:20:04 --> Class 'App\Libraries\Vcard' not found
#0 /home/eventodigital/public_html/api_controlAccesos/system/CodeIgniter.php(832): App\Controllers\RestController->create()
#1 /home/eventodigital/public_html/api_controlAccesos/system/CodeIgniter.php(419): CodeIgniter\CodeIgniter->runController(Object(App\Controllers\RestController))
#2 /home/eventodigital/public_html/api_controlAccesos/system/CodeIgniter.php(326): CodeIgniter\CodeIgniter->handleRequest(NULL, Object(Config\Cache), false)
#3 /home/eventodigital/public_html/api_controlAccesos/public/index.php(37): CodeIgniter\CodeIgniter->run()
#4 {main}
CRITICAL - 2022-05-16 16:27:05 --> Class 'Vcard' not found
#0 /home/eventodigital/public_html/api_controlAccesos/system/CodeIgniter.php(832): App\Controllers\RestController->create()
#1 /home/eventodigital/public_html/api_controlAccesos/system/CodeIgniter.php(419): CodeIgniter\CodeIgniter->runController(Object(App\Controllers\RestController))
#2 /home/eventodigital/public_html/api_controlAccesos/system/CodeIgniter.php(326): CodeIgniter\CodeIgniter->handleRequest(NULL, Object(Config\Cache), false)
#3 /home/eventodigital/public_html/api_controlAccesos/public/index.php(37): CodeIgniter\CodeIgniter->run()
#4 {main}
CRITICAL - 2022-05-16 16:27:06 --> Class 'Vcard' not found
#0 /home/eventodigital/public_html/api_controlAccesos/system/CodeIgniter.php(832): App\Controllers\RestController->create()
#1 /home/eventodigital/public_html/api_controlAccesos/system/CodeIgniter.php(419): CodeIgniter\CodeIgniter->runController(Object(App\Controllers\RestController))
#2 /home/eventodigital/public_html/api_controlAccesos/system/CodeIgniter.php(326): CodeIgniter\CodeIgniter->handleRequest(NULL, Object(Config\Cache), false)
#3 /home/eventodigital/public_html/api_controlAccesos/public/index.php(37): CodeIgniter\CodeIgniter->run()
#4 {main}
CRITICAL - 2022-05-16 16:27:49 --> Class 'vCard' not found
#0 /home/eventodigital/public_html/api_controlAccesos/system/CodeIgniter.php(832): App\Controllers\RestController->create()
#1 /home/eventodigital/public_html/api_controlAccesos/system/CodeIgniter.php(419): CodeIgniter\CodeIgniter->runController(Object(App\Controllers\RestController))
#2 /home/eventodigital/public_html/api_controlAccesos/system/CodeIgniter.php(326): CodeIgniter\CodeIgniter->handleRequest(NULL, Object(Config\Cache), false)
#3 /home/eventodigital/public_html/api_controlAccesos/public/index.php(37): CodeIgniter\CodeIgniter->run()
#4 {main}
CRITICAL - 2022-05-16 16:27:50 --> Class 'vCard' not found
#0 /home/eventodigital/public_html/api_controlAccesos/system/CodeIgniter.php(832): App\Controllers\RestController->create()
#1 /home/eventodigital/public_html/api_controlAccesos/system/CodeIgniter.php(419): CodeIgniter\CodeIgniter->runController(Object(App\Controllers\RestController))
#2 /home/eventodigital/public_html/api_controlAccesos/system/CodeIgniter.php(326): CodeIgniter\CodeIgniter->handleRequest(NULL, Object(Config\Cache), false)
#3 /home/eventodigital/public_html/api_controlAccesos/public/index.php(37): CodeIgniter\CodeIgniter->run()
#4 {main}
CRITICAL - 2022-05-16 16:27:50 --> Class 'vCard' not found
#0 /home/eventodigital/public_html/api_controlAccesos/system/CodeIgniter.php(832): App\Controllers\RestController->create()
#1 /home/eventodigital/public_html/api_controlAccesos/system/CodeIgniter.php(419): CodeIgniter\CodeIgniter->runController(Object(App\Controllers\RestController))
#2 /home/eventodigital/public_html/api_controlAccesos/system/CodeIgniter.php(326): CodeIgniter\CodeIgniter->handleRequest(NULL, Object(Config\Cache), false)
#3 /home/eventodigital/public_html/api_controlAccesos/public/index.php(37): CodeIgniter\CodeIgniter->run()
#4 {main}
CRITICAL - 2022-05-16 16:29:59 --> Class 'Vcard' not found
#0 /home/eventodigital/public_html/api_controlAccesos/system/CodeIgniter.php(832): App\Controllers\RestController->create()
#1 /home/eventodigital/public_html/api_controlAccesos/system/CodeIgniter.php(419): CodeIgniter\CodeIgniter->runController(Object(App\Controllers\RestController))
#2 /home/eventodigital/public_html/api_controlAccesos/system/CodeIgniter.php(326): CodeIgniter\CodeIgniter->handleRequest(NULL, Object(Config\Cache), false)
#3 /home/eventodigital/public_html/api_controlAccesos/public/index.php(37): CodeIgniter\CodeIgniter->run()
#4 {main}
CRITICAL - 2022-05-16 16:32:01 --> Class 'Vcard\Vcard' not found
#0 /home/eventodigital/public_html/api_controlAccesos/system/CodeIgniter.php(832): App\Controllers\RestController->create()
#1 /home/eventodigital/public_html/api_controlAccesos/system/CodeIgniter.php(419): CodeIgniter\CodeIgniter->runController(Object(App\Controllers\RestController))
#2 /home/eventodigital/public_html/api_controlAccesos/system/CodeIgniter.php(326): CodeIgniter\CodeIgniter->handleRequest(NULL, Object(Config\Cache), false)
#3 /home/eventodigital/public_html/api_controlAccesos/public/index.php(37): CodeIgniter\CodeIgniter->run()
#4 {main}
CRITICAL - 2022-05-16 16:32:02 --> Class 'Vcard\Vcard' not found
#0 /home/eventodigital/public_html/api_controlAccesos/system/CodeIgniter.php(832): App\Controllers\RestController->create()
#1 /home/eventodigital/public_html/api_controlAccesos/system/CodeIgniter.php(419): CodeIgniter\CodeIgniter->runController(Object(App\Controllers\RestController))
#2 /home/eventodigital/public_html/api_controlAccesos/system/CodeIgniter.php(326): CodeIgniter\CodeIgniter->handleRequest(NULL, Object(Config\Cache), false)
#3 /home/eventodigital/public_html/api_controlAccesos/public/index.php(37): CodeIgniter\CodeIgniter->run()
#4 {main}
CRITICAL - 2022-05-16 16:32:46 --> Cannot declare class App\Controllers\Vcard because the name is already in use
#0 [internal function]: CodeIgniter\Debug\Exceptions->shutdownHandler()
#1 {main}
CRITICAL - 2022-05-16 16:34:07 --> Class 'App\Controllers\App\Libraries\Vcard' not found
#0 /home/eventodigital/public_html/api_controlAccesos/system/CodeIgniter.php(832): App\Controllers\RestController->create()
#1 /home/eventodigital/public_html/api_controlAccesos/system/CodeIgniter.php(419): CodeIgniter\CodeIgniter->runController(Object(App\Controllers\RestController))
#2 /home/eventodigital/public_html/api_controlAccesos/system/CodeIgniter.php(326): CodeIgniter\CodeIgniter->handleRequest(NULL, Object(Config\Cache), false)
#3 /home/eventodigital/public_html/api_controlAccesos/public/index.php(37): CodeIgniter\CodeIgniter->run()
#4 {main}
CRITICAL - 2022-05-16 16:34:08 --> Class 'App\Controllers\App\Libraries\Vcard' not found
#0 /home/eventodigital/public_html/api_controlAccesos/system/CodeIgniter.php(832): App\Controllers\RestController->create()
#1 /home/eventodigital/public_html/api_controlAccesos/system/CodeIgniter.php(419): CodeIgniter\CodeIgniter->runController(Object(App\Controllers\RestController))
#2 /home/eventodigital/public_html/api_controlAccesos/system/CodeIgniter.php(326): CodeIgniter\CodeIgniter->handleRequest(NULL, Object(Config\Cache), false)
#3 /home/eventodigital/public_html/api_controlAccesos/public/index.php(37): CodeIgniter\CodeIgniter->run()
#4 {main}
CRITICAL - 2022-05-16 16:41:21 --> Class 'App\Libraries\Vcard' not found
#0 /home/eventodigital/public_html/api_controlAccesos/system/CodeIgniter.php(832): App\Controllers\RestController->create()
#1 /home/eventodigital/public_html/api_controlAccesos/system/CodeIgniter.php(419): CodeIgniter\CodeIgniter->runController(Object(App\Controllers\RestController))
#2 /home/eventodigital/public_html/api_controlAccesos/system/CodeIgniter.php(326): CodeIgniter\CodeIgniter->handleRequest(NULL, Object(Config\Cache), false)
#3 /home/eventodigital/public_html/api_controlAccesos/public/index.php(37): CodeIgniter\CodeIgniter->run()
#4 {main}
CRITICAL - 2022-05-16 16:41:23 --> Class 'App\Libraries\Vcard' not found
#0 /home/eventodigital/public_html/api_controlAccesos/system/CodeIgniter.php(832): App\Controllers\RestController->create()
#1 /home/eventodigital/public_html/api_controlAccesos/system/CodeIgniter.php(419): CodeIgniter\CodeIgniter->runController(Object(App\Controllers\RestController))
#2 /home/eventodigital/public_html/api_controlAccesos/system/CodeIgniter.php(326): CodeIgniter\CodeIgniter->handleRequest(NULL, Object(Config\Cache), false)
#3 /home/eventodigital/public_html/api_controlAccesos/public/index.php(37): CodeIgniter\CodeIgniter->run()
#4 {main}
CRITICAL - 2022-05-16 16:41:23 --> Class 'App\Libraries\Vcard' not found
#0 /home/eventodigital/public_html/api_controlAccesos/system/CodeIgniter.php(832): App\Controllers\RestController->create()
#1 /home/eventodigital/public_html/api_controlAccesos/system/CodeIgniter.php(419): CodeIgniter\CodeIgniter->runController(Object(App\Controllers\RestController))
#2 /home/eventodigital/public_html/api_controlAccesos/system/CodeIgniter.php(326): CodeIgniter\CodeIgniter->handleRequest(NULL, Object(Config\Cache), false)
#3 /home/eventodigital/public_html/api_controlAccesos/public/index.php(37): CodeIgniter\CodeIgniter->run()
#4 {main}
CRITICAL - 2022-05-16 16:41:24 --> Class 'App\Libraries\Vcard' not found
#0 /home/eventodigital/public_html/api_controlAccesos/system/CodeIgniter.php(832): App\Controllers\RestController->create()
#1 /home/eventodigital/public_html/api_controlAccesos/system/CodeIgniter.php(419): CodeIgniter\CodeIgniter->runController(Object(App\Controllers\RestController))
#2 /home/eventodigital/public_html/api_controlAccesos/system/CodeIgniter.php(326): CodeIgniter\CodeIgniter->handleRequest(NULL, Object(Config\Cache), false)
#3 /home/eventodigital/public_html/api_controlAccesos/public/index.php(37): CodeIgniter\CodeIgniter->run()
#4 {main}
CRITICAL - 2022-05-16 16:41:24 --> Class 'App\Libraries\Vcard' not found
#0 /home/eventodigital/public_html/api_controlAccesos/system/CodeIgniter.php(832): App\Controllers\RestController->create()
#1 /home/eventodigital/public_html/api_controlAccesos/system/CodeIgniter.php(419): CodeIgniter\CodeIgniter->runController(Object(App\Controllers\RestController))
#2 /home/eventodigital/public_html/api_controlAccesos/system/CodeIgniter.php(326): CodeIgniter\CodeIgniter->handleRequest(NULL, Object(Config\Cache), false)
#3 /home/eventodigital/public_html/api_controlAccesos/public/index.php(37): CodeIgniter\CodeIgniter->run()
#4 {main}
CRITICAL - 2022-05-16 16:41:25 --> Class 'App\Libraries\Vcard' not found
#0 /home/eventodigital/public_html/api_controlAccesos/system/CodeIgniter.php(832): App\Controllers\RestController->create()
#1 /home/eventodigital/public_html/api_controlAccesos/system/CodeIgniter.php(419): CodeIgniter\CodeIgniter->runController(Object(App\Controllers\RestController))
#2 /home/eventodigital/public_html/api_controlAccesos/system/CodeIgniter.php(326): CodeIgniter\CodeIgniter->handleRequest(NULL, Object(Config\Cache), false)
#3 /home/eventodigital/public_html/api_controlAccesos/public/index.php(37): CodeIgniter\CodeIgniter->run()
#4 {main}
CRITICAL - 2022-05-16 16:41:34 --> Class 'App\Controllers\Vcard' not found
#0 /home/eventodigital/public_html/api_controlAccesos/system/CodeIgniter.php(832): App\Controllers\RestController->create()
#1 /home/eventodigital/public_html/api_controlAccesos/system/CodeIgniter.php(419): CodeIgniter\CodeIgniter->runController(Object(App\Controllers\RestController))
#2 /home/eventodigital/public_html/api_controlAccesos/system/CodeIgniter.php(326): CodeIgniter\CodeIgniter->handleRequest(NULL, Object(Config\Cache), false)
#3 /home/eventodigital/public_html/api_controlAccesos/public/index.php(37): CodeIgniter\CodeIgniter->run()
#4 {main}
CRITICAL - 2022-05-16 16:42:31 --> Class 'App\Controllers\Vcard' not found
#0 /home/eventodigital/public_html/api_controlAccesos/system/CodeIgniter.php(832): App\Controllers\RestController->create()
#1 /home/eventodigital/public_html/api_controlAccesos/system/CodeIgniter.php(419): CodeIgniter\CodeIgniter->runController(Object(App\Controllers\RestController))
#2 /home/eventodigital/public_html/api_controlAccesos/system/CodeIgniter.php(326): CodeIgniter\CodeIgniter->handleRequest(NULL, Object(Config\Cache), false)
#3 /home/eventodigital/public_html/api_controlAccesos/public/index.php(37): CodeIgniter\CodeIgniter->run()
#4 {main}
CRITICAL - 2022-05-16 16:42:32 --> Class 'App\Controllers\Vcard' not found
#0 /home/eventodigital/public_html/api_controlAccesos/system/CodeIgniter.php(832): App\Controllers\RestController->create()
#1 /home/eventodigital/public_html/api_controlAccesos/system/CodeIgniter.php(419): CodeIgniter\CodeIgniter->runController(Object(App\Controllers\RestController))
#2 /home/eventodigital/public_html/api_controlAccesos/system/CodeIgniter.php(326): CodeIgniter\CodeIgniter->handleRequest(NULL, Object(Config\Cache), false)
#3 /home/eventodigital/public_html/api_controlAccesos/public/index.php(37): CodeIgniter\CodeIgniter->run()
#4 {main}
CRITICAL - 2022-05-16 16:43:12 --> Class 'App\Controllers\Vcard' not found
#0 /home/eventodigital/public_html/api_controlAccesos/system/CodeIgniter.php(832): App\Controllers\RestController->create()
#1 /home/eventodigital/public_html/api_controlAccesos/system/CodeIgniter.php(419): CodeIgniter\CodeIgniter->runController(Object(App\Controllers\RestController))
#2 /home/eventodigital/public_html/api_controlAccesos/system/CodeIgniter.php(326): CodeIgniter\CodeIgniter->handleRequest(NULL, Object(Config\Cache), false)
#3 /home/eventodigital/public_html/api_controlAccesos/public/index.php(37): CodeIgniter\CodeIgniter->run()
#4 {main}
CRITICAL - 2022-05-16 16:43:12 --> Class 'App\Controllers\Vcard' not found
#0 /home/eventodigital/public_html/api_controlAccesos/system/CodeIgniter.php(832): App\Controllers\RestController->create()
#1 /home/eventodigital/public_html/api_controlAccesos/system/CodeIgniter.php(419): CodeIgniter\CodeIgniter->runController(Object(App\Controllers\RestController))
#2 /home/eventodigital/public_html/api_controlAccesos/system/CodeIgniter.php(326): CodeIgniter\CodeIgniter->handleRequest(NULL, Object(Config\Cache), false)
#3 /home/eventodigital/public_html/api_controlAccesos/public/index.php(37): CodeIgniter\CodeIgniter->run()
#4 {main}
CRITICAL - 2022-05-16 16:43:13 --> Class 'App\Controllers\Vcard' not found
#0 /home/eventodigital/public_html/api_controlAccesos/system/CodeIgniter.php(832): App\Controllers\RestController->create()
#1 /home/eventodigital/public_html/api_controlAccesos/system/CodeIgniter.php(419): CodeIgniter\CodeIgniter->runController(Object(App\Controllers\RestController))
#2 /home/eventodigital/public_html/api_controlAccesos/system/CodeIgniter.php(326): CodeIgniter\CodeIgniter->handleRequest(NULL, Object(Config\Cache), false)
#3 /home/eventodigital/public_html/api_controlAccesos/public/index.php(37): CodeIgniter\CodeIgniter->run()
#4 {main}
CRITICAL - 2022-05-16 16:43:13 --> Class 'App\Controllers\Vcard' not found
#0 /home/eventodigital/public_html/api_controlAccesos/system/CodeIgniter.php(832): App\Controllers\RestController->create()
#1 /home/eventodigital/public_html/api_controlAccesos/system/CodeIgniter.php(419): CodeIgniter\CodeIgniter->runController(Object(App\Controllers\RestController))
#2 /home/eventodigital/public_html/api_controlAccesos/system/CodeIgniter.php(326): CodeIgniter\CodeIgniter->handleRequest(NULL, Object(Config\Cache), false)
#3 /home/eventodigital/public_html/api_controlAccesos/public/index.php(37): CodeIgniter\CodeIgniter->run()
#4 {main}
CRITICAL - 2022-05-16 16:43:13 --> Class 'App\Controllers\Vcard' not found
#0 /home/eventodigital/public_html/api_controlAccesos/system/CodeIgniter.php(832): App\Controllers\RestController->create()
#1 /home/eventodigital/public_html/api_controlAccesos/system/CodeIgniter.php(419): CodeIgniter\CodeIgniter->runController(Object(App\Controllers\RestController))
#2 /home/eventodigital/public_html/api_controlAccesos/system/CodeIgniter.php(326): CodeIgniter\CodeIgniter->handleRequest(NULL, Object(Config\Cache), false)
#3 /home/eventodigital/public_html/api_controlAccesos/public/index.php(37): CodeIgniter\CodeIgniter->run()
#4 {main}
CRITICAL - 2022-05-16 16:43:15 --> Class 'App\Controllers\Vcard' not found
#0 /home/eventodigital/public_html/api_controlAccesos/system/CodeIgniter.php(832): App\Controllers\RestController->create()
#1 /home/eventodigital/public_html/api_controlAccesos/system/CodeIgniter.php(419): CodeIgniter\CodeIgniter->runController(Object(App\Controllers\RestController))
#2 /home/eventodigital/public_html/api_controlAccesos/system/CodeIgniter.php(326): CodeIgniter\CodeIgniter->handleRequest(NULL, Object(Config\Cache), false)
#3 /home/eventodigital/public_html/api_controlAccesos/public/index.php(37): CodeIgniter\CodeIgniter->run()
#4 {main}
CRITICAL - 2022-05-16 16:43:34 --> Class 'App\Controllers\Vcard' not found
#0 /home/eventodigital/public_html/api_controlAccesos/system/CodeIgniter.php(832): App\Controllers\RestController->create()
#1 /home/eventodigital/public_html/api_controlAccesos/system/CodeIgniter.php(419): CodeIgniter\CodeIgniter->runController(Object(App\Controllers\RestController))
#2 /home/eventodigital/public_html/api_controlAccesos/system/CodeIgniter.php(326): CodeIgniter\CodeIgniter->handleRequest(NULL, Object(Config\Cache), false)
#3 /home/eventodigital/public_html/api_controlAccesos/public/index.php(37): CodeIgniter\CodeIgniter->run()
#4 {main}
CRITICAL - 2022-05-16 16:51:33 --> Class 'App\Controllers\Vcard' not found
#0 /home/eventodigital/public_html/api_controlAccesos/system/CodeIgniter.php(832): App\Controllers\RestController->create()
#1 /home/eventodigital/public_html/api_controlAccesos/system/CodeIgniter.php(419): CodeIgniter\CodeIgniter->runController(Object(App\Controllers\RestController))
#2 /home/eventodigital/public_html/api_controlAccesos/system/CodeIgniter.php(326): CodeIgniter\CodeIgniter->handleRequest(NULL, Object(Config\Cache), false)
#3 /home/eventodigital/public_html/api_controlAccesos/public/index.php(37): CodeIgniter\CodeIgniter->run()
#4 {main}
CRITICAL - 2022-05-16 16:51:34 --> Class 'App\Controllers\Vcard' not found
#0 /home/eventodigital/public_html/api_controlAccesos/system/CodeIgniter.php(832): App\Controllers\RestController->create()
#1 /home/eventodigital/public_html/api_controlAccesos/system/CodeIgniter.php(419): CodeIgniter\CodeIgniter->runController(Object(App\Controllers\RestController))
#2 /home/eventodigital/public_html/api_controlAccesos/system/CodeIgniter.php(326): CodeIgniter\CodeIgniter->handleRequest(NULL, Object(Config\Cache), false)
#3 /home/eventodigital/public_html/api_controlAccesos/public/index.php(37): CodeIgniter\CodeIgniter->run()
#4 {main}
CRITICAL - 2022-05-16 16:53:29 --> Call to undefined function App\Controllers\suma()
#0 /home/eventodigital/public_html/api_controlAccesos/system/CodeIgniter.php(832): App\Controllers\RestController->create()
#1 /home/eventodigital/public_html/api_controlAccesos/system/CodeIgniter.php(419): CodeIgniter\CodeIgniter->runController(Object(App\Controllers\RestController))
#2 /home/eventodigital/public_html/api_controlAccesos/system/CodeIgniter.php(326): CodeIgniter\CodeIgniter->handleRequest(NULL, Object(Config\Cache), false)
#3 /home/eventodigital/public_html/api_controlAccesos/public/index.php(37): CodeIgniter\CodeIgniter->run()
#4 {main}
CRITICAL - 2022-05-16 16:55:11 --> Call to undefined function App\Controllers\suma()
#0 /home/eventodigital/public_html/api_controlAccesos/system/CodeIgniter.php(832): App\Controllers\RestController->create()
#1 /home/eventodigital/public_html/api_controlAccesos/system/CodeIgniter.php(419): CodeIgniter\CodeIgniter->runController(Object(App\Controllers\RestController))
#2 /home/eventodigital/public_html/api_controlAccesos/system/CodeIgniter.php(326): CodeIgniter\CodeIgniter->handleRequest(NULL, Object(Config\Cache), false)
#3 /home/eventodigital/public_html/api_controlAccesos/public/index.php(37): CodeIgniter\CodeIgniter->run()
#4 {main}
CRITICAL - 2022-05-16 16:55:12 --> Call to undefined function App\Controllers\suma()
#0 /home/eventodigital/public_html/api_controlAccesos/system/CodeIgniter.php(832): App\Controllers\RestController->create()
#1 /home/eventodigital/public_html/api_controlAccesos/system/CodeIgniter.php(419): CodeIgniter\CodeIgniter->runController(Object(App\Controllers\RestController))
#2 /home/eventodigital/public_html/api_controlAccesos/system/CodeIgniter.php(326): CodeIgniter\CodeIgniter->handleRequest(NULL, Object(Config\Cache), false)
#3 /home/eventodigital/public_html/api_controlAccesos/public/index.php(37): CodeIgniter\CodeIgniter->run()
#4 {main}
CRITICAL - 2022-05-16 16:55:12 --> Call to undefined function App\Controllers\suma()
#0 /home/eventodigital/public_html/api_controlAccesos/system/CodeIgniter.php(832): App\Controllers\RestController->create()
#1 /home/eventodigital/public_html/api_controlAccesos/system/CodeIgniter.php(419): CodeIgniter\CodeIgniter->runController(Object(App\Controllers\RestController))
#2 /home/eventodigital/public_html/api_controlAccesos/system/CodeIgniter.php(326): CodeIgniter\CodeIgniter->handleRequest(NULL, Object(Config\Cache), false)
#3 /home/eventodigital/public_html/api_controlAccesos/public/index.php(37): CodeIgniter\CodeIgniter->run()
#4 {main}
CRITICAL - 2022-05-16 16:55:12 --> Call to undefined function App\Controllers\suma()
#0 /home/eventodigital/public_html/api_controlAccesos/system/CodeIgniter.php(832): App\Controllers\RestController->create()
#1 /home/eventodigital/public_html/api_controlAccesos/system/CodeIgniter.php(419): CodeIgniter\CodeIgniter->runController(Object(App\Controllers\RestController))
#2 /home/eventodigital/public_html/api_controlAccesos/system/CodeIgniter.php(326): CodeIgniter\CodeIgniter->handleRequest(NULL, Object(Config\Cache), false)
#3 /home/eventodigital/public_html/api_controlAccesos/public/index.php(37): CodeIgniter\CodeIgniter->run()
#4 {main}
CRITICAL - 2022-05-16 16:55:12 --> Call to undefined function App\Controllers\suma()
#0 /home/eventodigital/public_html/api_controlAccesos/system/CodeIgniter.php(832): App\Controllers\RestController->create()
#1 /home/eventodigital/public_html/api_controlAccesos/system/CodeIgniter.php(419): CodeIgniter\CodeIgniter->runController(Object(App\Controllers\RestController))
#2 /home/eventodigital/public_html/api_controlAccesos/system/CodeIgniter.php(326): CodeIgniter\CodeIgniter->handleRequest(NULL, Object(Config\Cache), false)
#3 /home/eventodigital/public_html/api_controlAccesos/public/index.php(37): CodeIgniter\CodeIgniter->run()
#4 {main}
CRITICAL - 2022-05-16 16:55:12 --> Call to undefined function App\Controllers\suma()
#0 /home/eventodigital/public_html/api_controlAccesos/system/CodeIgniter.php(832): App\Controllers\RestController->create()
#1 /home/eventodigital/public_html/api_controlAccesos/system/CodeIgniter.php(419): CodeIgniter\CodeIgniter->runController(Object(App\Controllers\RestController))
#2 /home/eventodigital/public_html/api_controlAccesos/system/CodeIgniter.php(326): CodeIgniter\CodeIgniter->handleRequest(NULL, Object(Config\Cache), false)
#3 /home/eventodigital/public_html/api_controlAccesos/public/index.php(37): CodeIgniter\CodeIgniter->run()
#4 {main}
CRITICAL - 2022-05-16 17:05:01 --> syntax error, unexpected 'Vcard' (T_STRING), expecting variable (T_VARIABLE) or '$'
#0 /home/eventodigital/public_html/api_controlAccesos/system/Autoloader/Autoloader.php(241): CodeIgniter\Autoloader\Autoloader->includeFile('/home/eventodig...')
#1 /home/eventodigital/public_html/api_controlAccesos/system/Autoloader/Autoloader.php(219): CodeIgniter\Autoloader\Autoloader->loadInNamespace('App\\Controllers...')
#2 [internal function]: CodeIgniter\Autoloader\Autoloader->loadClass('App\\Controllers...')
#3 [internal function]: spl_autoload_call('App\\Controllers...')
#4 /home/eventodigital/public_html/api_controlAccesos/system/CodeIgniter.php(797): class_exists('\\App\\Controller...', true)
#5 /home/eventodigital/public_html/api_controlAccesos/system/CodeIgniter.php(406): CodeIgniter\CodeIgniter->startController()
#6 /home/eventodigital/public_html/api_controlAccesos/system/CodeIgniter.php(326): CodeIgniter\CodeIgniter->handleRequest(NULL, Object(Config\Cache), false)
#7 /home/eventodigital/public_html/api_controlAccesos/public/index.php(37): CodeIgniter\CodeIgniter->run()
#8 {main}
CRITICAL - 2022-05-16 17:05:30 --> syntax error, unexpected 'Vcard' (T_STRING), expecting variable (T_VARIABLE) or '$'
#0 /home/eventodigital/public_html/api_controlAccesos/system/Autoloader/Autoloader.php(241): CodeIgniter\Autoloader\Autoloader->includeFile('/home/eventodig...')
#1 /home/eventodigital/public_html/api_controlAccesos/system/Autoloader/Autoloader.php(219): CodeIgniter\Autoloader\Autoloader->loadInNamespace('App\\Controllers...')
#2 [internal function]: CodeIgniter\Autoloader\Autoloader->loadClass('App\\Controllers...')
#3 [internal function]: spl_autoload_call('App\\Controllers...')
#4 /home/eventodigital/public_html/api_controlAccesos/system/CodeIgniter.php(797): class_exists('\\App\\Controller...', true)
#5 /home/eventodigital/public_html/api_controlAccesos/system/CodeIgniter.php(406): CodeIgniter\CodeIgniter->startController()
#6 /home/eventodigital/public_html/api_controlAccesos/system/CodeIgniter.php(326): CodeIgniter\CodeIgniter->handleRequest(NULL, Object(Config\Cache), false)
#7 /home/eventodigital/public_html/api_controlAccesos/public/index.php(37): CodeIgniter\CodeIgniter->run()
#8 {main}
CRITICAL - 2022-05-16 17:05:32 --> syntax error, unexpected 'Vcard' (T_STRING), expecting variable (T_VARIABLE) or '$'
#0 /home/eventodigital/public_html/api_controlAccesos/system/Autoloader/Autoloader.php(241): CodeIgniter\Autoloader\Autoloader->includeFile('/home/eventodig...')
#1 /home/eventodigital/public_html/api_controlAccesos/system/Autoloader/Autoloader.php(219): CodeIgniter\Autoloader\Autoloader->loadInNamespace('App\\Controllers...')
#2 [internal function]: CodeIgniter\Autoloader\Autoloader->loadClass('App\\Controllers...')
#3 [internal function]: spl_autoload_call('App\\Controllers...')
#4 /home/eventodigital/public_html/api_controlAccesos/system/CodeIgniter.php(797): class_exists('\\App\\Controller...', true)
#5 /home/eventodigital/public_html/api_controlAccesos/system/CodeIgniter.php(406): CodeIgniter\CodeIgniter->startController()
#6 /home/eventodigital/public_html/api_controlAccesos/system/CodeIgniter.php(326): CodeIgniter\CodeIgniter->handleRequest(NULL, Object(Config\Cache), false)
#7 /home/eventodigital/public_html/api_controlAccesos/public/index.php(37): CodeIgniter\CodeIgniter->run()
#8 {main}
CRITICAL - 2022-05-16 17:05:32 --> syntax error, unexpected 'Vcard' (T_STRING), expecting variable (T_VARIABLE) or '$'
#0 /home/eventodigital/public_html/api_controlAccesos/system/Autoloader/Autoloader.php(241): CodeIgniter\Autoloader\Autoloader->includeFile('/home/eventodig...')
#1 /home/eventodigital/public_html/api_controlAccesos/system/Autoloader/Autoloader.php(219): CodeIgniter\Autoloader\Autoloader->loadInNamespace('App\\Controllers...')
#2 [internal function]: CodeIgniter\Autoloader\Autoloader->loadClass('App\\Controllers...')
#3 [internal function]: spl_autoload_call('App\\Controllers...')
#4 /home/eventodigital/public_html/api_controlAccesos/system/CodeIgniter.php(797): class_exists('\\App\\Controller...', true)
#5 /home/eventodigital/public_html/api_controlAccesos/system/CodeIgniter.php(406): CodeIgniter\CodeIgniter->startController()
#6 /home/eventodigital/public_html/api_controlAccesos/system/CodeIgniter.php(326): CodeIgniter\CodeIgniter->handleRequest(NULL, Object(Config\Cache), false)
#7 /home/eventodigital/public_html/api_controlAccesos/public/index.php(37): CodeIgniter\CodeIgniter->run()
#8 {main}
CRITICAL - 2022-05-16 17:05:32 --> syntax error, unexpected 'Vcard' (T_STRING), expecting variable (T_VARIABLE) or '$'
#0 /home/eventodigital/public_html/api_controlAccesos/system/Autoloader/Autoloader.php(241): CodeIgniter\Autoloader\Autoloader->includeFile('/home/eventodig...')
#1 /home/eventodigital/public_html/api_controlAccesos/system/Autoloader/Autoloader.php(219): CodeIgniter\Autoloader\Autoloader->loadInNamespace('App\\Controllers...')
#2 [internal function]: CodeIgniter\Autoloader\Autoloader->loadClass('App\\Controllers...')
#3 [internal function]: spl_autoload_call('App\\Controllers...')
#4 /home/eventodigital/public_html/api_controlAccesos/system/CodeIgniter.php(797): class_exists('\\App\\Controller...', true)
#5 /home/eventodigital/public_html/api_controlAccesos/system/CodeIgniter.php(406): CodeIgniter\CodeIgniter->startController()
#6 /home/eventodigital/public_html/api_controlAccesos/system/CodeIgniter.php(326): CodeIgniter\CodeIgniter->handleRequest(NULL, Object(Config\Cache), false)
#7 /home/eventodigital/public_html/api_controlAccesos/public/index.php(37): CodeIgniter\CodeIgniter->run()
#8 {main}
CRITICAL - 2022-05-16 17:06:17 --> syntax error, unexpected 'vCard' (T_STRING), expecting variable (T_VARIABLE) or '$'
#0 /home/eventodigital/public_html/api_controlAccesos/system/Autoloader/Autoloader.php(241): CodeIgniter\Autoloader\Autoloader->includeFile('/home/eventodig...')
#1 /home/eventodigital/public_html/api_controlAccesos/system/Autoloader/Autoloader.php(219): CodeIgniter\Autoloader\Autoloader->loadInNamespace('App\\Controllers...')
#2 [internal function]: CodeIgniter\Autoloader\Autoloader->loadClass('App\\Controllers...')
#3 [internal function]: spl_autoload_call('App\\Controllers...')
#4 /home/eventodigital/public_html/api_controlAccesos/system/CodeIgniter.php(797): class_exists('\\App\\Controller...', true)
#5 /home/eventodigital/public_html/api_controlAccesos/system/CodeIgniter.php(406): CodeIgniter\CodeIgniter->startController()
#6 /home/eventodigital/public_html/api_controlAccesos/system/CodeIgniter.php(326): CodeIgniter\CodeIgniter->handleRequest(NULL, Object(Config\Cache), false)
#7 /home/eventodigital/public_html/api_controlAccesos/public/index.php(37): CodeIgniter\CodeIgniter->run()
#8 {main}
CRITICAL - 2022-05-16 17:06:18 --> syntax error, unexpected 'vCard' (T_STRING), expecting variable (T_VARIABLE) or '$'
#0 /home/eventodigital/public_html/api_controlAccesos/system/Autoloader/Autoloader.php(241): CodeIgniter\Autoloader\Autoloader->includeFile('/home/eventodig...')
#1 /home/eventodigital/public_html/api_controlAccesos/system/Autoloader/Autoloader.php(219): CodeIgniter\Autoloader\Autoloader->loadInNamespace('App\\Controllers...')
#2 [internal function]: CodeIgniter\Autoloader\Autoloader->loadClass('App\\Controllers...')
#3 [internal function]: spl_autoload_call('App\\Controllers...')
#4 /home/eventodigital/public_html/api_controlAccesos/system/CodeIgniter.php(797): class_exists('\\App\\Controller...', true)
#5 /home/eventodigital/public_html/api_controlAccesos/system/CodeIgniter.php(406): CodeIgniter\CodeIgniter->startController()
#6 /home/eventodigital/public_html/api_controlAccesos/system/CodeIgniter.php(326): CodeIgniter\CodeIgniter->handleRequest(NULL, Object(Config\Cache), false)
#7 /home/eventodigital/public_html/api_controlAccesos/public/index.php(37): CodeIgniter\CodeIgniter->run()
#8 {main}
CRITICAL - 2022-05-16 17:06:18 --> syntax error, unexpected 'vCard' (T_STRING), expecting variable (T_VARIABLE) or '$'
#0 /home/eventodigital/public_html/api_controlAccesos/system/Autoloader/Autoloader.php(241): CodeIgniter\Autoloader\Autoloader->includeFile('/home/eventodig...')
#1 /home/eventodigital/public_html/api_controlAccesos/system/Autoloader/Autoloader.php(219): CodeIgniter\Autoloader\Autoloader->loadInNamespace('App\\Controllers...')
#2 [internal function]: CodeIgniter\Autoloader\Autoloader->loadClass('App\\Controllers...')
#3 [internal function]: spl_autoload_call('App\\Controllers...')
#4 /home/eventodigital/public_html/api_controlAccesos/system/CodeIgniter.php(797): class_exists('\\App\\Controller...', true)
#5 /home/eventodigital/public_html/api_controlAccesos/system/CodeIgniter.php(406): CodeIgniter\CodeIgniter->startController()
#6 /home/eventodigital/public_html/api_controlAccesos/system/CodeIgniter.php(326): CodeIgniter\CodeIgniter->handleRequest(NULL, Object(Config\Cache), false)
#7 /home/eventodigital/public_html/api_controlAccesos/public/index.php(37): CodeIgniter\CodeIgniter->run()
#8 {main}
CRITICAL - 2022-05-16 17:06:55 --> Class 'App\Libraries\Vcard' not found
#0 /home/eventodigital/public_html/api_controlAccesos/system/CodeIgniter.php(832): App\Controllers\RestController->create()
#1 /home/eventodigital/public_html/api_controlAccesos/system/CodeIgniter.php(419): CodeIgniter\CodeIgniter->runController(Object(App\Controllers\RestController))
#2 /home/eventodigital/public_html/api_controlAccesos/system/CodeIgniter.php(326): CodeIgniter\CodeIgniter->handleRequest(NULL, Object(Config\Cache), false)
#3 /home/eventodigital/public_html/api_controlAccesos/public/index.php(37): CodeIgniter\CodeIgniter->run()
#4 {main}
CRITICAL - 2022-05-16 17:06:57 --> Class 'App\Libraries\Vcard' not found
#0 /home/eventodigital/public_html/api_controlAccesos/system/CodeIgniter.php(832): App\Controllers\RestController->create()
#1 /home/eventodigital/public_html/api_controlAccesos/system/CodeIgniter.php(419): CodeIgniter\CodeIgniter->runController(Object(App\Controllers\RestController))
#2 /home/eventodigital/public_html/api_controlAccesos/system/CodeIgniter.php(326): CodeIgniter\CodeIgniter->handleRequest(NULL, Object(Config\Cache), false)
#3 /home/eventodigital/public_html/api_controlAccesos/public/index.php(37): CodeIgniter\CodeIgniter->run()
#4 {main}
CRITICAL - 2022-05-16 17:06:58 --> Class 'App\Libraries\Vcard' not found
#0 /home/eventodigital/public_html/api_controlAccesos/system/CodeIgniter.php(832): App\Controllers\RestController->create()
#1 /home/eventodigital/public_html/api_controlAccesos/system/CodeIgniter.php(419): CodeIgniter\CodeIgniter->runController(Object(App\Controllers\RestController))
#2 /home/eventodigital/public_html/api_controlAccesos/system/CodeIgniter.php(326): CodeIgniter\CodeIgniter->handleRequest(NULL, Object(Config\Cache), false)
#3 /home/eventodigital/public_html/api_controlAccesos/public/index.php(37): CodeIgniter\CodeIgniter->run()
#4 {main}
CRITICAL - 2022-05-16 17:06:59 --> Class 'App\Libraries\Vcard' not found
#0 /home/eventodigital/public_html/api_controlAccesos/system/CodeIgniter.php(832): App\Controllers\RestController->create()
#1 /home/eventodigital/public_html/api_controlAccesos/system/CodeIgniter.php(419): CodeIgniter\CodeIgniter->runController(Object(App\Controllers\RestController))
#2 /home/eventodigital/public_html/api_controlAccesos/system/CodeIgniter.php(326): CodeIgniter\CodeIgniter->handleRequest(NULL, Object(Config\Cache), false)
#3 /home/eventodigital/public_html/api_controlAccesos/public/index.php(37): CodeIgniter\CodeIgniter->run()
#4 {main}
CRITICAL - 2022-05-16 17:07:17 --> Call to undefined function App\Libraries\Vcard()
#0 /home/eventodigital/public_html/api_controlAccesos/system/CodeIgniter.php(832): App\Controllers\RestController->create()
#1 /home/eventodigital/public_html/api_controlAccesos/system/CodeIgniter.php(419): CodeIgniter\CodeIgniter->runController(Object(App\Controllers\RestController))
#2 /home/eventodigital/public_html/api_controlAccesos/system/CodeIgniter.php(326): CodeIgniter\CodeIgniter->handleRequest(NULL, Object(Config\Cache), false)
#3 /home/eventodigital/public_html/api_controlAccesos/public/index.php(37): CodeIgniter\CodeIgniter->run()
#4 {main}
CRITICAL - 2022-05-16 17:07:42 --> Class 'App\Libraries\Vcard' not found
#0 /home/eventodigital/public_html/api_controlAccesos/system/CodeIgniter.php(832): App\Controllers\RestController->create()
#1 /home/eventodigital/public_html/api_controlAccesos/system/CodeIgniter.php(419): CodeIgniter\CodeIgniter->runController(Object(App\Controllers\RestController))
#2 /home/eventodigital/public_html/api_controlAccesos/system/CodeIgniter.php(326): CodeIgniter\CodeIgniter->handleRequest(NULL, Object(Config\Cache), false)
#3 /home/eventodigital/public_html/api_controlAccesos/public/index.php(37): CodeIgniter\CodeIgniter->run()
#4 {main}
CRITICAL - 2022-05-16 17:07:43 --> Class 'App\Libraries\Vcard' not found
#0 /home/eventodigital/public_html/api_controlAccesos/system/CodeIgniter.php(832): App\Controllers\RestController->create()
#1 /home/eventodigital/public_html/api_controlAccesos/system/CodeIgniter.php(419): CodeIgniter\CodeIgniter->runController(Object(App\Controllers\RestController))
#2 /home/eventodigital/public_html/api_controlAccesos/system/CodeIgniter.php(326): CodeIgniter\CodeIgniter->handleRequest(NULL, Object(Config\Cache), false)
#3 /home/eventodigital/public_html/api_controlAccesos/public/index.php(37): CodeIgniter\CodeIgniter->run()
#4 {main}
