CRITICAL - 2023-11-10 06:44:25 --> Class 'App\Libraries\Exception' not found
#0 /home/eventodigital/public_html/api_controlAccesos/app/Controllers/RestController.php(185): App\Libraries\vCard->__construct(false, 'FBMi4a0AG6QvQHQ...')
#1 /home/eventodigital/public_html/api_controlAccesos/system/CodeIgniter.php(832): App\Controllers\RestController->create()
#2 /home/eventodigital/public_html/api_controlAccesos/system/CodeIgniter.php(419): CodeIgniter\CodeIgniter->runController(Object(App\Controllers\RestController))
#3 /home/eventodigital/public_html/api_controlAccesos/system/CodeIgniter.php(326): CodeIgniter\CodeIgniter->handleRequest(NULL, Object(Config\Cache), false)
#4 /home/eventodigital/public_html/api_controlAccesos/public/index.php(37): CodeIgniter\CodeIgniter->run()
#5 {main}
CRITICAL - 2023-11-10 07:14:34 --> Class 'App\Libraries\Exception' not found
#0 /home/eventodigital/public_html/api_controlAccesos/app/Controllers/RestController.php(185): App\Libraries\vCard->__construct(false, 'FBMi4a0AG6QvQHQ...')
#1 /home/eventodigital/public_html/api_controlAccesos/system/CodeIgniter.php(832): App\Controllers\RestController->create()
#2 /home/eventodigital/public_html/api_controlAccesos/system/CodeIgniter.php(419): CodeIgniter\CodeIgniter->runController(Object(App\Controllers\RestController))
#3 /home/eventodigital/public_html/api_controlAccesos/system/CodeIgniter.php(326): CodeIgniter\CodeIgniter->handleRequest(NULL, Object(Config\Cache), false)
#4 /home/eventodigital/public_html/api_controlAccesos/public/index.php(37): CodeIgniter\CodeIgniter->run()
#5 {main}
CRITICAL - 2023-11-10 09:48:56 --> Class 'App\Libraries\Exception' not found
#0 /home/eventodigital/public_html/api_controlAccesos/app/Controllers/RestController.php(185): App\Libraries\vCard->__construct(false, 'FBMi4a0AG5EzAGQ...')
#1 /home/eventodigital/public_html/api_controlAccesos/system/CodeIgniter.php(832): App\Controllers\RestController->create()
#2 /home/eventodigital/public_html/api_controlAccesos/system/CodeIgniter.php(419): CodeIgniter\CodeIgniter->runController(Object(App\Controllers\RestController))
#3 /home/eventodigital/public_html/api_controlAccesos/system/CodeIgniter.php(326): CodeIgniter\CodeIgniter->handleRequest(NULL, Object(Config\Cache), false)
#4 /home/eventodigital/public_html/api_controlAccesos/public/index.php(37): CodeIgniter\CodeIgniter->run()
#5 {main}
CRITICAL - 2023-11-10 09:49:04 --> Class 'App\Libraries\Exception' not found
#0 /home/eventodigital/public_html/api_controlAccesos/app/Controllers/RestController.php(185): App\Libraries\vCard->__construct(false, 'FBMi4a0AG5EzAKQ...')
#1 /home/eventodigital/public_html/api_controlAccesos/system/CodeIgniter.php(832): App\Controllers\RestController->create()
#2 /home/eventodigital/public_html/api_controlAccesos/system/CodeIgniter.php(419): CodeIgniter\CodeIgniter->runController(Object(App\Controllers\RestController))
#3 /home/eventodigital/public_html/api_controlAccesos/system/CodeIgniter.php(326): CodeIgniter\CodeIgniter->handleRequest(NULL, Object(Config\Cache), false)
#4 /home/eventodigital/public_html/api_controlAccesos/public/index.php(37): CodeIgniter\CodeIgniter->run()
#5 {main}
CRITICAL - 2023-11-10 09:49:08 --> Class 'App\Libraries\Exception' not found
#0 /home/eventodigital/public_html/api_controlAccesos/app/Controllers/RestController.php(185): App\Libraries\vCard->__construct(false, 'FBMi4a0AG5EzAPg...')
#1 /home/eventodigital/public_html/api_controlAccesos/system/CodeIgniter.php(832): App\Controllers\RestController->create()
#2 /home/eventodigital/public_html/api_controlAccesos/system/CodeIgniter.php(419): CodeIgniter\CodeIgniter->runController(Object(App\Controllers\RestController))
#3 /home/eventodigital/public_html/api_controlAccesos/system/CodeIgniter.php(326): CodeIgniter\CodeIgniter->handleRequest(NULL, Object(Config\Cache), false)
#4 /home/eventodigital/public_html/api_controlAccesos/public/index.php(37): CodeIgniter\CodeIgniter->run()
#5 {main}
CRITICAL - 2023-11-10 09:49:20 --> Class 'App\Libraries\Exception' not found
#0 /home/eventodigital/public_html/api_controlAccesos/app/Controllers/RestController.php(185): App\Libraries\vCard->__construct(false, 'FBMi4a0AG5sXwHQ...')
#1 /home/eventodigital/public_html/api_controlAccesos/system/CodeIgniter.php(832): App\Controllers\RestController->create()
#2 /home/eventodigital/public_html/api_controlAccesos/system/CodeIgniter.php(419): CodeIgniter\CodeIgniter->runController(Object(App\Controllers\RestController))
#3 /home/eventodigital/public_html/api_controlAccesos/system/CodeIgniter.php(326): CodeIgniter\CodeIgniter->handleRequest(NULL, Object(Config\Cache), false)
#4 /home/eventodigital/public_html/api_controlAccesos/public/index.php(37): CodeIgniter\CodeIgniter->run()
#5 {main}
CRITICAL - 2023-11-10 09:49:22 --> Class 'App\Libraries\Exception' not found
#0 /home/eventodigital/public_html/api_controlAccesos/app/Controllers/RestController.php(185): App\Libraries\vCard->__construct(false, 'FBMi4a0AG5sXwLg...')
#1 /home/eventodigital/public_html/api_controlAccesos/system/CodeIgniter.php(832): App\Controllers\RestController->create()
#2 /home/eventodigital/public_html/api_controlAccesos/system/CodeIgniter.php(419): CodeIgniter\CodeIgniter->runController(Object(App\Controllers\RestController))
#3 /home/eventodigital/public_html/api_controlAccesos/system/CodeIgniter.php(326): CodeIgniter\CodeIgniter->handleRequest(NULL, Object(Config\Cache), false)
#4 /home/eventodigital/public_html/api_controlAccesos/public/index.php(37): CodeIgniter\CodeIgniter->run()
#5 {main}
CRITICAL - 2023-11-10 09:49:47 --> Class 'App\Libraries\Exception' not found
#0 /home/eventodigital/public_html/api_controlAccesos/app/Controllers/RestController.php(185): App\Libraries\vCard->__construct(false, 'FBMi4a0AG5eTgLA...')
#1 /home/eventodigital/public_html/api_controlAccesos/system/CodeIgniter.php(832): App\Controllers\RestController->create()
#2 /home/eventodigital/public_html/api_controlAccesos/system/CodeIgniter.php(419): CodeIgniter\CodeIgniter->runController(Object(App\Controllers\RestController))
#3 /home/eventodigital/public_html/api_controlAccesos/system/CodeIgniter.php(326): CodeIgniter\CodeIgniter->handleRequest(NULL, Object(Config\Cache), false)
#4 /home/eventodigital/public_html/api_controlAccesos/public/index.php(37): CodeIgniter\CodeIgniter->run()
#5 {main}
CRITICAL - 2023-11-10 09:49:49 --> Class 'App\Libraries\Exception' not found
#0 /home/eventodigital/public_html/api_controlAccesos/app/Controllers/RestController.php(185): App\Libraries\vCard->__construct(false, 'FBMi4a0AG5eTgHA...')
#1 /home/eventodigital/public_html/api_controlAccesos/system/CodeIgniter.php(832): App\Controllers\RestController->create()
#2 /home/eventodigital/public_html/api_controlAccesos/system/CodeIgniter.php(419): CodeIgniter\CodeIgniter->runController(Object(App\Controllers\RestController))
#3 /home/eventodigital/public_html/api_controlAccesos/system/CodeIgniter.php(326): CodeIgniter\CodeIgniter->handleRequest(NULL, Object(Config\Cache), false)
#4 /home/eventodigital/public_html/api_controlAccesos/public/index.php(37): CodeIgniter\CodeIgniter->run()
#5 {main}
CRITICAL - 2023-11-10 09:49:58 --> Class 'App\Libraries\Exception' not found
#0 /home/eventodigital/public_html/api_controlAccesos/app/Controllers/RestController.php(185): App\Libraries\vCard->__construct(false, 'FBMi4a0AG5ecwGg...')
#1 /home/eventodigital/public_html/api_controlAccesos/system/CodeIgniter.php(832): App\Controllers\RestController->create()
#2 /home/eventodigital/public_html/api_controlAccesos/system/CodeIgniter.php(419): CodeIgniter\CodeIgniter->runController(Object(App\Controllers\RestController))
#3 /home/eventodigital/public_html/api_controlAccesos/system/CodeIgniter.php(326): CodeIgniter\CodeIgniter->handleRequest(NULL, Object(Config\Cache), false)
#4 /home/eventodigital/public_html/api_controlAccesos/public/index.php(37): CodeIgniter\CodeIgniter->run()
#5 {main}
CRITICAL - 2023-11-10 09:50:24 --> Class 'App\Libraries\Exception' not found
#0 /home/eventodigital/public_html/api_controlAccesos/app/Controllers/RestController.php(185): App\Libraries\vCard->__construct(false, 'FBMi4a0AG0T1gOw...')
#1 /home/eventodigital/public_html/api_controlAccesos/system/CodeIgniter.php(832): App\Controllers\RestController->create()
#2 /home/eventodigital/public_html/api_controlAccesos/system/CodeIgniter.php(419): CodeIgniter\CodeIgniter->runController(Object(App\Controllers\RestController))
#3 /home/eventodigital/public_html/api_controlAccesos/system/CodeIgniter.php(326): CodeIgniter\CodeIgniter->handleRequest(NULL, Object(Config\Cache), false)
#4 /home/eventodigital/public_html/api_controlAccesos/public/index.php(37): CodeIgniter\CodeIgniter->run()
#5 {main}
CRITICAL - 2023-11-10 09:50:34 --> Class 'App\Libraries\Exception' not found
#0 /home/eventodigital/public_html/api_controlAccesos/app/Controllers/RestController.php(185): App\Libraries\vCard->__construct(false, 'FBMi4a0AG0T1gSQ...')
#1 /home/eventodigital/public_html/api_controlAccesos/system/CodeIgniter.php(832): App\Controllers\RestController->create()
#2 /home/eventodigital/public_html/api_controlAccesos/system/CodeIgniter.php(419): CodeIgniter\CodeIgniter->runController(Object(App\Controllers\RestController))
#3 /home/eventodigital/public_html/api_controlAccesos/system/CodeIgniter.php(326): CodeIgniter\CodeIgniter->handleRequest(NULL, Object(Config\Cache), false)
#4 /home/eventodigital/public_html/api_controlAccesos/public/index.php(37): CodeIgniter\CodeIgniter->run()
#5 {main}
CRITICAL - 2023-11-10 09:50:57 --> Class 'App\Libraries\Exception' not found
#0 /home/eventodigital/public_html/api_controlAccesos/app/Controllers/RestController.php(185): App\Libraries\vCard->__construct(false, 'FBMi48SAGAF-AXw...')
#1 /home/eventodigital/public_html/api_controlAccesos/system/CodeIgniter.php(832): App\Controllers\RestController->create()
#2 /home/eventodigital/public_html/api_controlAccesos/system/CodeIgniter.php(419): CodeIgniter\CodeIgniter->runController(Object(App\Controllers\RestController))
#3 /home/eventodigital/public_html/api_controlAccesos/system/CodeIgniter.php(326): CodeIgniter\CodeIgniter->handleRequest(NULL, Object(Config\Cache), false)
#4 /home/eventodigital/public_html/api_controlAccesos/public/index.php(37): CodeIgniter\CodeIgniter->run()
#5 {main}
CRITICAL - 2023-11-10 09:51:03 --> Class 'App\Libraries\Exception' not found
#0 /home/eventodigital/public_html/api_controlAccesos/app/Controllers/RestController.php(185): App\Libraries\vCard->__construct(false, 'FBMi48SAGAF-ASw...')
#1 /home/eventodigital/public_html/api_controlAccesos/system/CodeIgniter.php(832): App\Controllers\RestController->create()
#2 /home/eventodigital/public_html/api_controlAccesos/system/CodeIgniter.php(419): CodeIgniter\CodeIgniter->runController(Object(App\Controllers\RestController))
#3 /home/eventodigital/public_html/api_controlAccesos/system/CodeIgniter.php(326): CodeIgniter\CodeIgniter->handleRequest(NULL, Object(Config\Cache), false)
#4 /home/eventodigital/public_html/api_controlAccesos/public/index.php(37): CodeIgniter\CodeIgniter->run()
#5 {main}
CRITICAL - 2023-11-10 09:51:41 --> Class 'App\Libraries\Exception' not found
#0 /home/eventodigital/public_html/api_controlAccesos/app/Controllers/RestController.php(185): App\Libraries\vCard->__construct(false, 'FBMi48SAG3VPQGg...')
#1 /home/eventodigital/public_html/api_controlAccesos/system/CodeIgniter.php(832): App\Controllers\RestController->create()
#2 /home/eventodigital/public_html/api_controlAccesos/system/CodeIgniter.php(419): CodeIgniter\CodeIgniter->runController(Object(App\Controllers\RestController))
#3 /home/eventodigital/public_html/api_controlAccesos/system/CodeIgniter.php(326): CodeIgniter\CodeIgniter->handleRequest(NULL, Object(Config\Cache), false)
#4 /home/eventodigital/public_html/api_controlAccesos/public/index.php(37): CodeIgniter\CodeIgniter->run()
#5 {main}
CRITICAL - 2023-11-10 09:51:50 --> Class 'App\Libraries\Exception' not found
#0 /home/eventodigital/public_html/api_controlAccesos/app/Controllers/RestController.php(185): App\Libraries\vCard->__construct(false, 'FBMi4a0AG5ozgGQ...')
#1 /home/eventodigital/public_html/api_controlAccesos/system/CodeIgniter.php(832): App\Controllers\RestController->create()
#2 /home/eventodigital/public_html/api_controlAccesos/system/CodeIgniter.php(419): CodeIgniter\CodeIgniter->runController(Object(App\Controllers\RestController))
#3 /home/eventodigital/public_html/api_controlAccesos/system/CodeIgniter.php(326): CodeIgniter\CodeIgniter->handleRequest(NULL, Object(Config\Cache), false)
#4 /home/eventodigital/public_html/api_controlAccesos/public/index.php(37): CodeIgniter\CodeIgniter->run()
#5 {main}
CRITICAL - 2023-11-10 09:51:55 --> Class 'App\Libraries\Exception' not found
#0 /home/eventodigital/public_html/api_controlAccesos/app/Controllers/RestController.php(185): App\Libraries\vCard->__construct(false, 'FBMi4a0AG5ozgLw...')
#1 /home/eventodigital/public_html/api_controlAccesos/system/CodeIgniter.php(832): App\Controllers\RestController->create()
#2 /home/eventodigital/public_html/api_controlAccesos/system/CodeIgniter.php(419): CodeIgniter\CodeIgniter->runController(Object(App\Controllers\RestController))
#3 /home/eventodigital/public_html/api_controlAccesos/system/CodeIgniter.php(326): CodeIgniter\CodeIgniter->handleRequest(NULL, Object(Config\Cache), false)
#4 /home/eventodigital/public_html/api_controlAccesos/public/index.php(37): CodeIgniter\CodeIgniter->run()
#5 {main}
CRITICAL - 2023-11-10 09:52:18 --> Class 'App\Libraries\Exception' not found
#0 /home/eventodigital/public_html/api_controlAccesos/app/Controllers/RestController.php(185): App\Libraries\vCard->__construct(false, 'FBMi4a0AG7ESAHA...')
#1 /home/eventodigital/public_html/api_controlAccesos/system/CodeIgniter.php(832): App\Controllers\RestController->create()
#2 /home/eventodigital/public_html/api_controlAccesos/system/CodeIgniter.php(419): CodeIgniter\CodeIgniter->runController(Object(App\Controllers\RestController))
#3 /home/eventodigital/public_html/api_controlAccesos/system/CodeIgniter.php(326): CodeIgniter\CodeIgniter->handleRequest(NULL, Object(Config\Cache), false)
#4 /home/eventodigital/public_html/api_controlAccesos/public/index.php(37): CodeIgniter\CodeIgniter->run()
#5 {main}
CRITICAL - 2023-11-10 09:52:26 --> Class 'App\Libraries\Exception' not found
#0 /home/eventodigital/public_html/api_controlAccesos/app/Controllers/RestController.php(185): App\Libraries\vCard->__construct(false, 'FBMi4a0AG7D1gHg...')
#1 /home/eventodigital/public_html/api_controlAccesos/system/CodeIgniter.php(832): App\Controllers\RestController->create()
#2 /home/eventodigital/public_html/api_controlAccesos/system/CodeIgniter.php(419): CodeIgniter\CodeIgniter->runController(Object(App\Controllers\RestController))
#3 /home/eventodigital/public_html/api_controlAccesos/system/CodeIgniter.php(326): CodeIgniter\CodeIgniter->handleRequest(NULL, Object(Config\Cache), false)
#4 /home/eventodigital/public_html/api_controlAccesos/public/index.php(37): CodeIgniter\CodeIgniter->run()
#5 {main}
CRITICAL - 2023-11-10 09:52:49 --> Class 'App\Libraries\Exception' not found
#0 /home/eventodigital/public_html/api_controlAccesos/app/Controllers/RestController.php(185): App\Libraries\vCard->__construct(false, 'FBMi4a0AG6opQHw...')
#1 /home/eventodigital/public_html/api_controlAccesos/system/CodeIgniter.php(832): App\Controllers\RestController->create()
#2 /home/eventodigital/public_html/api_controlAccesos/system/CodeIgniter.php(419): CodeIgniter\CodeIgniter->runController(Object(App\Controllers\RestController))
#3 /home/eventodigital/public_html/api_controlAccesos/system/CodeIgniter.php(326): CodeIgniter\CodeIgniter->handleRequest(NULL, Object(Config\Cache), false)
#4 /home/eventodigital/public_html/api_controlAccesos/public/index.php(37): CodeIgniter\CodeIgniter->run()
#5 {main}
CRITICAL - 2023-11-10 09:53:05 --> Class 'App\Libraries\Exception' not found
#0 /home/eventodigital/public_html/api_controlAccesos/app/Controllers/RestController.php(185): App\Libraries\vCard->__construct(false, 'FBMi4a0AG66rQXA...')
#1 /home/eventodigital/public_html/api_controlAccesos/system/CodeIgniter.php(832): App\Controllers\RestController->create()
#2 /home/eventodigital/public_html/api_controlAccesos/system/CodeIgniter.php(419): CodeIgniter\CodeIgniter->runController(Object(App\Controllers\RestController))
#3 /home/eventodigital/public_html/api_controlAccesos/system/CodeIgniter.php(326): CodeIgniter\CodeIgniter->handleRequest(NULL, Object(Config\Cache), false)
#4 /home/eventodigital/public_html/api_controlAccesos/public/index.php(37): CodeIgniter\CodeIgniter->run()
#5 {main}
CRITICAL - 2023-11-10 09:53:08 --> Class 'App\Libraries\Exception' not found
#0 /home/eventodigital/public_html/api_controlAccesos/app/Controllers/RestController.php(185): App\Libraries\vCard->__construct(false, 'FBMi4a0AG66rQbw...')
#1 /home/eventodigital/public_html/api_controlAccesos/system/CodeIgniter.php(832): App\Controllers\RestController->create()
#2 /home/eventodigital/public_html/api_controlAccesos/system/CodeIgniter.php(419): CodeIgniter\CodeIgniter->runController(Object(App\Controllers\RestController))
#3 /home/eventodigital/public_html/api_controlAccesos/system/CodeIgniter.php(326): CodeIgniter\CodeIgniter->handleRequest(NULL, Object(Config\Cache), false)
#4 /home/eventodigital/public_html/api_controlAccesos/public/index.php(37): CodeIgniter\CodeIgniter->run()
#5 {main}
CRITICAL - 2023-11-10 09:53:46 --> Class 'App\Libraries\Exception' not found
#0 /home/eventodigital/public_html/api_controlAccesos/app/Controllers/RestController.php(185): App\Libraries\vCard->__construct(false, 'FBMi4a0AG6jPwHA...')
#1 /home/eventodigital/public_html/api_controlAccesos/system/CodeIgniter.php(832): App\Controllers\RestController->create()
#2 /home/eventodigital/public_html/api_controlAccesos/system/CodeIgniter.php(419): CodeIgniter\CodeIgniter->runController(Object(App\Controllers\RestController))
#3 /home/eventodigital/public_html/api_controlAccesos/system/CodeIgniter.php(326): CodeIgniter\CodeIgniter->handleRequest(NULL, Object(Config\Cache), false)
#4 /home/eventodigital/public_html/api_controlAccesos/public/index.php(37): CodeIgniter\CodeIgniter->run()
#5 {main}
CRITICAL - 2023-11-10 09:53:50 --> Class 'App\Libraries\Exception' not found
#0 /home/eventodigital/public_html/api_controlAccesos/app/Controllers/RestController.php(185): App\Libraries\vCard->__construct(false, 'FBMi4a0AG6jPwLQ...')
#1 /home/eventodigital/public_html/api_controlAccesos/system/CodeIgniter.php(832): App\Controllers\RestController->create()
#2 /home/eventodigital/public_html/api_controlAccesos/system/CodeIgniter.php(419): CodeIgniter\CodeIgniter->runController(Object(App\Controllers\RestController))
#3 /home/eventodigital/public_html/api_controlAccesos/system/CodeIgniter.php(326): CodeIgniter\CodeIgniter->handleRequest(NULL, Object(Config\Cache), false)
#4 /home/eventodigital/public_html/api_controlAccesos/public/index.php(37): CodeIgniter\CodeIgniter->run()
#5 {main}
CRITICAL - 2023-11-10 09:54:12 --> Class 'App\Libraries\Exception' not found
#0 /home/eventodigital/public_html/api_controlAccesos/app/Controllers/RestController.php(185): App\Libraries\vCard->__construct(false, 'FBMi4a0AG6uSALg...')
#1 /home/eventodigital/public_html/api_controlAccesos/system/CodeIgniter.php(832): App\Controllers\RestController->create()
#2 /home/eventodigital/public_html/api_controlAccesos/system/CodeIgniter.php(419): CodeIgniter\CodeIgniter->runController(Object(App\Controllers\RestController))
#3 /home/eventodigital/public_html/api_controlAccesos/system/CodeIgniter.php(326): CodeIgniter\CodeIgniter->handleRequest(NULL, Object(Config\Cache), false)
#4 /home/eventodigital/public_html/api_controlAccesos/public/index.php(37): CodeIgniter\CodeIgniter->run()
#5 {main}
CRITICAL - 2023-11-10 09:54:35 --> Class 'App\Libraries\Exception' not found
#0 /home/eventodigital/public_html/api_controlAccesos/app/Controllers/RestController.php(185): App\Libraries\vCard->__construct(false, 'FBMi4g0AG3TngLw...')
#1 /home/eventodigital/public_html/api_controlAccesos/system/CodeIgniter.php(832): App\Controllers\RestController->create()
#2 /home/eventodigital/public_html/api_controlAccesos/system/CodeIgniter.php(419): CodeIgniter\CodeIgniter->runController(Object(App\Controllers\RestController))
#3 /home/eventodigital/public_html/api_controlAccesos/system/CodeIgniter.php(326): CodeIgniter\CodeIgniter->handleRequest(NULL, Object(Config\Cache), false)
#4 /home/eventodigital/public_html/api_controlAccesos/public/index.php(37): CodeIgniter\CodeIgniter->run()
#5 {main}
CRITICAL - 2023-11-10 09:54:42 --> Class 'App\Libraries\Exception' not found
#0 /home/eventodigital/public_html/api_controlAccesos/app/Controllers/RestController.php(185): App\Libraries\vCard->__construct(false, 'FBMi4g0AG3TngHg...')
#1 /home/eventodigital/public_html/api_controlAccesos/system/CodeIgniter.php(832): App\Controllers\RestController->create()
#2 /home/eventodigital/public_html/api_controlAccesos/system/CodeIgniter.php(419): CodeIgniter\CodeIgniter->runController(Object(App\Controllers\RestController))
#3 /home/eventodigital/public_html/api_controlAccesos/system/CodeIgniter.php(326): CodeIgniter\CodeIgniter->handleRequest(NULL, Object(Config\Cache), false)
#4 /home/eventodigital/public_html/api_controlAccesos/public/index.php(37): CodeIgniter\CodeIgniter->run()
#5 {main}
CRITICAL - 2023-11-10 09:55:01 --> Class 'App\Libraries\Exception' not found
#0 /home/eventodigital/public_html/api_controlAccesos/app/Controllers/RestController.php(185): App\Libraries\vCard->__construct(false, 'FBMi4a0AG58zgLA...')
#1 /home/eventodigital/public_html/api_controlAccesos/system/CodeIgniter.php(832): App\Controllers\RestController->create()
#2 /home/eventodigital/public_html/api_controlAccesos/system/CodeIgniter.php(419): CodeIgniter\CodeIgniter->runController(Object(App\Controllers\RestController))
#3 /home/eventodigital/public_html/api_controlAccesos/system/CodeIgniter.php(326): CodeIgniter\CodeIgniter->handleRequest(NULL, Object(Config\Cache), false)
#4 /home/eventodigital/public_html/api_controlAccesos/public/index.php(37): CodeIgniter\CodeIgniter->run()
#5 {main}
CRITICAL - 2023-11-10 09:55:04 --> Class 'App\Libraries\Exception' not found
#0 /home/eventodigital/public_html/api_controlAccesos/app/Controllers/RestController.php(185): App\Libraries\vCard->__construct(false, 'FBMi4a0AG58zgHQ...')
#1 /home/eventodigital/public_html/api_controlAccesos/system/CodeIgniter.php(832): App\Controllers\RestController->create()
#2 /home/eventodigital/public_html/api_controlAccesos/system/CodeIgniter.php(419): CodeIgniter\CodeIgniter->runController(Object(App\Controllers\RestController))
#3 /home/eventodigital/public_html/api_controlAccesos/system/CodeIgniter.php(326): CodeIgniter\CodeIgniter->handleRequest(NULL, Object(Config\Cache), false)
#4 /home/eventodigital/public_html/api_controlAccesos/public/index.php(37): CodeIgniter\CodeIgniter->run()
#5 {main}
CRITICAL - 2023-11-10 09:55:41 --> Class 'App\Libraries\Exception' not found
#0 /home/eventodigital/public_html/api_controlAccesos/app/Controllers/RestController.php(185): App\Libraries\vCard->__construct(false, 'FBMi4a0AG6F2gHg...')
#1 /home/eventodigital/public_html/api_controlAccesos/system/CodeIgniter.php(832): App\Controllers\RestController->create()
#2 /home/eventodigital/public_html/api_controlAccesos/system/CodeIgniter.php(419): CodeIgniter\CodeIgniter->runController(Object(App\Controllers\RestController))
#3 /home/eventodigital/public_html/api_controlAccesos/system/CodeIgniter.php(326): CodeIgniter\CodeIgniter->handleRequest(NULL, Object(Config\Cache), false)
#4 /home/eventodigital/public_html/api_controlAccesos/public/index.php(37): CodeIgniter\CodeIgniter->run()
#5 {main}
CRITICAL - 2023-11-10 09:55:44 --> Class 'App\Libraries\Exception' not found
#0 /home/eventodigital/public_html/api_controlAccesos/app/Controllers/RestController.php(185): App\Libraries\vCard->__construct(false, 'FBMi4a0AG6F2gKg...')
#1 /home/eventodigital/public_html/api_controlAccesos/system/CodeIgniter.php(832): App\Controllers\RestController->create()
#2 /home/eventodigital/public_html/api_controlAccesos/system/CodeIgniter.php(419): CodeIgniter\CodeIgniter->runController(Object(App\Controllers\RestController))
#3 /home/eventodigital/public_html/api_controlAccesos/system/CodeIgniter.php(326): CodeIgniter\CodeIgniter->handleRequest(NULL, Object(Config\Cache), false)
#4 /home/eventodigital/public_html/api_controlAccesos/public/index.php(37): CodeIgniter\CodeIgniter->run()
#5 {main}
CRITICAL - 2023-11-10 09:56:05 --> Class 'App\Libraries\Exception' not found
#0 /home/eventodigital/public_html/api_controlAccesos/app/Controllers/RestController.php(185): App\Libraries\vCard->__construct(false, 'FBMi4a0AG6ICgHQ...')
#1 /home/eventodigital/public_html/api_controlAccesos/system/CodeIgniter.php(832): App\Controllers\RestController->create()
#2 /home/eventodigital/public_html/api_controlAccesos/system/CodeIgniter.php(419): CodeIgniter\CodeIgniter->runController(Object(App\Controllers\RestController))
#3 /home/eventodigital/public_html/api_controlAccesos/system/CodeIgniter.php(326): CodeIgniter\CodeIgniter->handleRequest(NULL, Object(Config\Cache), false)
#4 /home/eventodigital/public_html/api_controlAccesos/public/index.php(37): CodeIgniter\CodeIgniter->run()
#5 {main}
CRITICAL - 2023-11-10 09:56:31 --> Class 'App\Libraries\Exception' not found
#0 /home/eventodigital/public_html/api_controlAccesos/app/Controllers/RestController.php(185): App\Libraries\vCard->__construct(false, 'FBMi4a0AG60JgLw...')
#1 /home/eventodigital/public_html/api_controlAccesos/system/CodeIgniter.php(832): App\Controllers\RestController->create()
#2 /home/eventodigital/public_html/api_controlAccesos/system/CodeIgniter.php(419): CodeIgniter\CodeIgniter->runController(Object(App\Controllers\RestController))
#3 /home/eventodigital/public_html/api_controlAccesos/system/CodeIgniter.php(326): CodeIgniter\CodeIgniter->handleRequest(NULL, Object(Config\Cache), false)
#4 /home/eventodigital/public_html/api_controlAccesos/public/index.php(37): CodeIgniter\CodeIgniter->run()
#5 {main}
CRITICAL - 2023-11-10 09:56:46 --> Class 'App\Libraries\Exception' not found
#0 /home/eventodigital/public_html/api_controlAccesos/app/Controllers/RestController.php(185): App\Libraries\vCard->__construct(false, 'FBMi4a0AG6x2AGw...')
#1 /home/eventodigital/public_html/api_controlAccesos/system/CodeIgniter.php(832): App\Controllers\RestController->create()
#2 /home/eventodigital/public_html/api_controlAccesos/system/CodeIgniter.php(419): CodeIgniter\CodeIgniter->runController(Object(App\Controllers\RestController))
#3 /home/eventodigital/public_html/api_controlAccesos/system/CodeIgniter.php(326): CodeIgniter\CodeIgniter->handleRequest(NULL, Object(Config\Cache), false)
#4 /home/eventodigital/public_html/api_controlAccesos/public/index.php(37): CodeIgniter\CodeIgniter->run()
#5 {main}
CRITICAL - 2023-11-10 09:56:52 --> Class 'App\Libraries\Exception' not found
#0 /home/eventodigital/public_html/api_controlAccesos/app/Controllers/RestController.php(185): App\Libraries\vCard->__construct(false, 'FBMi4a0AG6xswHQ...')
#1 /home/eventodigital/public_html/api_controlAccesos/system/CodeIgniter.php(832): App\Controllers\RestController->create()
#2 /home/eventodigital/public_html/api_controlAccesos/system/CodeIgniter.php(419): CodeIgniter\CodeIgniter->runController(Object(App\Controllers\RestController))
#3 /home/eventodigital/public_html/api_controlAccesos/system/CodeIgniter.php(326): CodeIgniter\CodeIgniter->handleRequest(NULL, Object(Config\Cache), false)
#4 /home/eventodigital/public_html/api_controlAccesos/public/index.php(37): CodeIgniter\CodeIgniter->run()
#5 {main}
CRITICAL - 2023-11-10 09:59:14 --> Class 'App\Libraries\Exception' not found
#0 /home/eventodigital/public_html/api_controlAccesos/app/Controllers/RestController.php(185): App\Libraries\vCard->__construct(false, 'FBMi4a0AG6SpQGQ...')
#1 /home/eventodigital/public_html/api_controlAccesos/system/CodeIgniter.php(832): App\Controllers\RestController->create()
#2 /home/eventodigital/public_html/api_controlAccesos/system/CodeIgniter.php(419): CodeIgniter\CodeIgniter->runController(Object(App\Controllers\RestController))
#3 /home/eventodigital/public_html/api_controlAccesos/system/CodeIgniter.php(326): CodeIgniter\CodeIgniter->handleRequest(NULL, Object(Config\Cache), false)
#4 /home/eventodigital/public_html/api_controlAccesos/public/index.php(37): CodeIgniter\CodeIgniter->run()
#5 {main}
CRITICAL - 2023-11-10 09:59:22 --> Class 'App\Libraries\Exception' not found
#0 /home/eventodigital/public_html/api_controlAccesos/app/Controllers/RestController.php(185): App\Libraries\vCard->__construct(false, 'FBMi4a0AG6SpQLw...')
#1 /home/eventodigital/public_html/api_controlAccesos/system/CodeIgniter.php(832): App\Controllers\RestController->create()
#2 /home/eventodigital/public_html/api_controlAccesos/system/CodeIgniter.php(419): CodeIgniter\CodeIgniter->runController(Object(App\Controllers\RestController))
#3 /home/eventodigital/public_html/api_controlAccesos/system/CodeIgniter.php(326): CodeIgniter\CodeIgniter->handleRequest(NULL, Object(Config\Cache), false)
#4 /home/eventodigital/public_html/api_controlAccesos/public/index.php(37): CodeIgniter\CodeIgniter->run()
#5 {main}
CRITICAL - 2023-11-10 10:04:17 --> Class 'App\Libraries\Exception' not found
#0 /home/eventodigital/public_html/api_controlAccesos/app/Controllers/RestController.php(185): App\Libraries\vCard->__construct(false, 'FBMi4a0AG4nJwGQ...')
#1 /home/eventodigital/public_html/api_controlAccesos/system/CodeIgniter.php(832): App\Controllers\RestController->create()
#2 /home/eventodigital/public_html/api_controlAccesos/system/CodeIgniter.php(419): CodeIgniter\CodeIgniter->runController(Object(App\Controllers\RestController))
#3 /home/eventodigital/public_html/api_controlAccesos/system/CodeIgniter.php(326): CodeIgniter\CodeIgniter->handleRequest(NULL, Object(Config\Cache), false)
#4 /home/eventodigital/public_html/api_controlAccesos/public/index.php(37): CodeIgniter\CodeIgniter->run()
#5 {main}
CRITICAL - 2023-11-10 10:05:41 --> Class 'App\Libraries\Exception' not found
#0 /home/eventodigital/public_html/api_controlAccesos/app/Controllers/RestController.php(185): App\Libraries\vCard->__construct(false, 'FBMi4a0AG6BKgHg...')
#1 /home/eventodigital/public_html/api_controlAccesos/system/CodeIgniter.php(832): App\Controllers\RestController->create()
#2 /home/eventodigital/public_html/api_controlAccesos/system/CodeIgniter.php(419): CodeIgniter\CodeIgniter->runController(Object(App\Controllers\RestController))
#3 /home/eventodigital/public_html/api_controlAccesos/system/CodeIgniter.php(326): CodeIgniter\CodeIgniter->handleRequest(NULL, Object(Config\Cache), false)
#4 /home/eventodigital/public_html/api_controlAccesos/public/index.php(37): CodeIgniter\CodeIgniter->run()
#5 {main}
CRITICAL - 2023-11-10 10:06:48 --> Class 'App\Libraries\Exception' not found
#0 /home/eventodigital/public_html/api_controlAccesos/app/Controllers/RestController.php(185): App\Libraries\vCard->__construct(false, 'FBMi4a0AG6H7wLg...')
#1 /home/eventodigital/public_html/api_controlAccesos/system/CodeIgniter.php(832): App\Controllers\RestController->create()
#2 /home/eventodigital/public_html/api_controlAccesos/system/CodeIgniter.php(419): CodeIgniter\CodeIgniter->runController(Object(App\Controllers\RestController))
#3 /home/eventodigital/public_html/api_controlAccesos/system/CodeIgniter.php(326): CodeIgniter\CodeIgniter->handleRequest(NULL, Object(Config\Cache), false)
#4 /home/eventodigital/public_html/api_controlAccesos/public/index.php(37): CodeIgniter\CodeIgniter->run()
#5 {main}
CRITICAL - 2023-11-10 10:07:27 --> Class 'App\Libraries\Exception' not found
#0 /home/eventodigital/public_html/api_controlAccesos/app/Controllers/RestController.php(185): App\Libraries\vCard->__construct(false, 'FBMi4a0AGvtcQLw...')
#1 /home/eventodigital/public_html/api_controlAccesos/system/CodeIgniter.php(832): App\Controllers\RestController->create()
#2 /home/eventodigital/public_html/api_controlAccesos/system/CodeIgniter.php(419): CodeIgniter\CodeIgniter->runController(Object(App\Controllers\RestController))
#3 /home/eventodigital/public_html/api_controlAccesos/system/CodeIgniter.php(326): CodeIgniter\CodeIgniter->handleRequest(NULL, Object(Config\Cache), false)
#4 /home/eventodigital/public_html/api_controlAccesos/public/index.php(37): CodeIgniter\CodeIgniter->run()
#5 {main}
CRITICAL - 2023-11-10 10:08:14 --> Class 'App\Libraries\Exception' not found
#0 /home/eventodigital/public_html/api_controlAccesos/app/Controllers/RestController.php(185): App\Libraries\vCard->__construct(false, 'FBMi4g0AG3eZwHw...')
#1 /home/eventodigital/public_html/api_controlAccesos/system/CodeIgniter.php(832): App\Controllers\RestController->create()
#2 /home/eventodigital/public_html/api_controlAccesos/system/CodeIgniter.php(419): CodeIgniter\CodeIgniter->runController(Object(App\Controllers\RestController))
#3 /home/eventodigital/public_html/api_controlAccesos/system/CodeIgniter.php(326): CodeIgniter\CodeIgniter->handleRequest(NULL, Object(Config\Cache), false)
#4 /home/eventodigital/public_html/api_controlAccesos/public/index.php(37): CodeIgniter\CodeIgniter->run()
#5 {main}
CRITICAL - 2023-11-10 10:08:18 --> Class 'App\Libraries\Exception' not found
#0 /home/eventodigital/public_html/api_controlAccesos/app/Controllers/RestController.php(185): App\Libraries\vCard->__construct(false, 'FBMi4g0AG3eZwKw...')
#1 /home/eventodigital/public_html/api_controlAccesos/system/CodeIgniter.php(832): App\Controllers\RestController->create()
#2 /home/eventodigital/public_html/api_controlAccesos/system/CodeIgniter.php(419): CodeIgniter\CodeIgniter->runController(Object(App\Controllers\RestController))
#3 /home/eventodigital/public_html/api_controlAccesos/system/CodeIgniter.php(326): CodeIgniter\CodeIgniter->handleRequest(NULL, Object(Config\Cache), false)
#4 /home/eventodigital/public_html/api_controlAccesos/public/index.php(37): CodeIgniter\CodeIgniter->run()
#5 {main}
CRITICAL - 2023-11-10 10:08:24 --> Class 'App\Libraries\Exception' not found
#0 /home/eventodigital/public_html/api_controlAccesos/app/Controllers/RestController.php(185): App\Libraries\vCard->__construct(false, 'FBMi4g0AG3eZwPQ...')
#1 /home/eventodigital/public_html/api_controlAccesos/system/CodeIgniter.php(832): App\Controllers\RestController->create()
#2 /home/eventodigital/public_html/api_controlAccesos/system/CodeIgniter.php(419): CodeIgniter\CodeIgniter->runController(Object(App\Controllers\RestController))
#3 /home/eventodigital/public_html/api_controlAccesos/system/CodeIgniter.php(326): CodeIgniter\CodeIgniter->handleRequest(NULL, Object(Config\Cache), false)
#4 /home/eventodigital/public_html/api_controlAccesos/public/index.php(37): CodeIgniter\CodeIgniter->run()
#5 {main}
CRITICAL - 2023-11-10 10:08:48 --> Class 'App\Libraries\Exception' not found
#0 /home/eventodigital/public_html/api_controlAccesos/app/Controllers/RestController.php(185): App\Libraries\vCard->__construct(false, 'FBMi4a0AG6MxgOg...')
#1 /home/eventodigital/public_html/api_controlAccesos/system/CodeIgniter.php(832): App\Controllers\RestController->create()
#2 /home/eventodigital/public_html/api_controlAccesos/system/CodeIgniter.php(419): CodeIgniter\CodeIgniter->runController(Object(App\Controllers\RestController))
#3 /home/eventodigital/public_html/api_controlAccesos/system/CodeIgniter.php(326): CodeIgniter\CodeIgniter->handleRequest(NULL, Object(Config\Cache), false)
#4 /home/eventodigital/public_html/api_controlAccesos/public/index.php(37): CodeIgniter\CodeIgniter->run()
#5 {main}
CRITICAL - 2023-11-10 10:08:56 --> Class 'App\Libraries\Exception' not found
#0 /home/eventodigital/public_html/api_controlAccesos/app/Controllers/RestController.php(185): App\Libraries\vCard->__construct(false, 'FBMi4a0AG6MxgHQ...')
#1 /home/eventodigital/public_html/api_controlAccesos/system/CodeIgniter.php(832): App\Controllers\RestController->create()
#2 /home/eventodigital/public_html/api_controlAccesos/system/CodeIgniter.php(419): CodeIgniter\CodeIgniter->runController(Object(App\Controllers\RestController))
#3 /home/eventodigital/public_html/api_controlAccesos/system/CodeIgniter.php(326): CodeIgniter\CodeIgniter->handleRequest(NULL, Object(Config\Cache), false)
#4 /home/eventodigital/public_html/api_controlAccesos/public/index.php(37): CodeIgniter\CodeIgniter->run()
#5 {main}
CRITICAL - 2023-11-10 10:09:10 --> Class 'App\Libraries\Exception' not found
#0 /home/eventodigital/public_html/api_controlAccesos/app/Controllers/RestController.php(185): App\Libraries\vCard->__construct(false, 'FBMi4a0AG5VHQHQ...')
#1 /home/eventodigital/public_html/api_controlAccesos/system/CodeIgniter.php(832): App\Controllers\RestController->create()
#2 /home/eventodigital/public_html/api_controlAccesos/system/CodeIgniter.php(419): CodeIgniter\CodeIgniter->runController(Object(App\Controllers\RestController))
#3 /home/eventodigital/public_html/api_controlAccesos/system/CodeIgniter.php(326): CodeIgniter\CodeIgniter->handleRequest(NULL, Object(Config\Cache), false)
#4 /home/eventodigital/public_html/api_controlAccesos/public/index.php(37): CodeIgniter\CodeIgniter->run()
#5 {main}
CRITICAL - 2023-11-10 10:09:19 --> Class 'App\Libraries\Exception' not found
#0 /home/eventodigital/public_html/api_controlAccesos/app/Controllers/RestController.php(185): App\Libraries\vCard->__construct(false, 'FBMi4a0AG5VHQLA...')
#1 /home/eventodigital/public_html/api_controlAccesos/system/CodeIgniter.php(832): App\Controllers\RestController->create()
#2 /home/eventodigital/public_html/api_controlAccesos/system/CodeIgniter.php(419): CodeIgniter\CodeIgniter->runController(Object(App\Controllers\RestController))
#3 /home/eventodigital/public_html/api_controlAccesos/system/CodeIgniter.php(326): CodeIgniter\CodeIgniter->handleRequest(NULL, Object(Config\Cache), false)
#4 /home/eventodigital/public_html/api_controlAccesos/public/index.php(37): CodeIgniter\CodeIgniter->run()
#5 {main}
CRITICAL - 2023-11-10 10:10:14 --> Class 'App\Libraries\Exception' not found
#0 /home/eventodigital/public_html/api_controlAccesos/app/Controllers/RestController.php(185): App\Libraries\vCard->__construct(false, 'FBMi48SAG1i-wGg...')
#1 /home/eventodigital/public_html/api_controlAccesos/system/CodeIgniter.php(832): App\Controllers\RestController->create()
#2 /home/eventodigital/public_html/api_controlAccesos/system/CodeIgniter.php(419): CodeIgniter\CodeIgniter->runController(Object(App\Controllers\RestController))
#3 /home/eventodigital/public_html/api_controlAccesos/system/CodeIgniter.php(326): CodeIgniter\CodeIgniter->handleRequest(NULL, Object(Config\Cache), false)
#4 /home/eventodigital/public_html/api_controlAccesos/public/index.php(37): CodeIgniter\CodeIgniter->run()
#5 {main}
CRITICAL - 2023-11-10 10:10:21 --> Class 'App\Libraries\Exception' not found
#0 /home/eventodigital/public_html/api_controlAccesos/app/Controllers/RestController.php(185): App\Libraries\vCard->__construct(false, 'FBMi48SAG1i-wKQ...')
#1 /home/eventodigital/public_html/api_controlAccesos/system/CodeIgniter.php(832): App\Controllers\RestController->create()
#2 /home/eventodigital/public_html/api_controlAccesos/system/CodeIgniter.php(419): CodeIgniter\CodeIgniter->runController(Object(App\Controllers\RestController))
#3 /home/eventodigital/public_html/api_controlAccesos/system/CodeIgniter.php(326): CodeIgniter\CodeIgniter->handleRequest(NULL, Object(Config\Cache), false)
#4 /home/eventodigital/public_html/api_controlAccesos/public/index.php(37): CodeIgniter\CodeIgniter->run()
#5 {main}
CRITICAL - 2023-11-10 10:12:07 --> Class 'App\Libraries\Exception' not found
#0 /home/eventodigital/public_html/api_controlAccesos/app/Controllers/RestController.php(185): App\Libraries\vCard->__construct(false, 'FBMi4a0AGu6zwPw...')
#1 /home/eventodigital/public_html/api_controlAccesos/system/CodeIgniter.php(832): App\Controllers\RestController->create()
#2 /home/eventodigital/public_html/api_controlAccesos/system/CodeIgniter.php(419): CodeIgniter\CodeIgniter->runController(Object(App\Controllers\RestController))
#3 /home/eventodigital/public_html/api_controlAccesos/system/CodeIgniter.php(326): CodeIgniter\CodeIgniter->handleRequest(NULL, Object(Config\Cache), false)
#4 /home/eventodigital/public_html/api_controlAccesos/public/index.php(37): CodeIgniter\CodeIgniter->run()
#5 {main}
CRITICAL - 2023-11-10 10:12:10 --> Class 'App\Libraries\Exception' not found
#0 /home/eventodigital/public_html/api_controlAccesos/app/Controllers/RestController.php(185): App\Libraries\vCard->__construct(false, 'FBMi4a0AGu6zwTA...')
#1 /home/eventodigital/public_html/api_controlAccesos/system/CodeIgniter.php(832): App\Controllers\RestController->create()
#2 /home/eventodigital/public_html/api_controlAccesos/system/CodeIgniter.php(419): CodeIgniter\CodeIgniter->runController(Object(App\Controllers\RestController))
#3 /home/eventodigital/public_html/api_controlAccesos/system/CodeIgniter.php(326): CodeIgniter\CodeIgniter->handleRequest(NULL, Object(Config\Cache), false)
#4 /home/eventodigital/public_html/api_controlAccesos/public/index.php(37): CodeIgniter\CodeIgniter->run()
#5 {main}
CRITICAL - 2023-11-10 10:14:15 --> Class 'App\Libraries\Exception' not found
#0 /home/eventodigital/public_html/api_controlAccesos/app/Controllers/RestController.php(185): App\Libraries\vCard->__construct(false, 'FBMi4a0AG6jNAHw...')
#1 /home/eventodigital/public_html/api_controlAccesos/system/CodeIgniter.php(832): App\Controllers\RestController->create()
#2 /home/eventodigital/public_html/api_controlAccesos/system/CodeIgniter.php(419): CodeIgniter\CodeIgniter->runController(Object(App\Controllers\RestController))
#3 /home/eventodigital/public_html/api_controlAccesos/system/CodeIgniter.php(326): CodeIgniter\CodeIgniter->handleRequest(NULL, Object(Config\Cache), false)
#4 /home/eventodigital/public_html/api_controlAccesos/public/index.php(37): CodeIgniter\CodeIgniter->run()
#5 {main}
CRITICAL - 2023-11-10 10:14:17 --> Class 'App\Libraries\Exception' not found
#0 /home/eventodigital/public_html/api_controlAccesos/app/Controllers/RestController.php(185): App\Libraries\vCard->__construct(false, 'FBMi4a0AG6jNAHw...')
#1 /home/eventodigital/public_html/api_controlAccesos/system/CodeIgniter.php(832): App\Controllers\RestController->create()
#2 /home/eventodigital/public_html/api_controlAccesos/system/CodeIgniter.php(419): CodeIgniter\CodeIgniter->runController(Object(App\Controllers\RestController))
#3 /home/eventodigital/public_html/api_controlAccesos/system/CodeIgniter.php(326): CodeIgniter\CodeIgniter->handleRequest(NULL, Object(Config\Cache), false)
#4 /home/eventodigital/public_html/api_controlAccesos/public/index.php(37): CodeIgniter\CodeIgniter->run()
#5 {main}
CRITICAL - 2023-11-10 10:14:28 --> Class 'App\Libraries\Exception' not found
#0 /home/eventodigital/public_html/api_controlAccesos/app/Controllers/RestController.php(185): App\Libraries\vCard->__construct(false, 'FBMi4a0AG6jNALw...')
#1 /home/eventodigital/public_html/api_controlAccesos/system/CodeIgniter.php(832): App\Controllers\RestController->create()
#2 /home/eventodigital/public_html/api_controlAccesos/system/CodeIgniter.php(419): CodeIgniter\CodeIgniter->runController(Object(App\Controllers\RestController))
#3 /home/eventodigital/public_html/api_controlAccesos/system/CodeIgniter.php(326): CodeIgniter\CodeIgniter->handleRequest(NULL, Object(Config\Cache), false)
#4 /home/eventodigital/public_html/api_controlAccesos/public/index.php(37): CodeIgniter\CodeIgniter->run()
#5 {main}
CRITICAL - 2023-11-10 10:14:34 --> Class 'App\Libraries\Exception' not found
#0 /home/eventodigital/public_html/api_controlAccesos/app/Controllers/RestController.php(185): App\Libraries\vCard->__construct(false, 'FBMi4a0AG6jNQGQ...')
#1 /home/eventodigital/public_html/api_controlAccesos/system/CodeIgniter.php(832): App\Controllers\RestController->create()
#2 /home/eventodigital/public_html/api_controlAccesos/system/CodeIgniter.php(419): CodeIgniter\CodeIgniter->runController(Object(App\Controllers\RestController))
#3 /home/eventodigital/public_html/api_controlAccesos/system/CodeIgniter.php(326): CodeIgniter\CodeIgniter->handleRequest(NULL, Object(Config\Cache), false)
#4 /home/eventodigital/public_html/api_controlAccesos/public/index.php(37): CodeIgniter\CodeIgniter->run()
#5 {main}
CRITICAL - 2023-11-10 10:15:06 --> Class 'App\Libraries\Exception' not found
#0 /home/eventodigital/public_html/api_controlAccesos/app/Controllers/RestController.php(185): App\Libraries\vCard->__construct(false, 'FBMi4a0AG7JugHA...')
#1 /home/eventodigital/public_html/api_controlAccesos/system/CodeIgniter.php(832): App\Controllers\RestController->create()
#2 /home/eventodigital/public_html/api_controlAccesos/system/CodeIgniter.php(419): CodeIgniter\CodeIgniter->runController(Object(App\Controllers\RestController))
#3 /home/eventodigital/public_html/api_controlAccesos/system/CodeIgniter.php(326): CodeIgniter\CodeIgniter->handleRequest(NULL, Object(Config\Cache), false)
#4 /home/eventodigital/public_html/api_controlAccesos/public/index.php(37): CodeIgniter\CodeIgniter->run()
#5 {main}
CRITICAL - 2023-11-10 10:15:09 --> Class 'App\Libraries\Exception' not found
#0 /home/eventodigital/public_html/api_controlAccesos/app/Controllers/RestController.php(185): App\Libraries\vCard->__construct(false, 'FBMi4a0AG7JugLQ...')
#1 /home/eventodigital/public_html/api_controlAccesos/system/CodeIgniter.php(832): App\Controllers\RestController->create()
#2 /home/eventodigital/public_html/api_controlAccesos/system/CodeIgniter.php(419): CodeIgniter\CodeIgniter->runController(Object(App\Controllers\RestController))
#3 /home/eventodigital/public_html/api_controlAccesos/system/CodeIgniter.php(326): CodeIgniter\CodeIgniter->handleRequest(NULL, Object(Config\Cache), false)
#4 /home/eventodigital/public_html/api_controlAccesos/public/index.php(37): CodeIgniter\CodeIgniter->run()
#5 {main}
CRITICAL - 2023-11-10 10:15:24 --> Class 'App\Libraries\Exception' not found
#0 /home/eventodigital/public_html/api_controlAccesos/app/Controllers/RestController.php(185): App\Libraries\vCard->__construct(false, 'FBMi4a0AG6DEQHA...')
#1 /home/eventodigital/public_html/api_controlAccesos/system/CodeIgniter.php(832): App\Controllers\RestController->create()
#2 /home/eventodigital/public_html/api_controlAccesos/system/CodeIgniter.php(419): CodeIgniter\CodeIgniter->runController(Object(App\Controllers\RestController))
#3 /home/eventodigital/public_html/api_controlAccesos/system/CodeIgniter.php(326): CodeIgniter\CodeIgniter->handleRequest(NULL, Object(Config\Cache), false)
#4 /home/eventodigital/public_html/api_controlAccesos/public/index.php(37): CodeIgniter\CodeIgniter->run()
#5 {main}
CRITICAL - 2023-11-10 10:15:27 --> Class 'App\Libraries\Exception' not found
#0 /home/eventodigital/public_html/api_controlAccesos/app/Controllers/RestController.php(185): App\Libraries\vCard->__construct(false, 'FBMi4a0AG6DEQKw...')
#1 /home/eventodigital/public_html/api_controlAccesos/system/CodeIgniter.php(832): App\Controllers\RestController->create()
#2 /home/eventodigital/public_html/api_controlAccesos/system/CodeIgniter.php(419): CodeIgniter\CodeIgniter->runController(Object(App\Controllers\RestController))
#3 /home/eventodigital/public_html/api_controlAccesos/system/CodeIgniter.php(326): CodeIgniter\CodeIgniter->handleRequest(NULL, Object(Config\Cache), false)
#4 /home/eventodigital/public_html/api_controlAccesos/public/index.php(37): CodeIgniter\CodeIgniter->run()
#5 {main}
CRITICAL - 2023-11-10 10:16:32 --> Class 'App\Libraries\Exception' not found
#0 /home/eventodigital/public_html/api_controlAccesos/app/Controllers/RestController.php(185): App\Libraries\vCard->__construct(false, 'FBMi4a0AG4wLwHQ...')
#1 /home/eventodigital/public_html/api_controlAccesos/system/CodeIgniter.php(832): App\Controllers\RestController->create()
#2 /home/eventodigital/public_html/api_controlAccesos/system/CodeIgniter.php(419): CodeIgniter\CodeIgniter->runController(Object(App\Controllers\RestController))
#3 /home/eventodigital/public_html/api_controlAccesos/system/CodeIgniter.php(326): CodeIgniter\CodeIgniter->handleRequest(NULL, Object(Config\Cache), false)
#4 /home/eventodigital/public_html/api_controlAccesos/public/index.php(37): CodeIgniter\CodeIgniter->run()
#5 {main}
CRITICAL - 2023-11-10 10:16:39 --> Class 'App\Libraries\Exception' not found
#0 /home/eventodigital/public_html/api_controlAccesos/app/Controllers/RestController.php(185): App\Libraries\vCard->__construct(false, 'FBMi4a0AG4wLwKg...')
#1 /home/eventodigital/public_html/api_controlAccesos/system/CodeIgniter.php(832): App\Controllers\RestController->create()
#2 /home/eventodigital/public_html/api_controlAccesos/system/CodeIgniter.php(419): CodeIgniter\CodeIgniter->runController(Object(App\Controllers\RestController))
#3 /home/eventodigital/public_html/api_controlAccesos/system/CodeIgniter.php(326): CodeIgniter\CodeIgniter->handleRequest(NULL, Object(Config\Cache), false)
#4 /home/eventodigital/public_html/api_controlAccesos/public/index.php(37): CodeIgniter\CodeIgniter->run()
#5 {main}
CRITICAL - 2023-11-10 10:17:05 --> Class 'App\Libraries\Exception' not found
#0 /home/eventodigital/public_html/api_controlAccesos/app/Controllers/RestController.php(185): App\Libraries\vCard->__construct(false, 'FBMi48SAGM49wXw...')
#1 /home/eventodigital/public_html/api_controlAccesos/system/CodeIgniter.php(832): App\Controllers\RestController->create()
#2 /home/eventodigital/public_html/api_controlAccesos/system/CodeIgniter.php(419): CodeIgniter\CodeIgniter->runController(Object(App\Controllers\RestController))
#3 /home/eventodigital/public_html/api_controlAccesos/system/CodeIgniter.php(326): CodeIgniter\CodeIgniter->handleRequest(NULL, Object(Config\Cache), false)
#4 /home/eventodigital/public_html/api_controlAccesos/public/index.php(37): CodeIgniter\CodeIgniter->run()
#5 {main}
CRITICAL - 2023-11-10 10:17:16 --> Class 'App\Libraries\Exception' not found
#0 /home/eventodigital/public_html/api_controlAccesos/app/Controllers/RestController.php(185): App\Libraries\vCard->__construct(false, 'FBMi5lfAF86DwHw...')
#1 /home/eventodigital/public_html/api_controlAccesos/system/CodeIgniter.php(832): App\Controllers\RestController->create()
#2 /home/eventodigital/public_html/api_controlAccesos/system/CodeIgniter.php(419): CodeIgniter\CodeIgniter->runController(Object(App\Controllers\RestController))
#3 /home/eventodigital/public_html/api_controlAccesos/system/CodeIgniter.php(326): CodeIgniter\CodeIgniter->handleRequest(NULL, Object(Config\Cache), false)
#4 /home/eventodigital/public_html/api_controlAccesos/public/index.php(37): CodeIgniter\CodeIgniter->run()
#5 {main}
CRITICAL - 2023-11-10 10:18:07 --> Class 'App\Libraries\Exception' not found
#0 /home/eventodigital/public_html/api_controlAccesos/app/Controllers/RestController.php(185): App\Libraries\vCard->__construct(false, 'FBMi4a0AG6JTQGQ...')
#1 /home/eventodigital/public_html/api_controlAccesos/system/CodeIgniter.php(832): App\Controllers\RestController->create()
#2 /home/eventodigital/public_html/api_controlAccesos/system/CodeIgniter.php(419): CodeIgniter\CodeIgniter->runController(Object(App\Controllers\RestController))
#3 /home/eventodigital/public_html/api_controlAccesos/system/CodeIgniter.php(326): CodeIgniter\CodeIgniter->handleRequest(NULL, Object(Config\Cache), false)
#4 /home/eventodigital/public_html/api_controlAccesos/public/index.php(37): CodeIgniter\CodeIgniter->run()
#5 {main}
CRITICAL - 2023-11-10 10:18:29 --> Class 'App\Libraries\Exception' not found
#0 /home/eventodigital/public_html/api_controlAccesos/app/Controllers/RestController.php(185): App\Libraries\vCard->__construct(false, 'FBMi4a0AG201gKQ...')
#1 /home/eventodigital/public_html/api_controlAccesos/system/CodeIgniter.php(832): App\Controllers\RestController->create()
#2 /home/eventodigital/public_html/api_controlAccesos/system/CodeIgniter.php(419): CodeIgniter\CodeIgniter->runController(Object(App\Controllers\RestController))
#3 /home/eventodigital/public_html/api_controlAccesos/system/CodeIgniter.php(326): CodeIgniter\CodeIgniter->handleRequest(NULL, Object(Config\Cache), false)
#4 /home/eventodigital/public_html/api_controlAccesos/public/index.php(37): CodeIgniter\CodeIgniter->run()
#5 {main}
CRITICAL - 2023-11-10 10:18:35 --> Class 'App\Libraries\Exception' not found
#0 /home/eventodigital/public_html/api_controlAccesos/app/Controllers/RestController.php(185): App\Libraries\vCard->__construct(false, 'FBMi4a0AG6H0QHQ...')
#1 /home/eventodigital/public_html/api_controlAccesos/system/CodeIgniter.php(832): App\Controllers\RestController->create()
#2 /home/eventodigital/public_html/api_controlAccesos/system/CodeIgniter.php(419): CodeIgniter\CodeIgniter->runController(Object(App\Controllers\RestController))
#3 /home/eventodigital/public_html/api_controlAccesos/system/CodeIgniter.php(326): CodeIgniter\CodeIgniter->handleRequest(NULL, Object(Config\Cache), false)
#4 /home/eventodigital/public_html/api_controlAccesos/public/index.php(37): CodeIgniter\CodeIgniter->run()
#5 {main}
CRITICAL - 2023-11-10 10:18:51 --> Class 'App\Libraries\Exception' not found
#0 /home/eventodigital/public_html/api_controlAccesos/app/Controllers/RestController.php(185): App\Libraries\vCard->__construct(false, 'FBMi4a0AG1W3AKQ...')
#1 /home/eventodigital/public_html/api_controlAccesos/system/CodeIgniter.php(832): App\Controllers\RestController->create()
#2 /home/eventodigital/public_html/api_controlAccesos/system/CodeIgniter.php(419): CodeIgniter\CodeIgniter->runController(Object(App\Controllers\RestController))
#3 /home/eventodigital/public_html/api_controlAccesos/system/CodeIgniter.php(326): CodeIgniter\CodeIgniter->handleRequest(NULL, Object(Config\Cache), false)
#4 /home/eventodigital/public_html/api_controlAccesos/public/index.php(37): CodeIgniter\CodeIgniter->run()
#5 {main}
CRITICAL - 2023-11-10 10:19:00 --> Class 'App\Libraries\Exception' not found
#0 /home/eventodigital/public_html/api_controlAccesos/app/Controllers/RestController.php(185): App\Libraries\vCard->__construct(false, 'FBMi4a0AG7LCAHA...')
#1 /home/eventodigital/public_html/api_controlAccesos/system/CodeIgniter.php(832): App\Controllers\RestController->create()
#2 /home/eventodigital/public_html/api_controlAccesos/system/CodeIgniter.php(419): CodeIgniter\CodeIgniter->runController(Object(App\Controllers\RestController))
#3 /home/eventodigital/public_html/api_controlAccesos/system/CodeIgniter.php(326): CodeIgniter\CodeIgniter->handleRequest(NULL, Object(Config\Cache), false)
#4 /home/eventodigital/public_html/api_controlAccesos/public/index.php(37): CodeIgniter\CodeIgniter->run()
#5 {main}
CRITICAL - 2023-11-10 10:19:07 --> Class 'App\Libraries\Exception' not found
#0 /home/eventodigital/public_html/api_controlAccesos/app/Controllers/RestController.php(185): App\Libraries\vCard->__construct(false, 'FBMi4a0AG7EuAHQ...')
#1 /home/eventodigital/public_html/api_controlAccesos/system/CodeIgniter.php(832): App\Controllers\RestController->create()
#2 /home/eventodigital/public_html/api_controlAccesos/system/CodeIgniter.php(419): CodeIgniter\CodeIgniter->runController(Object(App\Controllers\RestController))
#3 /home/eventodigital/public_html/api_controlAccesos/system/CodeIgniter.php(326): CodeIgniter\CodeIgniter->handleRequest(NULL, Object(Config\Cache), false)
#4 /home/eventodigital/public_html/api_controlAccesos/public/index.php(37): CodeIgniter\CodeIgniter->run()
#5 {main}
CRITICAL - 2023-11-10 10:19:19 --> Class 'App\Libraries\Exception' not found
#0 /home/eventodigital/public_html/api_controlAccesos/app/Controllers/RestController.php(185): App\Libraries\vCard->__construct(false, 'FBMi4a0AG6NkgHQ...')
#1 /home/eventodigital/public_html/api_controlAccesos/system/CodeIgniter.php(832): App\Controllers\RestController->create()
#2 /home/eventodigital/public_html/api_controlAccesos/system/CodeIgniter.php(419): CodeIgniter\CodeIgniter->runController(Object(App\Controllers\RestController))
#3 /home/eventodigital/public_html/api_controlAccesos/system/CodeIgniter.php(326): CodeIgniter\CodeIgniter->handleRequest(NULL, Object(Config\Cache), false)
#4 /home/eventodigital/public_html/api_controlAccesos/public/index.php(37): CodeIgniter\CodeIgniter->run()
#5 {main}
CRITICAL - 2023-11-10 10:19:32 --> Class 'App\Libraries\Exception' not found
#0 /home/eventodigital/public_html/api_controlAccesos/app/Controllers/RestController.php(185): App\Libraries\vCard->__construct(false, 'FBMi4a0AGXPNQKg...')
#1 /home/eventodigital/public_html/api_controlAccesos/system/CodeIgniter.php(832): App\Controllers\RestController->create()
#2 /home/eventodigital/public_html/api_controlAccesos/system/CodeIgniter.php(419): CodeIgniter\CodeIgniter->runController(Object(App\Controllers\RestController))
#3 /home/eventodigital/public_html/api_controlAccesos/system/CodeIgniter.php(326): CodeIgniter\CodeIgniter->handleRequest(NULL, Object(Config\Cache), false)
#4 /home/eventodigital/public_html/api_controlAccesos/public/index.php(37): CodeIgniter\CodeIgniter->run()
#5 {main}
CRITICAL - 2023-11-10 10:19:49 --> Class 'App\Libraries\Exception' not found
#0 /home/eventodigital/public_html/api_controlAccesos/app/Controllers/RestController.php(185): App\Libraries\vCard->__construct(false, 'FBMi4a0AG6fugGQ...')
#1 /home/eventodigital/public_html/api_controlAccesos/system/CodeIgniter.php(832): App\Controllers\RestController->create()
#2 /home/eventodigital/public_html/api_controlAccesos/system/CodeIgniter.php(419): CodeIgniter\CodeIgniter->runController(Object(App\Controllers\RestController))
#3 /home/eventodigital/public_html/api_controlAccesos/system/CodeIgniter.php(326): CodeIgniter\CodeIgniter->handleRequest(NULL, Object(Config\Cache), false)
#4 /home/eventodigital/public_html/api_controlAccesos/public/index.php(37): CodeIgniter\CodeIgniter->run()
#5 {main}
CRITICAL - 2023-11-10 10:20:03 --> Class 'App\Libraries\Exception' not found
#0 /home/eventodigital/public_html/api_controlAccesos/app/Controllers/RestController.php(185): App\Libraries\vCard->__construct(false, 'FBMi4g0AG1hqwGQ...')
#1 /home/eventodigital/public_html/api_controlAccesos/system/CodeIgniter.php(832): App\Controllers\RestController->create()
#2 /home/eventodigital/public_html/api_controlAccesos/system/CodeIgniter.php(419): CodeIgniter\CodeIgniter->runController(Object(App\Controllers\RestController))
#3 /home/eventodigital/public_html/api_controlAccesos/system/CodeIgniter.php(326): CodeIgniter\CodeIgniter->handleRequest(NULL, Object(Config\Cache), false)
#4 /home/eventodigital/public_html/api_controlAccesos/public/index.php(37): CodeIgniter\CodeIgniter->run()
#5 {main}
CRITICAL - 2023-11-10 10:20:05 --> Class 'App\Libraries\Exception' not found
#0 /home/eventodigital/public_html/api_controlAccesos/app/Controllers/RestController.php(185): App\Libraries\vCard->__construct(false, 'FBMi4g0AG1hqwLg...')
#1 /home/eventodigital/public_html/api_controlAccesos/system/CodeIgniter.php(832): App\Controllers\RestController->create()
#2 /home/eventodigital/public_html/api_controlAccesos/system/CodeIgniter.php(419): CodeIgniter\CodeIgniter->runController(Object(App\Controllers\RestController))
#3 /home/eventodigital/public_html/api_controlAccesos/system/CodeIgniter.php(326): CodeIgniter\CodeIgniter->handleRequest(NULL, Object(Config\Cache), false)
#4 /home/eventodigital/public_html/api_controlAccesos/public/index.php(37): CodeIgniter\CodeIgniter->run()
#5 {main}
CRITICAL - 2023-11-10 10:20:15 --> Class 'App\Libraries\Exception' not found
#0 /home/eventodigital/public_html/api_controlAccesos/app/Controllers/RestController.php(185): App\Libraries\vCard->__construct(false, 'FBMi4a0AG6MVgHg...')
#1 /home/eventodigital/public_html/api_controlAccesos/system/CodeIgniter.php(832): App\Controllers\RestController->create()
#2 /home/eventodigital/public_html/api_controlAccesos/system/CodeIgniter.php(419): CodeIgniter\CodeIgniter->runController(Object(App\Controllers\RestController))
#3 /home/eventodigital/public_html/api_controlAccesos/system/CodeIgniter.php(326): CodeIgniter\CodeIgniter->handleRequest(NULL, Object(Config\Cache), false)
#4 /home/eventodigital/public_html/api_controlAccesos/public/index.php(37): CodeIgniter\CodeIgniter->run()
#5 {main}
CRITICAL - 2023-11-10 10:20:26 --> Class 'App\Libraries\Exception' not found
#0 /home/eventodigital/public_html/api_controlAccesos/app/Controllers/RestController.php(185): App\Libraries\vCard->__construct(false, 'FBMi4a0AG6IhAGQ...')
#1 /home/eventodigital/public_html/api_controlAccesos/system/CodeIgniter.php(832): App\Controllers\RestController->create()
#2 /home/eventodigital/public_html/api_controlAccesos/system/CodeIgniter.php(419): CodeIgniter\CodeIgniter->runController(Object(App\Controllers\RestController))
#3 /home/eventodigital/public_html/api_controlAccesos/system/CodeIgniter.php(326): CodeIgniter\CodeIgniter->handleRequest(NULL, Object(Config\Cache), false)
#4 /home/eventodigital/public_html/api_controlAccesos/public/index.php(37): CodeIgniter\CodeIgniter->run()
#5 {main}
CRITICAL - 2023-11-10 10:20:30 --> Class 'App\Libraries\Exception' not found
#0 /home/eventodigital/public_html/api_controlAccesos/app/Controllers/RestController.php(185): App\Libraries\vCard->__construct(false, 'FBMi4a0AG6IhALA...')
#1 /home/eventodigital/public_html/api_controlAccesos/system/CodeIgniter.php(832): App\Controllers\RestController->create()
#2 /home/eventodigital/public_html/api_controlAccesos/system/CodeIgniter.php(419): CodeIgniter\CodeIgniter->runController(Object(App\Controllers\RestController))
#3 /home/eventodigital/public_html/api_controlAccesos/system/CodeIgniter.php(326): CodeIgniter\CodeIgniter->handleRequest(NULL, Object(Config\Cache), false)
#4 /home/eventodigital/public_html/api_controlAccesos/public/index.php(37): CodeIgniter\CodeIgniter->run()
#5 {main}
CRITICAL - 2023-11-10 10:21:24 --> Class 'App\Libraries\Exception' not found
#0 /home/eventodigital/public_html/api_controlAccesos/app/Controllers/RestController.php(185): App\Libraries\vCard->__construct(false, 'FBMi4a0AG6T5QKw...')
#1 /home/eventodigital/public_html/api_controlAccesos/system/CodeIgniter.php(832): App\Controllers\RestController->create()
#2 /home/eventodigital/public_html/api_controlAccesos/system/CodeIgniter.php(419): CodeIgniter\CodeIgniter->runController(Object(App\Controllers\RestController))
#3 /home/eventodigital/public_html/api_controlAccesos/system/CodeIgniter.php(326): CodeIgniter\CodeIgniter->handleRequest(NULL, Object(Config\Cache), false)
#4 /home/eventodigital/public_html/api_controlAccesos/public/index.php(37): CodeIgniter\CodeIgniter->run()
#5 {main}
CRITICAL - 2023-11-10 10:21:44 --> Class 'App\Libraries\Exception' not found
#0 /home/eventodigital/public_html/api_controlAccesos/app/Controllers/RestController.php(185): App\Libraries\vCard->__construct(false, 'FBMi4a0AG7GQAHg...')
#1 /home/eventodigital/public_html/api_controlAccesos/system/CodeIgniter.php(832): App\Controllers\RestController->create()
#2 /home/eventodigital/public_html/api_controlAccesos/system/CodeIgniter.php(419): CodeIgniter\CodeIgniter->runController(Object(App\Controllers\RestController))
#3 /home/eventodigital/public_html/api_controlAccesos/system/CodeIgniter.php(326): CodeIgniter\CodeIgniter->handleRequest(NULL, Object(Config\Cache), false)
#4 /home/eventodigital/public_html/api_controlAccesos/public/index.php(37): CodeIgniter\CodeIgniter->run()
#5 {main}
CRITICAL - 2023-11-10 10:22:01 --> Class 'App\Libraries\Exception' not found
#0 /home/eventodigital/public_html/api_controlAccesos/app/Controllers/RestController.php(185): App\Libraries\vCard->__construct(false, 'FBMi4a0AG69sQHg...')
#1 /home/eventodigital/public_html/api_controlAccesos/system/CodeIgniter.php(832): App\Controllers\RestController->create()
#2 /home/eventodigital/public_html/api_controlAccesos/system/CodeIgniter.php(419): CodeIgniter\CodeIgniter->runController(Object(App\Controllers\RestController))
#3 /home/eventodigital/public_html/api_controlAccesos/system/CodeIgniter.php(326): CodeIgniter\CodeIgniter->handleRequest(NULL, Object(Config\Cache), false)
#4 /home/eventodigital/public_html/api_controlAccesos/public/index.php(37): CodeIgniter\CodeIgniter->run()
#5 {main}
CRITICAL - 2023-11-10 10:22:09 --> Class 'App\Libraries\Exception' not found
#0 /home/eventodigital/public_html/api_controlAccesos/app/Controllers/RestController.php(185): App\Libraries\vCard->__construct(false, 'FBMi4a0AG69sQHg...')
#1 /home/eventodigital/public_html/api_controlAccesos/system/CodeIgniter.php(832): App\Controllers\RestController->create()
#2 /home/eventodigital/public_html/api_controlAccesos/system/CodeIgniter.php(419): CodeIgniter\CodeIgniter->runController(Object(App\Controllers\RestController))
#3 /home/eventodigital/public_html/api_controlAccesos/system/CodeIgniter.php(326): CodeIgniter\CodeIgniter->handleRequest(NULL, Object(Config\Cache), false)
#4 /home/eventodigital/public_html/api_controlAccesos/public/index.php(37): CodeIgniter\CodeIgniter->run()
#5 {main}
CRITICAL - 2023-11-10 10:22:24 --> Class 'App\Libraries\Exception' not found
#0 /home/eventodigital/public_html/api_controlAccesos/app/Controllers/RestController.php(185): App\Libraries\vCard->__construct(false, 'FBMi4a0AG4TywHw...')
#1 /home/eventodigital/public_html/api_controlAccesos/system/CodeIgniter.php(832): App\Controllers\RestController->create()
#2 /home/eventodigital/public_html/api_controlAccesos/system/CodeIgniter.php(419): CodeIgniter\CodeIgniter->runController(Object(App\Controllers\RestController))
#3 /home/eventodigital/public_html/api_controlAccesos/system/CodeIgniter.php(326): CodeIgniter\CodeIgniter->handleRequest(NULL, Object(Config\Cache), false)
#4 /home/eventodigital/public_html/api_controlAccesos/public/index.php(37): CodeIgniter\CodeIgniter->run()
#5 {main}
CRITICAL - 2023-11-10 10:22:40 --> Class 'App\Libraries\Exception' not found
#0 /home/eventodigital/public_html/api_controlAccesos/app/Controllers/RestController.php(185): App\Libraries\vCard->__construct(false, 'FBMi4a0AG6AuAPQ...')
#1 /home/eventodigital/public_html/api_controlAccesos/system/CodeIgniter.php(832): App\Controllers\RestController->create()
#2 /home/eventodigital/public_html/api_controlAccesos/system/CodeIgniter.php(419): CodeIgniter\CodeIgniter->runController(Object(App\Controllers\RestController))
#3 /home/eventodigital/public_html/api_controlAccesos/system/CodeIgniter.php(326): CodeIgniter\CodeIgniter->handleRequest(NULL, Object(Config\Cache), false)
#4 /home/eventodigital/public_html/api_controlAccesos/public/index.php(37): CodeIgniter\CodeIgniter->run()
#5 {main}
CRITICAL - 2023-11-10 10:22:48 --> Class 'App\Libraries\Exception' not found
#0 /home/eventodigital/public_html/api_controlAccesos/app/Controllers/RestController.php(185): App\Libraries\vCard->__construct(false, 'FBMi4a0AG6hLALg...')
#1 /home/eventodigital/public_html/api_controlAccesos/system/CodeIgniter.php(832): App\Controllers\RestController->create()
#2 /home/eventodigital/public_html/api_controlAccesos/system/CodeIgniter.php(419): CodeIgniter\CodeIgniter->runController(Object(App\Controllers\RestController))
#3 /home/eventodigital/public_html/api_controlAccesos/system/CodeIgniter.php(326): CodeIgniter\CodeIgniter->handleRequest(NULL, Object(Config\Cache), false)
#4 /home/eventodigital/public_html/api_controlAccesos/public/index.php(37): CodeIgniter\CodeIgniter->run()
#5 {main}
CRITICAL - 2023-11-10 10:22:53 --> Class 'App\Libraries\Exception' not found
#0 /home/eventodigital/public_html/api_controlAccesos/app/Controllers/RestController.php(185): App\Libraries\vCard->__construct(false, 'FBMi4a0AG6hLAGg...')
#1 /home/eventodigital/public_html/api_controlAccesos/system/CodeIgniter.php(832): App\Controllers\RestController->create()
#2 /home/eventodigital/public_html/api_controlAccesos/system/CodeIgniter.php(419): CodeIgniter\CodeIgniter->runController(Object(App\Controllers\RestController))
#3 /home/eventodigital/public_html/api_controlAccesos/system/CodeIgniter.php(326): CodeIgniter\CodeIgniter->handleRequest(NULL, Object(Config\Cache), false)
#4 /home/eventodigital/public_html/api_controlAccesos/public/index.php(37): CodeIgniter\CodeIgniter->run()
#5 {main}
CRITICAL - 2023-11-10 10:23:03 --> Class 'App\Libraries\Exception' not found
#0 /home/eventodigital/public_html/api_controlAccesos/app/Controllers/RestController.php(185): App\Libraries\vCard->__construct(false, 'FBMi4a0AG6IawGw...')
#1 /home/eventodigital/public_html/api_controlAccesos/system/CodeIgniter.php(832): App\Controllers\RestController->create()
#2 /home/eventodigital/public_html/api_controlAccesos/system/CodeIgniter.php(419): CodeIgniter\CodeIgniter->runController(Object(App\Controllers\RestController))
#3 /home/eventodigital/public_html/api_controlAccesos/system/CodeIgniter.php(326): CodeIgniter\CodeIgniter->handleRequest(NULL, Object(Config\Cache), false)
#4 /home/eventodigital/public_html/api_controlAccesos/public/index.php(37): CodeIgniter\CodeIgniter->run()
#5 {main}
CRITICAL - 2023-11-10 10:23:07 --> Class 'App\Libraries\Exception' not found
#0 /home/eventodigital/public_html/api_controlAccesos/app/Controllers/RestController.php(185): App\Libraries\vCard->__construct(false, 'FBMi4a0AG6IawKQ...')
#1 /home/eventodigital/public_html/api_controlAccesos/system/CodeIgniter.php(832): App\Controllers\RestController->create()
#2 /home/eventodigital/public_html/api_controlAccesos/system/CodeIgniter.php(419): CodeIgniter\CodeIgniter->runController(Object(App\Controllers\RestController))
#3 /home/eventodigital/public_html/api_controlAccesos/system/CodeIgniter.php(326): CodeIgniter\CodeIgniter->handleRequest(NULL, Object(Config\Cache), false)
#4 /home/eventodigital/public_html/api_controlAccesos/public/index.php(37): CodeIgniter\CodeIgniter->run()
#5 {main}
CRITICAL - 2023-11-10 10:23:16 --> Class 'App\Libraries\Exception' not found
#0 /home/eventodigital/public_html/api_controlAccesos/app/Controllers/RestController.php(185): App\Libraries\vCard->__construct(false, 'FBMi4a0AG6rlwKw...')
#1 /home/eventodigital/public_html/api_controlAccesos/system/CodeIgniter.php(832): App\Controllers\RestController->create()
#2 /home/eventodigital/public_html/api_controlAccesos/system/CodeIgniter.php(419): CodeIgniter\CodeIgniter->runController(Object(App\Controllers\RestController))
#3 /home/eventodigital/public_html/api_controlAccesos/system/CodeIgniter.php(326): CodeIgniter\CodeIgniter->handleRequest(NULL, Object(Config\Cache), false)
#4 /home/eventodigital/public_html/api_controlAccesos/public/index.php(37): CodeIgniter\CodeIgniter->run()
#5 {main}
CRITICAL - 2023-11-10 10:23:42 --> Class 'App\Libraries\Exception' not found
#0 /home/eventodigital/public_html/api_controlAccesos/app/Controllers/RestController.php(185): App\Libraries\vCard->__construct(false, 'FBMi5koAGwZhwGw...')
#1 /home/eventodigital/public_html/api_controlAccesos/system/CodeIgniter.php(832): App\Controllers\RestController->create()
#2 /home/eventodigital/public_html/api_controlAccesos/system/CodeIgniter.php(419): CodeIgniter\CodeIgniter->runController(Object(App\Controllers\RestController))
#3 /home/eventodigital/public_html/api_controlAccesos/system/CodeIgniter.php(326): CodeIgniter\CodeIgniter->handleRequest(NULL, Object(Config\Cache), false)
#4 /home/eventodigital/public_html/api_controlAccesos/public/index.php(37): CodeIgniter\CodeIgniter->run()
#5 {main}
CRITICAL - 2023-11-10 10:25:14 --> Class 'App\Libraries\Exception' not found
#0 /home/eventodigital/public_html/api_controlAccesos/app/Controllers/RestController.php(185): App\Libraries\vCard->__construct(false, 'FBMi4a0AG53IQLg...')
#1 /home/eventodigital/public_html/api_controlAccesos/system/CodeIgniter.php(832): App\Controllers\RestController->create()
#2 /home/eventodigital/public_html/api_controlAccesos/system/CodeIgniter.php(419): CodeIgniter\CodeIgniter->runController(Object(App\Controllers\RestController))
#3 /home/eventodigital/public_html/api_controlAccesos/system/CodeIgniter.php(326): CodeIgniter\CodeIgniter->handleRequest(NULL, Object(Config\Cache), false)
#4 /home/eventodigital/public_html/api_controlAccesos/public/index.php(37): CodeIgniter\CodeIgniter->run()
#5 {main}
CRITICAL - 2023-11-10 10:25:21 --> Class 'App\Libraries\Exception' not found
#0 /home/eventodigital/public_html/api_controlAccesos/app/Controllers/RestController.php(185): App\Libraries\vCard->__construct(false, 'FBMi4a0AG53IQHA...')
#1 /home/eventodigital/public_html/api_controlAccesos/system/CodeIgniter.php(832): App\Controllers\RestController->create()
#2 /home/eventodigital/public_html/api_controlAccesos/system/CodeIgniter.php(419): CodeIgniter\CodeIgniter->runController(Object(App\Controllers\RestController))
#3 /home/eventodigital/public_html/api_controlAccesos/system/CodeIgniter.php(326): CodeIgniter\CodeIgniter->handleRequest(NULL, Object(Config\Cache), false)
#4 /home/eventodigital/public_html/api_controlAccesos/public/index.php(37): CodeIgniter\CodeIgniter->run()
#5 {main}
CRITICAL - 2023-11-10 10:31:12 --> Class 'App\Libraries\Exception' not found
#0 /home/eventodigital/public_html/api_controlAccesos/app/Controllers/RestController.php(185): App\Libraries\vCard->__construct(false, 'FBMi48SAGr0TgLA...')
#1 /home/eventodigital/public_html/api_controlAccesos/system/CodeIgniter.php(832): App\Controllers\RestController->create()
#2 /home/eventodigital/public_html/api_controlAccesos/system/CodeIgniter.php(419): CodeIgniter\CodeIgniter->runController(Object(App\Controllers\RestController))
#3 /home/eventodigital/public_html/api_controlAccesos/system/CodeIgniter.php(326): CodeIgniter\CodeIgniter->handleRequest(NULL, Object(Config\Cache), false)
#4 /home/eventodigital/public_html/api_controlAccesos/public/index.php(37): CodeIgniter\CodeIgniter->run()
#5 {main}
CRITICAL - 2023-11-10 10:31:13 --> Class 'App\Libraries\Exception' not found
#0 /home/eventodigital/public_html/api_controlAccesos/app/Controllers/RestController.php(185): App\Libraries\vCard->__construct(false, 'FBMi48SAGr0TgLA...')
#1 /home/eventodigital/public_html/api_controlAccesos/system/CodeIgniter.php(832): App\Controllers\RestController->create()
#2 /home/eventodigital/public_html/api_controlAccesos/system/CodeIgniter.php(419): CodeIgniter\CodeIgniter->runController(Object(App\Controllers\RestController))
#3 /home/eventodigital/public_html/api_controlAccesos/system/CodeIgniter.php(326): CodeIgniter\CodeIgniter->handleRequest(NULL, Object(Config\Cache), false)
#4 /home/eventodigital/public_html/api_controlAccesos/public/index.php(37): CodeIgniter\CodeIgniter->run()
#5 {main}
CRITICAL - 2023-11-10 10:32:39 --> Class 'App\Libraries\Exception' not found
#0 /home/eventodigital/public_html/api_controlAccesos/app/Controllers/RestController.php(185): App\Libraries\vCard->__construct(false, 'FBMi4a0AG5CwAGQ...')
#1 /home/eventodigital/public_html/api_controlAccesos/system/CodeIgniter.php(832): App\Controllers\RestController->create()
#2 /home/eventodigital/public_html/api_controlAccesos/system/CodeIgniter.php(419): CodeIgniter\CodeIgniter->runController(Object(App\Controllers\RestController))
#3 /home/eventodigital/public_html/api_controlAccesos/system/CodeIgniter.php(326): CodeIgniter\CodeIgniter->handleRequest(NULL, Object(Config\Cache), false)
#4 /home/eventodigital/public_html/api_controlAccesos/public/index.php(37): CodeIgniter\CodeIgniter->run()
#5 {main}
CRITICAL - 2023-11-10 10:32:42 --> Class 'App\Libraries\Exception' not found
#0 /home/eventodigital/public_html/api_controlAccesos/app/Controllers/RestController.php(185): App\Libraries\vCard->__construct(false, 'FBMi4a0AG5CwAKg...')
#1 /home/eventodigital/public_html/api_controlAccesos/system/CodeIgniter.php(832): App\Controllers\RestController->create()
#2 /home/eventodigital/public_html/api_controlAccesos/system/CodeIgniter.php(419): CodeIgniter\CodeIgniter->runController(Object(App\Controllers\RestController))
#3 /home/eventodigital/public_html/api_controlAccesos/system/CodeIgniter.php(326): CodeIgniter\CodeIgniter->handleRequest(NULL, Object(Config\Cache), false)
#4 /home/eventodigital/public_html/api_controlAccesos/public/index.php(37): CodeIgniter\CodeIgniter->run()
#5 {main}
CRITICAL - 2023-11-10 10:36:10 --> Class 'App\Libraries\Exception' not found
#0 /home/eventodigital/public_html/api_controlAccesos/app/Controllers/RestController.php(185): App\Libraries\vCard->__construct(false, 'FBMi4a0AG6j-QLg...')
#1 /home/eventodigital/public_html/api_controlAccesos/system/CodeIgniter.php(832): App\Controllers\RestController->create()
#2 /home/eventodigital/public_html/api_controlAccesos/system/CodeIgniter.php(419): CodeIgniter\CodeIgniter->runController(Object(App\Controllers\RestController))
#3 /home/eventodigital/public_html/api_controlAccesos/system/CodeIgniter.php(326): CodeIgniter\CodeIgniter->handleRequest(NULL, Object(Config\Cache), false)
#4 /home/eventodigital/public_html/api_controlAccesos/public/index.php(37): CodeIgniter\CodeIgniter->run()
#5 {main}
CRITICAL - 2023-11-10 10:36:13 --> Class 'App\Libraries\Exception' not found
#0 /home/eventodigital/public_html/api_controlAccesos/app/Controllers/RestController.php(185): App\Libraries\vCard->__construct(false, 'FBMi4a0AG6j-QHw...')
#1 /home/eventodigital/public_html/api_controlAccesos/system/CodeIgniter.php(832): App\Controllers\RestController->create()
#2 /home/eventodigital/public_html/api_controlAccesos/system/CodeIgniter.php(419): CodeIgniter\CodeIgniter->runController(Object(App\Controllers\RestController))
#3 /home/eventodigital/public_html/api_controlAccesos/system/CodeIgniter.php(326): CodeIgniter\CodeIgniter->handleRequest(NULL, Object(Config\Cache), false)
#4 /home/eventodigital/public_html/api_controlAccesos/public/index.php(37): CodeIgniter\CodeIgniter->run()
#5 {main}
CRITICAL - 2023-11-10 10:41:30 --> Class 'App\Libraries\Exception' not found
#0 /home/eventodigital/public_html/api_controlAccesos/app/Controllers/RestController.php(185): App\Libraries\vCard->__construct(false, 'FBMi4a0AG6LwgHw...')
#1 /home/eventodigital/public_html/api_controlAccesos/system/CodeIgniter.php(832): App\Controllers\RestController->create()
#2 /home/eventodigital/public_html/api_controlAccesos/system/CodeIgniter.php(419): CodeIgniter\CodeIgniter->runController(Object(App\Controllers\RestController))
#3 /home/eventodigital/public_html/api_controlAccesos/system/CodeIgniter.php(326): CodeIgniter\CodeIgniter->handleRequest(NULL, Object(Config\Cache), false)
#4 /home/eventodigital/public_html/api_controlAccesos/public/index.php(37): CodeIgniter\CodeIgniter->run()
#5 {main}
CRITICAL - 2023-11-10 10:41:49 --> Class 'App\Libraries\Exception' not found
#0 /home/eventodigital/public_html/api_controlAccesos/app/Controllers/RestController.php(185): App\Libraries\vCard->__construct(false, 'FBMi4a0AG564AGQ...')
#1 /home/eventodigital/public_html/api_controlAccesos/system/CodeIgniter.php(832): App\Controllers\RestController->create()
#2 /home/eventodigital/public_html/api_controlAccesos/system/CodeIgniter.php(419): CodeIgniter\CodeIgniter->runController(Object(App\Controllers\RestController))
#3 /home/eventodigital/public_html/api_controlAccesos/system/CodeIgniter.php(326): CodeIgniter\CodeIgniter->handleRequest(NULL, Object(Config\Cache), false)
#4 /home/eventodigital/public_html/api_controlAccesos/public/index.php(37): CodeIgniter\CodeIgniter->run()
#5 {main}
CRITICAL - 2023-11-10 10:41:52 --> Class 'App\Libraries\Exception' not found
#0 /home/eventodigital/public_html/api_controlAccesos/app/Controllers/RestController.php(185): App\Libraries\vCard->__construct(false, 'FBMi4a0AG564AKw...')
#1 /home/eventodigital/public_html/api_controlAccesos/system/CodeIgniter.php(832): App\Controllers\RestController->create()
#2 /home/eventodigital/public_html/api_controlAccesos/system/CodeIgniter.php(419): CodeIgniter\CodeIgniter->runController(Object(App\Controllers\RestController))
#3 /home/eventodigital/public_html/api_controlAccesos/system/CodeIgniter.php(326): CodeIgniter\CodeIgniter->handleRequest(NULL, Object(Config\Cache), false)
#4 /home/eventodigital/public_html/api_controlAccesos/public/index.php(37): CodeIgniter\CodeIgniter->run()
#5 {main}
CRITICAL - 2023-11-10 10:42:25 --> Class 'App\Libraries\Exception' not found
#0 /home/eventodigital/public_html/api_controlAccesos/app/Controllers/RestController.php(185): App\Libraries\vCard->__construct(false, 'FBMi4a0AG7DtgHg...')
#1 /home/eventodigital/public_html/api_controlAccesos/system/CodeIgniter.php(832): App\Controllers\RestController->create()
#2 /home/eventodigital/public_html/api_controlAccesos/system/CodeIgniter.php(419): CodeIgniter\CodeIgniter->runController(Object(App\Controllers\RestController))
#3 /home/eventodigital/public_html/api_controlAccesos/system/CodeIgniter.php(326): CodeIgniter\CodeIgniter->handleRequest(NULL, Object(Config\Cache), false)
#4 /home/eventodigital/public_html/api_controlAccesos/public/index.php(37): CodeIgniter\CodeIgniter->run()
#5 {main}
CRITICAL - 2023-11-10 10:42:27 --> Class 'App\Libraries\Exception' not found
#0 /home/eventodigital/public_html/api_controlAccesos/app/Controllers/RestController.php(185): App\Libraries\vCard->__construct(false, 'FBMi4a0AG7DtgKQ...')
#1 /home/eventodigital/public_html/api_controlAccesos/system/CodeIgniter.php(832): App\Controllers\RestController->create()
#2 /home/eventodigital/public_html/api_controlAccesos/system/CodeIgniter.php(419): CodeIgniter\CodeIgniter->runController(Object(App\Controllers\RestController))
#3 /home/eventodigital/public_html/api_controlAccesos/system/CodeIgniter.php(326): CodeIgniter\CodeIgniter->handleRequest(NULL, Object(Config\Cache), false)
#4 /home/eventodigital/public_html/api_controlAccesos/public/index.php(37): CodeIgniter\CodeIgniter->run()
#5 {main}
CRITICAL - 2023-11-10 10:42:55 --> Class 'App\Libraries\Exception' not found
#0 /home/eventodigital/public_html/api_controlAccesos/app/Controllers/RestController.php(185): App\Libraries\vCard->__construct(false, 'FBMi4a0AG7DxwLw...')
#1 /home/eventodigital/public_html/api_controlAccesos/system/CodeIgniter.php(832): App\Controllers\RestController->create()
#2 /home/eventodigital/public_html/api_controlAccesos/system/CodeIgniter.php(419): CodeIgniter\CodeIgniter->runController(Object(App\Controllers\RestController))
#3 /home/eventodigital/public_html/api_controlAccesos/system/CodeIgniter.php(326): CodeIgniter\CodeIgniter->handleRequest(NULL, Object(Config\Cache), false)
#4 /home/eventodigital/public_html/api_controlAccesos/public/index.php(37): CodeIgniter\CodeIgniter->run()
#5 {main}
CRITICAL - 2023-11-10 10:43:14 --> Class 'App\Libraries\Exception' not found
#0 /home/eventodigital/public_html/api_controlAccesos/app/Controllers/RestController.php(185): App\Libraries\vCard->__construct(false, 'FBMi4_uAF9cyQTA...')
#1 /home/eventodigital/public_html/api_controlAccesos/system/CodeIgniter.php(832): App\Controllers\RestController->create()
#2 /home/eventodigital/public_html/api_controlAccesos/system/CodeIgniter.php(419): CodeIgniter\CodeIgniter->runController(Object(App\Controllers\RestController))
#3 /home/eventodigital/public_html/api_controlAccesos/system/CodeIgniter.php(326): CodeIgniter\CodeIgniter->handleRequest(NULL, Object(Config\Cache), false)
#4 /home/eventodigital/public_html/api_controlAccesos/public/index.php(37): CodeIgniter\CodeIgniter->run()
#5 {main}
CRITICAL - 2023-11-10 10:43:29 --> Class 'App\Libraries\Exception' not found
#0 /home/eventodigital/public_html/api_controlAccesos/app/Controllers/RestController.php(185): App\Libraries\vCard->__construct(false, 'FBMi4a0AG7DxwGg...')
#1 /home/eventodigital/public_html/api_controlAccesos/system/CodeIgniter.php(832): App\Controllers\RestController->create()
#2 /home/eventodigital/public_html/api_controlAccesos/system/CodeIgniter.php(419): CodeIgniter\CodeIgniter->runController(Object(App\Controllers\RestController))
#3 /home/eventodigital/public_html/api_controlAccesos/system/CodeIgniter.php(326): CodeIgniter\CodeIgniter->handleRequest(NULL, Object(Config\Cache), false)
#4 /home/eventodigital/public_html/api_controlAccesos/public/index.php(37): CodeIgniter\CodeIgniter->run()
#5 {main}
CRITICAL - 2023-11-10 10:44:11 --> Class 'App\Libraries\Exception' not found
#0 /home/eventodigital/public_html/api_controlAccesos/app/Controllers/RestController.php(185): App\Libraries\vCard->__construct(false, 'FBMi4a0AG7EHAGQ...')
#1 /home/eventodigital/public_html/api_controlAccesos/system/CodeIgniter.php(832): App\Controllers\RestController->create()
#2 /home/eventodigital/public_html/api_controlAccesos/system/CodeIgniter.php(419): CodeIgniter\CodeIgniter->runController(Object(App\Controllers\RestController))
#3 /home/eventodigital/public_html/api_controlAccesos/system/CodeIgniter.php(326): CodeIgniter\CodeIgniter->handleRequest(NULL, Object(Config\Cache), false)
#4 /home/eventodigital/public_html/api_controlAccesos/public/index.php(37): CodeIgniter\CodeIgniter->run()
#5 {main}
CRITICAL - 2023-11-10 10:44:15 --> Class 'App\Libraries\Exception' not found
#0 /home/eventodigital/public_html/api_controlAccesos/app/Controllers/RestController.php(185): App\Libraries\vCard->__construct(false, 'FBMi4a0AG7CdwLA...')
#1 /home/eventodigital/public_html/api_controlAccesos/system/CodeIgniter.php(832): App\Controllers\RestController->create()
#2 /home/eventodigital/public_html/api_controlAccesos/system/CodeIgniter.php(419): CodeIgniter\CodeIgniter->runController(Object(App\Controllers\RestController))
#3 /home/eventodigital/public_html/api_controlAccesos/system/CodeIgniter.php(326): CodeIgniter\CodeIgniter->handleRequest(NULL, Object(Config\Cache), false)
#4 /home/eventodigital/public_html/api_controlAccesos/public/index.php(37): CodeIgniter\CodeIgniter->run()
#5 {main}
CRITICAL - 2023-11-10 10:44:25 --> Class 'App\Libraries\Exception' not found
#0 /home/eventodigital/public_html/api_controlAccesos/app/Controllers/RestController.php(185): App\Libraries\vCard->__construct(false, 'FBMi4a0AG7EKQHA...')
#1 /home/eventodigital/public_html/api_controlAccesos/system/CodeIgniter.php(832): App\Controllers\RestController->create()
#2 /home/eventodigital/public_html/api_controlAccesos/system/CodeIgniter.php(419): CodeIgniter\CodeIgniter->runController(Object(App\Controllers\RestController))
#3 /home/eventodigital/public_html/api_controlAccesos/system/CodeIgniter.php(326): CodeIgniter\CodeIgniter->handleRequest(NULL, Object(Config\Cache), false)
#4 /home/eventodigital/public_html/api_controlAccesos/public/index.php(37): CodeIgniter\CodeIgniter->run()
#5 {main}
CRITICAL - 2023-11-10 10:47:00 --> Class 'App\Libraries\Exception' not found
#0 /home/eventodigital/public_html/api_controlAccesos/app/Controllers/RestController.php(185): App\Libraries\vCard->__construct(false, 'FBMi4g0AG3r0AGQ...')
#1 /home/eventodigital/public_html/api_controlAccesos/system/CodeIgniter.php(832): App\Controllers\RestController->create()
#2 /home/eventodigital/public_html/api_controlAccesos/system/CodeIgniter.php(419): CodeIgniter\CodeIgniter->runController(Object(App\Controllers\RestController))
#3 /home/eventodigital/public_html/api_controlAccesos/system/CodeIgniter.php(326): CodeIgniter\CodeIgniter->handleRequest(NULL, Object(Config\Cache), false)
#4 /home/eventodigital/public_html/api_controlAccesos/public/index.php(37): CodeIgniter\CodeIgniter->run()
#5 {main}
CRITICAL - 2023-11-10 10:49:18 --> Class 'App\Libraries\Exception' not found
#0 /home/eventodigital/public_html/api_controlAccesos/app/Controllers/RestController.php(185): App\Libraries\vCard->__construct(false, 'FBMi4a0AG6l3QGQ...')
#1 /home/eventodigital/public_html/api_controlAccesos/system/CodeIgniter.php(832): App\Controllers\RestController->create()
#2 /home/eventodigital/public_html/api_controlAccesos/system/CodeIgniter.php(419): CodeIgniter\CodeIgniter->runController(Object(App\Controllers\RestController))
#3 /home/eventodigital/public_html/api_controlAccesos/system/CodeIgniter.php(326): CodeIgniter\CodeIgniter->handleRequest(NULL, Object(Config\Cache), false)
#4 /home/eventodigital/public_html/api_controlAccesos/public/index.php(37): CodeIgniter\CodeIgniter->run()
#5 {main}
CRITICAL - 2023-11-10 10:49:21 --> Class 'App\Libraries\Exception' not found
#0 /home/eventodigital/public_html/api_controlAccesos/app/Controllers/RestController.php(185): App\Libraries\vCard->__construct(false, 'FBMi4a0AG6l3QKg...')
#1 /home/eventodigital/public_html/api_controlAccesos/system/CodeIgniter.php(832): App\Controllers\RestController->create()
#2 /home/eventodigital/public_html/api_controlAccesos/system/CodeIgniter.php(419): CodeIgniter\CodeIgniter->runController(Object(App\Controllers\RestController))
#3 /home/eventodigital/public_html/api_controlAccesos/system/CodeIgniter.php(326): CodeIgniter\CodeIgniter->handleRequest(NULL, Object(Config\Cache), false)
#4 /home/eventodigital/public_html/api_controlAccesos/public/index.php(37): CodeIgniter\CodeIgniter->run()
#5 {main}
CRITICAL - 2023-11-10 10:49:49 --> Class 'App\Libraries\Exception' not found
#0 /home/eventodigital/public_html/api_controlAccesos/app/Controllers/RestController.php(185): App\Libraries\vCard->__construct(false, 'FBMi4a0AG6pYgGQ...')
#1 /home/eventodigital/public_html/api_controlAccesos/system/CodeIgniter.php(832): App\Controllers\RestController->create()
#2 /home/eventodigital/public_html/api_controlAccesos/system/CodeIgniter.php(419): CodeIgniter\CodeIgniter->runController(Object(App\Controllers\RestController))
#3 /home/eventodigital/public_html/api_controlAccesos/system/CodeIgniter.php(326): CodeIgniter\CodeIgniter->handleRequest(NULL, Object(Config\Cache), false)
#4 /home/eventodigital/public_html/api_controlAccesos/public/index.php(37): CodeIgniter\CodeIgniter->run()
#5 {main}
CRITICAL - 2023-11-10 10:49:52 --> Class 'App\Libraries\Exception' not found
#0 /home/eventodigital/public_html/api_controlAccesos/app/Controllers/RestController.php(185): App\Libraries\vCard->__construct(false, 'FBMi4a0AG6pEAGQ...')
#1 /home/eventodigital/public_html/api_controlAccesos/system/CodeIgniter.php(832): App\Controllers\RestController->create()
#2 /home/eventodigital/public_html/api_controlAccesos/system/CodeIgniter.php(419): CodeIgniter\CodeIgniter->runController(Object(App\Controllers\RestController))
#3 /home/eventodigital/public_html/api_controlAccesos/system/CodeIgniter.php(326): CodeIgniter\CodeIgniter->handleRequest(NULL, Object(Config\Cache), false)
#4 /home/eventodigital/public_html/api_controlAccesos/public/index.php(37): CodeIgniter\CodeIgniter->run()
#5 {main}
CRITICAL - 2023-11-10 10:54:03 --> Class 'App\Libraries\Exception' not found
#0 /home/eventodigital/public_html/api_controlAccesos/app/Controllers/RestController.php(185): App\Libraries\vCard->__construct(false, 'FBMi4a0AG7IfwGQ...')
#1 /home/eventodigital/public_html/api_controlAccesos/system/CodeIgniter.php(832): App\Controllers\RestController->create()
#2 /home/eventodigital/public_html/api_controlAccesos/system/CodeIgniter.php(419): CodeIgniter\CodeIgniter->runController(Object(App\Controllers\RestController))
#3 /home/eventodigital/public_html/api_controlAccesos/system/CodeIgniter.php(326): CodeIgniter\CodeIgniter->handleRequest(NULL, Object(Config\Cache), false)
#4 /home/eventodigital/public_html/api_controlAccesos/public/index.php(37): CodeIgniter\CodeIgniter->run()
#5 {main}
CRITICAL - 2023-11-10 10:57:05 --> Class 'App\Libraries\Exception' not found
#0 /home/eventodigital/public_html/api_controlAccesos/app/Controllers/RestController.php(185): App\Libraries\vCard->__construct(false, 'FBMi4a0AG6JHQHw...')
#1 /home/eventodigital/public_html/api_controlAccesos/system/CodeIgniter.php(832): App\Controllers\RestController->create()
#2 /home/eventodigital/public_html/api_controlAccesos/system/CodeIgniter.php(419): CodeIgniter\CodeIgniter->runController(Object(App\Controllers\RestController))
#3 /home/eventodigital/public_html/api_controlAccesos/system/CodeIgniter.php(326): CodeIgniter\CodeIgniter->handleRequest(NULL, Object(Config\Cache), false)
#4 /home/eventodigital/public_html/api_controlAccesos/public/index.php(37): CodeIgniter\CodeIgniter->run()
#5 {main}
CRITICAL - 2023-11-10 10:57:09 --> Class 'App\Libraries\Exception' not found
#0 /home/eventodigital/public_html/api_controlAccesos/app/Controllers/RestController.php(185): App\Libraries\vCard->__construct(false, 'FBMi4a0AG6JHQKw...')
#1 /home/eventodigital/public_html/api_controlAccesos/system/CodeIgniter.php(832): App\Controllers\RestController->create()
#2 /home/eventodigital/public_html/api_controlAccesos/system/CodeIgniter.php(419): CodeIgniter\CodeIgniter->runController(Object(App\Controllers\RestController))
#3 /home/eventodigital/public_html/api_controlAccesos/system/CodeIgniter.php(326): CodeIgniter\CodeIgniter->handleRequest(NULL, Object(Config\Cache), false)
#4 /home/eventodigital/public_html/api_controlAccesos/public/index.php(37): CodeIgniter\CodeIgniter->run()
#5 {main}
CRITICAL - 2023-11-10 10:57:15 --> Class 'App\Libraries\Exception' not found
#0 /home/eventodigital/public_html/api_controlAccesos/app/Controllers/RestController.php(185): App\Libraries\vCard->__construct(false, 'FBMi4a0AG6JHQOw...')
#1 /home/eventodigital/public_html/api_controlAccesos/system/CodeIgniter.php(832): App\Controllers\RestController->create()
#2 /home/eventodigital/public_html/api_controlAccesos/system/CodeIgniter.php(419): CodeIgniter\CodeIgniter->runController(Object(App\Controllers\RestController))
#3 /home/eventodigital/public_html/api_controlAccesos/system/CodeIgniter.php(326): CodeIgniter\CodeIgniter->handleRequest(NULL, Object(Config\Cache), false)
#4 /home/eventodigital/public_html/api_controlAccesos/public/index.php(37): CodeIgniter\CodeIgniter->run()
#5 {main}
CRITICAL - 2023-11-10 10:57:58 --> Class 'App\Libraries\Exception' not found
#0 /home/eventodigital/public_html/api_controlAccesos/app/Controllers/RestController.php(185): App\Libraries\vCard->__construct(false, 'FBMi4a0AG6ejQHA...')
#1 /home/eventodigital/public_html/api_controlAccesos/system/CodeIgniter.php(832): App\Controllers\RestController->create()
#2 /home/eventodigital/public_html/api_controlAccesos/system/CodeIgniter.php(419): CodeIgniter\CodeIgniter->runController(Object(App\Controllers\RestController))
#3 /home/eventodigital/public_html/api_controlAccesos/system/CodeIgniter.php(326): CodeIgniter\CodeIgniter->handleRequest(NULL, Object(Config\Cache), false)
#4 /home/eventodigital/public_html/api_controlAccesos/public/index.php(37): CodeIgniter\CodeIgniter->run()
#5 {main}
CRITICAL - 2023-11-10 10:58:51 --> Class 'App\Libraries\Exception' not found
#0 /home/eventodigital/public_html/api_controlAccesos/app/Controllers/RestController.php(185): App\Libraries\vCard->__construct(false, 'FBMi4a0AG65mAHQ...')
#1 /home/eventodigital/public_html/api_controlAccesos/system/CodeIgniter.php(832): App\Controllers\RestController->create()
#2 /home/eventodigital/public_html/api_controlAccesos/system/CodeIgniter.php(419): CodeIgniter\CodeIgniter->runController(Object(App\Controllers\RestController))
#3 /home/eventodigital/public_html/api_controlAccesos/system/CodeIgniter.php(326): CodeIgniter\CodeIgniter->handleRequest(NULL, Object(Config\Cache), false)
#4 /home/eventodigital/public_html/api_controlAccesos/public/index.php(37): CodeIgniter\CodeIgniter->run()
#5 {main}
CRITICAL - 2023-11-10 11:02:57 --> Class 'App\Libraries\Exception' not found
#0 /home/eventodigital/public_html/api_controlAccesos/app/Controllers/RestController.php(185): App\Libraries\vCard->__construct(false, 'FBMi4a0AG52_QGw...')
#1 /home/eventodigital/public_html/api_controlAccesos/system/CodeIgniter.php(832): App\Controllers\RestController->create()
#2 /home/eventodigital/public_html/api_controlAccesos/system/CodeIgniter.php(419): CodeIgniter\CodeIgniter->runController(Object(App\Controllers\RestController))
#3 /home/eventodigital/public_html/api_controlAccesos/system/CodeIgniter.php(326): CodeIgniter\CodeIgniter->handleRequest(NULL, Object(Config\Cache), false)
#4 /home/eventodigital/public_html/api_controlAccesos/public/index.php(37): CodeIgniter\CodeIgniter->run()
#5 {main}
CRITICAL - 2023-11-10 11:04:12 --> Class 'App\Libraries\Exception' not found
#0 /home/eventodigital/public_html/api_controlAccesos/app/Controllers/RestController.php(185): App\Libraries\vCard->__construct(false, 'FBMi4a0AG6H7wGQ...')
#1 /home/eventodigital/public_html/api_controlAccesos/system/CodeIgniter.php(832): App\Controllers\RestController->create()
#2 /home/eventodigital/public_html/api_controlAccesos/system/CodeIgniter.php(419): CodeIgniter\CodeIgniter->runController(Object(App\Controllers\RestController))
#3 /home/eventodigital/public_html/api_controlAccesos/system/CodeIgniter.php(326): CodeIgniter\CodeIgniter->handleRequest(NULL, Object(Config\Cache), false)
#4 /home/eventodigital/public_html/api_controlAccesos/public/index.php(37): CodeIgniter\CodeIgniter->run()
#5 {main}
CRITICAL - 2023-11-10 11:04:21 --> Class 'App\Libraries\Exception' not found
#0 /home/eventodigital/public_html/api_controlAccesos/app/Controllers/RestController.php(185): App\Libraries\vCard->__construct(false, 'FBMi4a0AG6T5QHA...')
#1 /home/eventodigital/public_html/api_controlAccesos/system/CodeIgniter.php(832): App\Controllers\RestController->create()
#2 /home/eventodigital/public_html/api_controlAccesos/system/CodeIgniter.php(419): CodeIgniter\CodeIgniter->runController(Object(App\Controllers\RestController))
#3 /home/eventodigital/public_html/api_controlAccesos/system/CodeIgniter.php(326): CodeIgniter\CodeIgniter->handleRequest(NULL, Object(Config\Cache), false)
#4 /home/eventodigital/public_html/api_controlAccesos/public/index.php(37): CodeIgniter\CodeIgniter->run()
#5 {main}
CRITICAL - 2023-11-10 11:04:40 --> Class 'App\Libraries\Exception' not found
#0 /home/eventodigital/public_html/api_controlAccesos/app/Controllers/RestController.php(185): App\Libraries\vCard->__construct(false, 'FBMi4a0AG6T3gHw...')
#1 /home/eventodigital/public_html/api_controlAccesos/system/CodeIgniter.php(832): App\Controllers\RestController->create()
#2 /home/eventodigital/public_html/api_controlAccesos/system/CodeIgniter.php(419): CodeIgniter\CodeIgniter->runController(Object(App\Controllers\RestController))
#3 /home/eventodigital/public_html/api_controlAccesos/system/CodeIgniter.php(326): CodeIgniter\CodeIgniter->handleRequest(NULL, Object(Config\Cache), false)
#4 /home/eventodigital/public_html/api_controlAccesos/public/index.php(37): CodeIgniter\CodeIgniter->run()
#5 {main}
CRITICAL - 2023-11-10 11:07:25 --> Class 'App\Libraries\Exception' not found
#0 /home/eventodigital/public_html/api_controlAccesos/app/Controllers/RestController.php(185): App\Libraries\vCard->__construct(false, 'FBMi4a0AG6lOQGQ...')
#1 /home/eventodigital/public_html/api_controlAccesos/system/CodeIgniter.php(832): App\Controllers\RestController->create()
#2 /home/eventodigital/public_html/api_controlAccesos/system/CodeIgniter.php(419): CodeIgniter\CodeIgniter->runController(Object(App\Controllers\RestController))
#3 /home/eventodigital/public_html/api_controlAccesos/system/CodeIgniter.php(326): CodeIgniter\CodeIgniter->handleRequest(NULL, Object(Config\Cache), false)
#4 /home/eventodigital/public_html/api_controlAccesos/public/index.php(37): CodeIgniter\CodeIgniter->run()
#5 {main}
CRITICAL - 2023-11-10 11:09:00 --> Class 'App\Libraries\Exception' not found
#0 /home/eventodigital/public_html/api_controlAccesos/app/Controllers/RestController.php(185): App\Libraries\vCard->__construct(false, 'FBMi4a0AG67bQGg...')
#1 /home/eventodigital/public_html/api_controlAccesos/system/CodeIgniter.php(832): App\Controllers\RestController->create()
#2 /home/eventodigital/public_html/api_controlAccesos/system/CodeIgniter.php(419): CodeIgniter\CodeIgniter->runController(Object(App\Controllers\RestController))
#3 /home/eventodigital/public_html/api_controlAccesos/system/CodeIgniter.php(326): CodeIgniter\CodeIgniter->handleRequest(NULL, Object(Config\Cache), false)
#4 /home/eventodigital/public_html/api_controlAccesos/public/index.php(37): CodeIgniter\CodeIgniter->run()
#5 {main}
CRITICAL - 2023-11-10 11:10:27 --> Class 'App\Libraries\Exception' not found
#0 /home/eventodigital/public_html/api_controlAccesos/app/Controllers/RestController.php(185): App\Libraries\vCard->__construct(false, 'FBMi48SAGBZmQWg...')
#1 /home/eventodigital/public_html/api_controlAccesos/system/CodeIgniter.php(832): App\Controllers\RestController->create()
#2 /home/eventodigital/public_html/api_controlAccesos/system/CodeIgniter.php(419): CodeIgniter\CodeIgniter->runController(Object(App\Controllers\RestController))
#3 /home/eventodigital/public_html/api_controlAccesos/system/CodeIgniter.php(326): CodeIgniter\CodeIgniter->handleRequest(NULL, Object(Config\Cache), false)
#4 /home/eventodigital/public_html/api_controlAccesos/public/index.php(37): CodeIgniter\CodeIgniter->run()
#5 {main}
CRITICAL - 2023-11-10 11:10:41 --> Class 'App\Libraries\Exception' not found
#0 /home/eventodigital/public_html/api_controlAccesos/app/Controllers/RestController.php(185): App\Libraries\vCard->__construct(false, 'FBMi4a0AG5kygGw...')
#1 /home/eventodigital/public_html/api_controlAccesos/system/CodeIgniter.php(832): App\Controllers\RestController->create()
#2 /home/eventodigital/public_html/api_controlAccesos/system/CodeIgniter.php(419): CodeIgniter\CodeIgniter->runController(Object(App\Controllers\RestController))
#3 /home/eventodigital/public_html/api_controlAccesos/system/CodeIgniter.php(326): CodeIgniter\CodeIgniter->handleRequest(NULL, Object(Config\Cache), false)
#4 /home/eventodigital/public_html/api_controlAccesos/public/index.php(37): CodeIgniter\CodeIgniter->run()
#5 {main}
CRITICAL - 2023-11-10 11:10:46 --> Class 'App\Libraries\Exception' not found
#0 /home/eventodigital/public_html/api_controlAccesos/app/Controllers/RestController.php(185): App\Libraries\vCard->__construct(false, 'FBMi4a0AG5kygGw...')
#1 /home/eventodigital/public_html/api_controlAccesos/system/CodeIgniter.php(832): App\Controllers\RestController->create()
#2 /home/eventodigital/public_html/api_controlAccesos/system/CodeIgniter.php(419): CodeIgniter\CodeIgniter->runController(Object(App\Controllers\RestController))
#3 /home/eventodigital/public_html/api_controlAccesos/system/CodeIgniter.php(326): CodeIgniter\CodeIgniter->handleRequest(NULL, Object(Config\Cache), false)
#4 /home/eventodigital/public_html/api_controlAccesos/public/index.php(37): CodeIgniter\CodeIgniter->run()
#5 {main}
CRITICAL - 2023-11-10 11:10:49 --> Class 'App\Libraries\Exception' not found
#0 /home/eventodigital/public_html/api_controlAccesos/app/Controllers/RestController.php(185): App\Libraries\vCard->__construct(false, 'FBMi4a0AG5kygKw...')
#1 /home/eventodigital/public_html/api_controlAccesos/system/CodeIgniter.php(832): App\Controllers\RestController->create()
#2 /home/eventodigital/public_html/api_controlAccesos/system/CodeIgniter.php(419): CodeIgniter\CodeIgniter->runController(Object(App\Controllers\RestController))
#3 /home/eventodigital/public_html/api_controlAccesos/system/CodeIgniter.php(326): CodeIgniter\CodeIgniter->handleRequest(NULL, Object(Config\Cache), false)
#4 /home/eventodigital/public_html/api_controlAccesos/public/index.php(37): CodeIgniter\CodeIgniter->run()
#5 {main}
CRITICAL - 2023-11-10 11:10:51 --> Class 'App\Libraries\Exception' not found
#0 /home/eventodigital/public_html/api_controlAccesos/app/Controllers/RestController.php(185): App\Libraries\vCard->__construct(false, 'FBMi4a0AG5kygPg...')
#1 /home/eventodigital/public_html/api_controlAccesos/system/CodeIgniter.php(832): App\Controllers\RestController->create()
#2 /home/eventodigital/public_html/api_controlAccesos/system/CodeIgniter.php(419): CodeIgniter\CodeIgniter->runController(Object(App\Controllers\RestController))
#3 /home/eventodigital/public_html/api_controlAccesos/system/CodeIgniter.php(326): CodeIgniter\CodeIgniter->handleRequest(NULL, Object(Config\Cache), false)
#4 /home/eventodigital/public_html/api_controlAccesos/public/index.php(37): CodeIgniter\CodeIgniter->run()
#5 {main}
CRITICAL - 2023-11-10 11:10:56 --> Class 'App\Libraries\Exception' not found
#0 /home/eventodigital/public_html/api_controlAccesos/app/Controllers/RestController.php(185): App\Libraries\vCard->__construct(false, 'FBMi4a0AG5kygTw...')
#1 /home/eventodigital/public_html/api_controlAccesos/system/CodeIgniter.php(832): App\Controllers\RestController->create()
#2 /home/eventodigital/public_html/api_controlAccesos/system/CodeIgniter.php(419): CodeIgniter\CodeIgniter->runController(Object(App\Controllers\RestController))
#3 /home/eventodigital/public_html/api_controlAccesos/system/CodeIgniter.php(326): CodeIgniter\CodeIgniter->handleRequest(NULL, Object(Config\Cache), false)
#4 /home/eventodigital/public_html/api_controlAccesos/public/index.php(37): CodeIgniter\CodeIgniter->run()
#5 {main}
CRITICAL - 2023-11-10 11:11:07 --> Class 'App\Libraries\Exception' not found
#0 /home/eventodigital/public_html/api_controlAccesos/app/Controllers/RestController.php(185): App\Libraries\vCard->__construct(false, 'FBMi48SAG4GGQHA...')
#1 /home/eventodigital/public_html/api_controlAccesos/system/CodeIgniter.php(832): App\Controllers\RestController->create()
#2 /home/eventodigital/public_html/api_controlAccesos/system/CodeIgniter.php(419): CodeIgniter\CodeIgniter->runController(Object(App\Controllers\RestController))
#3 /home/eventodigital/public_html/api_controlAccesos/system/CodeIgniter.php(326): CodeIgniter\CodeIgniter->handleRequest(NULL, Object(Config\Cache), false)
#4 /home/eventodigital/public_html/api_controlAccesos/public/index.php(37): CodeIgniter\CodeIgniter->run()
#5 {main}
CRITICAL - 2023-11-10 11:11:40 --> Class 'App\Libraries\Exception' not found
#0 /home/eventodigital/public_html/api_controlAccesos/app/Controllers/RestController.php(185): App\Libraries\vCard->__construct(false, 'FBMi48SAG4GGQLQ...')
#1 /home/eventodigital/public_html/api_controlAccesos/system/CodeIgniter.php(832): App\Controllers\RestController->create()
#2 /home/eventodigital/public_html/api_controlAccesos/system/CodeIgniter.php(419): CodeIgniter\CodeIgniter->runController(Object(App\Controllers\RestController))
#3 /home/eventodigital/public_html/api_controlAccesos/system/CodeIgniter.php(326): CodeIgniter\CodeIgniter->handleRequest(NULL, Object(Config\Cache), false)
#4 /home/eventodigital/public_html/api_controlAccesos/public/index.php(37): CodeIgniter\CodeIgniter->run()
#5 {main}
CRITICAL - 2023-11-10 11:12:22 --> Class 'App\Libraries\Exception' not found
#0 /home/eventodigital/public_html/api_controlAccesos/app/Controllers/RestController.php(185): App\Libraries\vCard->__construct(false, 'FBMi4a0AG65awKg...')
#1 /home/eventodigital/public_html/api_controlAccesos/system/CodeIgniter.php(832): App\Controllers\RestController->create()
#2 /home/eventodigital/public_html/api_controlAccesos/system/CodeIgniter.php(419): CodeIgniter\CodeIgniter->runController(Object(App\Controllers\RestController))
#3 /home/eventodigital/public_html/api_controlAccesos/system/CodeIgniter.php(326): CodeIgniter\CodeIgniter->handleRequest(NULL, Object(Config\Cache), false)
#4 /home/eventodigital/public_html/api_controlAccesos/public/index.php(37): CodeIgniter\CodeIgniter->run()
#5 {main}
CRITICAL - 2023-11-10 11:13:31 --> Class 'App\Libraries\Exception' not found
#0 /home/eventodigital/public_html/api_controlAccesos/app/Controllers/RestController.php(185): App\Libraries\vCard->__construct(false, 'FBMi4a0AG6ePALw...')
#1 /home/eventodigital/public_html/api_controlAccesos/system/CodeIgniter.php(832): App\Controllers\RestController->create()
#2 /home/eventodigital/public_html/api_controlAccesos/system/CodeIgniter.php(419): CodeIgniter\CodeIgniter->runController(Object(App\Controllers\RestController))
#3 /home/eventodigital/public_html/api_controlAccesos/system/CodeIgniter.php(326): CodeIgniter\CodeIgniter->handleRequest(NULL, Object(Config\Cache), false)
#4 /home/eventodigital/public_html/api_controlAccesos/public/index.php(37): CodeIgniter\CodeIgniter->run()
#5 {main}
CRITICAL - 2023-11-10 11:13:34 --> Class 'App\Libraries\Exception' not found
#0 /home/eventodigital/public_html/api_controlAccesos/app/Controllers/RestController.php(185): App\Libraries\vCard->__construct(false, 'FBMi4a0AG6ePAHw...')
#1 /home/eventodigital/public_html/api_controlAccesos/system/CodeIgniter.php(832): App\Controllers\RestController->create()
#2 /home/eventodigital/public_html/api_controlAccesos/system/CodeIgniter.php(419): CodeIgniter\CodeIgniter->runController(Object(App\Controllers\RestController))
#3 /home/eventodigital/public_html/api_controlAccesos/system/CodeIgniter.php(326): CodeIgniter\CodeIgniter->handleRequest(NULL, Object(Config\Cache), false)
#4 /home/eventodigital/public_html/api_controlAccesos/public/index.php(37): CodeIgniter\CodeIgniter->run()
#5 {main}
CRITICAL - 2023-11-10 11:15:32 --> Class 'App\Libraries\Exception' not found
#0 /home/eventodigital/public_html/api_controlAccesos/app/Controllers/RestController.php(185): App\Libraries\vCard->__construct(false, 'FBMi4a0AG7JTAHQ...')
#1 /home/eventodigital/public_html/api_controlAccesos/system/CodeIgniter.php(832): App\Controllers\RestController->create()
#2 /home/eventodigital/public_html/api_controlAccesos/system/CodeIgniter.php(419): CodeIgniter\CodeIgniter->runController(Object(App\Controllers\RestController))
#3 /home/eventodigital/public_html/api_controlAccesos/system/CodeIgniter.php(326): CodeIgniter\CodeIgniter->handleRequest(NULL, Object(Config\Cache), false)
#4 /home/eventodigital/public_html/api_controlAccesos/public/index.php(37): CodeIgniter\CodeIgniter->run()
#5 {main}
CRITICAL - 2023-11-10 11:15:36 --> Class 'App\Libraries\Exception' not found
#0 /home/eventodigital/public_html/api_controlAccesos/app/Controllers/RestController.php(185): App\Libraries\vCard->__construct(false, 'FBMi4a0AG7JTAKg...')
#1 /home/eventodigital/public_html/api_controlAccesos/system/CodeIgniter.php(832): App\Controllers\RestController->create()
#2 /home/eventodigital/public_html/api_controlAccesos/system/CodeIgniter.php(419): CodeIgniter\CodeIgniter->runController(Object(App\Controllers\RestController))
#3 /home/eventodigital/public_html/api_controlAccesos/system/CodeIgniter.php(326): CodeIgniter\CodeIgniter->handleRequest(NULL, Object(Config\Cache), false)
#4 /home/eventodigital/public_html/api_controlAccesos/public/index.php(37): CodeIgniter\CodeIgniter->run()
#5 {main}
CRITICAL - 2023-11-10 11:16:10 --> Class 'App\Libraries\Exception' not found
#0 /home/eventodigital/public_html/api_controlAccesos/app/Controllers/RestController.php(185): App\Libraries\vCard->__construct(false, 'FBMi4a0AG62kwGQ...')
#1 /home/eventodigital/public_html/api_controlAccesos/system/CodeIgniter.php(832): App\Controllers\RestController->create()
#2 /home/eventodigital/public_html/api_controlAccesos/system/CodeIgniter.php(419): CodeIgniter\CodeIgniter->runController(Object(App\Controllers\RestController))
#3 /home/eventodigital/public_html/api_controlAccesos/system/CodeIgniter.php(326): CodeIgniter\CodeIgniter->handleRequest(NULL, Object(Config\Cache), false)
#4 /home/eventodigital/public_html/api_controlAccesos/public/index.php(37): CodeIgniter\CodeIgniter->run()
#5 {main}
CRITICAL - 2023-11-10 11:16:13 --> Class 'App\Libraries\Exception' not found
#0 /home/eventodigital/public_html/api_controlAccesos/app/Controllers/RestController.php(185): App\Libraries\vCard->__construct(false, 'FBMi4a0AG6f0AHA...')
#1 /home/eventodigital/public_html/api_controlAccesos/system/CodeIgniter.php(832): App\Controllers\RestController->create()
#2 /home/eventodigital/public_html/api_controlAccesos/system/CodeIgniter.php(419): CodeIgniter\CodeIgniter->runController(Object(App\Controllers\RestController))
#3 /home/eventodigital/public_html/api_controlAccesos/system/CodeIgniter.php(326): CodeIgniter\CodeIgniter->handleRequest(NULL, Object(Config\Cache), false)
#4 /home/eventodigital/public_html/api_controlAccesos/public/index.php(37): CodeIgniter\CodeIgniter->run()
#5 {main}
CRITICAL - 2023-11-10 11:16:37 --> Class 'App\Libraries\Exception' not found
#0 /home/eventodigital/public_html/api_controlAccesos/app/Controllers/RestController.php(185): App\Libraries\vCard->__construct(false, 'FBMi4a0AG6epAGQ...')
#1 /home/eventodigital/public_html/api_controlAccesos/system/CodeIgniter.php(832): App\Controllers\RestController->create()
#2 /home/eventodigital/public_html/api_controlAccesos/system/CodeIgniter.php(419): CodeIgniter\CodeIgniter->runController(Object(App\Controllers\RestController))
#3 /home/eventodigital/public_html/api_controlAccesos/system/CodeIgniter.php(326): CodeIgniter\CodeIgniter->handleRequest(NULL, Object(Config\Cache), false)
#4 /home/eventodigital/public_html/api_controlAccesos/public/index.php(37): CodeIgniter\CodeIgniter->run()
#5 {main}
CRITICAL - 2023-11-10 11:16:42 --> Class 'App\Libraries\Exception' not found
#0 /home/eventodigital/public_html/api_controlAccesos/app/Controllers/RestController.php(185): App\Libraries\vCard->__construct(false, 'FBMi4a0AG6epAKg...')
#1 /home/eventodigital/public_html/api_controlAccesos/system/CodeIgniter.php(832): App\Controllers\RestController->create()
#2 /home/eventodigital/public_html/api_controlAccesos/system/CodeIgniter.php(419): CodeIgniter\CodeIgniter->runController(Object(App\Controllers\RestController))
#3 /home/eventodigital/public_html/api_controlAccesos/system/CodeIgniter.php(326): CodeIgniter\CodeIgniter->handleRequest(NULL, Object(Config\Cache), false)
#4 /home/eventodigital/public_html/api_controlAccesos/public/index.php(37): CodeIgniter\CodeIgniter->run()
#5 {main}
CRITICAL - 2023-11-10 11:18:21 --> Class 'App\Libraries\Exception' not found
#0 /home/eventodigital/public_html/api_controlAccesos/app/Controllers/RestController.php(185): App\Libraries\vCard->__construct(false, 'FBMi4a0AG6H-AKg...')
#1 /home/eventodigital/public_html/api_controlAccesos/system/CodeIgniter.php(832): App\Controllers\RestController->create()
#2 /home/eventodigital/public_html/api_controlAccesos/system/CodeIgniter.php(419): CodeIgniter\CodeIgniter->runController(Object(App\Controllers\RestController))
#3 /home/eventodigital/public_html/api_controlAccesos/system/CodeIgniter.php(326): CodeIgniter\CodeIgniter->handleRequest(NULL, Object(Config\Cache), false)
#4 /home/eventodigital/public_html/api_controlAccesos/public/index.php(37): CodeIgniter\CodeIgniter->run()
#5 {main}
CRITICAL - 2023-11-10 11:18:23 --> Class 'App\Libraries\Exception' not found
#0 /home/eventodigital/public_html/api_controlAccesos/app/Controllers/RestController.php(185): App\Libraries\vCard->__construct(false, 'FBMi4a0AG6H-AGQ...')
#1 /home/eventodigital/public_html/api_controlAccesos/system/CodeIgniter.php(832): App\Controllers\RestController->create()
#2 /home/eventodigital/public_html/api_controlAccesos/system/CodeIgniter.php(419): CodeIgniter\CodeIgniter->runController(Object(App\Controllers\RestController))
#3 /home/eventodigital/public_html/api_controlAccesos/system/CodeIgniter.php(326): CodeIgniter\CodeIgniter->handleRequest(NULL, Object(Config\Cache), false)
#4 /home/eventodigital/public_html/api_controlAccesos/public/index.php(37): CodeIgniter\CodeIgniter->run()
#5 {main}
CRITICAL - 2023-11-10 11:26:43 --> Class 'App\Libraries\Exception' not found
#0 /home/eventodigital/public_html/api_controlAccesos/app/Controllers/RestController.php(185): App\Libraries\vCard->__construct(false, 'FBMi48SAGBUggOg...')
#1 /home/eventodigital/public_html/api_controlAccesos/system/CodeIgniter.php(832): App\Controllers\RestController->create()
#2 /home/eventodigital/public_html/api_controlAccesos/system/CodeIgniter.php(419): CodeIgniter\CodeIgniter->runController(Object(App\Controllers\RestController))
#3 /home/eventodigital/public_html/api_controlAccesos/system/CodeIgniter.php(326): CodeIgniter\CodeIgniter->handleRequest(NULL, Object(Config\Cache), false)
#4 /home/eventodigital/public_html/api_controlAccesos/public/index.php(37): CodeIgniter\CodeIgniter->run()
#5 {main}
CRITICAL - 2023-11-10 11:37:05 --> Class 'App\Libraries\Exception' not found
#0 /home/eventodigital/public_html/api_controlAccesos/app/Controllers/RestController.php(185): App\Libraries\vCard->__construct(false, 'FBMi4dYAG7NSQHg...')
#1 /home/eventodigital/public_html/api_controlAccesos/system/CodeIgniter.php(832): App\Controllers\RestController->create()
#2 /home/eventodigital/public_html/api_controlAccesos/system/CodeIgniter.php(419): CodeIgniter\CodeIgniter->runController(Object(App\Controllers\RestController))
#3 /home/eventodigital/public_html/api_controlAccesos/system/CodeIgniter.php(326): CodeIgniter\CodeIgniter->handleRequest(NULL, Object(Config\Cache), false)
#4 /home/eventodigital/public_html/api_controlAccesos/public/index.php(37): CodeIgniter\CodeIgniter->run()
#5 {main}
CRITICAL - 2023-11-10 11:37:08 --> Class 'App\Libraries\Exception' not found
#0 /home/eventodigital/public_html/api_controlAccesos/app/Controllers/RestController.php(185): App\Libraries\vCard->__construct(false, 'FBMi4dYAG7NSQKw...')
#1 /home/eventodigital/public_html/api_controlAccesos/system/CodeIgniter.php(832): App\Controllers\RestController->create()
#2 /home/eventodigital/public_html/api_controlAccesos/system/CodeIgniter.php(419): CodeIgniter\CodeIgniter->runController(Object(App\Controllers\RestController))
#3 /home/eventodigital/public_html/api_controlAccesos/system/CodeIgniter.php(326): CodeIgniter\CodeIgniter->handleRequest(NULL, Object(Config\Cache), false)
#4 /home/eventodigital/public_html/api_controlAccesos/public/index.php(37): CodeIgniter\CodeIgniter->run()
#5 {main}
CRITICAL - 2023-11-10 11:51:10 --> Class 'App\Libraries\Exception' not found
#0 /home/eventodigital/public_html/api_controlAccesos/app/Controllers/RestController.php(185): App\Libraries\vCard->__construct(false, 'FBMi4a0AG7I6AGg...')
#1 /home/eventodigital/public_html/api_controlAccesos/system/CodeIgniter.php(832): App\Controllers\RestController->create()
#2 /home/eventodigital/public_html/api_controlAccesos/system/CodeIgniter.php(419): CodeIgniter\CodeIgniter->runController(Object(App\Controllers\RestController))
#3 /home/eventodigital/public_html/api_controlAccesos/system/CodeIgniter.php(326): CodeIgniter\CodeIgniter->handleRequest(NULL, Object(Config\Cache), false)
#4 /home/eventodigital/public_html/api_controlAccesos/public/index.php(37): CodeIgniter\CodeIgniter->run()
#5 {main}
CRITICAL - 2023-11-10 11:51:19 --> Class 'App\Libraries\Exception' not found
#0 /home/eventodigital/public_html/api_controlAccesos/app/Controllers/RestController.php(185): App\Libraries\vCard->__construct(false, 'FBMi4a0AG7JpAHQ...')
#1 /home/eventodigital/public_html/api_controlAccesos/system/CodeIgniter.php(832): App\Controllers\RestController->create()
#2 /home/eventodigital/public_html/api_controlAccesos/system/CodeIgniter.php(419): CodeIgniter\CodeIgniter->runController(Object(App\Controllers\RestController))
#3 /home/eventodigital/public_html/api_controlAccesos/system/CodeIgniter.php(326): CodeIgniter\CodeIgniter->handleRequest(NULL, Object(Config\Cache), false)
#4 /home/eventodigital/public_html/api_controlAccesos/public/index.php(37): CodeIgniter\CodeIgniter->run()
#5 {main}
CRITICAL - 2023-11-10 11:51:26 --> Class 'App\Libraries\Exception' not found
#0 /home/eventodigital/public_html/api_controlAccesos/app/Controllers/RestController.php(185): App\Libraries\vCard->__construct(false, 'FBMi4dYAG7NRAGg...')
#1 /home/eventodigital/public_html/api_controlAccesos/system/CodeIgniter.php(832): App\Controllers\RestController->create()
#2 /home/eventodigital/public_html/api_controlAccesos/system/CodeIgniter.php(419): CodeIgniter\CodeIgniter->runController(Object(App\Controllers\RestController))
#3 /home/eventodigital/public_html/api_controlAccesos/system/CodeIgniter.php(326): CodeIgniter\CodeIgniter->handleRequest(NULL, Object(Config\Cache), false)
#4 /home/eventodigital/public_html/api_controlAccesos/public/index.php(37): CodeIgniter\CodeIgniter->run()
#5 {main}
CRITICAL - 2023-11-10 11:51:36 --> Class 'App\Libraries\Exception' not found
#0 /home/eventodigital/public_html/api_controlAccesos/app/Controllers/RestController.php(185): App\Libraries\vCard->__construct(false, 'FBMi4a0AG7JogGQ...')
#1 /home/eventodigital/public_html/api_controlAccesos/system/CodeIgniter.php(832): App\Controllers\RestController->create()
#2 /home/eventodigital/public_html/api_controlAccesos/system/CodeIgniter.php(419): CodeIgniter\CodeIgniter->runController(Object(App\Controllers\RestController))
#3 /home/eventodigital/public_html/api_controlAccesos/system/CodeIgniter.php(326): CodeIgniter\CodeIgniter->handleRequest(NULL, Object(Config\Cache), false)
#4 /home/eventodigital/public_html/api_controlAccesos/public/index.php(37): CodeIgniter\CodeIgniter->run()
#5 {main}
CRITICAL - 2023-11-10 11:52:09 --> Class 'App\Libraries\Exception' not found
#0 /home/eventodigital/public_html/api_controlAccesos/app/Controllers/RestController.php(185): App\Libraries\vCard->__construct(false, 'FBMi4a0AG7HIQHg...')
#1 /home/eventodigital/public_html/api_controlAccesos/system/CodeIgniter.php(832): App\Controllers\RestController->create()
#2 /home/eventodigital/public_html/api_controlAccesos/system/CodeIgniter.php(419): CodeIgniter\CodeIgniter->runController(Object(App\Controllers\RestController))
#3 /home/eventodigital/public_html/api_controlAccesos/system/CodeIgniter.php(326): CodeIgniter\CodeIgniter->handleRequest(NULL, Object(Config\Cache), false)
#4 /home/eventodigital/public_html/api_controlAccesos/public/index.php(37): CodeIgniter\CodeIgniter->run()
#5 {main}
CRITICAL - 2023-11-10 11:56:06 --> Class 'App\Libraries\Exception' not found
#0 /home/eventodigital/public_html/api_controlAccesos/app/Controllers/RestController.php(185): App\Libraries\vCard->__construct(false, 'FBMi4a0AG5kkAGQ...')
#1 /home/eventodigital/public_html/api_controlAccesos/system/CodeIgniter.php(832): App\Controllers\RestController->create()
#2 /home/eventodigital/public_html/api_controlAccesos/system/CodeIgniter.php(419): CodeIgniter\CodeIgniter->runController(Object(App\Controllers\RestController))
#3 /home/eventodigital/public_html/api_controlAccesos/system/CodeIgniter.php(326): CodeIgniter\CodeIgniter->handleRequest(NULL, Object(Config\Cache), false)
#4 /home/eventodigital/public_html/api_controlAccesos/public/index.php(37): CodeIgniter\CodeIgniter->run()
#5 {main}
CRITICAL - 2023-11-10 11:56:12 --> Class 'App\Libraries\Exception' not found
#0 /home/eventodigital/public_html/api_controlAccesos/app/Controllers/RestController.php(185): App\Libraries\vCard->__construct(false, 'FBMi4a0AG5kkALQ...')
#1 /home/eventodigital/public_html/api_controlAccesos/system/CodeIgniter.php(832): App\Controllers\RestController->create()
#2 /home/eventodigital/public_html/api_controlAccesos/system/CodeIgniter.php(419): CodeIgniter\CodeIgniter->runController(Object(App\Controllers\RestController))
#3 /home/eventodigital/public_html/api_controlAccesos/system/CodeIgniter.php(326): CodeIgniter\CodeIgniter->handleRequest(NULL, Object(Config\Cache), false)
#4 /home/eventodigital/public_html/api_controlAccesos/public/index.php(37): CodeIgniter\CodeIgniter->run()
#5 {main}
CRITICAL - 2023-11-10 11:56:15 --> Class 'App\Libraries\Exception' not found
#0 /home/eventodigital/public_html/api_controlAccesos/app/Controllers/RestController.php(185): App\Libraries\vCard->__construct(false, 'FBMi4a0AG5kkAOQ...')
#1 /home/eventodigital/public_html/api_controlAccesos/system/CodeIgniter.php(832): App\Controllers\RestController->create()
#2 /home/eventodigital/public_html/api_controlAccesos/system/CodeIgniter.php(419): CodeIgniter\CodeIgniter->runController(Object(App\Controllers\RestController))
#3 /home/eventodigital/public_html/api_controlAccesos/system/CodeIgniter.php(326): CodeIgniter\CodeIgniter->handleRequest(NULL, Object(Config\Cache), false)
#4 /home/eventodigital/public_html/api_controlAccesos/public/index.php(37): CodeIgniter\CodeIgniter->run()
#5 {main}
CRITICAL - 2023-11-10 11:56:41 --> Class 'App\Libraries\Exception' not found
#0 /home/eventodigital/public_html/api_controlAccesos/app/Controllers/RestController.php(185): App\Libraries\vCard->__construct(false, 'FBMi4a0AG6uOwHA...')
#1 /home/eventodigital/public_html/api_controlAccesos/system/CodeIgniter.php(832): App\Controllers\RestController->create()
#2 /home/eventodigital/public_html/api_controlAccesos/system/CodeIgniter.php(419): CodeIgniter\CodeIgniter->runController(Object(App\Controllers\RestController))
#3 /home/eventodigital/public_html/api_controlAccesos/system/CodeIgniter.php(326): CodeIgniter\CodeIgniter->handleRequest(NULL, Object(Config\Cache), false)
#4 /home/eventodigital/public_html/api_controlAccesos/public/index.php(37): CodeIgniter\CodeIgniter->run()
#5 {main}
CRITICAL - 2023-11-10 11:56:58 --> Class 'App\Libraries\Exception' not found
#0 /home/eventodigital/public_html/api_controlAccesos/app/Controllers/RestController.php(185): App\Libraries\vCard->__construct(false, 'FBMi4a0AG6uOwLw...')
#1 /home/eventodigital/public_html/api_controlAccesos/system/CodeIgniter.php(832): App\Controllers\RestController->create()
#2 /home/eventodigital/public_html/api_controlAccesos/system/CodeIgniter.php(419): CodeIgniter\CodeIgniter->runController(Object(App\Controllers\RestController))
#3 /home/eventodigital/public_html/api_controlAccesos/system/CodeIgniter.php(326): CodeIgniter\CodeIgniter->handleRequest(NULL, Object(Config\Cache), false)
#4 /home/eventodigital/public_html/api_controlAccesos/public/index.php(37): CodeIgniter\CodeIgniter->run()
#5 {main}
CRITICAL - 2023-11-10 11:59:30 --> Class 'App\Libraries\Exception' not found
#0 /home/eventodigital/public_html/api_controlAccesos/app/Controllers/RestController.php(185): App\Libraries\vCard->__construct(false, 'FBMi4a0AG6q_gSw...')
#1 /home/eventodigital/public_html/api_controlAccesos/system/CodeIgniter.php(832): App\Controllers\RestController->create()
#2 /home/eventodigital/public_html/api_controlAccesos/system/CodeIgniter.php(419): CodeIgniter\CodeIgniter->runController(Object(App\Controllers\RestController))
#3 /home/eventodigital/public_html/api_controlAccesos/system/CodeIgniter.php(326): CodeIgniter\CodeIgniter->handleRequest(NULL, Object(Config\Cache), false)
#4 /home/eventodigital/public_html/api_controlAccesos/public/index.php(37): CodeIgniter\CodeIgniter->run()
#5 {main}
CRITICAL - 2023-11-10 11:59:35 --> Class 'App\Libraries\Exception' not found
#0 /home/eventodigital/public_html/api_controlAccesos/app/Controllers/RestController.php(185): App\Libraries\vCard->__construct(false, 'FBMi4a0AG6q_gPg...')
#1 /home/eventodigital/public_html/api_controlAccesos/system/CodeIgniter.php(832): App\Controllers\RestController->create()
#2 /home/eventodigital/public_html/api_controlAccesos/system/CodeIgniter.php(419): CodeIgniter\CodeIgniter->runController(Object(App\Controllers\RestController))
#3 /home/eventodigital/public_html/api_controlAccesos/system/CodeIgniter.php(326): CodeIgniter\CodeIgniter->handleRequest(NULL, Object(Config\Cache), false)
#4 /home/eventodigital/public_html/api_controlAccesos/public/index.php(37): CodeIgniter\CodeIgniter->run()
#5 {main}
CRITICAL - 2023-11-10 12:03:07 --> Class 'App\Libraries\Exception' not found
#0 /home/eventodigital/public_html/api_controlAccesos/app/Controllers/RestController.php(185): App\Libraries\vCard->__construct(false, 'FBMi4a0AG68CwGQ...')
#1 /home/eventodigital/public_html/api_controlAccesos/system/CodeIgniter.php(832): App\Controllers\RestController->create()
#2 /home/eventodigital/public_html/api_controlAccesos/system/CodeIgniter.php(419): CodeIgniter\CodeIgniter->runController(Object(App\Controllers\RestController))
#3 /home/eventodigital/public_html/api_controlAccesos/system/CodeIgniter.php(326): CodeIgniter\CodeIgniter->handleRequest(NULL, Object(Config\Cache), false)
#4 /home/eventodigital/public_html/api_controlAccesos/public/index.php(37): CodeIgniter\CodeIgniter->run()
#5 {main}
CRITICAL - 2023-11-10 12:04:47 --> Class 'App\Libraries\Exception' not found
#0 /home/eventodigital/public_html/api_controlAccesos/app/Controllers/RestController.php(185): App\Libraries\vCard->__construct(false, 'FBMi4a0AG7DPQHg...')
#1 /home/eventodigital/public_html/api_controlAccesos/system/CodeIgniter.php(832): App\Controllers\RestController->create()
#2 /home/eventodigital/public_html/api_controlAccesos/system/CodeIgniter.php(419): CodeIgniter\CodeIgniter->runController(Object(App\Controllers\RestController))
#3 /home/eventodigital/public_html/api_controlAccesos/system/CodeIgniter.php(326): CodeIgniter\CodeIgniter->handleRequest(NULL, Object(Config\Cache), false)
#4 /home/eventodigital/public_html/api_controlAccesos/public/index.php(37): CodeIgniter\CodeIgniter->run()
#5 {main}
CRITICAL - 2023-11-10 12:05:00 --> Class 'App\Libraries\Exception' not found
#0 /home/eventodigital/public_html/api_controlAccesos/app/Controllers/RestController.php(185): App\Libraries\vCard->__construct(false, 'FBMi4a0AG7DPQLA...')
#1 /home/eventodigital/public_html/api_controlAccesos/system/CodeIgniter.php(832): App\Controllers\RestController->create()
#2 /home/eventodigital/public_html/api_controlAccesos/system/CodeIgniter.php(419): CodeIgniter\CodeIgniter->runController(Object(App\Controllers\RestController))
#3 /home/eventodigital/public_html/api_controlAccesos/system/CodeIgniter.php(326): CodeIgniter\CodeIgniter->handleRequest(NULL, Object(Config\Cache), false)
#4 /home/eventodigital/public_html/api_controlAccesos/public/index.php(37): CodeIgniter\CodeIgniter->run()
#5 {main}
CRITICAL - 2023-11-10 12:05:02 --> Class 'App\Libraries\Exception' not found
#0 /home/eventodigital/public_html/api_controlAccesos/app/Controllers/RestController.php(185): App\Libraries\vCard->__construct(false, 'FBMi4a0AG7DPQLA...')
#1 /home/eventodigital/public_html/api_controlAccesos/system/CodeIgniter.php(832): App\Controllers\RestController->create()
#2 /home/eventodigital/public_html/api_controlAccesos/system/CodeIgniter.php(419): CodeIgniter\CodeIgniter->runController(Object(App\Controllers\RestController))
#3 /home/eventodigital/public_html/api_controlAccesos/system/CodeIgniter.php(326): CodeIgniter\CodeIgniter->handleRequest(NULL, Object(Config\Cache), false)
#4 /home/eventodigital/public_html/api_controlAccesos/public/index.php(37): CodeIgniter\CodeIgniter->run()
#5 {main}
CRITICAL - 2023-11-10 12:06:17 --> Class 'App\Libraries\Exception' not found
#0 /home/eventodigital/public_html/api_controlAccesos/app/Controllers/RestController.php(185): App\Libraries\vCard->__construct(false, 'FBMi4a0AG7A5QHw...')
#1 /home/eventodigital/public_html/api_controlAccesos/system/CodeIgniter.php(832): App\Controllers\RestController->create()
#2 /home/eventodigital/public_html/api_controlAccesos/system/CodeIgniter.php(419): CodeIgniter\CodeIgniter->runController(Object(App\Controllers\RestController))
#3 /home/eventodigital/public_html/api_controlAccesos/system/CodeIgniter.php(326): CodeIgniter\CodeIgniter->handleRequest(NULL, Object(Config\Cache), false)
#4 /home/eventodigital/public_html/api_controlAccesos/public/index.php(37): CodeIgniter\CodeIgniter->run()
#5 {main}
CRITICAL - 2023-11-10 12:07:16 --> Class 'App\Libraries\Exception' not found
#0 /home/eventodigital/public_html/api_controlAccesos/app/Controllers/RestController.php(185): App\Libraries\vCard->__construct(false, 'FBMi4a0AG67sgGw...')
#1 /home/eventodigital/public_html/api_controlAccesos/system/CodeIgniter.php(832): App\Controllers\RestController->create()
#2 /home/eventodigital/public_html/api_controlAccesos/system/CodeIgniter.php(419): CodeIgniter\CodeIgniter->runController(Object(App\Controllers\RestController))
#3 /home/eventodigital/public_html/api_controlAccesos/system/CodeIgniter.php(326): CodeIgniter\CodeIgniter->handleRequest(NULL, Object(Config\Cache), false)
#4 /home/eventodigital/public_html/api_controlAccesos/public/index.php(37): CodeIgniter\CodeIgniter->run()
#5 {main}
CRITICAL - 2023-11-10 12:07:51 --> Class 'App\Libraries\Exception' not found
#0 /home/eventodigital/public_html/api_controlAccesos/app/Controllers/RestController.php(185): App\Libraries\vCard->__construct(false, 'FBMi4a0AG68CwGQ...')
#1 /home/eventodigital/public_html/api_controlAccesos/system/CodeIgniter.php(832): App\Controllers\RestController->create()
#2 /home/eventodigital/public_html/api_controlAccesos/system/CodeIgniter.php(419): CodeIgniter\CodeIgniter->runController(Object(App\Controllers\RestController))
#3 /home/eventodigital/public_html/api_controlAccesos/system/CodeIgniter.php(326): CodeIgniter\CodeIgniter->handleRequest(NULL, Object(Config\Cache), false)
#4 /home/eventodigital/public_html/api_controlAccesos/public/index.php(37): CodeIgniter\CodeIgniter->run()
#5 {main}
CRITICAL - 2023-11-10 12:07:55 --> Class 'App\Libraries\Exception' not found
#0 /home/eventodigital/public_html/api_controlAccesos/app/Controllers/RestController.php(185): App\Libraries\vCard->__construct(false, 'FBMi4a0AG68CwGQ...')
#1 /home/eventodigital/public_html/api_controlAccesos/system/CodeIgniter.php(832): App\Controllers\RestController->create()
#2 /home/eventodigital/public_html/api_controlAccesos/system/CodeIgniter.php(419): CodeIgniter\CodeIgniter->runController(Object(App\Controllers\RestController))
#3 /home/eventodigital/public_html/api_controlAccesos/system/CodeIgniter.php(326): CodeIgniter\CodeIgniter->handleRequest(NULL, Object(Config\Cache), false)
#4 /home/eventodigital/public_html/api_controlAccesos/public/index.php(37): CodeIgniter\CodeIgniter->run()
#5 {main}
CRITICAL - 2023-11-10 12:08:07 --> Class 'App\Libraries\Exception' not found
#0 /home/eventodigital/public_html/api_controlAccesos/app/Controllers/RestController.php(185): App\Libraries\vCard->__construct(false, 'FBMi4a0AG68CwGQ...')
#1 /home/eventodigital/public_html/api_controlAccesos/system/CodeIgniter.php(832): App\Controllers\RestController->create()
#2 /home/eventodigital/public_html/api_controlAccesos/system/CodeIgniter.php(419): CodeIgniter\CodeIgniter->runController(Object(App\Controllers\RestController))
#3 /home/eventodigital/public_html/api_controlAccesos/system/CodeIgniter.php(326): CodeIgniter\CodeIgniter->handleRequest(NULL, Object(Config\Cache), false)
#4 /home/eventodigital/public_html/api_controlAccesos/public/index.php(37): CodeIgniter\CodeIgniter->run()
#5 {main}
CRITICAL - 2023-11-10 12:09:15 --> Class 'App\Libraries\Exception' not found
#0 /home/eventodigital/public_html/api_controlAccesos/app/Controllers/RestController.php(185): App\Libraries\vCard->__construct(false, 'FBMi4a0AG6n6wTg...')
#1 /home/eventodigital/public_html/api_controlAccesos/system/CodeIgniter.php(832): App\Controllers\RestController->create()
#2 /home/eventodigital/public_html/api_controlAccesos/system/CodeIgniter.php(419): CodeIgniter\CodeIgniter->runController(Object(App\Controllers\RestController))
#3 /home/eventodigital/public_html/api_controlAccesos/system/CodeIgniter.php(326): CodeIgniter\CodeIgniter->handleRequest(NULL, Object(Config\Cache), false)
#4 /home/eventodigital/public_html/api_controlAccesos/public/index.php(37): CodeIgniter\CodeIgniter->run()
#5 {main}
CRITICAL - 2023-11-10 12:12:28 --> Class 'App\Libraries\Exception' not found
#0 /home/eventodigital/public_html/api_controlAccesos/app/Controllers/RestController.php(185): App\Libraries\vCard->__construct(false, 'FBMi4a0AG6opQLg...')
#1 /home/eventodigital/public_html/api_controlAccesos/system/CodeIgniter.php(832): App\Controllers\RestController->create()
#2 /home/eventodigital/public_html/api_controlAccesos/system/CodeIgniter.php(419): CodeIgniter\CodeIgniter->runController(Object(App\Controllers\RestController))
#3 /home/eventodigital/public_html/api_controlAccesos/system/CodeIgniter.php(326): CodeIgniter\CodeIgniter->handleRequest(NULL, Object(Config\Cache), false)
#4 /home/eventodigital/public_html/api_controlAccesos/public/index.php(37): CodeIgniter\CodeIgniter->run()
#5 {main}
CRITICAL - 2023-11-10 12:14:59 --> Class 'App\Libraries\Exception' not found
#0 /home/eventodigital/public_html/api_controlAccesos/app/Controllers/RestController.php(185): App\Libraries\vCard->__construct(false, 'FBMi4a0AG57OQKw...')
#1 /home/eventodigital/public_html/api_controlAccesos/system/CodeIgniter.php(832): App\Controllers\RestController->create()
#2 /home/eventodigital/public_html/api_controlAccesos/system/CodeIgniter.php(419): CodeIgniter\CodeIgniter->runController(Object(App\Controllers\RestController))
#3 /home/eventodigital/public_html/api_controlAccesos/system/CodeIgniter.php(326): CodeIgniter\CodeIgniter->handleRequest(NULL, Object(Config\Cache), false)
#4 /home/eventodigital/public_html/api_controlAccesos/public/index.php(37): CodeIgniter\CodeIgniter->run()
#5 {main}
CRITICAL - 2023-11-10 12:17:23 --> Class 'App\Libraries\Exception' not found
#0 /home/eventodigital/public_html/api_controlAccesos/app/Controllers/RestController.php(185): App\Libraries\vCard->__construct(false, 'FBMi4a0AG6srwGw...')
#1 /home/eventodigital/public_html/api_controlAccesos/system/CodeIgniter.php(832): App\Controllers\RestController->create()
#2 /home/eventodigital/public_html/api_controlAccesos/system/CodeIgniter.php(419): CodeIgniter\CodeIgniter->runController(Object(App\Controllers\RestController))
#3 /home/eventodigital/public_html/api_controlAccesos/system/CodeIgniter.php(326): CodeIgniter\CodeIgniter->handleRequest(NULL, Object(Config\Cache), false)
#4 /home/eventodigital/public_html/api_controlAccesos/public/index.php(37): CodeIgniter\CodeIgniter->run()
#5 {main}
CRITICAL - 2023-11-10 12:17:31 --> Class 'App\Libraries\Exception' not found
#0 /home/eventodigital/public_html/api_controlAccesos/app/Controllers/RestController.php(185): App\Libraries\vCard->__construct(false, 'FBMi4a0AG6cUwHg...')
#1 /home/eventodigital/public_html/api_controlAccesos/system/CodeIgniter.php(832): App\Controllers\RestController->create()
#2 /home/eventodigital/public_html/api_controlAccesos/system/CodeIgniter.php(419): CodeIgniter\CodeIgniter->runController(Object(App\Controllers\RestController))
#3 /home/eventodigital/public_html/api_controlAccesos/system/CodeIgniter.php(326): CodeIgniter\CodeIgniter->handleRequest(NULL, Object(Config\Cache), false)
#4 /home/eventodigital/public_html/api_controlAccesos/public/index.php(37): CodeIgniter\CodeIgniter->run()
#5 {main}
CRITICAL - 2023-11-10 12:18:07 --> Class 'App\Libraries\Exception' not found
#0 /home/eventodigital/public_html/api_controlAccesos/app/Controllers/RestController.php(185): App\Libraries\vCard->__construct(false, 'FBMi4a0AG7AfwHQ...')
#1 /home/eventodigital/public_html/api_controlAccesos/system/CodeIgniter.php(832): App\Controllers\RestController->create()
#2 /home/eventodigital/public_html/api_controlAccesos/system/CodeIgniter.php(419): CodeIgniter\CodeIgniter->runController(Object(App\Controllers\RestController))
#3 /home/eventodigital/public_html/api_controlAccesos/system/CodeIgniter.php(326): CodeIgniter\CodeIgniter->handleRequest(NULL, Object(Config\Cache), false)
#4 /home/eventodigital/public_html/api_controlAccesos/public/index.php(37): CodeIgniter\CodeIgniter->run()
#5 {main}
CRITICAL - 2023-11-10 12:18:11 --> Class 'App\Libraries\Exception' not found
#0 /home/eventodigital/public_html/api_controlAccesos/app/Controllers/RestController.php(185): App\Libraries\vCard->__construct(false, 'FBMi4a0AG7AfwLg...')
#1 /home/eventodigital/public_html/api_controlAccesos/system/CodeIgniter.php(832): App\Controllers\RestController->create()
#2 /home/eventodigital/public_html/api_controlAccesos/system/CodeIgniter.php(419): CodeIgniter\CodeIgniter->runController(Object(App\Controllers\RestController))
#3 /home/eventodigital/public_html/api_controlAccesos/system/CodeIgniter.php(326): CodeIgniter\CodeIgniter->handleRequest(NULL, Object(Config\Cache), false)
#4 /home/eventodigital/public_html/api_controlAccesos/public/index.php(37): CodeIgniter\CodeIgniter->run()
#5 {main}
CRITICAL - 2023-11-10 12:18:43 --> Class 'App\Libraries\Exception' not found
#0 /home/eventodigital/public_html/api_controlAccesos/app/Controllers/RestController.php(185): App\Libraries\vCard->__construct(false, 'FBMi4a0AG6-YwGg...')
#1 /home/eventodigital/public_html/api_controlAccesos/system/CodeIgniter.php(832): App\Controllers\RestController->create()
#2 /home/eventodigital/public_html/api_controlAccesos/system/CodeIgniter.php(419): CodeIgniter\CodeIgniter->runController(Object(App\Controllers\RestController))
#3 /home/eventodigital/public_html/api_controlAccesos/system/CodeIgniter.php(326): CodeIgniter\CodeIgniter->handleRequest(NULL, Object(Config\Cache), false)
#4 /home/eventodigital/public_html/api_controlAccesos/public/index.php(37): CodeIgniter\CodeIgniter->run()
#5 {main}
CRITICAL - 2023-11-10 12:18:53 --> Class 'App\Libraries\Exception' not found
#0 /home/eventodigital/public_html/api_controlAccesos/app/Controllers/RestController.php(185): App\Libraries\vCard->__construct(false, 'FBMi4a0AG7NGwHg...')
#1 /home/eventodigital/public_html/api_controlAccesos/system/CodeIgniter.php(832): App\Controllers\RestController->create()
#2 /home/eventodigital/public_html/api_controlAccesos/system/CodeIgniter.php(419): CodeIgniter\CodeIgniter->runController(Object(App\Controllers\RestController))
#3 /home/eventodigital/public_html/api_controlAccesos/system/CodeIgniter.php(326): CodeIgniter\CodeIgniter->handleRequest(NULL, Object(Config\Cache), false)
#4 /home/eventodigital/public_html/api_controlAccesos/public/index.php(37): CodeIgniter\CodeIgniter->run()
#5 {main}
CRITICAL - 2023-11-10 12:28:15 --> Class 'App\Libraries\Exception' not found
#0 /home/eventodigital/public_html/api_controlAccesos/app/Controllers/RestController.php(185): App\Libraries\vCard->__construct(false, 'FBMi4g0AGyydQHg...')
#1 /home/eventodigital/public_html/api_controlAccesos/system/CodeIgniter.php(832): App\Controllers\RestController->create()
#2 /home/eventodigital/public_html/api_controlAccesos/system/CodeIgniter.php(419): CodeIgniter\CodeIgniter->runController(Object(App\Controllers\RestController))
#3 /home/eventodigital/public_html/api_controlAccesos/system/CodeIgniter.php(326): CodeIgniter\CodeIgniter->handleRequest(NULL, Object(Config\Cache), false)
#4 /home/eventodigital/public_html/api_controlAccesos/public/index.php(37): CodeIgniter\CodeIgniter->run()
#5 {main}
CRITICAL - 2023-11-10 12:29:18 --> Class 'App\Libraries\Exception' not found
#0 /home/eventodigital/public_html/api_controlAccesos/app/Controllers/RestController.php(185): App\Libraries\vCard->__construct(false, 'FBMi4a0AG7EBAHA...')
#1 /home/eventodigital/public_html/api_controlAccesos/system/CodeIgniter.php(832): App\Controllers\RestController->create()
#2 /home/eventodigital/public_html/api_controlAccesos/system/CodeIgniter.php(419): CodeIgniter\CodeIgniter->runController(Object(App\Controllers\RestController))
#3 /home/eventodigital/public_html/api_controlAccesos/system/CodeIgniter.php(326): CodeIgniter\CodeIgniter->handleRequest(NULL, Object(Config\Cache), false)
#4 /home/eventodigital/public_html/api_controlAccesos/public/index.php(37): CodeIgniter\CodeIgniter->run()
#5 {main}
CRITICAL - 2023-11-10 12:29:34 --> Class 'App\Libraries\Exception' not found
#0 /home/eventodigital/public_html/api_controlAccesos/app/Controllers/RestController.php(185): App\Libraries\vCard->__construct(false, 'FBMi4a0AG7EFQGw...')
#1 /home/eventodigital/public_html/api_controlAccesos/system/CodeIgniter.php(832): App\Controllers\RestController->create()
#2 /home/eventodigital/public_html/api_controlAccesos/system/CodeIgniter.php(419): CodeIgniter\CodeIgniter->runController(Object(App\Controllers\RestController))
#3 /home/eventodigital/public_html/api_controlAccesos/system/CodeIgniter.php(326): CodeIgniter\CodeIgniter->handleRequest(NULL, Object(Config\Cache), false)
#4 /home/eventodigital/public_html/api_controlAccesos/public/index.php(37): CodeIgniter\CodeIgniter->run()
#5 {main}
CRITICAL - 2023-11-10 12:29:55 --> Class 'App\Libraries\Exception' not found
#0 /home/eventodigital/public_html/api_controlAccesos/app/Controllers/RestController.php(185): App\Libraries\vCard->__construct(false, 'FBMi4a0AG7EJAHA...')
#1 /home/eventodigital/public_html/api_controlAccesos/system/CodeIgniter.php(832): App\Controllers\RestController->create()
#2 /home/eventodigital/public_html/api_controlAccesos/system/CodeIgniter.php(419): CodeIgniter\CodeIgniter->runController(Object(App\Controllers\RestController))
#3 /home/eventodigital/public_html/api_controlAccesos/system/CodeIgniter.php(326): CodeIgniter\CodeIgniter->handleRequest(NULL, Object(Config\Cache), false)
#4 /home/eventodigital/public_html/api_controlAccesos/public/index.php(37): CodeIgniter\CodeIgniter->run()
#5 {main}
CRITICAL - 2023-11-10 12:30:15 --> Class 'App\Libraries\Exception' not found
#0 /home/eventodigital/public_html/api_controlAccesos/app/Controllers/RestController.php(185): App\Libraries\vCard->__construct(false, 'R04bb203d528b7a...')
#1 /home/eventodigital/public_html/api_controlAccesos/system/CodeIgniter.php(832): App\Controllers\RestController->create()
#2 /home/eventodigital/public_html/api_controlAccesos/system/CodeIgniter.php(419): CodeIgniter\CodeIgniter->runController(Object(App\Controllers\RestController))
#3 /home/eventodigital/public_html/api_controlAccesos/system/CodeIgniter.php(326): CodeIgniter\CodeIgniter->handleRequest(NULL, Object(Config\Cache), false)
#4 /home/eventodigital/public_html/api_controlAccesos/public/index.php(37): CodeIgniter\CodeIgniter->run()
#5 {main}
CRITICAL - 2023-11-10 12:33:30 --> Class 'App\Libraries\Exception' not found
#0 /home/eventodigital/public_html/api_controlAccesos/app/Controllers/RestController.php(185): App\Libraries\vCard->__construct(false, 'FBMi4a0AG6T3AKw...')
#1 /home/eventodigital/public_html/api_controlAccesos/system/CodeIgniter.php(832): App\Controllers\RestController->create()
#2 /home/eventodigital/public_html/api_controlAccesos/system/CodeIgniter.php(419): CodeIgniter\CodeIgniter->runController(Object(App\Controllers\RestController))
#3 /home/eventodigital/public_html/api_controlAccesos/system/CodeIgniter.php(326): CodeIgniter\CodeIgniter->handleRequest(NULL, Object(Config\Cache), false)
#4 /home/eventodigital/public_html/api_controlAccesos/public/index.php(37): CodeIgniter\CodeIgniter->run()
#5 {main}
CRITICAL - 2023-11-10 12:35:57 --> Class 'App\Libraries\Exception' not found
#0 /home/eventodigital/public_html/api_controlAccesos/app/Controllers/RestController.php(185): App\Libraries\vCard->__construct(false, 'FBMi4a0AG52YwGw...')
#1 /home/eventodigital/public_html/api_controlAccesos/system/CodeIgniter.php(832): App\Controllers\RestController->create()
#2 /home/eventodigital/public_html/api_controlAccesos/system/CodeIgniter.php(419): CodeIgniter\CodeIgniter->runController(Object(App\Controllers\RestController))
#3 /home/eventodigital/public_html/api_controlAccesos/system/CodeIgniter.php(326): CodeIgniter\CodeIgniter->handleRequest(NULL, Object(Config\Cache), false)
#4 /home/eventodigital/public_html/api_controlAccesos/public/index.php(37): CodeIgniter\CodeIgniter->run()
#5 {main}
CRITICAL - 2023-11-10 12:44:18 --> Class 'App\Libraries\Exception' not found
#0 /home/eventodigital/public_html/api_controlAccesos/app/Controllers/RestController.php(185): App\Libraries\vCard->__construct(false, 'FBMi4dYAG7RBAHw...')
#1 /home/eventodigital/public_html/api_controlAccesos/system/CodeIgniter.php(832): App\Controllers\RestController->create()
#2 /home/eventodigital/public_html/api_controlAccesos/system/CodeIgniter.php(419): CodeIgniter\CodeIgniter->runController(Object(App\Controllers\RestController))
#3 /home/eventodigital/public_html/api_controlAccesos/system/CodeIgniter.php(326): CodeIgniter\CodeIgniter->handleRequest(NULL, Object(Config\Cache), false)
#4 /home/eventodigital/public_html/api_controlAccesos/public/index.php(37): CodeIgniter\CodeIgniter->run()
#5 {main}
CRITICAL - 2023-11-10 12:58:47 --> Class 'App\Libraries\Exception' not found
#0 /home/eventodigital/public_html/api_controlAccesos/app/Controllers/RestController.php(185): App\Libraries\vCard->__construct(false, 'FBMi4dYAG7PsAHg...')
#1 /home/eventodigital/public_html/api_controlAccesos/system/CodeIgniter.php(832): App\Controllers\RestController->create()
#2 /home/eventodigital/public_html/api_controlAccesos/system/CodeIgniter.php(419): CodeIgniter\CodeIgniter->runController(Object(App\Controllers\RestController))
#3 /home/eventodigital/public_html/api_controlAccesos/system/CodeIgniter.php(326): CodeIgniter\CodeIgniter->handleRequest(NULL, Object(Config\Cache), false)
#4 /home/eventodigital/public_html/api_controlAccesos/public/index.php(37): CodeIgniter\CodeIgniter->run()
#5 {main}
CRITICAL - 2023-11-10 12:58:51 --> Class 'App\Libraries\Exception' not found
#0 /home/eventodigital/public_html/api_controlAccesos/app/Controllers/RestController.php(185): App\Libraries\vCard->__construct(false, 'FBMi4dYAG7PsALw...')
#1 /home/eventodigital/public_html/api_controlAccesos/system/CodeIgniter.php(832): App\Controllers\RestController->create()
#2 /home/eventodigital/public_html/api_controlAccesos/system/CodeIgniter.php(419): CodeIgniter\CodeIgniter->runController(Object(App\Controllers\RestController))
#3 /home/eventodigital/public_html/api_controlAccesos/system/CodeIgniter.php(326): CodeIgniter\CodeIgniter->handleRequest(NULL, Object(Config\Cache), false)
#4 /home/eventodigital/public_html/api_controlAccesos/public/index.php(37): CodeIgniter\CodeIgniter->run()
#5 {main}
CRITICAL - 2023-11-10 12:59:19 --> Class 'App\Libraries\Exception' not found
#0 /home/eventodigital/public_html/api_controlAccesos/app/Controllers/RestController.php(185): App\Libraries\vCard->__construct(false, 'FBMi4a0AG7BZgHA...')
#1 /home/eventodigital/public_html/api_controlAccesos/system/CodeIgniter.php(832): App\Controllers\RestController->create()
#2 /home/eventodigital/public_html/api_controlAccesos/system/CodeIgniter.php(419): CodeIgniter\CodeIgniter->runController(Object(App\Controllers\RestController))
#3 /home/eventodigital/public_html/api_controlAccesos/system/CodeIgniter.php(326): CodeIgniter\CodeIgniter->handleRequest(NULL, Object(Config\Cache), false)
#4 /home/eventodigital/public_html/api_controlAccesos/public/index.php(37): CodeIgniter\CodeIgniter->run()
#5 {main}
CRITICAL - 2023-11-10 13:04:47 --> Class 'App\Libraries\Exception' not found
#0 /home/eventodigital/public_html/api_controlAccesos/app/Controllers/RestController.php(185): App\Libraries\vCard->__construct(false, 'FBMi4a0AG6Z2gLQ...')
#1 /home/eventodigital/public_html/api_controlAccesos/system/CodeIgniter.php(832): App\Controllers\RestController->create()
#2 /home/eventodigital/public_html/api_controlAccesos/system/CodeIgniter.php(419): CodeIgniter\CodeIgniter->runController(Object(App\Controllers\RestController))
#3 /home/eventodigital/public_html/api_controlAccesos/system/CodeIgniter.php(326): CodeIgniter\CodeIgniter->handleRequest(NULL, Object(Config\Cache), false)
#4 /home/eventodigital/public_html/api_controlAccesos/public/index.php(37): CodeIgniter\CodeIgniter->run()
#5 {main}
CRITICAL - 2023-11-10 13:04:50 --> Class 'App\Libraries\Exception' not found
#0 /home/eventodigital/public_html/api_controlAccesos/app/Controllers/RestController.php(185): App\Libraries\vCard->__construct(false, 'FBMi4a0AG6Z2gHQ...')
#1 /home/eventodigital/public_html/api_controlAccesos/system/CodeIgniter.php(832): App\Controllers\RestController->create()
#2 /home/eventodigital/public_html/api_controlAccesos/system/CodeIgniter.php(419): CodeIgniter\CodeIgniter->runController(Object(App\Controllers\RestController))
#3 /home/eventodigital/public_html/api_controlAccesos/system/CodeIgniter.php(326): CodeIgniter\CodeIgniter->handleRequest(NULL, Object(Config\Cache), false)
#4 /home/eventodigital/public_html/api_controlAccesos/public/index.php(37): CodeIgniter\CodeIgniter->run()
#5 {main}
CRITICAL - 2023-11-10 13:10:12 --> Class 'App\Libraries\Exception' not found
#0 /home/eventodigital/public_html/api_controlAccesos/app/Controllers/RestController.php(185): App\Libraries\vCard->__construct(false, 'FBMi4a0AG7KSAOg...')
#1 /home/eventodigital/public_html/api_controlAccesos/system/CodeIgniter.php(832): App\Controllers\RestController->create()
#2 /home/eventodigital/public_html/api_controlAccesos/system/CodeIgniter.php(419): CodeIgniter\CodeIgniter->runController(Object(App\Controllers\RestController))
#3 /home/eventodigital/public_html/api_controlAccesos/system/CodeIgniter.php(326): CodeIgniter\CodeIgniter->handleRequest(NULL, Object(Config\Cache), false)
#4 /home/eventodigital/public_html/api_controlAccesos/public/index.php(37): CodeIgniter\CodeIgniter->run()
#5 {main}
CRITICAL - 2023-11-10 13:11:00 --> Class 'App\Libraries\Exception' not found
#0 /home/eventodigital/public_html/api_controlAccesos/app/Controllers/RestController.php(185): App\Libraries\vCard->__construct(false, 'FBMi4a0AG5u2AGg...')
#1 /home/eventodigital/public_html/api_controlAccesos/system/CodeIgniter.php(832): App\Controllers\RestController->create()
#2 /home/eventodigital/public_html/api_controlAccesos/system/CodeIgniter.php(419): CodeIgniter\CodeIgniter->runController(Object(App\Controllers\RestController))
#3 /home/eventodigital/public_html/api_controlAccesos/system/CodeIgniter.php(326): CodeIgniter\CodeIgniter->handleRequest(NULL, Object(Config\Cache), false)
#4 /home/eventodigital/public_html/api_controlAccesos/public/index.php(37): CodeIgniter\CodeIgniter->run()
#5 {main}
CRITICAL - 2023-11-10 13:11:12 --> Class 'App\Libraries\Exception' not found
#0 /home/eventodigital/public_html/api_controlAccesos/app/Controllers/RestController.php(185): App\Libraries\vCard->__construct(false, 'FBMi4a0AG5u2AGg...')
#1 /home/eventodigital/public_html/api_controlAccesos/system/CodeIgniter.php(832): App\Controllers\RestController->create()
#2 /home/eventodigital/public_html/api_controlAccesos/system/CodeIgniter.php(419): CodeIgniter\CodeIgniter->runController(Object(App\Controllers\RestController))
#3 /home/eventodigital/public_html/api_controlAccesos/system/CodeIgniter.php(326): CodeIgniter\CodeIgniter->handleRequest(NULL, Object(Config\Cache), false)
#4 /home/eventodigital/public_html/api_controlAccesos/public/index.php(37): CodeIgniter\CodeIgniter->run()
#5 {main}
CRITICAL - 2023-11-10 13:26:18 --> Class 'App\Libraries\Exception' not found
#0 /home/eventodigital/public_html/api_controlAccesos/app/Controllers/RestController.php(185): App\Libraries\vCard->__construct(false, 'FBMi4a0AG588AGw...')
#1 /home/eventodigital/public_html/api_controlAccesos/system/CodeIgniter.php(832): App\Controllers\RestController->create()
#2 /home/eventodigital/public_html/api_controlAccesos/system/CodeIgniter.php(419): CodeIgniter\CodeIgniter->runController(Object(App\Controllers\RestController))
#3 /home/eventodigital/public_html/api_controlAccesos/system/CodeIgniter.php(326): CodeIgniter\CodeIgniter->handleRequest(NULL, Object(Config\Cache), false)
#4 /home/eventodigital/public_html/api_controlAccesos/public/index.php(37): CodeIgniter\CodeIgniter->run()
#5 {main}
CRITICAL - 2023-11-10 13:26:22 --> Class 'App\Libraries\Exception' not found
#0 /home/eventodigital/public_html/api_controlAccesos/app/Controllers/RestController.php(185): App\Libraries\vCard->__construct(false, 'FBMi4a0AG588AGw...')
#1 /home/eventodigital/public_html/api_controlAccesos/system/CodeIgniter.php(832): App\Controllers\RestController->create()
#2 /home/eventodigital/public_html/api_controlAccesos/system/CodeIgniter.php(419): CodeIgniter\CodeIgniter->runController(Object(App\Controllers\RestController))
#3 /home/eventodigital/public_html/api_controlAccesos/system/CodeIgniter.php(326): CodeIgniter\CodeIgniter->handleRequest(NULL, Object(Config\Cache), false)
#4 /home/eventodigital/public_html/api_controlAccesos/public/index.php(37): CodeIgniter\CodeIgniter->run()
#5 {main}
CRITICAL - 2023-11-10 13:27:43 --> Class 'App\Libraries\Exception' not found
#0 /home/eventodigital/public_html/api_controlAccesos/app/Controllers/RestController.php(185): App\Libraries\vCard->__construct(false, 'FBMi4a0AG6oHQGQ...')
#1 /home/eventodigital/public_html/api_controlAccesos/system/CodeIgniter.php(832): App\Controllers\RestController->create()
#2 /home/eventodigital/public_html/api_controlAccesos/system/CodeIgniter.php(419): CodeIgniter\CodeIgniter->runController(Object(App\Controllers\RestController))
#3 /home/eventodigital/public_html/api_controlAccesos/system/CodeIgniter.php(326): CodeIgniter\CodeIgniter->handleRequest(NULL, Object(Config\Cache), false)
#4 /home/eventodigital/public_html/api_controlAccesos/public/index.php(37): CodeIgniter\CodeIgniter->run()
#5 {main}
CRITICAL - 2023-11-10 13:27:58 --> Class 'App\Libraries\Exception' not found
#0 /home/eventodigital/public_html/api_controlAccesos/app/Controllers/RestController.php(185): App\Libraries\vCard->__construct(false, 'FBMi4a0AG6oEAGQ...')
#1 /home/eventodigital/public_html/api_controlAccesos/system/CodeIgniter.php(832): App\Controllers\RestController->create()
#2 /home/eventodigital/public_html/api_controlAccesos/system/CodeIgniter.php(419): CodeIgniter\CodeIgniter->runController(Object(App\Controllers\RestController))
#3 /home/eventodigital/public_html/api_controlAccesos/system/CodeIgniter.php(326): CodeIgniter\CodeIgniter->handleRequest(NULL, Object(Config\Cache), false)
#4 /home/eventodigital/public_html/api_controlAccesos/public/index.php(37): CodeIgniter\CodeIgniter->run()
#5 {main}
CRITICAL - 2023-11-10 13:29:19 --> Class 'App\Libraries\Exception' not found
#0 /home/eventodigital/public_html/api_controlAccesos/app/Controllers/RestController.php(185): App\Libraries\vCard->__construct(false, 'FBMi442AG5w4QHg...')
#1 /home/eventodigital/public_html/api_controlAccesos/system/CodeIgniter.php(832): App\Controllers\RestController->create()
#2 /home/eventodigital/public_html/api_controlAccesos/system/CodeIgniter.php(419): CodeIgniter\CodeIgniter->runController(Object(App\Controllers\RestController))
#3 /home/eventodigital/public_html/api_controlAccesos/system/CodeIgniter.php(326): CodeIgniter\CodeIgniter->handleRequest(NULL, Object(Config\Cache), false)
#4 /home/eventodigital/public_html/api_controlAccesos/public/index.php(37): CodeIgniter\CodeIgniter->run()
#5 {main}
CRITICAL - 2023-11-10 13:31:13 --> Class 'App\Libraries\Exception' not found
#0 /home/eventodigital/public_html/api_controlAccesos/app/Controllers/RestController.php(185): App\Libraries\vCard->__construct(false, 'FBMi4a0AG65kAGw...')
#1 /home/eventodigital/public_html/api_controlAccesos/system/CodeIgniter.php(832): App\Controllers\RestController->create()
#2 /home/eventodigital/public_html/api_controlAccesos/system/CodeIgniter.php(419): CodeIgniter\CodeIgniter->runController(Object(App\Controllers\RestController))
#3 /home/eventodigital/public_html/api_controlAccesos/system/CodeIgniter.php(326): CodeIgniter\CodeIgniter->handleRequest(NULL, Object(Config\Cache), false)
#4 /home/eventodigital/public_html/api_controlAccesos/public/index.php(37): CodeIgniter\CodeIgniter->run()
#5 {main}
CRITICAL - 2023-11-10 13:31:20 --> Class 'App\Libraries\Exception' not found
#0 /home/eventodigital/public_html/api_controlAccesos/app/Controllers/RestController.php(185): App\Libraries\vCard->__construct(false, 'FBMi4a0AG65kAKQ...')
#1 /home/eventodigital/public_html/api_controlAccesos/system/CodeIgniter.php(832): App\Controllers\RestController->create()
#2 /home/eventodigital/public_html/api_controlAccesos/system/CodeIgniter.php(419): CodeIgniter\CodeIgniter->runController(Object(App\Controllers\RestController))
#3 /home/eventodigital/public_html/api_controlAccesos/system/CodeIgniter.php(326): CodeIgniter\CodeIgniter->handleRequest(NULL, Object(Config\Cache), false)
#4 /home/eventodigital/public_html/api_controlAccesos/public/index.php(37): CodeIgniter\CodeIgniter->run()
#5 {main}
CRITICAL - 2023-11-10 13:31:55 --> Class 'App\Libraries\Exception' not found
#0 /home/eventodigital/public_html/api_controlAccesos/app/Controllers/RestController.php(185): App\Libraries\vCard->__construct(false, 'FBMi4a0AG6YHgGg...')
#1 /home/eventodigital/public_html/api_controlAccesos/system/CodeIgniter.php(832): App\Controllers\RestController->create()
#2 /home/eventodigital/public_html/api_controlAccesos/system/CodeIgniter.php(419): CodeIgniter\CodeIgniter->runController(Object(App\Controllers\RestController))
#3 /home/eventodigital/public_html/api_controlAccesos/system/CodeIgniter.php(326): CodeIgniter\CodeIgniter->handleRequest(NULL, Object(Config\Cache), false)
#4 /home/eventodigital/public_html/api_controlAccesos/public/index.php(37): CodeIgniter\CodeIgniter->run()
#5 {main}
CRITICAL - 2023-11-10 13:31:59 --> Class 'App\Libraries\Exception' not found
#0 /home/eventodigital/public_html/api_controlAccesos/app/Controllers/RestController.php(185): App\Libraries\vCard->__construct(false, 'FBMi4a0AG6YHgKQ...')
#1 /home/eventodigital/public_html/api_controlAccesos/system/CodeIgniter.php(832): App\Controllers\RestController->create()
#2 /home/eventodigital/public_html/api_controlAccesos/system/CodeIgniter.php(419): CodeIgniter\CodeIgniter->runController(Object(App\Controllers\RestController))
#3 /home/eventodigital/public_html/api_controlAccesos/system/CodeIgniter.php(326): CodeIgniter\CodeIgniter->handleRequest(NULL, Object(Config\Cache), false)
#4 /home/eventodigital/public_html/api_controlAccesos/public/index.php(37): CodeIgniter\CodeIgniter->run()
#5 {main}
CRITICAL - 2023-11-10 13:32:04 --> Class 'App\Libraries\Exception' not found
#0 /home/eventodigital/public_html/api_controlAccesos/app/Controllers/RestController.php(185): App\Libraries\vCard->__construct(false, 'FBMi4a0AG6YHgOQ...')
#1 /home/eventodigital/public_html/api_controlAccesos/system/CodeIgniter.php(832): App\Controllers\RestController->create()
#2 /home/eventodigital/public_html/api_controlAccesos/system/CodeIgniter.php(419): CodeIgniter\CodeIgniter->runController(Object(App\Controllers\RestController))
#3 /home/eventodigital/public_html/api_controlAccesos/system/CodeIgniter.php(326): CodeIgniter\CodeIgniter->handleRequest(NULL, Object(Config\Cache), false)
#4 /home/eventodigital/public_html/api_controlAccesos/public/index.php(37): CodeIgniter\CodeIgniter->run()
#5 {main}
CRITICAL - 2023-11-10 13:35:38 --> Class 'App\Libraries\Exception' not found
#0 /home/eventodigital/public_html/api_controlAccesos/app/Controllers/RestController.php(185): App\Libraries\vCard->__construct(false, 'FBMi4dYAG7QFQHw...')
#1 /home/eventodigital/public_html/api_controlAccesos/system/CodeIgniter.php(832): App\Controllers\RestController->create()
#2 /home/eventodigital/public_html/api_controlAccesos/system/CodeIgniter.php(419): CodeIgniter\CodeIgniter->runController(Object(App\Controllers\RestController))
#3 /home/eventodigital/public_html/api_controlAccesos/system/CodeIgniter.php(326): CodeIgniter\CodeIgniter->handleRequest(NULL, Object(Config\Cache), false)
#4 /home/eventodigital/public_html/api_controlAccesos/public/index.php(37): CodeIgniter\CodeIgniter->run()
#5 {main}
CRITICAL - 2023-11-10 13:36:53 --> Class 'App\Libraries\Exception' not found
#0 /home/eventodigital/public_html/api_controlAccesos/app/Controllers/RestController.php(185): App\Libraries\vCard->__construct(false, 'FBMi4a0AG65bwHQ...')
#1 /home/eventodigital/public_html/api_controlAccesos/system/CodeIgniter.php(832): App\Controllers\RestController->create()
#2 /home/eventodigital/public_html/api_controlAccesos/system/CodeIgniter.php(419): CodeIgniter\CodeIgniter->runController(Object(App\Controllers\RestController))
#3 /home/eventodigital/public_html/api_controlAccesos/system/CodeIgniter.php(326): CodeIgniter\CodeIgniter->handleRequest(NULL, Object(Config\Cache), false)
#4 /home/eventodigital/public_html/api_controlAccesos/public/index.php(37): CodeIgniter\CodeIgniter->run()
#5 {main}
CRITICAL - 2023-11-10 13:37:00 --> Class 'App\Libraries\Exception' not found
#0 /home/eventodigital/public_html/api_controlAccesos/app/Controllers/RestController.php(185): App\Libraries\vCard->__construct(false, 'FBMi4a0AG65bwHQ...')
#1 /home/eventodigital/public_html/api_controlAccesos/system/CodeIgniter.php(832): App\Controllers\RestController->create()
#2 /home/eventodigital/public_html/api_controlAccesos/system/CodeIgniter.php(419): CodeIgniter\CodeIgniter->runController(Object(App\Controllers\RestController))
#3 /home/eventodigital/public_html/api_controlAccesos/system/CodeIgniter.php(326): CodeIgniter\CodeIgniter->handleRequest(NULL, Object(Config\Cache), false)
#4 /home/eventodigital/public_html/api_controlAccesos/public/index.php(37): CodeIgniter\CodeIgniter->run()
#5 {main}
CRITICAL - 2023-11-10 13:40:48 --> Class 'App\Libraries\Exception' not found
#0 /home/eventodigital/public_html/api_controlAccesos/app/Controllers/RestController.php(185): App\Libraries\vCard->__construct(false, 'FBMi4a0AG6sKgKg...')
#1 /home/eventodigital/public_html/api_controlAccesos/system/CodeIgniter.php(832): App\Controllers\RestController->create()
#2 /home/eventodigital/public_html/api_controlAccesos/system/CodeIgniter.php(419): CodeIgniter\CodeIgniter->runController(Object(App\Controllers\RestController))
#3 /home/eventodigital/public_html/api_controlAccesos/system/CodeIgniter.php(326): CodeIgniter\CodeIgniter->handleRequest(NULL, Object(Config\Cache), false)
#4 /home/eventodigital/public_html/api_controlAccesos/public/index.php(37): CodeIgniter\CodeIgniter->run()
#5 {main}
CRITICAL - 2023-11-10 13:41:12 --> Class 'App\Libraries\Exception' not found
#0 /home/eventodigital/public_html/api_controlAccesos/app/Controllers/RestController.php(185): App\Libraries\vCard->__construct(false, 'FBMi4a0AG6QDgHw...')
#1 /home/eventodigital/public_html/api_controlAccesos/system/CodeIgniter.php(832): App\Controllers\RestController->create()
#2 /home/eventodigital/public_html/api_controlAccesos/system/CodeIgniter.php(419): CodeIgniter\CodeIgniter->runController(Object(App\Controllers\RestController))
#3 /home/eventodigital/public_html/api_controlAccesos/system/CodeIgniter.php(326): CodeIgniter\CodeIgniter->handleRequest(NULL, Object(Config\Cache), false)
#4 /home/eventodigital/public_html/api_controlAccesos/public/index.php(37): CodeIgniter\CodeIgniter->run()
#5 {main}
CRITICAL - 2023-11-10 13:42:22 --> Class 'App\Libraries\Exception' not found
#0 /home/eventodigital/public_html/api_controlAccesos/app/Controllers/RestController.php(185): App\Libraries\vCard->__construct(false, 'FBMi4a0AG4clAKw...')
#1 /home/eventodigital/public_html/api_controlAccesos/system/CodeIgniter.php(832): App\Controllers\RestController->create()
#2 /home/eventodigital/public_html/api_controlAccesos/system/CodeIgniter.php(419): CodeIgniter\CodeIgniter->runController(Object(App\Controllers\RestController))
#3 /home/eventodigital/public_html/api_controlAccesos/system/CodeIgniter.php(326): CodeIgniter\CodeIgniter->handleRequest(NULL, Object(Config\Cache), false)
#4 /home/eventodigital/public_html/api_controlAccesos/public/index.php(37): CodeIgniter\CodeIgniter->run()
#5 {main}
CRITICAL - 2023-11-10 13:42:23 --> Class 'App\Libraries\Exception' not found
#0 /home/eventodigital/public_html/api_controlAccesos/app/Controllers/RestController.php(185): App\Libraries\vCard->__construct(false, 'FBMi4a0AG4clAHQ...')
#1 /home/eventodigital/public_html/api_controlAccesos/system/CodeIgniter.php(832): App\Controllers\RestController->create()
#2 /home/eventodigital/public_html/api_controlAccesos/system/CodeIgniter.php(419): CodeIgniter\CodeIgniter->runController(Object(App\Controllers\RestController))
#3 /home/eventodigital/public_html/api_controlAccesos/system/CodeIgniter.php(326): CodeIgniter\CodeIgniter->handleRequest(NULL, Object(Config\Cache), false)
#4 /home/eventodigital/public_html/api_controlAccesos/public/index.php(37): CodeIgniter\CodeIgniter->run()
#5 {main}
CRITICAL - 2023-11-10 14:11:32 --> Class 'App\Libraries\Exception' not found
#0 /home/eventodigital/public_html/api_controlAccesos/app/Controllers/RestController.php(185): App\Libraries\vCard->__construct(false, 'FBMi4a0AG6XiwHg...')
#1 /home/eventodigital/public_html/api_controlAccesos/system/CodeIgniter.php(832): App\Controllers\RestController->create()
#2 /home/eventodigital/public_html/api_controlAccesos/system/CodeIgniter.php(419): CodeIgniter\CodeIgniter->runController(Object(App\Controllers\RestController))
#3 /home/eventodigital/public_html/api_controlAccesos/system/CodeIgniter.php(326): CodeIgniter\CodeIgniter->handleRequest(NULL, Object(Config\Cache), false)
#4 /home/eventodigital/public_html/api_controlAccesos/public/index.php(37): CodeIgniter\CodeIgniter->run()
#5 {main}
CRITICAL - 2023-11-10 14:11:39 --> Class 'App\Libraries\Exception' not found
#0 /home/eventodigital/public_html/api_controlAccesos/app/Controllers/RestController.php(185): App\Libraries\vCard->__construct(false, 'FBMi4a0AG6XiwLQ...')
#1 /home/eventodigital/public_html/api_controlAccesos/system/CodeIgniter.php(832): App\Controllers\RestController->create()
#2 /home/eventodigital/public_html/api_controlAccesos/system/CodeIgniter.php(419): CodeIgniter\CodeIgniter->runController(Object(App\Controllers\RestController))
#3 /home/eventodigital/public_html/api_controlAccesos/system/CodeIgniter.php(326): CodeIgniter\CodeIgniter->handleRequest(NULL, Object(Config\Cache), false)
#4 /home/eventodigital/public_html/api_controlAccesos/public/index.php(37): CodeIgniter\CodeIgniter->run()
#5 {main}
CRITICAL - 2023-11-10 14:14:52 --> Class 'App\Libraries\Exception' not found
#0 /home/eventodigital/public_html/api_controlAccesos/app/Controllers/RestController.php(185): App\Libraries\vCard->__construct(false, 'FBMi4a0AG6VEgHA...')
#1 /home/eventodigital/public_html/api_controlAccesos/system/CodeIgniter.php(832): App\Controllers\RestController->create()
#2 /home/eventodigital/public_html/api_controlAccesos/system/CodeIgniter.php(419): CodeIgniter\CodeIgniter->runController(Object(App\Controllers\RestController))
#3 /home/eventodigital/public_html/api_controlAccesos/system/CodeIgniter.php(326): CodeIgniter\CodeIgniter->handleRequest(NULL, Object(Config\Cache), false)
#4 /home/eventodigital/public_html/api_controlAccesos/public/index.php(37): CodeIgniter\CodeIgniter->run()
#5 {main}
CRITICAL - 2023-11-10 14:14:59 --> Class 'App\Libraries\Exception' not found
#0 /home/eventodigital/public_html/api_controlAccesos/app/Controllers/RestController.php(185): App\Libraries\vCard->__construct(false, 'FBMi4a0AG6VEgLQ...')
#1 /home/eventodigital/public_html/api_controlAccesos/system/CodeIgniter.php(832): App\Controllers\RestController->create()
#2 /home/eventodigital/public_html/api_controlAccesos/system/CodeIgniter.php(419): CodeIgniter\CodeIgniter->runController(Object(App\Controllers\RestController))
#3 /home/eventodigital/public_html/api_controlAccesos/system/CodeIgniter.php(326): CodeIgniter\CodeIgniter->handleRequest(NULL, Object(Config\Cache), false)
#4 /home/eventodigital/public_html/api_controlAccesos/public/index.php(37): CodeIgniter\CodeIgniter->run()
#5 {main}
CRITICAL - 2023-11-10 14:16:16 --> Class 'App\Libraries\Exception' not found
#0 /home/eventodigital/public_html/api_controlAccesos/app/Controllers/RestController.php(185): App\Libraries\vCard->__construct(false, 'FBMi4a0AG63owKg...')
#1 /home/eventodigital/public_html/api_controlAccesos/system/CodeIgniter.php(832): App\Controllers\RestController->create()
#2 /home/eventodigital/public_html/api_controlAccesos/system/CodeIgniter.php(419): CodeIgniter\CodeIgniter->runController(Object(App\Controllers\RestController))
#3 /home/eventodigital/public_html/api_controlAccesos/system/CodeIgniter.php(326): CodeIgniter\CodeIgniter->handleRequest(NULL, Object(Config\Cache), false)
#4 /home/eventodigital/public_html/api_controlAccesos/public/index.php(37): CodeIgniter\CodeIgniter->run()
#5 {main}
CRITICAL - 2023-11-10 14:16:18 --> Class 'App\Libraries\Exception' not found
#0 /home/eventodigital/public_html/api_controlAccesos/app/Controllers/RestController.php(185): App\Libraries\vCard->__construct(false, 'FBMi4a0AG63owKg...')
#1 /home/eventodigital/public_html/api_controlAccesos/system/CodeIgniter.php(832): App\Controllers\RestController->create()
#2 /home/eventodigital/public_html/api_controlAccesos/system/CodeIgniter.php(419): CodeIgniter\CodeIgniter->runController(Object(App\Controllers\RestController))
#3 /home/eventodigital/public_html/api_controlAccesos/system/CodeIgniter.php(326): CodeIgniter\CodeIgniter->handleRequest(NULL, Object(Config\Cache), false)
#4 /home/eventodigital/public_html/api_controlAccesos/public/index.php(37): CodeIgniter\CodeIgniter->run()
#5 {main}
CRITICAL - 2023-11-10 14:16:23 --> Class 'App\Libraries\Exception' not found
#0 /home/eventodigital/public_html/api_controlAccesos/app/Controllers/RestController.php(185): App\Libraries\vCard->__construct(false, 'FBMi4a0AG63owPw...')
#1 /home/eventodigital/public_html/api_controlAccesos/system/CodeIgniter.php(832): App\Controllers\RestController->create()
#2 /home/eventodigital/public_html/api_controlAccesos/system/CodeIgniter.php(419): CodeIgniter\CodeIgniter->runController(Object(App\Controllers\RestController))
#3 /home/eventodigital/public_html/api_controlAccesos/system/CodeIgniter.php(326): CodeIgniter\CodeIgniter->handleRequest(NULL, Object(Config\Cache), false)
#4 /home/eventodigital/public_html/api_controlAccesos/public/index.php(37): CodeIgniter\CodeIgniter->run()
#5 {main}
CRITICAL - 2023-11-10 14:16:28 --> Class 'App\Libraries\Exception' not found
#0 /home/eventodigital/public_html/api_controlAccesos/app/Controllers/RestController.php(185): App\Libraries\vCard->__construct(false, 'FBMi4a0AG63owHg...')
#1 /home/eventodigital/public_html/api_controlAccesos/system/CodeIgniter.php(832): App\Controllers\RestController->create()
#2 /home/eventodigital/public_html/api_controlAccesos/system/CodeIgniter.php(419): CodeIgniter\CodeIgniter->runController(Object(App\Controllers\RestController))
#3 /home/eventodigital/public_html/api_controlAccesos/system/CodeIgniter.php(326): CodeIgniter\CodeIgniter->handleRequest(NULL, Object(Config\Cache), false)
#4 /home/eventodigital/public_html/api_controlAccesos/public/index.php(37): CodeIgniter\CodeIgniter->run()
#5 {main}
CRITICAL - 2023-11-10 14:22:22 --> Class 'App\Libraries\Exception' not found
#0 /home/eventodigital/public_html/api_controlAccesos/app/Controllers/RestController.php(185): App\Libraries\vCard->__construct(false, 'FBMi4a0AG6UEwGg...')
#1 /home/eventodigital/public_html/api_controlAccesos/system/CodeIgniter.php(832): App\Controllers\RestController->create()
#2 /home/eventodigital/public_html/api_controlAccesos/system/CodeIgniter.php(419): CodeIgniter\CodeIgniter->runController(Object(App\Controllers\RestController))
#3 /home/eventodigital/public_html/api_controlAccesos/system/CodeIgniter.php(326): CodeIgniter\CodeIgniter->handleRequest(NULL, Object(Config\Cache), false)
#4 /home/eventodigital/public_html/api_controlAccesos/public/index.php(37): CodeIgniter\CodeIgniter->run()
#5 {main}
CRITICAL - 2023-11-10 14:24:03 --> Class 'App\Libraries\Exception' not found
#0 /home/eventodigital/public_html/api_controlAccesos/app/Controllers/RestController.php(185): App\Libraries\vCard->__construct(false, 'FBMi4a0AG7FHgHQ...')
#1 /home/eventodigital/public_html/api_controlAccesos/system/CodeIgniter.php(832): App\Controllers\RestController->create()
#2 /home/eventodigital/public_html/api_controlAccesos/system/CodeIgniter.php(419): CodeIgniter\CodeIgniter->runController(Object(App\Controllers\RestController))
#3 /home/eventodigital/public_html/api_controlAccesos/system/CodeIgniter.php(326): CodeIgniter\CodeIgniter->handleRequest(NULL, Object(Config\Cache), false)
#4 /home/eventodigital/public_html/api_controlAccesos/public/index.php(37): CodeIgniter\CodeIgniter->run()
#5 {main}
CRITICAL - 2023-11-10 14:24:10 --> Class 'App\Libraries\Exception' not found
#0 /home/eventodigital/public_html/api_controlAccesos/app/Controllers/RestController.php(185): App\Libraries\vCard->__construct(false, 'FBMi4a0AG7FHgLg...')
#1 /home/eventodigital/public_html/api_controlAccesos/system/CodeIgniter.php(832): App\Controllers\RestController->create()
#2 /home/eventodigital/public_html/api_controlAccesos/system/CodeIgniter.php(419): CodeIgniter\CodeIgniter->runController(Object(App\Controllers\RestController))
#3 /home/eventodigital/public_html/api_controlAccesos/system/CodeIgniter.php(326): CodeIgniter\CodeIgniter->handleRequest(NULL, Object(Config\Cache), false)
#4 /home/eventodigital/public_html/api_controlAccesos/public/index.php(37): CodeIgniter\CodeIgniter->run()
#5 {main}
CRITICAL - 2023-11-10 14:24:13 --> Class 'App\Libraries\Exception' not found
#0 /home/eventodigital/public_html/api_controlAccesos/app/Controllers/RestController.php(185): App\Libraries\vCard->__construct(false, 'FBMi4a0AG7FHgPQ...')
#1 /home/eventodigital/public_html/api_controlAccesos/system/CodeIgniter.php(832): App\Controllers\RestController->create()
#2 /home/eventodigital/public_html/api_controlAccesos/system/CodeIgniter.php(419): CodeIgniter\CodeIgniter->runController(Object(App\Controllers\RestController))
#3 /home/eventodigital/public_html/api_controlAccesos/system/CodeIgniter.php(326): CodeIgniter\CodeIgniter->handleRequest(NULL, Object(Config\Cache), false)
#4 /home/eventodigital/public_html/api_controlAccesos/public/index.php(37): CodeIgniter\CodeIgniter->run()
#5 {main}
CRITICAL - 2023-11-10 14:24:16 --> Class 'App\Libraries\Exception' not found
#0 /home/eventodigital/public_html/api_controlAccesos/app/Controllers/RestController.php(185): App\Libraries\vCard->__construct(false, 'FBMi4a0AG7FHgSQ...')
#1 /home/eventodigital/public_html/api_controlAccesos/system/CodeIgniter.php(832): App\Controllers\RestController->create()
#2 /home/eventodigital/public_html/api_controlAccesos/system/CodeIgniter.php(419): CodeIgniter\CodeIgniter->runController(Object(App\Controllers\RestController))
#3 /home/eventodigital/public_html/api_controlAccesos/system/CodeIgniter.php(326): CodeIgniter\CodeIgniter->handleRequest(NULL, Object(Config\Cache), false)
#4 /home/eventodigital/public_html/api_controlAccesos/public/index.php(37): CodeIgniter\CodeIgniter->run()
#5 {main}
CRITICAL - 2023-11-10 14:24:50 --> Class 'App\Libraries\Exception' not found
#0 /home/eventodigital/public_html/api_controlAccesos/app/Controllers/RestController.php(185): App\Libraries\vCard->__construct(false, 'FBMi4a0AG6zUQLg...')
#1 /home/eventodigital/public_html/api_controlAccesos/system/CodeIgniter.php(832): App\Controllers\RestController->create()
#2 /home/eventodigital/public_html/api_controlAccesos/system/CodeIgniter.php(419): CodeIgniter\CodeIgniter->runController(Object(App\Controllers\RestController))
#3 /home/eventodigital/public_html/api_controlAccesos/system/CodeIgniter.php(326): CodeIgniter\CodeIgniter->handleRequest(NULL, Object(Config\Cache), false)
#4 /home/eventodigital/public_html/api_controlAccesos/public/index.php(37): CodeIgniter\CodeIgniter->run()
#5 {main}
CRITICAL - 2023-11-10 14:24:58 --> Class 'App\Libraries\Exception' not found
#0 /home/eventodigital/public_html/api_controlAccesos/app/Controllers/RestController.php(185): App\Libraries\vCard->__construct(false, 'FBMi4a0AG6zUQSQ...')
#1 /home/eventodigital/public_html/api_controlAccesos/system/CodeIgniter.php(832): App\Controllers\RestController->create()
#2 /home/eventodigital/public_html/api_controlAccesos/system/CodeIgniter.php(419): CodeIgniter\CodeIgniter->runController(Object(App\Controllers\RestController))
#3 /home/eventodigital/public_html/api_controlAccesos/system/CodeIgniter.php(326): CodeIgniter\CodeIgniter->handleRequest(NULL, Object(Config\Cache), false)
#4 /home/eventodigital/public_html/api_controlAccesos/public/index.php(37): CodeIgniter\CodeIgniter->run()
#5 {main}
CRITICAL - 2023-11-10 14:33:52 --> Class 'App\Libraries\Exception' not found
#0 /home/eventodigital/public_html/api_controlAccesos/app/Controllers/RestController.php(185): App\Libraries\vCard->__construct(false, 'FBMi4a0AG6DhgGw...')
#1 /home/eventodigital/public_html/api_controlAccesos/system/CodeIgniter.php(832): App\Controllers\RestController->create()
#2 /home/eventodigital/public_html/api_controlAccesos/system/CodeIgniter.php(419): CodeIgniter\CodeIgniter->runController(Object(App\Controllers\RestController))
#3 /home/eventodigital/public_html/api_controlAccesos/system/CodeIgniter.php(326): CodeIgniter\CodeIgniter->handleRequest(NULL, Object(Config\Cache), false)
#4 /home/eventodigital/public_html/api_controlAccesos/public/index.php(37): CodeIgniter\CodeIgniter->run()
#5 {main}
CRITICAL - 2023-11-10 14:33:56 --> Class 'App\Libraries\Exception' not found
#0 /home/eventodigital/public_html/api_controlAccesos/app/Controllers/RestController.php(185): App\Libraries\vCard->__construct(false, 'FBMi4a0AG6DhgKQ...')
#1 /home/eventodigital/public_html/api_controlAccesos/system/CodeIgniter.php(832): App\Controllers\RestController->create()
#2 /home/eventodigital/public_html/api_controlAccesos/system/CodeIgniter.php(419): CodeIgniter\CodeIgniter->runController(Object(App\Controllers\RestController))
#3 /home/eventodigital/public_html/api_controlAccesos/system/CodeIgniter.php(326): CodeIgniter\CodeIgniter->handleRequest(NULL, Object(Config\Cache), false)
#4 /home/eventodigital/public_html/api_controlAccesos/public/index.php(37): CodeIgniter\CodeIgniter->run()
#5 {main}
CRITICAL - 2023-11-10 14:35:50 --> Class 'App\Libraries\Exception' not found
#0 /home/eventodigital/public_html/api_controlAccesos/app/Controllers/RestController.php(185): App\Libraries\vCard->__construct(false, 'FBMi4a0AG5aMwGg...')
#1 /home/eventodigital/public_html/api_controlAccesos/system/CodeIgniter.php(832): App\Controllers\RestController->create()
#2 /home/eventodigital/public_html/api_controlAccesos/system/CodeIgniter.php(419): CodeIgniter\CodeIgniter->runController(Object(App\Controllers\RestController))
#3 /home/eventodigital/public_html/api_controlAccesos/system/CodeIgniter.php(326): CodeIgniter\CodeIgniter->handleRequest(NULL, Object(Config\Cache), false)
#4 /home/eventodigital/public_html/api_controlAccesos/public/index.php(37): CodeIgniter\CodeIgniter->run()
#5 {main}
CRITICAL - 2023-11-10 14:35:58 --> Class 'App\Libraries\Exception' not found
#0 /home/eventodigital/public_html/api_controlAccesos/app/Controllers/RestController.php(185): App\Libraries\vCard->__construct(false, 'FBMi4a0AG5aMwLA...')
#1 /home/eventodigital/public_html/api_controlAccesos/system/CodeIgniter.php(832): App\Controllers\RestController->create()
#2 /home/eventodigital/public_html/api_controlAccesos/system/CodeIgniter.php(419): CodeIgniter\CodeIgniter->runController(Object(App\Controllers\RestController))
#3 /home/eventodigital/public_html/api_controlAccesos/system/CodeIgniter.php(326): CodeIgniter\CodeIgniter->handleRequest(NULL, Object(Config\Cache), false)
#4 /home/eventodigital/public_html/api_controlAccesos/public/index.php(37): CodeIgniter\CodeIgniter->run()
#5 {main}
CRITICAL - 2023-11-10 14:40:37 --> Class 'App\Libraries\Exception' not found
#0 /home/eventodigital/public_html/api_controlAccesos/app/Controllers/RestController.php(185): App\Libraries\vCard->__construct(false, 'FBMi4a0AG6nsgGw...')
#1 /home/eventodigital/public_html/api_controlAccesos/system/CodeIgniter.php(832): App\Controllers\RestController->create()
#2 /home/eventodigital/public_html/api_controlAccesos/system/CodeIgniter.php(419): CodeIgniter\CodeIgniter->runController(Object(App\Controllers\RestController))
#3 /home/eventodigital/public_html/api_controlAccesos/system/CodeIgniter.php(326): CodeIgniter\CodeIgniter->handleRequest(NULL, Object(Config\Cache), false)
#4 /home/eventodigital/public_html/api_controlAccesos/public/index.php(37): CodeIgniter\CodeIgniter->run()
#5 {main}
CRITICAL - 2023-11-10 14:40:44 --> Class 'App\Libraries\Exception' not found
#0 /home/eventodigital/public_html/api_controlAccesos/app/Controllers/RestController.php(185): App\Libraries\vCard->__construct(false, 'FBMi4a0AG6nsgLA...')
#1 /home/eventodigital/public_html/api_controlAccesos/system/CodeIgniter.php(832): App\Controllers\RestController->create()
#2 /home/eventodigital/public_html/api_controlAccesos/system/CodeIgniter.php(419): CodeIgniter\CodeIgniter->runController(Object(App\Controllers\RestController))
#3 /home/eventodigital/public_html/api_controlAccesos/system/CodeIgniter.php(326): CodeIgniter\CodeIgniter->handleRequest(NULL, Object(Config\Cache), false)
#4 /home/eventodigital/public_html/api_controlAccesos/public/index.php(37): CodeIgniter\CodeIgniter->run()
#5 {main}
CRITICAL - 2023-11-10 14:43:49 --> Class 'App\Libraries\Exception' not found
#0 /home/eventodigital/public_html/api_controlAccesos/app/Controllers/RestController.php(185): App\Libraries\vCard->__construct(false, 'FBMi4a0AG654AHw...')
#1 /home/eventodigital/public_html/api_controlAccesos/system/CodeIgniter.php(832): App\Controllers\RestController->create()
#2 /home/eventodigital/public_html/api_controlAccesos/system/CodeIgniter.php(419): CodeIgniter\CodeIgniter->runController(Object(App\Controllers\RestController))
#3 /home/eventodigital/public_html/api_controlAccesos/system/CodeIgniter.php(326): CodeIgniter\CodeIgniter->handleRequest(NULL, Object(Config\Cache), false)
#4 /home/eventodigital/public_html/api_controlAccesos/public/index.php(37): CodeIgniter\CodeIgniter->run()
#5 {main}
CRITICAL - 2023-11-10 14:43:52 --> Class 'App\Libraries\Exception' not found
#0 /home/eventodigital/public_html/api_controlAccesos/app/Controllers/RestController.php(185): App\Libraries\vCard->__construct(false, 'FBMi4a0AG654AKQ...')
#1 /home/eventodigital/public_html/api_controlAccesos/system/CodeIgniter.php(832): App\Controllers\RestController->create()
#2 /home/eventodigital/public_html/api_controlAccesos/system/CodeIgniter.php(419): CodeIgniter\CodeIgniter->runController(Object(App\Controllers\RestController))
#3 /home/eventodigital/public_html/api_controlAccesos/system/CodeIgniter.php(326): CodeIgniter\CodeIgniter->handleRequest(NULL, Object(Config\Cache), false)
#4 /home/eventodigital/public_html/api_controlAccesos/public/index.php(37): CodeIgniter\CodeIgniter->run()
#5 {main}
CRITICAL - 2023-11-10 14:48:54 --> Class 'App\Libraries\Exception' not found
#0 /home/eventodigital/public_html/api_controlAccesos/app/Controllers/RestController.php(185): App\Libraries\vCard->__construct(false, 'FBMi4a0AG7D2ALg...')
#1 /home/eventodigital/public_html/api_controlAccesos/system/CodeIgniter.php(832): App\Controllers\RestController->create()
#2 /home/eventodigital/public_html/api_controlAccesos/system/CodeIgniter.php(419): CodeIgniter\CodeIgniter->runController(Object(App\Controllers\RestController))
#3 /home/eventodigital/public_html/api_controlAccesos/system/CodeIgniter.php(326): CodeIgniter\CodeIgniter->handleRequest(NULL, Object(Config\Cache), false)
#4 /home/eventodigital/public_html/api_controlAccesos/public/index.php(37): CodeIgniter\CodeIgniter->run()
#5 {main}
CRITICAL - 2023-11-10 14:52:42 --> Class 'App\Libraries\Exception' not found
#0 /home/eventodigital/public_html/api_controlAccesos/app/Controllers/RestController.php(185): App\Libraries\vCard->__construct(false, 'FBMi4g0AGy3yQKQ...')
#1 /home/eventodigital/public_html/api_controlAccesos/system/CodeIgniter.php(832): App\Controllers\RestController->create()
#2 /home/eventodigital/public_html/api_controlAccesos/system/CodeIgniter.php(419): CodeIgniter\CodeIgniter->runController(Object(App\Controllers\RestController))
#3 /home/eventodigital/public_html/api_controlAccesos/system/CodeIgniter.php(326): CodeIgniter\CodeIgniter->handleRequest(NULL, Object(Config\Cache), false)
#4 /home/eventodigital/public_html/api_controlAccesos/public/index.php(37): CodeIgniter\CodeIgniter->run()
#5 {main}
CRITICAL - 2023-11-10 14:52:47 --> Class 'App\Libraries\Exception' not found
#0 /home/eventodigital/public_html/api_controlAccesos/app/Controllers/RestController.php(185): App\Libraries\vCard->__construct(false, 'FBMi4g0AGy3yQGQ...')
#1 /home/eventodigital/public_html/api_controlAccesos/system/CodeIgniter.php(832): App\Controllers\RestController->create()
#2 /home/eventodigital/public_html/api_controlAccesos/system/CodeIgniter.php(419): CodeIgniter\CodeIgniter->runController(Object(App\Controllers\RestController))
#3 /home/eventodigital/public_html/api_controlAccesos/system/CodeIgniter.php(326): CodeIgniter\CodeIgniter->handleRequest(NULL, Object(Config\Cache), false)
#4 /home/eventodigital/public_html/api_controlAccesos/public/index.php(37): CodeIgniter\CodeIgniter->run()
#5 {main}
CRITICAL - 2023-11-10 14:53:24 --> Class 'App\Libraries\Exception' not found
#0 /home/eventodigital/public_html/api_controlAccesos/app/Controllers/RestController.php(185): App\Libraries\vCard->__construct(false, 'FBMi4a0AG6SfALQ...')
#1 /home/eventodigital/public_html/api_controlAccesos/system/CodeIgniter.php(832): App\Controllers\RestController->create()
#2 /home/eventodigital/public_html/api_controlAccesos/system/CodeIgniter.php(419): CodeIgniter\CodeIgniter->runController(Object(App\Controllers\RestController))
#3 /home/eventodigital/public_html/api_controlAccesos/system/CodeIgniter.php(326): CodeIgniter\CodeIgniter->handleRequest(NULL, Object(Config\Cache), false)
#4 /home/eventodigital/public_html/api_controlAccesos/public/index.php(37): CodeIgniter\CodeIgniter->run()
#5 {main}
CRITICAL - 2023-11-10 14:53:29 --> Class 'App\Libraries\Exception' not found
#0 /home/eventodigital/public_html/api_controlAccesos/app/Controllers/RestController.php(185): App\Libraries\vCard->__construct(false, 'FBMi4a0AG6SfAHg...')
#1 /home/eventodigital/public_html/api_controlAccesos/system/CodeIgniter.php(832): App\Controllers\RestController->create()
#2 /home/eventodigital/public_html/api_controlAccesos/system/CodeIgniter.php(419): CodeIgniter\CodeIgniter->runController(Object(App\Controllers\RestController))
#3 /home/eventodigital/public_html/api_controlAccesos/system/CodeIgniter.php(326): CodeIgniter\CodeIgniter->handleRequest(NULL, Object(Config\Cache), false)
#4 /home/eventodigital/public_html/api_controlAccesos/public/index.php(37): CodeIgniter\CodeIgniter->run()
#5 {main}
CRITICAL - 2023-11-10 14:53:47 --> Class 'App\Libraries\Exception' not found
#0 /home/eventodigital/public_html/api_controlAccesos/app/Controllers/RestController.php(185): App\Libraries\vCard->__construct(false, 'FBMi4a0AG7JdwGg...')
#1 /home/eventodigital/public_html/api_controlAccesos/system/CodeIgniter.php(832): App\Controllers\RestController->create()
#2 /home/eventodigital/public_html/api_controlAccesos/system/CodeIgniter.php(419): CodeIgniter\CodeIgniter->runController(Object(App\Controllers\RestController))
#3 /home/eventodigital/public_html/api_controlAccesos/system/CodeIgniter.php(326): CodeIgniter\CodeIgniter->handleRequest(NULL, Object(Config\Cache), false)
#4 /home/eventodigital/public_html/api_controlAccesos/public/index.php(37): CodeIgniter\CodeIgniter->run()
#5 {main}
CRITICAL - 2023-11-10 14:53:47 --> Class 'App\Libraries\Exception' not found
#0 /home/eventodigital/public_html/api_controlAccesos/app/Controllers/RestController.php(185): App\Libraries\vCard->__construct(false, 'FBMi4a0AG4vvgLQ...')
#1 /home/eventodigital/public_html/api_controlAccesos/system/CodeIgniter.php(832): App\Controllers\RestController->create()
#2 /home/eventodigital/public_html/api_controlAccesos/system/CodeIgniter.php(419): CodeIgniter\CodeIgniter->runController(Object(App\Controllers\RestController))
#3 /home/eventodigital/public_html/api_controlAccesos/system/CodeIgniter.php(326): CodeIgniter\CodeIgniter->handleRequest(NULL, Object(Config\Cache), false)
#4 /home/eventodigital/public_html/api_controlAccesos/public/index.php(37): CodeIgniter\CodeIgniter->run()
#5 {main}
CRITICAL - 2023-11-10 14:53:49 --> Class 'App\Libraries\Exception' not found
#0 /home/eventodigital/public_html/api_controlAccesos/app/Controllers/RestController.php(185): App\Libraries\vCard->__construct(false, 'FBMi4a0AG4vvgHg...')
#1 /home/eventodigital/public_html/api_controlAccesos/system/CodeIgniter.php(832): App\Controllers\RestController->create()
#2 /home/eventodigital/public_html/api_controlAccesos/system/CodeIgniter.php(419): CodeIgniter\CodeIgniter->runController(Object(App\Controllers\RestController))
#3 /home/eventodigital/public_html/api_controlAccesos/system/CodeIgniter.php(326): CodeIgniter\CodeIgniter->handleRequest(NULL, Object(Config\Cache), false)
#4 /home/eventodigital/public_html/api_controlAccesos/public/index.php(37): CodeIgniter\CodeIgniter->run()
#5 {main}
CRITICAL - 2023-11-10 14:54:09 --> Class 'App\Libraries\Exception' not found
#0 /home/eventodigital/public_html/api_controlAccesos/app/Controllers/RestController.php(185): App\Libraries\vCard->__construct(false, 'FBMi4a0AG6QjwHA...')
#1 /home/eventodigital/public_html/api_controlAccesos/system/CodeIgniter.php(832): App\Controllers\RestController->create()
#2 /home/eventodigital/public_html/api_controlAccesos/system/CodeIgniter.php(419): CodeIgniter\CodeIgniter->runController(Object(App\Controllers\RestController))
#3 /home/eventodigital/public_html/api_controlAccesos/system/CodeIgniter.php(326): CodeIgniter\CodeIgniter->handleRequest(NULL, Object(Config\Cache), false)
#4 /home/eventodigital/public_html/api_controlAccesos/public/index.php(37): CodeIgniter\CodeIgniter->run()
#5 {main}
CRITICAL - 2023-11-10 14:58:20 --> Class 'App\Libraries\Exception' not found
#0 /home/eventodigital/public_html/api_controlAccesos/app/Controllers/RestController.php(185): App\Libraries\vCard->__construct(false, 'FBMi4a0AG6euQLQ...')
#1 /home/eventodigital/public_html/api_controlAccesos/system/CodeIgniter.php(832): App\Controllers\RestController->create()
#2 /home/eventodigital/public_html/api_controlAccesos/system/CodeIgniter.php(419): CodeIgniter\CodeIgniter->runController(Object(App\Controllers\RestController))
#3 /home/eventodigital/public_html/api_controlAccesos/system/CodeIgniter.php(326): CodeIgniter\CodeIgniter->handleRequest(NULL, Object(Config\Cache), false)
#4 /home/eventodigital/public_html/api_controlAccesos/public/index.php(37): CodeIgniter\CodeIgniter->run()
#5 {main}
CRITICAL - 2023-11-10 14:58:28 --> Class 'App\Libraries\Exception' not found
#0 /home/eventodigital/public_html/api_controlAccesos/app/Controllers/RestController.php(185): App\Libraries\vCard->__construct(false, 'FBMi4a0AG6euQPQ...')
#1 /home/eventodigital/public_html/api_controlAccesos/system/CodeIgniter.php(832): App\Controllers\RestController->create()
#2 /home/eventodigital/public_html/api_controlAccesos/system/CodeIgniter.php(419): CodeIgniter\CodeIgniter->runController(Object(App\Controllers\RestController))
#3 /home/eventodigital/public_html/api_controlAccesos/system/CodeIgniter.php(326): CodeIgniter\CodeIgniter->handleRequest(NULL, Object(Config\Cache), false)
#4 /home/eventodigital/public_html/api_controlAccesos/public/index.php(37): CodeIgniter\CodeIgniter->run()
#5 {main}
CRITICAL - 2023-11-10 14:58:32 --> Class 'App\Libraries\Exception' not found
#0 /home/eventodigital/public_html/api_controlAccesos/app/Controllers/RestController.php(185): App\Libraries\vCard->__construct(false, 'FBMi4a0AG6euQSw...')
#1 /home/eventodigital/public_html/api_controlAccesos/system/CodeIgniter.php(832): App\Controllers\RestController->create()
#2 /home/eventodigital/public_html/api_controlAccesos/system/CodeIgniter.php(419): CodeIgniter\CodeIgniter->runController(Object(App\Controllers\RestController))
#3 /home/eventodigital/public_html/api_controlAccesos/system/CodeIgniter.php(326): CodeIgniter\CodeIgniter->handleRequest(NULL, Object(Config\Cache), false)
#4 /home/eventodigital/public_html/api_controlAccesos/public/index.php(37): CodeIgniter\CodeIgniter->run()
#5 {main}
CRITICAL - 2023-11-10 15:03:41 --> Class 'App\Libraries\Exception' not found
#0 /home/eventodigital/public_html/api_controlAccesos/app/Controllers/RestController.php(185): App\Libraries\vCard->__construct(false, 'FBMi4g0AGqqPgKw...')
#1 /home/eventodigital/public_html/api_controlAccesos/system/CodeIgniter.php(832): App\Controllers\RestController->create()
#2 /home/eventodigital/public_html/api_controlAccesos/system/CodeIgniter.php(419): CodeIgniter\CodeIgniter->runController(Object(App\Controllers\RestController))
#3 /home/eventodigital/public_html/api_controlAccesos/system/CodeIgniter.php(326): CodeIgniter\CodeIgniter->handleRequest(NULL, Object(Config\Cache), false)
#4 /home/eventodigital/public_html/api_controlAccesos/public/index.php(37): CodeIgniter\CodeIgniter->run()
#5 {main}
CRITICAL - 2023-11-10 15:08:45 --> Class 'App\Libraries\Exception' not found
#0 /home/eventodigital/public_html/api_controlAccesos/app/Controllers/RestController.php(185): App\Libraries\vCard->__construct(false, 'FBMi4g0AG0GHwHA...')
#1 /home/eventodigital/public_html/api_controlAccesos/system/CodeIgniter.php(832): App\Controllers\RestController->create()
#2 /home/eventodigital/public_html/api_controlAccesos/system/CodeIgniter.php(419): CodeIgniter\CodeIgniter->runController(Object(App\Controllers\RestController))
#3 /home/eventodigital/public_html/api_controlAccesos/system/CodeIgniter.php(326): CodeIgniter\CodeIgniter->handleRequest(NULL, Object(Config\Cache), false)
#4 /home/eventodigital/public_html/api_controlAccesos/public/index.php(37): CodeIgniter\CodeIgniter->run()
#5 {main}
CRITICAL - 2023-11-10 15:08:48 --> Class 'App\Libraries\Exception' not found
#0 /home/eventodigital/public_html/api_controlAccesos/app/Controllers/RestController.php(185): App\Libraries\vCard->__construct(false, 'FBMi4g0AG0GHwLQ...')
#1 /home/eventodigital/public_html/api_controlAccesos/system/CodeIgniter.php(832): App\Controllers\RestController->create()
#2 /home/eventodigital/public_html/api_controlAccesos/system/CodeIgniter.php(419): CodeIgniter\CodeIgniter->runController(Object(App\Controllers\RestController))
#3 /home/eventodigital/public_html/api_controlAccesos/system/CodeIgniter.php(326): CodeIgniter\CodeIgniter->handleRequest(NULL, Object(Config\Cache), false)
#4 /home/eventodigital/public_html/api_controlAccesos/public/index.php(37): CodeIgniter\CodeIgniter->run()
#5 {main}
CRITICAL - 2023-11-10 15:13:58 --> Class 'App\Libraries\Exception' not found
#0 /home/eventodigital/public_html/api_controlAccesos/app/Controllers/RestController.php(185): App\Libraries\vCard->__construct(false, 'FBMi4dYAG7RdgGw...')
#1 /home/eventodigital/public_html/api_controlAccesos/system/CodeIgniter.php(832): App\Controllers\RestController->create()
#2 /home/eventodigital/public_html/api_controlAccesos/system/CodeIgniter.php(419): CodeIgniter\CodeIgniter->runController(Object(App\Controllers\RestController))
#3 /home/eventodigital/public_html/api_controlAccesos/system/CodeIgniter.php(326): CodeIgniter\CodeIgniter->handleRequest(NULL, Object(Config\Cache), false)
#4 /home/eventodigital/public_html/api_controlAccesos/public/index.php(37): CodeIgniter\CodeIgniter->run()
#5 {main}
CRITICAL - 2023-11-10 15:14:09 --> Class 'App\Libraries\Exception' not found
#0 /home/eventodigital/public_html/api_controlAccesos/app/Controllers/RestController.php(185): App\Libraries\vCard->__construct(false, 'FBMi4dYAG7RdgLQ...')
#1 /home/eventodigital/public_html/api_controlAccesos/system/CodeIgniter.php(832): App\Controllers\RestController->create()
#2 /home/eventodigital/public_html/api_controlAccesos/system/CodeIgniter.php(419): CodeIgniter\CodeIgniter->runController(Object(App\Controllers\RestController))
#3 /home/eventodigital/public_html/api_controlAccesos/system/CodeIgniter.php(326): CodeIgniter\CodeIgniter->handleRequest(NULL, Object(Config\Cache), false)
#4 /home/eventodigital/public_html/api_controlAccesos/public/index.php(37): CodeIgniter\CodeIgniter->run()
#5 {main}
CRITICAL - 2023-11-10 15:14:13 --> Class 'App\Libraries\Exception' not found
#0 /home/eventodigital/public_html/api_controlAccesos/app/Controllers/RestController.php(185): App\Libraries\vCard->__construct(false, 'FBMi4dYAG7RdgPQ...')
#1 /home/eventodigital/public_html/api_controlAccesos/system/CodeIgniter.php(832): App\Controllers\RestController->create()
#2 /home/eventodigital/public_html/api_controlAccesos/system/CodeIgniter.php(419): CodeIgniter\CodeIgniter->runController(Object(App\Controllers\RestController))
#3 /home/eventodigital/public_html/api_controlAccesos/system/CodeIgniter.php(326): CodeIgniter\CodeIgniter->handleRequest(NULL, Object(Config\Cache), false)
#4 /home/eventodigital/public_html/api_controlAccesos/public/index.php(37): CodeIgniter\CodeIgniter->run()
#5 {main}
CRITICAL - 2023-11-10 15:14:24 --> Class 'App\Libraries\Exception' not found
#0 /home/eventodigital/public_html/api_controlAccesos/app/Controllers/RestController.php(185): App\Libraries\vCard->__construct(false, 'FBMi4dYAG7RdgSg...')
#1 /home/eventodigital/public_html/api_controlAccesos/system/CodeIgniter.php(832): App\Controllers\RestController->create()
#2 /home/eventodigital/public_html/api_controlAccesos/system/CodeIgniter.php(419): CodeIgniter\CodeIgniter->runController(Object(App\Controllers\RestController))
#3 /home/eventodigital/public_html/api_controlAccesos/system/CodeIgniter.php(326): CodeIgniter\CodeIgniter->handleRequest(NULL, Object(Config\Cache), false)
#4 /home/eventodigital/public_html/api_controlAccesos/public/index.php(37): CodeIgniter\CodeIgniter->run()
#5 {main}
CRITICAL - 2023-11-10 15:15:03 --> Class 'App\Libraries\Exception' not found
#0 /home/eventodigital/public_html/api_controlAccesos/app/Controllers/RestController.php(185): App\Libraries\vCard->__construct(false, 'FBMi4a0AG6WdwGQ...')
#1 /home/eventodigital/public_html/api_controlAccesos/system/CodeIgniter.php(832): App\Controllers\RestController->create()
#2 /home/eventodigital/public_html/api_controlAccesos/system/CodeIgniter.php(419): CodeIgniter\CodeIgniter->runController(Object(App\Controllers\RestController))
#3 /home/eventodigital/public_html/api_controlAccesos/system/CodeIgniter.php(326): CodeIgniter\CodeIgniter->handleRequest(NULL, Object(Config\Cache), false)
#4 /home/eventodigital/public_html/api_controlAccesos/public/index.php(37): CodeIgniter\CodeIgniter->run()
#5 {main}
CRITICAL - 2023-11-10 15:17:24 --> Class 'App\Libraries\Exception' not found
#0 /home/eventodigital/public_html/api_controlAccesos/app/Controllers/RestController.php(185): App\Libraries\vCard->__construct(false, 'FBMi4a0AG585QHw...')
#1 /home/eventodigital/public_html/api_controlAccesos/system/CodeIgniter.php(832): App\Controllers\RestController->create()
#2 /home/eventodigital/public_html/api_controlAccesos/system/CodeIgniter.php(419): CodeIgniter\CodeIgniter->runController(Object(App\Controllers\RestController))
#3 /home/eventodigital/public_html/api_controlAccesos/system/CodeIgniter.php(326): CodeIgniter\CodeIgniter->handleRequest(NULL, Object(Config\Cache), false)
#4 /home/eventodigital/public_html/api_controlAccesos/public/index.php(37): CodeIgniter\CodeIgniter->run()
#5 {main}
CRITICAL - 2023-11-10 15:17:29 --> Class 'App\Libraries\Exception' not found
#0 /home/eventodigital/public_html/api_controlAccesos/app/Controllers/RestController.php(185): App\Libraries\vCard->__construct(false, 'FBMi4a0AG585QKg...')
#1 /home/eventodigital/public_html/api_controlAccesos/system/CodeIgniter.php(832): App\Controllers\RestController->create()
#2 /home/eventodigital/public_html/api_controlAccesos/system/CodeIgniter.php(419): CodeIgniter\CodeIgniter->runController(Object(App\Controllers\RestController))
#3 /home/eventodigital/public_html/api_controlAccesos/system/CodeIgniter.php(326): CodeIgniter\CodeIgniter->handleRequest(NULL, Object(Config\Cache), false)
#4 /home/eventodigital/public_html/api_controlAccesos/public/index.php(37): CodeIgniter\CodeIgniter->run()
#5 {main}
CRITICAL - 2023-11-10 15:17:31 --> Class 'App\Libraries\Exception' not found
#0 /home/eventodigital/public_html/api_controlAccesos/app/Controllers/RestController.php(185): App\Libraries\vCard->__construct(false, 'FBMi4a0AG585QKg...')
#1 /home/eventodigital/public_html/api_controlAccesos/system/CodeIgniter.php(832): App\Controllers\RestController->create()
#2 /home/eventodigital/public_html/api_controlAccesos/system/CodeIgniter.php(419): CodeIgniter\CodeIgniter->runController(Object(App\Controllers\RestController))
#3 /home/eventodigital/public_html/api_controlAccesos/system/CodeIgniter.php(326): CodeIgniter\CodeIgniter->handleRequest(NULL, Object(Config\Cache), false)
#4 /home/eventodigital/public_html/api_controlAccesos/public/index.php(37): CodeIgniter\CodeIgniter->run()
#5 {main}
CRITICAL - 2023-11-10 15:17:38 --> Class 'App\Libraries\Exception' not found
#0 /home/eventodigital/public_html/api_controlAccesos/app/Controllers/RestController.php(185): App\Libraries\vCard->__construct(false, 'FBMi4a0AG6GXAGg...')
#1 /home/eventodigital/public_html/api_controlAccesos/system/CodeIgniter.php(832): App\Controllers\RestController->create()
#2 /home/eventodigital/public_html/api_controlAccesos/system/CodeIgniter.php(419): CodeIgniter\CodeIgniter->runController(Object(App\Controllers\RestController))
#3 /home/eventodigital/public_html/api_controlAccesos/system/CodeIgniter.php(326): CodeIgniter\CodeIgniter->handleRequest(NULL, Object(Config\Cache), false)
#4 /home/eventodigital/public_html/api_controlAccesos/public/index.php(37): CodeIgniter\CodeIgniter->run()
#5 {main}
CRITICAL - 2023-11-10 15:20:14 --> Class 'App\Libraries\Exception' not found
#0 /home/eventodigital/public_html/api_controlAccesos/app/Controllers/RestController.php(185): App\Libraries\vCard->__construct(false, 'FBMi4a0AG5TdwHg...')
#1 /home/eventodigital/public_html/api_controlAccesos/system/CodeIgniter.php(832): App\Controllers\RestController->create()
#2 /home/eventodigital/public_html/api_controlAccesos/system/CodeIgniter.php(419): CodeIgniter\CodeIgniter->runController(Object(App\Controllers\RestController))
#3 /home/eventodigital/public_html/api_controlAccesos/system/CodeIgniter.php(326): CodeIgniter\CodeIgniter->handleRequest(NULL, Object(Config\Cache), false)
#4 /home/eventodigital/public_html/api_controlAccesos/public/index.php(37): CodeIgniter\CodeIgniter->run()
#5 {main}
CRITICAL - 2023-11-10 15:24:01 --> Class 'App\Libraries\Exception' not found
#0 /home/eventodigital/public_html/api_controlAccesos/app/Controllers/RestController.php(185): App\Libraries\vCard->__construct(false, 'FBMi442AG7AOQPg...')
#1 /home/eventodigital/public_html/api_controlAccesos/system/CodeIgniter.php(832): App\Controllers\RestController->create()
#2 /home/eventodigital/public_html/api_controlAccesos/system/CodeIgniter.php(419): CodeIgniter\CodeIgniter->runController(Object(App\Controllers\RestController))
#3 /home/eventodigital/public_html/api_controlAccesos/system/CodeIgniter.php(326): CodeIgniter\CodeIgniter->handleRequest(NULL, Object(Config\Cache), false)
#4 /home/eventodigital/public_html/api_controlAccesos/public/index.php(37): CodeIgniter\CodeIgniter->run()
#5 {main}
CRITICAL - 2023-11-10 15:24:04 --> Class 'App\Libraries\Exception' not found
#0 /home/eventodigital/public_html/api_controlAccesos/app/Controllers/RestController.php(185): App\Libraries\vCard->__construct(false, 'FBMi442AG7AOQKg...')
#1 /home/eventodigital/public_html/api_controlAccesos/system/CodeIgniter.php(832): App\Controllers\RestController->create()
#2 /home/eventodigital/public_html/api_controlAccesos/system/CodeIgniter.php(419): CodeIgniter\CodeIgniter->runController(Object(App\Controllers\RestController))
#3 /home/eventodigital/public_html/api_controlAccesos/system/CodeIgniter.php(326): CodeIgniter\CodeIgniter->handleRequest(NULL, Object(Config\Cache), false)
#4 /home/eventodigital/public_html/api_controlAccesos/public/index.php(37): CodeIgniter\CodeIgniter->run()
#5 {main}
CRITICAL - 2023-11-10 15:24:09 --> Class 'App\Libraries\Exception' not found
#0 /home/eventodigital/public_html/api_controlAccesos/app/Controllers/RestController.php(185): App\Libraries\vCard->__construct(false, 'FBMi442AG7AOQGQ...')
#1 /home/eventodigital/public_html/api_controlAccesos/system/CodeIgniter.php(832): App\Controllers\RestController->create()
#2 /home/eventodigital/public_html/api_controlAccesos/system/CodeIgniter.php(419): CodeIgniter\CodeIgniter->runController(Object(App\Controllers\RestController))
#3 /home/eventodigital/public_html/api_controlAccesos/system/CodeIgniter.php(326): CodeIgniter\CodeIgniter->handleRequest(NULL, Object(Config\Cache), false)
#4 /home/eventodigital/public_html/api_controlAccesos/public/index.php(37): CodeIgniter\CodeIgniter->run()
#5 {main}
CRITICAL - 2023-11-10 15:27:08 --> Class 'App\Libraries\Exception' not found
#0 /home/eventodigital/public_html/api_controlAccesos/app/Controllers/RestController.php(185): App\Libraries\vCard->__construct(false, 'FBMi4a0AG6A8wHg...')
#1 /home/eventodigital/public_html/api_controlAccesos/system/CodeIgniter.php(832): App\Controllers\RestController->create()
#2 /home/eventodigital/public_html/api_controlAccesos/system/CodeIgniter.php(419): CodeIgniter\CodeIgniter->runController(Object(App\Controllers\RestController))
#3 /home/eventodigital/public_html/api_controlAccesos/system/CodeIgniter.php(326): CodeIgniter\CodeIgniter->handleRequest(NULL, Object(Config\Cache), false)
#4 /home/eventodigital/public_html/api_controlAccesos/public/index.php(37): CodeIgniter\CodeIgniter->run()
#5 {main}
CRITICAL - 2023-11-10 15:27:21 --> Class 'App\Libraries\Exception' not found
#0 /home/eventodigital/public_html/api_controlAccesos/app/Controllers/RestController.php(185): App\Libraries\vCard->__construct(false, 'FBMi4a0AG6jPQHw...')
#1 /home/eventodigital/public_html/api_controlAccesos/system/CodeIgniter.php(832): App\Controllers\RestController->create()
#2 /home/eventodigital/public_html/api_controlAccesos/system/CodeIgniter.php(419): CodeIgniter\CodeIgniter->runController(Object(App\Controllers\RestController))
#3 /home/eventodigital/public_html/api_controlAccesos/system/CodeIgniter.php(326): CodeIgniter\CodeIgniter->handleRequest(NULL, Object(Config\Cache), false)
#4 /home/eventodigital/public_html/api_controlAccesos/public/index.php(37): CodeIgniter\CodeIgniter->run()
#5 {main}
CRITICAL - 2023-11-10 15:28:04 --> Class 'App\Libraries\Exception' not found
#0 /home/eventodigital/public_html/api_controlAccesos/app/Controllers/RestController.php(185): App\Libraries\vCard->__construct(false, 'FBMi4a0AG6yYAHA...')
#1 /home/eventodigital/public_html/api_controlAccesos/system/CodeIgniter.php(832): App\Controllers\RestController->create()
#2 /home/eventodigital/public_html/api_controlAccesos/system/CodeIgniter.php(419): CodeIgniter\CodeIgniter->runController(Object(App\Controllers\RestController))
#3 /home/eventodigital/public_html/api_controlAccesos/system/CodeIgniter.php(326): CodeIgniter\CodeIgniter->handleRequest(NULL, Object(Config\Cache), false)
#4 /home/eventodigital/public_html/api_controlAccesos/public/index.php(37): CodeIgniter\CodeIgniter->run()
#5 {main}
CRITICAL - 2023-11-10 15:28:07 --> Class 'App\Libraries\Exception' not found
#0 /home/eventodigital/public_html/api_controlAccesos/app/Controllers/RestController.php(185): App\Libraries\vCard->__construct(false, 'FBMi4a0AG6yYALQ...')
#1 /home/eventodigital/public_html/api_controlAccesos/system/CodeIgniter.php(832): App\Controllers\RestController->create()
#2 /home/eventodigital/public_html/api_controlAccesos/system/CodeIgniter.php(419): CodeIgniter\CodeIgniter->runController(Object(App\Controllers\RestController))
#3 /home/eventodigital/public_html/api_controlAccesos/system/CodeIgniter.php(326): CodeIgniter\CodeIgniter->handleRequest(NULL, Object(Config\Cache), false)
#4 /home/eventodigital/public_html/api_controlAccesos/public/index.php(37): CodeIgniter\CodeIgniter->run()
#5 {main}
CRITICAL - 2023-11-10 15:32:37 --> Class 'App\Libraries\Exception' not found
#0 /home/eventodigital/public_html/api_controlAccesos/app/Controllers/RestController.php(185): App\Libraries\vCard->__construct(false, 'FBMi4a0AG5UHAHw...')
#1 /home/eventodigital/public_html/api_controlAccesos/system/CodeIgniter.php(832): App\Controllers\RestController->create()
#2 /home/eventodigital/public_html/api_controlAccesos/system/CodeIgniter.php(419): CodeIgniter\CodeIgniter->runController(Object(App\Controllers\RestController))
#3 /home/eventodigital/public_html/api_controlAccesos/system/CodeIgniter.php(326): CodeIgniter\CodeIgniter->handleRequest(NULL, Object(Config\Cache), false)
#4 /home/eventodigital/public_html/api_controlAccesos/public/index.php(37): CodeIgniter\CodeIgniter->run()
#5 {main}
CRITICAL - 2023-11-10 15:32:40 --> Class 'App\Libraries\Exception' not found
#0 /home/eventodigital/public_html/api_controlAccesos/app/Controllers/RestController.php(185): App\Libraries\vCard->__construct(false, 'FBMi4a0AG5UHAKg...')
#1 /home/eventodigital/public_html/api_controlAccesos/system/CodeIgniter.php(832): App\Controllers\RestController->create()
#2 /home/eventodigital/public_html/api_controlAccesos/system/CodeIgniter.php(419): CodeIgniter\CodeIgniter->runController(Object(App\Controllers\RestController))
#3 /home/eventodigital/public_html/api_controlAccesos/system/CodeIgniter.php(326): CodeIgniter\CodeIgniter->handleRequest(NULL, Object(Config\Cache), false)
#4 /home/eventodigital/public_html/api_controlAccesos/public/index.php(37): CodeIgniter\CodeIgniter->run()
#5 {main}
CRITICAL - 2023-11-10 15:32:44 --> Class 'App\Libraries\Exception' not found
#0 /home/eventodigital/public_html/api_controlAccesos/app/Controllers/RestController.php(185): App\Libraries\vCard->__construct(false, 'FBMi4a0AG5UHAPA...')
#1 /home/eventodigital/public_html/api_controlAccesos/system/CodeIgniter.php(832): App\Controllers\RestController->create()
#2 /home/eventodigital/public_html/api_controlAccesos/system/CodeIgniter.php(419): CodeIgniter\CodeIgniter->runController(Object(App\Controllers\RestController))
#3 /home/eventodigital/public_html/api_controlAccesos/system/CodeIgniter.php(326): CodeIgniter\CodeIgniter->handleRequest(NULL, Object(Config\Cache), false)
#4 /home/eventodigital/public_html/api_controlAccesos/public/index.php(37): CodeIgniter\CodeIgniter->run()
#5 {main}
CRITICAL - 2023-11-10 15:34:13 --> Class 'App\Libraries\Exception' not found
#0 /home/eventodigital/public_html/api_controlAccesos/app/Controllers/RestController.php(185): App\Libraries\vCard->__construct(false, 'FBMi4a0AG425gHw...')
#1 /home/eventodigital/public_html/api_controlAccesos/system/CodeIgniter.php(832): App\Controllers\RestController->create()
#2 /home/eventodigital/public_html/api_controlAccesos/system/CodeIgniter.php(419): CodeIgniter\CodeIgniter->runController(Object(App\Controllers\RestController))
#3 /home/eventodigital/public_html/api_controlAccesos/system/CodeIgniter.php(326): CodeIgniter\CodeIgniter->handleRequest(NULL, Object(Config\Cache), false)
#4 /home/eventodigital/public_html/api_controlAccesos/public/index.php(37): CodeIgniter\CodeIgniter->run()
#5 {main}
CRITICAL - 2023-11-10 15:34:16 --> Class 'App\Libraries\Exception' not found
#0 /home/eventodigital/public_html/api_controlAccesos/app/Controllers/RestController.php(185): App\Libraries\vCard->__construct(false, 'FBMi4a0AG425gLw...')
#1 /home/eventodigital/public_html/api_controlAccesos/system/CodeIgniter.php(832): App\Controllers\RestController->create()
#2 /home/eventodigital/public_html/api_controlAccesos/system/CodeIgniter.php(419): CodeIgniter\CodeIgniter->runController(Object(App\Controllers\RestController))
#3 /home/eventodigital/public_html/api_controlAccesos/system/CodeIgniter.php(326): CodeIgniter\CodeIgniter->handleRequest(NULL, Object(Config\Cache), false)
#4 /home/eventodigital/public_html/api_controlAccesos/public/index.php(37): CodeIgniter\CodeIgniter->run()
#5 {main}
CRITICAL - 2023-11-10 15:34:47 --> Class 'App\Libraries\Exception' not found
#0 /home/eventodigital/public_html/api_controlAccesos/app/Controllers/RestController.php(185): App\Libraries\vCard->__construct(false, 'FBMi4a0AG7BKgGQ...')
#1 /home/eventodigital/public_html/api_controlAccesos/system/CodeIgniter.php(832): App\Controllers\RestController->create()
#2 /home/eventodigital/public_html/api_controlAccesos/system/CodeIgniter.php(419): CodeIgniter\CodeIgniter->runController(Object(App\Controllers\RestController))
#3 /home/eventodigital/public_html/api_controlAccesos/system/CodeIgniter.php(326): CodeIgniter\CodeIgniter->handleRequest(NULL, Object(Config\Cache), false)
#4 /home/eventodigital/public_html/api_controlAccesos/public/index.php(37): CodeIgniter\CodeIgniter->run()
#5 {main}
CRITICAL - 2023-11-10 15:34:52 --> Class 'App\Libraries\Exception' not found
#0 /home/eventodigital/public_html/api_controlAccesos/app/Controllers/RestController.php(185): App\Libraries\vCard->__construct(false, 'FBMi4a0AG6acgHQ...')
#1 /home/eventodigital/public_html/api_controlAccesos/system/CodeIgniter.php(832): App\Controllers\RestController->create()
#2 /home/eventodigital/public_html/api_controlAccesos/system/CodeIgniter.php(419): CodeIgniter\CodeIgniter->runController(Object(App\Controllers\RestController))
#3 /home/eventodigital/public_html/api_controlAccesos/system/CodeIgniter.php(326): CodeIgniter\CodeIgniter->handleRequest(NULL, Object(Config\Cache), false)
#4 /home/eventodigital/public_html/api_controlAccesos/public/index.php(37): CodeIgniter\CodeIgniter->run()
#5 {main}
CRITICAL - 2023-11-10 15:34:56 --> Class 'App\Libraries\Exception' not found
#0 /home/eventodigital/public_html/api_controlAccesos/app/Controllers/RestController.php(185): App\Libraries\vCard->__construct(false, 'FBMi4a0AG7BKgLg...')
#1 /home/eventodigital/public_html/api_controlAccesos/system/CodeIgniter.php(832): App\Controllers\RestController->create()
#2 /home/eventodigital/public_html/api_controlAccesos/system/CodeIgniter.php(419): CodeIgniter\CodeIgniter->runController(Object(App\Controllers\RestController))
#3 /home/eventodigital/public_html/api_controlAccesos/system/CodeIgniter.php(326): CodeIgniter\CodeIgniter->handleRequest(NULL, Object(Config\Cache), false)
#4 /home/eventodigital/public_html/api_controlAccesos/public/index.php(37): CodeIgniter\CodeIgniter->run()
#5 {main}
CRITICAL - 2023-11-10 15:35:12 --> Class 'App\Libraries\Exception' not found
#0 /home/eventodigital/public_html/api_controlAccesos/app/Controllers/RestController.php(185): App\Libraries\vCard->__construct(false, 'FBMi4a0AG6Q0wGQ...')
#1 /home/eventodigital/public_html/api_controlAccesos/system/CodeIgniter.php(832): App\Controllers\RestController->create()
#2 /home/eventodigital/public_html/api_controlAccesos/system/CodeIgniter.php(419): CodeIgniter\CodeIgniter->runController(Object(App\Controllers\RestController))
#3 /home/eventodigital/public_html/api_controlAccesos/system/CodeIgniter.php(326): CodeIgniter\CodeIgniter->handleRequest(NULL, Object(Config\Cache), false)
#4 /home/eventodigital/public_html/api_controlAccesos/public/index.php(37): CodeIgniter\CodeIgniter->run()
#5 {main}
CRITICAL - 2023-11-10 15:35:26 --> Class 'App\Libraries\Exception' not found
#0 /home/eventodigital/public_html/api_controlAccesos/app/Controllers/RestController.php(185): App\Libraries\vCard->__construct(false, 'FBMi4a0AG6Q0wLQ...')
#1 /home/eventodigital/public_html/api_controlAccesos/system/CodeIgniter.php(832): App\Controllers\RestController->create()
#2 /home/eventodigital/public_html/api_controlAccesos/system/CodeIgniter.php(419): CodeIgniter\CodeIgniter->runController(Object(App\Controllers\RestController))
#3 /home/eventodigital/public_html/api_controlAccesos/system/CodeIgniter.php(326): CodeIgniter\CodeIgniter->handleRequest(NULL, Object(Config\Cache), false)
#4 /home/eventodigital/public_html/api_controlAccesos/public/index.php(37): CodeIgniter\CodeIgniter->run()
#5 {main}
CRITICAL - 2023-11-10 15:36:30 --> Class 'App\Libraries\Exception' not found
#0 /home/eventodigital/public_html/api_controlAccesos/app/Controllers/RestController.php(185): App\Libraries\vCard->__construct(false, 'FBMi4a0AG65bwHQ...')
#1 /home/eventodigital/public_html/api_controlAccesos/system/CodeIgniter.php(832): App\Controllers\RestController->create()
#2 /home/eventodigital/public_html/api_controlAccesos/system/CodeIgniter.php(419): CodeIgniter\CodeIgniter->runController(Object(App\Controllers\RestController))
#3 /home/eventodigital/public_html/api_controlAccesos/system/CodeIgniter.php(326): CodeIgniter\CodeIgniter->handleRequest(NULL, Object(Config\Cache), false)
#4 /home/eventodigital/public_html/api_controlAccesos/public/index.php(37): CodeIgniter\CodeIgniter->run()
#5 {main}
CRITICAL - 2023-11-10 15:45:24 --> Class 'App\Libraries\Exception' not found
#0 /home/eventodigital/public_html/api_controlAccesos/app/Controllers/RestController.php(185): App\Libraries\vCard->__construct(false, 'FBMi4dYAG7QKQGw...')
#1 /home/eventodigital/public_html/api_controlAccesos/system/CodeIgniter.php(832): App\Controllers\RestController->create()
#2 /home/eventodigital/public_html/api_controlAccesos/system/CodeIgniter.php(419): CodeIgniter\CodeIgniter->runController(Object(App\Controllers\RestController))
#3 /home/eventodigital/public_html/api_controlAccesos/system/CodeIgniter.php(326): CodeIgniter\CodeIgniter->handleRequest(NULL, Object(Config\Cache), false)
#4 /home/eventodigital/public_html/api_controlAccesos/public/index.php(37): CodeIgniter\CodeIgniter->run()
#5 {main}
CRITICAL - 2023-11-10 15:45:32 --> Class 'App\Libraries\Exception' not found
#0 /home/eventodigital/public_html/api_controlAccesos/app/Controllers/RestController.php(185): App\Libraries\vCard->__construct(false, 'FBMi4dYAG7QKQGw...')
#1 /home/eventodigital/public_html/api_controlAccesos/system/CodeIgniter.php(832): App\Controllers\RestController->create()
#2 /home/eventodigital/public_html/api_controlAccesos/system/CodeIgniter.php(419): CodeIgniter\CodeIgniter->runController(Object(App\Controllers\RestController))
#3 /home/eventodigital/public_html/api_controlAccesos/system/CodeIgniter.php(326): CodeIgniter\CodeIgniter->handleRequest(NULL, Object(Config\Cache), false)
#4 /home/eventodigital/public_html/api_controlAccesos/public/index.php(37): CodeIgniter\CodeIgniter->run()
#5 {main}
CRITICAL - 2023-11-10 15:46:26 --> Class 'App\Libraries\Exception' not found
#0 /home/eventodigital/public_html/api_controlAccesos/app/Controllers/RestController.php(185): App\Libraries\vCard->__construct(false, 'FBMi4a0AG7KjAGw...')
#1 /home/eventodigital/public_html/api_controlAccesos/system/CodeIgniter.php(832): App\Controllers\RestController->create()
#2 /home/eventodigital/public_html/api_controlAccesos/system/CodeIgniter.php(419): CodeIgniter\CodeIgniter->runController(Object(App\Controllers\RestController))
#3 /home/eventodigital/public_html/api_controlAccesos/system/CodeIgniter.php(326): CodeIgniter\CodeIgniter->handleRequest(NULL, Object(Config\Cache), false)
#4 /home/eventodigital/public_html/api_controlAccesos/public/index.php(37): CodeIgniter\CodeIgniter->run()
#5 {main}
CRITICAL - 2023-11-10 15:46:29 --> Class 'App\Libraries\Exception' not found
#0 /home/eventodigital/public_html/api_controlAccesos/app/Controllers/RestController.php(185): App\Libraries\vCard->__construct(false, 'FBMi4a0AG7KjALw...')
#1 /home/eventodigital/public_html/api_controlAccesos/system/CodeIgniter.php(832): App\Controllers\RestController->create()
#2 /home/eventodigital/public_html/api_controlAccesos/system/CodeIgniter.php(419): CodeIgniter\CodeIgniter->runController(Object(App\Controllers\RestController))
#3 /home/eventodigital/public_html/api_controlAccesos/system/CodeIgniter.php(326): CodeIgniter\CodeIgniter->handleRequest(NULL, Object(Config\Cache), false)
#4 /home/eventodigital/public_html/api_controlAccesos/public/index.php(37): CodeIgniter\CodeIgniter->run()
#5 {main}
CRITICAL - 2023-11-10 15:47:54 --> Class 'App\Libraries\Exception' not found
#0 /home/eventodigital/public_html/api_controlAccesos/app/Controllers/RestController.php(185): App\Libraries\vCard->__construct(false, 'FBMi4a0AG7EpAGw...')
#1 /home/eventodigital/public_html/api_controlAccesos/system/CodeIgniter.php(832): App\Controllers\RestController->create()
#2 /home/eventodigital/public_html/api_controlAccesos/system/CodeIgniter.php(419): CodeIgniter\CodeIgniter->runController(Object(App\Controllers\RestController))
#3 /home/eventodigital/public_html/api_controlAccesos/system/CodeIgniter.php(326): CodeIgniter\CodeIgniter->handleRequest(NULL, Object(Config\Cache), false)
#4 /home/eventodigital/public_html/api_controlAccesos/public/index.php(37): CodeIgniter\CodeIgniter->run()
#5 {main}
CRITICAL - 2023-11-10 15:47:57 --> Class 'App\Libraries\Exception' not found
#0 /home/eventodigital/public_html/api_controlAccesos/app/Controllers/RestController.php(185): App\Libraries\vCard->__construct(false, 'FBMi4a0AG7EpAKg...')
#1 /home/eventodigital/public_html/api_controlAccesos/system/CodeIgniter.php(832): App\Controllers\RestController->create()
#2 /home/eventodigital/public_html/api_controlAccesos/system/CodeIgniter.php(419): CodeIgniter\CodeIgniter->runController(Object(App\Controllers\RestController))
#3 /home/eventodigital/public_html/api_controlAccesos/system/CodeIgniter.php(326): CodeIgniter\CodeIgniter->handleRequest(NULL, Object(Config\Cache), false)
#4 /home/eventodigital/public_html/api_controlAccesos/public/index.php(37): CodeIgniter\CodeIgniter->run()
#5 {main}
CRITICAL - 2023-11-10 15:49:14 --> Class 'App\Libraries\Exception' not found
#0 /home/eventodigital/public_html/api_controlAccesos/app/Controllers/RestController.php(185): App\Libraries\vCard->__construct(false, 'FBMi4a0AG7AJAGw...')
#1 /home/eventodigital/public_html/api_controlAccesos/system/CodeIgniter.php(832): App\Controllers\RestController->create()
#2 /home/eventodigital/public_html/api_controlAccesos/system/CodeIgniter.php(419): CodeIgniter\CodeIgniter->runController(Object(App\Controllers\RestController))
#3 /home/eventodigital/public_html/api_controlAccesos/system/CodeIgniter.php(326): CodeIgniter\CodeIgniter->handleRequest(NULL, Object(Config\Cache), false)
#4 /home/eventodigital/public_html/api_controlAccesos/public/index.php(37): CodeIgniter\CodeIgniter->run()
#5 {main}
CRITICAL - 2023-11-10 15:49:18 --> Class 'App\Libraries\Exception' not found
#0 /home/eventodigital/public_html/api_controlAccesos/app/Controllers/RestController.php(185): App\Libraries\vCard->__construct(false, 'FBMi4a0AG7AJAKw...')
#1 /home/eventodigital/public_html/api_controlAccesos/system/CodeIgniter.php(832): App\Controllers\RestController->create()
#2 /home/eventodigital/public_html/api_controlAccesos/system/CodeIgniter.php(419): CodeIgniter\CodeIgniter->runController(Object(App\Controllers\RestController))
#3 /home/eventodigital/public_html/api_controlAccesos/system/CodeIgniter.php(326): CodeIgniter\CodeIgniter->handleRequest(NULL, Object(Config\Cache), false)
#4 /home/eventodigital/public_html/api_controlAccesos/public/index.php(37): CodeIgniter\CodeIgniter->run()
#5 {main}
CRITICAL - 2023-11-10 15:49:22 --> Class 'App\Libraries\Exception' not found
#0 /home/eventodigital/public_html/api_controlAccesos/app/Controllers/RestController.php(185): App\Libraries\vCard->__construct(false, 'FBMi4a0AG7AJAKw...')
#1 /home/eventodigital/public_html/api_controlAccesos/system/CodeIgniter.php(832): App\Controllers\RestController->create()
#2 /home/eventodigital/public_html/api_controlAccesos/system/CodeIgniter.php(419): CodeIgniter\CodeIgniter->runController(Object(App\Controllers\RestController))
#3 /home/eventodigital/public_html/api_controlAccesos/system/CodeIgniter.php(326): CodeIgniter\CodeIgniter->handleRequest(NULL, Object(Config\Cache), false)
#4 /home/eventodigital/public_html/api_controlAccesos/public/index.php(37): CodeIgniter\CodeIgniter->run()
#5 {main}
CRITICAL - 2023-11-10 15:49:29 --> Class 'App\Libraries\Exception' not found
#0 /home/eventodigital/public_html/api_controlAccesos/app/Controllers/RestController.php(185): App\Libraries\vCard->__construct(false, 'FBMi4a0AG7AJAPQ...')
#1 /home/eventodigital/public_html/api_controlAccesos/system/CodeIgniter.php(832): App\Controllers\RestController->create()
#2 /home/eventodigital/public_html/api_controlAccesos/system/CodeIgniter.php(419): CodeIgniter\CodeIgniter->runController(Object(App\Controllers\RestController))
#3 /home/eventodigital/public_html/api_controlAccesos/system/CodeIgniter.php(326): CodeIgniter\CodeIgniter->handleRequest(NULL, Object(Config\Cache), false)
#4 /home/eventodigital/public_html/api_controlAccesos/public/index.php(37): CodeIgniter\CodeIgniter->run()
#5 {main}
CRITICAL - 2023-11-10 15:59:40 --> Class 'App\Libraries\Exception' not found
#0 /home/eventodigital/public_html/api_controlAccesos/app/Controllers/RestController.php(185): App\Libraries\vCard->__construct(false, 'FBMi4dYAG7TpgHA...')
#1 /home/eventodigital/public_html/api_controlAccesos/system/CodeIgniter.php(832): App\Controllers\RestController->create()
#2 /home/eventodigital/public_html/api_controlAccesos/system/CodeIgniter.php(419): CodeIgniter\CodeIgniter->runController(Object(App\Controllers\RestController))
#3 /home/eventodigital/public_html/api_controlAccesos/system/CodeIgniter.php(326): CodeIgniter\CodeIgniter->handleRequest(NULL, Object(Config\Cache), false)
#4 /home/eventodigital/public_html/api_controlAccesos/public/index.php(37): CodeIgniter\CodeIgniter->run()
#5 {main}
CRITICAL - 2023-11-10 16:00:05 --> Class 'App\Libraries\Exception' not found
#0 /home/eventodigital/public_html/api_controlAccesos/app/Controllers/RestController.php(185): App\Libraries\vCard->__construct(false, 'FBMi4a0AG68IQGg...')
#1 /home/eventodigital/public_html/api_controlAccesos/system/CodeIgniter.php(832): App\Controllers\RestController->create()
#2 /home/eventodigital/public_html/api_controlAccesos/system/CodeIgniter.php(419): CodeIgniter\CodeIgniter->runController(Object(App\Controllers\RestController))
#3 /home/eventodigital/public_html/api_controlAccesos/system/CodeIgniter.php(326): CodeIgniter\CodeIgniter->handleRequest(NULL, Object(Config\Cache), false)
#4 /home/eventodigital/public_html/api_controlAccesos/public/index.php(37): CodeIgniter\CodeIgniter->run()
#5 {main}
CRITICAL - 2023-11-10 16:00:18 --> Class 'App\Libraries\Exception' not found
#0 /home/eventodigital/public_html/api_controlAccesos/app/Controllers/RestController.php(185): App\Libraries\vCard->__construct(false, 'FBMi4dYAG7TngGw...')
#1 /home/eventodigital/public_html/api_controlAccesos/system/CodeIgniter.php(832): App\Controllers\RestController->create()
#2 /home/eventodigital/public_html/api_controlAccesos/system/CodeIgniter.php(419): CodeIgniter\CodeIgniter->runController(Object(App\Controllers\RestController))
#3 /home/eventodigital/public_html/api_controlAccesos/system/CodeIgniter.php(326): CodeIgniter\CodeIgniter->handleRequest(NULL, Object(Config\Cache), false)
#4 /home/eventodigital/public_html/api_controlAccesos/public/index.php(37): CodeIgniter\CodeIgniter->run()
#5 {main}
CRITICAL - 2023-11-10 16:00:51 --> Class 'App\Libraries\Exception' not found
#0 /home/eventodigital/public_html/api_controlAccesos/app/Controllers/RestController.php(185): App\Libraries\vCard->__construct(false, 'FBMi4a0AG6-VwGg...')
#1 /home/eventodigital/public_html/api_controlAccesos/system/CodeIgniter.php(832): App\Controllers\RestController->create()
#2 /home/eventodigital/public_html/api_controlAccesos/system/CodeIgniter.php(419): CodeIgniter\CodeIgniter->runController(Object(App\Controllers\RestController))
#3 /home/eventodigital/public_html/api_controlAccesos/system/CodeIgniter.php(326): CodeIgniter\CodeIgniter->handleRequest(NULL, Object(Config\Cache), false)
#4 /home/eventodigital/public_html/api_controlAccesos/public/index.php(37): CodeIgniter\CodeIgniter->run()
#5 {main}
CRITICAL - 2023-11-10 16:00:58 --> Class 'App\Libraries\Exception' not found
#0 /home/eventodigital/public_html/api_controlAccesos/app/Controllers/RestController.php(185): App\Libraries\vCard->__construct(false, 'FBMi4a0AG6ZKwGw...')
#1 /home/eventodigital/public_html/api_controlAccesos/system/CodeIgniter.php(832): App\Controllers\RestController->create()
#2 /home/eventodigital/public_html/api_controlAccesos/system/CodeIgniter.php(419): CodeIgniter\CodeIgniter->runController(Object(App\Controllers\RestController))
#3 /home/eventodigital/public_html/api_controlAccesos/system/CodeIgniter.php(326): CodeIgniter\CodeIgniter->handleRequest(NULL, Object(Config\Cache), false)
#4 /home/eventodigital/public_html/api_controlAccesos/public/index.php(37): CodeIgniter\CodeIgniter->run()
#5 {main}
CRITICAL - 2023-11-10 16:05:11 --> Class 'App\Libraries\Exception' not found
#0 /home/eventodigital/public_html/api_controlAccesos/app/Controllers/RestController.php(185): App\Libraries\vCard->__construct(false, 'FBMi4a0AG5j2AGw...')
#1 /home/eventodigital/public_html/api_controlAccesos/system/CodeIgniter.php(832): App\Controllers\RestController->create()
#2 /home/eventodigital/public_html/api_controlAccesos/system/CodeIgniter.php(419): CodeIgniter\CodeIgniter->runController(Object(App\Controllers\RestController))
#3 /home/eventodigital/public_html/api_controlAccesos/system/CodeIgniter.php(326): CodeIgniter\CodeIgniter->handleRequest(NULL, Object(Config\Cache), false)
#4 /home/eventodigital/public_html/api_controlAccesos/public/index.php(37): CodeIgniter\CodeIgniter->run()
#5 {main}
CRITICAL - 2023-11-10 16:05:14 --> Class 'App\Libraries\Exception' not found
#0 /home/eventodigital/public_html/api_controlAccesos/app/Controllers/RestController.php(185): App\Libraries\vCard->__construct(false, 'FBMi4a0AG5j2AKg...')
#1 /home/eventodigital/public_html/api_controlAccesos/system/CodeIgniter.php(832): App\Controllers\RestController->create()
#2 /home/eventodigital/public_html/api_controlAccesos/system/CodeIgniter.php(419): CodeIgniter\CodeIgniter->runController(Object(App\Controllers\RestController))
#3 /home/eventodigital/public_html/api_controlAccesos/system/CodeIgniter.php(326): CodeIgniter\CodeIgniter->handleRequest(NULL, Object(Config\Cache), false)
#4 /home/eventodigital/public_html/api_controlAccesos/public/index.php(37): CodeIgniter\CodeIgniter->run()
#5 {main}
CRITICAL - 2023-11-10 16:07:26 --> Class 'App\Libraries\Exception' not found
#0 /home/eventodigital/public_html/api_controlAccesos/app/Controllers/RestController.php(185): App\Libraries\vCard->__construct(false, 'FBMi4a0AG62qwHg...')
#1 /home/eventodigital/public_html/api_controlAccesos/system/CodeIgniter.php(832): App\Controllers\RestController->create()
#2 /home/eventodigital/public_html/api_controlAccesos/system/CodeIgniter.php(419): CodeIgniter\CodeIgniter->runController(Object(App\Controllers\RestController))
#3 /home/eventodigital/public_html/api_controlAccesos/system/CodeIgniter.php(326): CodeIgniter\CodeIgniter->handleRequest(NULL, Object(Config\Cache), false)
#4 /home/eventodigital/public_html/api_controlAccesos/public/index.php(37): CodeIgniter\CodeIgniter->run()
#5 {main}
