CRITICAL - 2022-10-21 10:16:11 --> Class 'App\Libraries\Exception' not found
#0 /home/eventodigital/public_html/api_controlAccesos/app/Controllers/RestController.php(164): App\Libraries\vCard->__construct(false, '11732396')
#1 /home/eventodigital/public_html/api_controlAccesos/system/CodeIgniter.php(832): App\Controllers\RestController->create()
#2 /home/eventodigital/public_html/api_controlAccesos/system/CodeIgniter.php(419): CodeIgniter\CodeIgniter->runController(Object(App\Controllers\RestController))
#3 /home/eventodigital/public_html/api_controlAccesos/system/CodeIgniter.php(326): CodeIgniter\CodeIgniter->handleRequest(NULL, Object(Config\Cache), false)
#4 /home/eventodigital/public_html/api_controlAccesos/public/index.php(37): CodeIgniter\CodeIgniter->run()
#5 {main}
CRITICAL - 2022-10-21 10:21:03 --> Class 'App\Libraries\Exception' not found
#0 /home/eventodigital/public_html/api_controlAccesos/app/Controllers/RestController.php(164): App\Libraries\vCard->__construct(false, 'http://www.cong...')
#1 /home/eventodigital/public_html/api_controlAccesos/system/CodeIgniter.php(832): App\Controllers\RestController->create()
#2 /home/eventodigital/public_html/api_controlAccesos/system/CodeIgniter.php(419): CodeIgniter\CodeIgniter->runController(Object(App\Controllers\RestController))
#3 /home/eventodigital/public_html/api_controlAccesos/system/CodeIgniter.php(326): CodeIgniter\CodeIgniter->handleRequest(NULL, Object(Config\Cache), false)
#4 /home/eventodigital/public_html/api_controlAccesos/public/index.php(37): CodeIgniter\CodeIgniter->run()
#5 {main}
CRITICAL - 2022-10-21 10:25:45 --> Class 'App\Libraries\Exception' not found
#0 /home/eventodigital/public_html/api_controlAccesos/app/Controllers/RestController.php(164): App\Libraries\vCard->__construct(false, '11928330')
#1 /home/eventodigital/public_html/api_controlAccesos/system/CodeIgniter.php(832): App\Controllers\RestController->create()
#2 /home/eventodigital/public_html/api_controlAccesos/system/CodeIgniter.php(419): CodeIgniter\CodeIgniter->runController(Object(App\Controllers\RestController))
#3 /home/eventodigital/public_html/api_controlAccesos/system/CodeIgniter.php(326): CodeIgniter\CodeIgniter->handleRequest(NULL, Object(Config\Cache), false)
#4 /home/eventodigital/public_html/api_controlAccesos/public/index.php(37): CodeIgniter\CodeIgniter->run()
#5 {main}
CRITICAL - 2022-10-21 10:30:42 --> Class 'App\Libraries\Exception' not found
#0 /home/eventodigital/public_html/api_controlAccesos/app/Controllers/RestController.php(164): App\Libraries\vCard->__construct(false, 'http://www.cong...')
#1 /home/eventodigital/public_html/api_controlAccesos/system/CodeIgniter.php(832): App\Controllers\RestController->create()
#2 /home/eventodigital/public_html/api_controlAccesos/system/CodeIgniter.php(419): CodeIgniter\CodeIgniter->runController(Object(App\Controllers\RestController))
#3 /home/eventodigital/public_html/api_controlAccesos/system/CodeIgniter.php(326): CodeIgniter\CodeIgniter->handleRequest(NULL, Object(Config\Cache), false)
#4 /home/eventodigital/public_html/api_controlAccesos/public/index.php(37): CodeIgniter\CodeIgniter->run()
#5 {main}
CRITICAL - 2022-10-21 10:31:26 --> Class 'App\Libraries\Exception' not found
#0 /home/eventodigital/public_html/api_controlAccesos/app/Controllers/RestController.php(164): App\Libraries\vCard->__construct(false, 'http://www.cong...')
#1 /home/eventodigital/public_html/api_controlAccesos/system/CodeIgniter.php(832): App\Controllers\RestController->create()
#2 /home/eventodigital/public_html/api_controlAccesos/system/CodeIgniter.php(419): CodeIgniter\CodeIgniter->runController(Object(App\Controllers\RestController))
#3 /home/eventodigital/public_html/api_controlAccesos/system/CodeIgniter.php(326): CodeIgniter\CodeIgniter->handleRequest(NULL, Object(Config\Cache), false)
#4 /home/eventodigital/public_html/api_controlAccesos/public/index.php(37): CodeIgniter\CodeIgniter->run()
#5 {main}
CRITICAL - 2022-10-21 10:32:20 --> Class 'App\Libraries\Exception' not found
#0 /home/eventodigital/public_html/api_controlAccesos/app/Controllers/RestController.php(164): App\Libraries\vCard->__construct(false, '07917529')
#1 /home/eventodigital/public_html/api_controlAccesos/system/CodeIgniter.php(832): App\Controllers\RestController->create()
#2 /home/eventodigital/public_html/api_controlAccesos/system/CodeIgniter.php(419): CodeIgniter\CodeIgniter->runController(Object(App\Controllers\RestController))
#3 /home/eventodigital/public_html/api_controlAccesos/system/CodeIgniter.php(326): CodeIgniter\CodeIgniter->handleRequest(NULL, Object(Config\Cache), false)
#4 /home/eventodigital/public_html/api_controlAccesos/public/index.php(37): CodeIgniter\CodeIgniter->run()
#5 {main}
CRITICAL - 2022-10-21 10:32:49 --> Class 'App\Libraries\Exception' not found
#0 /home/eventodigital/public_html/api_controlAccesos/app/Controllers/RestController.php(164): App\Libraries\vCard->__construct(false, '00098267')
#1 /home/eventodigital/public_html/api_controlAccesos/system/CodeIgniter.php(832): App\Controllers\RestController->create()
#2 /home/eventodigital/public_html/api_controlAccesos/system/CodeIgniter.php(419): CodeIgniter\CodeIgniter->runController(Object(App\Controllers\RestController))
#3 /home/eventodigital/public_html/api_controlAccesos/system/CodeIgniter.php(326): CodeIgniter\CodeIgniter->handleRequest(NULL, Object(Config\Cache), false)
#4 /home/eventodigital/public_html/api_controlAccesos/public/index.php(37): CodeIgniter\CodeIgniter->run()
#5 {main}
CRITICAL - 2022-10-21 10:34:13 --> Class 'App\Libraries\Exception' not found
#0 /home/eventodigital/public_html/api_controlAccesos/app/Controllers/RestController.php(164): App\Libraries\vCard->__construct(false, '08516211')
#1 /home/eventodigital/public_html/api_controlAccesos/system/CodeIgniter.php(832): App\Controllers\RestController->create()
#2 /home/eventodigital/public_html/api_controlAccesos/system/CodeIgniter.php(419): CodeIgniter\CodeIgniter->runController(Object(App\Controllers\RestController))
#3 /home/eventodigital/public_html/api_controlAccesos/system/CodeIgniter.php(326): CodeIgniter\CodeIgniter->handleRequest(NULL, Object(Config\Cache), false)
#4 /home/eventodigital/public_html/api_controlAccesos/public/index.php(37): CodeIgniter\CodeIgniter->run()
#5 {main}
CRITICAL - 2022-10-21 10:34:33 --> Class 'App\Libraries\Exception' not found
#0 /home/eventodigital/public_html/api_controlAccesos/app/Controllers/RestController.php(164): App\Libraries\vCard->__construct(false, '01918237')
#1 /home/eventodigital/public_html/api_controlAccesos/system/CodeIgniter.php(832): App\Controllers\RestController->create()
#2 /home/eventodigital/public_html/api_controlAccesos/system/CodeIgniter.php(419): CodeIgniter\CodeIgniter->runController(Object(App\Controllers\RestController))
#3 /home/eventodigital/public_html/api_controlAccesos/system/CodeIgniter.php(326): CodeIgniter\CodeIgniter->handleRequest(NULL, Object(Config\Cache), false)
#4 /home/eventodigital/public_html/api_controlAccesos/public/index.php(37): CodeIgniter\CodeIgniter->run()
#5 {main}
CRITICAL - 2022-10-21 10:36:34 --> Class 'App\Libraries\Exception' not found
#0 /home/eventodigital/public_html/api_controlAccesos/app/Controllers/RestController.php(164): App\Libraries\vCard->__construct(false, '04575713')
#1 /home/eventodigital/public_html/api_controlAccesos/system/CodeIgniter.php(832): App\Controllers\RestController->create()
#2 /home/eventodigital/public_html/api_controlAccesos/system/CodeIgniter.php(419): CodeIgniter\CodeIgniter->runController(Object(App\Controllers\RestController))
#3 /home/eventodigital/public_html/api_controlAccesos/system/CodeIgniter.php(326): CodeIgniter\CodeIgniter->handleRequest(NULL, Object(Config\Cache), false)
#4 /home/eventodigital/public_html/api_controlAccesos/public/index.php(37): CodeIgniter\CodeIgniter->run()
#5 {main}
CRITICAL - 2022-10-21 10:40:55 --> Class 'App\Libraries\Exception' not found
#0 /home/eventodigital/public_html/api_controlAccesos/app/Controllers/RestController.php(164): App\Libraries\vCard->__construct(false, '19343236')
#1 /home/eventodigital/public_html/api_controlAccesos/system/CodeIgniter.php(832): App\Controllers\RestController->create()
#2 /home/eventodigital/public_html/api_controlAccesos/system/CodeIgniter.php(419): CodeIgniter\CodeIgniter->runController(Object(App\Controllers\RestController))
#3 /home/eventodigital/public_html/api_controlAccesos/system/CodeIgniter.php(326): CodeIgniter\CodeIgniter->handleRequest(NULL, Object(Config\Cache), false)
#4 /home/eventodigital/public_html/api_controlAccesos/public/index.php(37): CodeIgniter\CodeIgniter->run()
#5 {main}
CRITICAL - 2022-10-21 10:44:04 --> Class 'App\Libraries\Exception' not found
#0 /home/eventodigital/public_html/api_controlAccesos/app/Controllers/RestController.php(164): App\Libraries\vCard->__construct(false, '87236248')
#1 /home/eventodigital/public_html/api_controlAccesos/system/CodeIgniter.php(832): App\Controllers\RestController->create()
#2 /home/eventodigital/public_html/api_controlAccesos/system/CodeIgniter.php(419): CodeIgniter\CodeIgniter->runController(Object(App\Controllers\RestController))
#3 /home/eventodigital/public_html/api_controlAccesos/system/CodeIgniter.php(326): CodeIgniter\CodeIgniter->handleRequest(NULL, Object(Config\Cache), false)
#4 /home/eventodigital/public_html/api_controlAccesos/public/index.php(37): CodeIgniter\CodeIgniter->run()
#5 {main}
CRITICAL - 2022-10-21 10:44:27 --> Class 'App\Libraries\Exception' not found
#0 /home/eventodigital/public_html/api_controlAccesos/app/Controllers/RestController.php(164): App\Libraries\vCard->__construct(false, 'http://www.cong...')
#1 /home/eventodigital/public_html/api_controlAccesos/system/CodeIgniter.php(832): App\Controllers\RestController->create()
#2 /home/eventodigital/public_html/api_controlAccesos/system/CodeIgniter.php(419): CodeIgniter\CodeIgniter->runController(Object(App\Controllers\RestController))
#3 /home/eventodigital/public_html/api_controlAccesos/system/CodeIgniter.php(326): CodeIgniter\CodeIgniter->handleRequest(NULL, Object(Config\Cache), false)
#4 /home/eventodigital/public_html/api_controlAccesos/public/index.php(37): CodeIgniter\CodeIgniter->run()
#5 {main}
CRITICAL - 2022-10-21 10:45:35 --> Class 'App\Libraries\Exception' not found
#0 /home/eventodigital/public_html/api_controlAccesos/app/Controllers/RestController.php(164): App\Libraries\vCard->__construct(false, '03717684')
#1 /home/eventodigital/public_html/api_controlAccesos/system/CodeIgniter.php(832): App\Controllers\RestController->create()
#2 /home/eventodigital/public_html/api_controlAccesos/system/CodeIgniter.php(419): CodeIgniter\CodeIgniter->runController(Object(App\Controllers\RestController))
#3 /home/eventodigital/public_html/api_controlAccesos/system/CodeIgniter.php(326): CodeIgniter\CodeIgniter->handleRequest(NULL, Object(Config\Cache), false)
#4 /home/eventodigital/public_html/api_controlAccesos/public/index.php(37): CodeIgniter\CodeIgniter->run()
#5 {main}
CRITICAL - 2022-10-21 10:45:40 --> Class 'App\Libraries\Exception' not found
#0 /home/eventodigital/public_html/api_controlAccesos/app/Controllers/RestController.php(164): App\Libraries\vCard->__construct(false, '16901207')
#1 /home/eventodigital/public_html/api_controlAccesos/system/CodeIgniter.php(832): App\Controllers\RestController->create()
#2 /home/eventodigital/public_html/api_controlAccesos/system/CodeIgniter.php(419): CodeIgniter\CodeIgniter->runController(Object(App\Controllers\RestController))
#3 /home/eventodigital/public_html/api_controlAccesos/system/CodeIgniter.php(326): CodeIgniter\CodeIgniter->handleRequest(NULL, Object(Config\Cache), false)
#4 /home/eventodigital/public_html/api_controlAccesos/public/index.php(37): CodeIgniter\CodeIgniter->run()
#5 {main}
CRITICAL - 2022-10-21 10:48:07 --> Class 'App\Libraries\Exception' not found
#0 /home/eventodigital/public_html/api_controlAccesos/app/Controllers/RestController.php(164): App\Libraries\vCard->__construct(false, '83532221')
#1 /home/eventodigital/public_html/api_controlAccesos/system/CodeIgniter.php(832): App\Controllers\RestController->create()
#2 /home/eventodigital/public_html/api_controlAccesos/system/CodeIgniter.php(419): CodeIgniter\CodeIgniter->runController(Object(App\Controllers\RestController))
#3 /home/eventodigital/public_html/api_controlAccesos/system/CodeIgniter.php(326): CodeIgniter\CodeIgniter->handleRequest(NULL, Object(Config\Cache), false)
#4 /home/eventodigital/public_html/api_controlAccesos/public/index.php(37): CodeIgniter\CodeIgniter->run()
#5 {main}
CRITICAL - 2022-10-21 10:48:23 --> Class 'App\Libraries\Exception' not found
#0 /home/eventodigital/public_html/api_controlAccesos/app/Controllers/RestController.php(164): App\Libraries\vCard->__construct(false, 'http://www.cong...')
#1 /home/eventodigital/public_html/api_controlAccesos/system/CodeIgniter.php(832): App\Controllers\RestController->create()
#2 /home/eventodigital/public_html/api_controlAccesos/system/CodeIgniter.php(419): CodeIgniter\CodeIgniter->runController(Object(App\Controllers\RestController))
#3 /home/eventodigital/public_html/api_controlAccesos/system/CodeIgniter.php(326): CodeIgniter\CodeIgniter->handleRequest(NULL, Object(Config\Cache), false)
#4 /home/eventodigital/public_html/api_controlAccesos/public/index.php(37): CodeIgniter\CodeIgniter->run()
#5 {main}
CRITICAL - 2022-10-21 10:52:31 --> Class 'App\Libraries\Exception' not found
#0 /home/eventodigital/public_html/api_controlAccesos/app/Controllers/RestController.php(164): App\Libraries\vCard->__construct(false, '87557787')
#1 /home/eventodigital/public_html/api_controlAccesos/system/CodeIgniter.php(832): App\Controllers\RestController->create()
#2 /home/eventodigital/public_html/api_controlAccesos/system/CodeIgniter.php(419): CodeIgniter\CodeIgniter->runController(Object(App\Controllers\RestController))
#3 /home/eventodigital/public_html/api_controlAccesos/system/CodeIgniter.php(326): CodeIgniter\CodeIgniter->handleRequest(NULL, Object(Config\Cache), false)
#4 /home/eventodigital/public_html/api_controlAccesos/public/index.php(37): CodeIgniter\CodeIgniter->run()
#5 {main}
CRITICAL - 2022-10-21 10:53:11 --> Class 'App\Libraries\Exception' not found
#0 /home/eventodigital/public_html/api_controlAccesos/app/Controllers/RestController.php(164): App\Libraries\vCard->__construct(false, '31686105')
#1 /home/eventodigital/public_html/api_controlAccesos/system/CodeIgniter.php(832): App\Controllers\RestController->create()
#2 /home/eventodigital/public_html/api_controlAccesos/system/CodeIgniter.php(419): CodeIgniter\CodeIgniter->runController(Object(App\Controllers\RestController))
#3 /home/eventodigital/public_html/api_controlAccesos/system/CodeIgniter.php(326): CodeIgniter\CodeIgniter->handleRequest(NULL, Object(Config\Cache), false)
#4 /home/eventodigital/public_html/api_controlAccesos/public/index.php(37): CodeIgniter\CodeIgniter->run()
#5 {main}
CRITICAL - 2022-10-21 10:53:11 --> Class 'App\Libraries\Exception' not found
#0 /home/eventodigital/public_html/api_controlAccesos/app/Controllers/RestController.php(164): App\Libraries\vCard->__construct(false, '05316281')
#1 /home/eventodigital/public_html/api_controlAccesos/system/CodeIgniter.php(832): App\Controllers\RestController->create()
#2 /home/eventodigital/public_html/api_controlAccesos/system/CodeIgniter.php(419): CodeIgniter\CodeIgniter->runController(Object(App\Controllers\RestController))
#3 /home/eventodigital/public_html/api_controlAccesos/system/CodeIgniter.php(326): CodeIgniter\CodeIgniter->handleRequest(NULL, Object(Config\Cache), false)
#4 /home/eventodigital/public_html/api_controlAccesos/public/index.php(37): CodeIgniter\CodeIgniter->run()
#5 {main}
CRITICAL - 2022-10-21 10:53:25 --> Class 'App\Libraries\Exception' not found
#0 /home/eventodigital/public_html/api_controlAccesos/app/Controllers/RestController.php(164): App\Libraries\vCard->__construct(false, '06834210')
#1 /home/eventodigital/public_html/api_controlAccesos/system/CodeIgniter.php(832): App\Controllers\RestController->create()
#2 /home/eventodigital/public_html/api_controlAccesos/system/CodeIgniter.php(419): CodeIgniter\CodeIgniter->runController(Object(App\Controllers\RestController))
#3 /home/eventodigital/public_html/api_controlAccesos/system/CodeIgniter.php(326): CodeIgniter\CodeIgniter->handleRequest(NULL, Object(Config\Cache), false)
#4 /home/eventodigital/public_html/api_controlAccesos/public/index.php(37): CodeIgniter\CodeIgniter->run()
#5 {main}
CRITICAL - 2022-10-21 10:55:23 --> Class 'App\Libraries\Exception' not found
#0 /home/eventodigital/public_html/api_controlAccesos/app/Controllers/RestController.php(164): App\Libraries\vCard->__construct(false, '18314267')
#1 /home/eventodigital/public_html/api_controlAccesos/system/CodeIgniter.php(832): App\Controllers\RestController->create()
#2 /home/eventodigital/public_html/api_controlAccesos/system/CodeIgniter.php(419): CodeIgniter\CodeIgniter->runController(Object(App\Controllers\RestController))
#3 /home/eventodigital/public_html/api_controlAccesos/system/CodeIgniter.php(326): CodeIgniter\CodeIgniter->handleRequest(NULL, Object(Config\Cache), false)
#4 /home/eventodigital/public_html/api_controlAccesos/public/index.php(37): CodeIgniter\CodeIgniter->run()
#5 {main}
CRITICAL - 2022-10-21 10:55:36 --> Class 'App\Libraries\Exception' not found
#0 /home/eventodigital/public_html/api_controlAccesos/app/Controllers/RestController.php(164): App\Libraries\vCard->__construct(false, '07758553')
#1 /home/eventodigital/public_html/api_controlAccesos/system/CodeIgniter.php(832): App\Controllers\RestController->create()
#2 /home/eventodigital/public_html/api_controlAccesos/system/CodeIgniter.php(419): CodeIgniter\CodeIgniter->runController(Object(App\Controllers\RestController))
#3 /home/eventodigital/public_html/api_controlAccesos/system/CodeIgniter.php(326): CodeIgniter\CodeIgniter->handleRequest(NULL, Object(Config\Cache), false)
#4 /home/eventodigital/public_html/api_controlAccesos/public/index.php(37): CodeIgniter\CodeIgniter->run()
#5 {main}
CRITICAL - 2022-10-21 10:57:06 --> Class 'App\Libraries\Exception' not found
#0 /home/eventodigital/public_html/api_controlAccesos/app/Controllers/RestController.php(164): App\Libraries\vCard->__construct(false, '02603502')
#1 /home/eventodigital/public_html/api_controlAccesos/system/CodeIgniter.php(832): App\Controllers\RestController->create()
#2 /home/eventodigital/public_html/api_controlAccesos/system/CodeIgniter.php(419): CodeIgniter\CodeIgniter->runController(Object(App\Controllers\RestController))
#3 /home/eventodigital/public_html/api_controlAccesos/system/CodeIgniter.php(326): CodeIgniter\CodeIgniter->handleRequest(NULL, Object(Config\Cache), false)
#4 /home/eventodigital/public_html/api_controlAccesos/public/index.php(37): CodeIgniter\CodeIgniter->run()
#5 {main}
CRITICAL - 2022-10-21 10:58:16 --> Class 'App\Libraries\Exception' not found
#0 /home/eventodigital/public_html/api_controlAccesos/app/Controllers/RestController.php(164): App\Libraries\vCard->__construct(false, '00691323')
#1 /home/eventodigital/public_html/api_controlAccesos/system/CodeIgniter.php(832): App\Controllers\RestController->create()
#2 /home/eventodigital/public_html/api_controlAccesos/system/CodeIgniter.php(419): CodeIgniter\CodeIgniter->runController(Object(App\Controllers\RestController))
#3 /home/eventodigital/public_html/api_controlAccesos/system/CodeIgniter.php(326): CodeIgniter\CodeIgniter->handleRequest(NULL, Object(Config\Cache), false)
#4 /home/eventodigital/public_html/api_controlAccesos/public/index.php(37): CodeIgniter\CodeIgniter->run()
#5 {main}
CRITICAL - 2022-10-21 10:59:52 --> Class 'App\Libraries\Exception' not found
#0 /home/eventodigital/public_html/api_controlAccesos/app/Controllers/RestController.php(164): App\Libraries\vCard->__construct(false, '08616412')
#1 /home/eventodigital/public_html/api_controlAccesos/system/CodeIgniter.php(832): App\Controllers\RestController->create()
#2 /home/eventodigital/public_html/api_controlAccesos/system/CodeIgniter.php(419): CodeIgniter\CodeIgniter->runController(Object(App\Controllers\RestController))
#3 /home/eventodigital/public_html/api_controlAccesos/system/CodeIgniter.php(326): CodeIgniter\CodeIgniter->handleRequest(NULL, Object(Config\Cache), false)
#4 /home/eventodigital/public_html/api_controlAccesos/public/index.php(37): CodeIgniter\CodeIgniter->run()
#5 {main}
CRITICAL - 2022-10-21 11:00:21 --> Class 'App\Libraries\Exception' not found
#0 /home/eventodigital/public_html/api_controlAccesos/app/Controllers/RestController.php(164): App\Libraries\vCard->__construct(false, 'http://www.cong...')
#1 /home/eventodigital/public_html/api_controlAccesos/system/CodeIgniter.php(832): App\Controllers\RestController->create()
#2 /home/eventodigital/public_html/api_controlAccesos/system/CodeIgniter.php(419): CodeIgniter\CodeIgniter->runController(Object(App\Controllers\RestController))
#3 /home/eventodigital/public_html/api_controlAccesos/system/CodeIgniter.php(326): CodeIgniter\CodeIgniter->handleRequest(NULL, Object(Config\Cache), false)
#4 /home/eventodigital/public_html/api_controlAccesos/public/index.php(37): CodeIgniter\CodeIgniter->run()
#5 {main}
CRITICAL - 2022-10-21 11:03:12 --> Class 'App\Libraries\Exception' not found
#0 /home/eventodigital/public_html/api_controlAccesos/app/Controllers/RestController.php(164): App\Libraries\vCard->__construct(false, '10833506')
#1 /home/eventodigital/public_html/api_controlAccesos/system/CodeIgniter.php(832): App\Controllers\RestController->create()
#2 /home/eventodigital/public_html/api_controlAccesos/system/CodeIgniter.php(419): CodeIgniter\CodeIgniter->runController(Object(App\Controllers\RestController))
#3 /home/eventodigital/public_html/api_controlAccesos/system/CodeIgniter.php(326): CodeIgniter\CodeIgniter->handleRequest(NULL, Object(Config\Cache), false)
#4 /home/eventodigital/public_html/api_controlAccesos/public/index.php(37): CodeIgniter\CodeIgniter->run()
#5 {main}
CRITICAL - 2022-10-21 11:05:01 --> Class 'App\Libraries\Exception' not found
#0 /home/eventodigital/public_html/api_controlAccesos/app/Controllers/RestController.php(164): App\Libraries\vCard->__construct(false, '10186770')
#1 /home/eventodigital/public_html/api_controlAccesos/system/CodeIgniter.php(832): App\Controllers\RestController->create()
#2 /home/eventodigital/public_html/api_controlAccesos/system/CodeIgniter.php(419): CodeIgniter\CodeIgniter->runController(Object(App\Controllers\RestController))
#3 /home/eventodigital/public_html/api_controlAccesos/system/CodeIgniter.php(326): CodeIgniter\CodeIgniter->handleRequest(NULL, Object(Config\Cache), false)
#4 /home/eventodigital/public_html/api_controlAccesos/public/index.php(37): CodeIgniter\CodeIgniter->run()
#5 {main}
CRITICAL - 2022-10-21 11:05:18 --> Class 'App\Libraries\Exception' not found
#0 /home/eventodigital/public_html/api_controlAccesos/app/Controllers/RestController.php(164): App\Libraries\vCard->__construct(false, 'https://apps.ap...')
#1 /home/eventodigital/public_html/api_controlAccesos/system/CodeIgniter.php(832): App\Controllers\RestController->create()
#2 /home/eventodigital/public_html/api_controlAccesos/system/CodeIgniter.php(419): CodeIgniter\CodeIgniter->runController(Object(App\Controllers\RestController))
#3 /home/eventodigital/public_html/api_controlAccesos/system/CodeIgniter.php(326): CodeIgniter\CodeIgniter->handleRequest(NULL, Object(Config\Cache), false)
#4 /home/eventodigital/public_html/api_controlAccesos/public/index.php(37): CodeIgniter\CodeIgniter->run()
#5 {main}
CRITICAL - 2022-10-21 11:05:45 --> Class 'App\Libraries\Exception' not found
#0 /home/eventodigital/public_html/api_controlAccesos/app/Controllers/RestController.php(164): App\Libraries\vCard->__construct(false, '18393965')
#1 /home/eventodigital/public_html/api_controlAccesos/system/CodeIgniter.php(832): App\Controllers\RestController->create()
#2 /home/eventodigital/public_html/api_controlAccesos/system/CodeIgniter.php(419): CodeIgniter\CodeIgniter->runController(Object(App\Controllers\RestController))
#3 /home/eventodigital/public_html/api_controlAccesos/system/CodeIgniter.php(326): CodeIgniter\CodeIgniter->handleRequest(NULL, Object(Config\Cache), false)
#4 /home/eventodigital/public_html/api_controlAccesos/public/index.php(37): CodeIgniter\CodeIgniter->run()
#5 {main}
CRITICAL - 2022-10-21 11:06:26 --> Class 'App\Libraries\Exception' not found
#0 /home/eventodigital/public_html/api_controlAccesos/app/Controllers/RestController.php(164): App\Libraries\vCard->__construct(false, '19513039')
#1 /home/eventodigital/public_html/api_controlAccesos/system/CodeIgniter.php(832): App\Controllers\RestController->create()
#2 /home/eventodigital/public_html/api_controlAccesos/system/CodeIgniter.php(419): CodeIgniter\CodeIgniter->runController(Object(App\Controllers\RestController))
#3 /home/eventodigital/public_html/api_controlAccesos/system/CodeIgniter.php(326): CodeIgniter\CodeIgniter->handleRequest(NULL, Object(Config\Cache), false)
#4 /home/eventodigital/public_html/api_controlAccesos/public/index.php(37): CodeIgniter\CodeIgniter->run()
#5 {main}
CRITICAL - 2022-10-21 11:07:57 --> Class 'App\Libraries\Exception' not found
#0 /home/eventodigital/public_html/api_controlAccesos/app/Controllers/RestController.php(164): App\Libraries\vCard->__construct(false, 'https://play.go...')
#1 /home/eventodigital/public_html/api_controlAccesos/system/CodeIgniter.php(832): App\Controllers\RestController->create()
#2 /home/eventodigital/public_html/api_controlAccesos/system/CodeIgniter.php(419): CodeIgniter\CodeIgniter->runController(Object(App\Controllers\RestController))
#3 /home/eventodigital/public_html/api_controlAccesos/system/CodeIgniter.php(326): CodeIgniter\CodeIgniter->handleRequest(NULL, Object(Config\Cache), false)
#4 /home/eventodigital/public_html/api_controlAccesos/public/index.php(37): CodeIgniter\CodeIgniter->run()
#5 {main}
CRITICAL - 2022-10-21 11:09:08 --> Class 'App\Libraries\Exception' not found
#0 /home/eventodigital/public_html/api_controlAccesos/app/Controllers/RestController.php(164): App\Libraries\vCard->__construct(false, '02842038')
#1 /home/eventodigital/public_html/api_controlAccesos/system/CodeIgniter.php(832): App\Controllers\RestController->create()
#2 /home/eventodigital/public_html/api_controlAccesos/system/CodeIgniter.php(419): CodeIgniter\CodeIgniter->runController(Object(App\Controllers\RestController))
#3 /home/eventodigital/public_html/api_controlAccesos/system/CodeIgniter.php(326): CodeIgniter\CodeIgniter->handleRequest(NULL, Object(Config\Cache), false)
#4 /home/eventodigital/public_html/api_controlAccesos/public/index.php(37): CodeIgniter\CodeIgniter->run()
#5 {main}
CRITICAL - 2022-10-21 11:10:23 --> Class 'App\Libraries\Exception' not found
#0 /home/eventodigital/public_html/api_controlAccesos/app/Controllers/RestController.php(164): App\Libraries\vCard->__construct(false, '01708107')
#1 /home/eventodigital/public_html/api_controlAccesos/system/CodeIgniter.php(832): App\Controllers\RestController->create()
#2 /home/eventodigital/public_html/api_controlAccesos/system/CodeIgniter.php(419): CodeIgniter\CodeIgniter->runController(Object(App\Controllers\RestController))
#3 /home/eventodigital/public_html/api_controlAccesos/system/CodeIgniter.php(326): CodeIgniter\CodeIgniter->handleRequest(NULL, Object(Config\Cache), false)
#4 /home/eventodigital/public_html/api_controlAccesos/public/index.php(37): CodeIgniter\CodeIgniter->run()
#5 {main}
CRITICAL - 2022-10-21 11:11:01 --> Class 'App\Libraries\Exception' not found
#0 /home/eventodigital/public_html/api_controlAccesos/app/Controllers/RestController.php(164): App\Libraries\vCard->__construct(false, '14246647')
#1 /home/eventodigital/public_html/api_controlAccesos/system/CodeIgniter.php(832): App\Controllers\RestController->create()
#2 /home/eventodigital/public_html/api_controlAccesos/system/CodeIgniter.php(419): CodeIgniter\CodeIgniter->runController(Object(App\Controllers\RestController))
#3 /home/eventodigital/public_html/api_controlAccesos/system/CodeIgniter.php(326): CodeIgniter\CodeIgniter->handleRequest(NULL, Object(Config\Cache), false)
#4 /home/eventodigital/public_html/api_controlAccesos/public/index.php(37): CodeIgniter\CodeIgniter->run()
#5 {main}
CRITICAL - 2022-10-21 11:13:33 --> Class 'App\Libraries\Exception' not found
#0 /home/eventodigital/public_html/api_controlAccesos/app/Controllers/RestController.php(164): App\Libraries\vCard->__construct(false, '05604753')
#1 /home/eventodigital/public_html/api_controlAccesos/system/CodeIgniter.php(832): App\Controllers\RestController->create()
#2 /home/eventodigital/public_html/api_controlAccesos/system/CodeIgniter.php(419): CodeIgniter\CodeIgniter->runController(Object(App\Controllers\RestController))
#3 /home/eventodigital/public_html/api_controlAccesos/system/CodeIgniter.php(326): CodeIgniter\CodeIgniter->handleRequest(NULL, Object(Config\Cache), false)
#4 /home/eventodigital/public_html/api_controlAccesos/public/index.php(37): CodeIgniter\CodeIgniter->run()
#5 {main}
CRITICAL - 2022-10-21 11:18:17 --> Class 'App\Libraries\Exception' not found
#0 /home/eventodigital/public_html/api_controlAccesos/app/Controllers/RestController.php(164): App\Libraries\vCard->__construct(false, '11026976')
#1 /home/eventodigital/public_html/api_controlAccesos/system/CodeIgniter.php(832): App\Controllers\RestController->create()
#2 /home/eventodigital/public_html/api_controlAccesos/system/CodeIgniter.php(419): CodeIgniter\CodeIgniter->runController(Object(App\Controllers\RestController))
#3 /home/eventodigital/public_html/api_controlAccesos/system/CodeIgniter.php(326): CodeIgniter\CodeIgniter->handleRequest(NULL, Object(Config\Cache), false)
#4 /home/eventodigital/public_html/api_controlAccesos/public/index.php(37): CodeIgniter\CodeIgniter->run()
#5 {main}
CRITICAL - 2022-10-21 11:19:05 --> Class 'App\Libraries\Exception' not found
#0 /home/eventodigital/public_html/api_controlAccesos/app/Controllers/RestController.php(164): App\Libraries\vCard->__construct(false, '09208681')
#1 /home/eventodigital/public_html/api_controlAccesos/system/CodeIgniter.php(832): App\Controllers\RestController->create()
#2 /home/eventodigital/public_html/api_controlAccesos/system/CodeIgniter.php(419): CodeIgniter\CodeIgniter->runController(Object(App\Controllers\RestController))
#3 /home/eventodigital/public_html/api_controlAccesos/system/CodeIgniter.php(326): CodeIgniter\CodeIgniter->handleRequest(NULL, Object(Config\Cache), false)
#4 /home/eventodigital/public_html/api_controlAccesos/public/index.php(37): CodeIgniter\CodeIgniter->run()
#5 {main}
CRITICAL - 2022-10-21 11:19:21 --> Class 'App\Libraries\Exception' not found
#0 /home/eventodigital/public_html/api_controlAccesos/app/Controllers/RestController.php(164): App\Libraries\vCard->__construct(false, '13605582')
#1 /home/eventodigital/public_html/api_controlAccesos/system/CodeIgniter.php(832): App\Controllers\RestController->create()
#2 /home/eventodigital/public_html/api_controlAccesos/system/CodeIgniter.php(419): CodeIgniter\CodeIgniter->runController(Object(App\Controllers\RestController))
#3 /home/eventodigital/public_html/api_controlAccesos/system/CodeIgniter.php(326): CodeIgniter\CodeIgniter->handleRequest(NULL, Object(Config\Cache), false)
#4 /home/eventodigital/public_html/api_controlAccesos/public/index.php(37): CodeIgniter\CodeIgniter->run()
#5 {main}
CRITICAL - 2022-10-21 11:21:07 --> Class 'App\Libraries\Exception' not found
#0 /home/eventodigital/public_html/api_controlAccesos/app/Controllers/RestController.php(164): App\Libraries\vCard->__construct(false, '08211378')
#1 /home/eventodigital/public_html/api_controlAccesos/system/CodeIgniter.php(832): App\Controllers\RestController->create()
#2 /home/eventodigital/public_html/api_controlAccesos/system/CodeIgniter.php(419): CodeIgniter\CodeIgniter->runController(Object(App\Controllers\RestController))
#3 /home/eventodigital/public_html/api_controlAccesos/system/CodeIgniter.php(326): CodeIgniter\CodeIgniter->handleRequest(NULL, Object(Config\Cache), false)
#4 /home/eventodigital/public_html/api_controlAccesos/public/index.php(37): CodeIgniter\CodeIgniter->run()
#5 {main}
CRITICAL - 2022-10-21 11:21:31 --> Class 'App\Libraries\Exception' not found
#0 /home/eventodigital/public_html/api_controlAccesos/app/Controllers/RestController.php(164): App\Libraries\vCard->__construct(false, '04422632')
#1 /home/eventodigital/public_html/api_controlAccesos/system/CodeIgniter.php(832): App\Controllers\RestController->create()
#2 /home/eventodigital/public_html/api_controlAccesos/system/CodeIgniter.php(419): CodeIgniter\CodeIgniter->runController(Object(App\Controllers\RestController))
#3 /home/eventodigital/public_html/api_controlAccesos/system/CodeIgniter.php(326): CodeIgniter\CodeIgniter->handleRequest(NULL, Object(Config\Cache), false)
#4 /home/eventodigital/public_html/api_controlAccesos/public/index.php(37): CodeIgniter\CodeIgniter->run()
#5 {main}
CRITICAL - 2022-10-21 11:21:42 --> Class 'App\Libraries\Exception' not found
#0 /home/eventodigital/public_html/api_controlAccesos/app/Controllers/RestController.php(164): App\Libraries\vCard->__construct(false, '03611841')
#1 /home/eventodigital/public_html/api_controlAccesos/system/CodeIgniter.php(832): App\Controllers\RestController->create()
#2 /home/eventodigital/public_html/api_controlAccesos/system/CodeIgniter.php(419): CodeIgniter\CodeIgniter->runController(Object(App\Controllers\RestController))
#3 /home/eventodigital/public_html/api_controlAccesos/system/CodeIgniter.php(326): CodeIgniter\CodeIgniter->handleRequest(NULL, Object(Config\Cache), false)
#4 /home/eventodigital/public_html/api_controlAccesos/public/index.php(37): CodeIgniter\CodeIgniter->run()
#5 {main}
CRITICAL - 2022-10-21 11:21:57 --> Class 'App\Libraries\Exception' not found
#0 /home/eventodigital/public_html/api_controlAccesos/app/Controllers/RestController.php(164): App\Libraries\vCard->__construct(false, '05947362')
#1 /home/eventodigital/public_html/api_controlAccesos/system/CodeIgniter.php(832): App\Controllers\RestController->create()
#2 /home/eventodigital/public_html/api_controlAccesos/system/CodeIgniter.php(419): CodeIgniter\CodeIgniter->runController(Object(App\Controllers\RestController))
#3 /home/eventodigital/public_html/api_controlAccesos/system/CodeIgniter.php(326): CodeIgniter\CodeIgniter->handleRequest(NULL, Object(Config\Cache), false)
#4 /home/eventodigital/public_html/api_controlAccesos/public/index.php(37): CodeIgniter\CodeIgniter->run()
#5 {main}
CRITICAL - 2022-10-21 11:22:02 --> Class 'App\Libraries\Exception' not found
#0 /home/eventodigital/public_html/api_controlAccesos/app/Controllers/RestController.php(164): App\Libraries\vCard->__construct(false, '08412639')
#1 /home/eventodigital/public_html/api_controlAccesos/system/CodeIgniter.php(832): App\Controllers\RestController->create()
#2 /home/eventodigital/public_html/api_controlAccesos/system/CodeIgniter.php(419): CodeIgniter\CodeIgniter->runController(Object(App\Controllers\RestController))
#3 /home/eventodigital/public_html/api_controlAccesos/system/CodeIgniter.php(326): CodeIgniter\CodeIgniter->handleRequest(NULL, Object(Config\Cache), false)
#4 /home/eventodigital/public_html/api_controlAccesos/public/index.php(37): CodeIgniter\CodeIgniter->run()
#5 {main}
CRITICAL - 2022-10-21 11:22:15 --> Class 'App\Libraries\Exception' not found
#0 /home/eventodigital/public_html/api_controlAccesos/app/Controllers/RestController.php(164): App\Libraries\vCard->__construct(false, '04478704')
#1 /home/eventodigital/public_html/api_controlAccesos/system/CodeIgniter.php(832): App\Controllers\RestController->create()
#2 /home/eventodigital/public_html/api_controlAccesos/system/CodeIgniter.php(419): CodeIgniter\CodeIgniter->runController(Object(App\Controllers\RestController))
#3 /home/eventodigital/public_html/api_controlAccesos/system/CodeIgniter.php(326): CodeIgniter\CodeIgniter->handleRequest(NULL, Object(Config\Cache), false)
#4 /home/eventodigital/public_html/api_controlAccesos/public/index.php(37): CodeIgniter\CodeIgniter->run()
#5 {main}
CRITICAL - 2022-10-21 11:23:47 --> Class 'App\Libraries\Exception' not found
#0 /home/eventodigital/public_html/api_controlAccesos/app/Controllers/RestController.php(164): App\Libraries\vCard->__construct(false, '10908236')
#1 /home/eventodigital/public_html/api_controlAccesos/system/CodeIgniter.php(832): App\Controllers\RestController->create()
#2 /home/eventodigital/public_html/api_controlAccesos/system/CodeIgniter.php(419): CodeIgniter\CodeIgniter->runController(Object(App\Controllers\RestController))
#3 /home/eventodigital/public_html/api_controlAccesos/system/CodeIgniter.php(326): CodeIgniter\CodeIgniter->handleRequest(NULL, Object(Config\Cache), false)
#4 /home/eventodigital/public_html/api_controlAccesos/public/index.php(37): CodeIgniter\CodeIgniter->run()
#5 {main}
CRITICAL - 2022-10-21 11:24:33 --> Class 'App\Libraries\Exception' not found
#0 /home/eventodigital/public_html/api_controlAccesos/app/Controllers/RestController.php(164): App\Libraries\vCard->__construct(false, '83713606')
#1 /home/eventodigital/public_html/api_controlAccesos/system/CodeIgniter.php(832): App\Controllers\RestController->create()
#2 /home/eventodigital/public_html/api_controlAccesos/system/CodeIgniter.php(419): CodeIgniter\CodeIgniter->runController(Object(App\Controllers\RestController))
#3 /home/eventodigital/public_html/api_controlAccesos/system/CodeIgniter.php(326): CodeIgniter\CodeIgniter->handleRequest(NULL, Object(Config\Cache), false)
#4 /home/eventodigital/public_html/api_controlAccesos/public/index.php(37): CodeIgniter\CodeIgniter->run()
#5 {main}
CRITICAL - 2022-10-21 11:26:52 --> Class 'App\Libraries\Exception' not found
#0 /home/eventodigital/public_html/api_controlAccesos/app/Controllers/RestController.php(164): App\Libraries\vCard->__construct(false, '08943630')
#1 /home/eventodigital/public_html/api_controlAccesos/system/CodeIgniter.php(832): App\Controllers\RestController->create()
#2 /home/eventodigital/public_html/api_controlAccesos/system/CodeIgniter.php(419): CodeIgniter\CodeIgniter->runController(Object(App\Controllers\RestController))
#3 /home/eventodigital/public_html/api_controlAccesos/system/CodeIgniter.php(326): CodeIgniter\CodeIgniter->handleRequest(NULL, Object(Config\Cache), false)
#4 /home/eventodigital/public_html/api_controlAccesos/public/index.php(37): CodeIgniter\CodeIgniter->run()
#5 {main}
CRITICAL - 2022-10-21 11:27:36 --> Class 'App\Libraries\Exception' not found
#0 /home/eventodigital/public_html/api_controlAccesos/app/Controllers/RestController.php(164): App\Libraries\vCard->__construct(false, '12681232')
#1 /home/eventodigital/public_html/api_controlAccesos/system/CodeIgniter.php(832): App\Controllers\RestController->create()
#2 /home/eventodigital/public_html/api_controlAccesos/system/CodeIgniter.php(419): CodeIgniter\CodeIgniter->runController(Object(App\Controllers\RestController))
#3 /home/eventodigital/public_html/api_controlAccesos/system/CodeIgniter.php(326): CodeIgniter\CodeIgniter->handleRequest(NULL, Object(Config\Cache), false)
#4 /home/eventodigital/public_html/api_controlAccesos/public/index.php(37): CodeIgniter\CodeIgniter->run()
#5 {main}
CRITICAL - 2022-10-21 11:29:24 --> Class 'App\Libraries\Exception' not found
#0 /home/eventodigital/public_html/api_controlAccesos/app/Controllers/RestController.php(164): App\Libraries\vCard->__construct(false, '00615004')
#1 /home/eventodigital/public_html/api_controlAccesos/system/CodeIgniter.php(832): App\Controllers\RestController->create()
#2 /home/eventodigital/public_html/api_controlAccesos/system/CodeIgniter.php(419): CodeIgniter\CodeIgniter->runController(Object(App\Controllers\RestController))
#3 /home/eventodigital/public_html/api_controlAccesos/system/CodeIgniter.php(326): CodeIgniter\CodeIgniter->handleRequest(NULL, Object(Config\Cache), false)
#4 /home/eventodigital/public_html/api_controlAccesos/public/index.php(37): CodeIgniter\CodeIgniter->run()
#5 {main}
CRITICAL - 2022-10-21 11:29:57 --> Class 'App\Libraries\Exception' not found
#0 /home/eventodigital/public_html/api_controlAccesos/app/Controllers/RestController.php(164): App\Libraries\vCard->__construct(false, '11348618')
#1 /home/eventodigital/public_html/api_controlAccesos/system/CodeIgniter.php(832): App\Controllers\RestController->create()
#2 /home/eventodigital/public_html/api_controlAccesos/system/CodeIgniter.php(419): CodeIgniter\CodeIgniter->runController(Object(App\Controllers\RestController))
#3 /home/eventodigital/public_html/api_controlAccesos/system/CodeIgniter.php(326): CodeIgniter\CodeIgniter->handleRequest(NULL, Object(Config\Cache), false)
#4 /home/eventodigital/public_html/api_controlAccesos/public/index.php(37): CodeIgniter\CodeIgniter->run()
#5 {main}
CRITICAL - 2022-10-21 11:30:43 --> Class 'App\Libraries\Exception' not found
#0 /home/eventodigital/public_html/api_controlAccesos/app/Controllers/RestController.php(164): App\Libraries\vCard->__construct(false, '04757216')
#1 /home/eventodigital/public_html/api_controlAccesos/system/CodeIgniter.php(832): App\Controllers\RestController->create()
#2 /home/eventodigital/public_html/api_controlAccesos/system/CodeIgniter.php(419): CodeIgniter\CodeIgniter->runController(Object(App\Controllers\RestController))
#3 /home/eventodigital/public_html/api_controlAccesos/system/CodeIgniter.php(326): CodeIgniter\CodeIgniter->handleRequest(NULL, Object(Config\Cache), false)
#4 /home/eventodigital/public_html/api_controlAccesos/public/index.php(37): CodeIgniter\CodeIgniter->run()
#5 {main}
CRITICAL - 2022-10-21 11:31:36 --> Class 'App\Libraries\Exception' not found
#0 /home/eventodigital/public_html/api_controlAccesos/app/Controllers/RestController.php(164): App\Libraries\vCard->__construct(false, '12255726')
#1 /home/eventodigital/public_html/api_controlAccesos/system/CodeIgniter.php(832): App\Controllers\RestController->create()
#2 /home/eventodigital/public_html/api_controlAccesos/system/CodeIgniter.php(419): CodeIgniter\CodeIgniter->runController(Object(App\Controllers\RestController))
#3 /home/eventodigital/public_html/api_controlAccesos/system/CodeIgniter.php(326): CodeIgniter\CodeIgniter->handleRequest(NULL, Object(Config\Cache), false)
#4 /home/eventodigital/public_html/api_controlAccesos/public/index.php(37): CodeIgniter\CodeIgniter->run()
#5 {main}
CRITICAL - 2022-10-21 11:34:35 --> Class 'App\Libraries\Exception' not found
#0 /home/eventodigital/public_html/api_controlAccesos/app/Controllers/RestController.php(164): App\Libraries\vCard->__construct(false, '08573162')
#1 /home/eventodigital/public_html/api_controlAccesos/system/CodeIgniter.php(832): App\Controllers\RestController->create()
#2 /home/eventodigital/public_html/api_controlAccesos/system/CodeIgniter.php(419): CodeIgniter\CodeIgniter->runController(Object(App\Controllers\RestController))
#3 /home/eventodigital/public_html/api_controlAccesos/system/CodeIgniter.php(326): CodeIgniter\CodeIgniter->handleRequest(NULL, Object(Config\Cache), false)
#4 /home/eventodigital/public_html/api_controlAccesos/public/index.php(37): CodeIgniter\CodeIgniter->run()
#5 {main}
CRITICAL - 2022-10-21 11:36:08 --> Class 'App\Libraries\Exception' not found
#0 /home/eventodigital/public_html/api_controlAccesos/app/Controllers/RestController.php(164): App\Libraries\vCard->__construct(false, 'http://www.cong...')
#1 /home/eventodigital/public_html/api_controlAccesos/system/CodeIgniter.php(832): App\Controllers\RestController->create()
#2 /home/eventodigital/public_html/api_controlAccesos/system/CodeIgniter.php(419): CodeIgniter\CodeIgniter->runController(Object(App\Controllers\RestController))
#3 /home/eventodigital/public_html/api_controlAccesos/system/CodeIgniter.php(326): CodeIgniter\CodeIgniter->handleRequest(NULL, Object(Config\Cache), false)
#4 /home/eventodigital/public_html/api_controlAccesos/public/index.php(37): CodeIgniter\CodeIgniter->run()
#5 {main}
CRITICAL - 2022-10-21 11:38:44 --> Class 'App\Libraries\Exception' not found
#0 /home/eventodigital/public_html/api_controlAccesos/app/Controllers/RestController.php(164): App\Libraries\vCard->__construct(false, 'http://www.cong...')
#1 /home/eventodigital/public_html/api_controlAccesos/system/CodeIgniter.php(832): App\Controllers\RestController->create()
#2 /home/eventodigital/public_html/api_controlAccesos/system/CodeIgniter.php(419): CodeIgniter\CodeIgniter->runController(Object(App\Controllers\RestController))
#3 /home/eventodigital/public_html/api_controlAccesos/system/CodeIgniter.php(326): CodeIgniter\CodeIgniter->handleRequest(NULL, Object(Config\Cache), false)
#4 /home/eventodigital/public_html/api_controlAccesos/public/index.php(37): CodeIgniter\CodeIgniter->run()
#5 {main}
CRITICAL - 2022-10-21 11:39:03 --> Class 'App\Libraries\Exception' not found
#0 /home/eventodigital/public_html/api_controlAccesos/app/Controllers/RestController.php(164): App\Libraries\vCard->__construct(false, '08567680')
#1 /home/eventodigital/public_html/api_controlAccesos/system/CodeIgniter.php(832): App\Controllers\RestController->create()
#2 /home/eventodigital/public_html/api_controlAccesos/system/CodeIgniter.php(419): CodeIgniter\CodeIgniter->runController(Object(App\Controllers\RestController))
#3 /home/eventodigital/public_html/api_controlAccesos/system/CodeIgniter.php(326): CodeIgniter\CodeIgniter->handleRequest(NULL, Object(Config\Cache), false)
#4 /home/eventodigital/public_html/api_controlAccesos/public/index.php(37): CodeIgniter\CodeIgniter->run()
#5 {main}
CRITICAL - 2022-10-21 11:43:02 --> Class 'App\Libraries\Exception' not found
#0 /home/eventodigital/public_html/api_controlAccesos/app/Controllers/RestController.php(164): App\Libraries\vCard->__construct(false, 'https://play.go...')
#1 /home/eventodigital/public_html/api_controlAccesos/system/CodeIgniter.php(832): App\Controllers\RestController->create()
#2 /home/eventodigital/public_html/api_controlAccesos/system/CodeIgniter.php(419): CodeIgniter\CodeIgniter->runController(Object(App\Controllers\RestController))
#3 /home/eventodigital/public_html/api_controlAccesos/system/CodeIgniter.php(326): CodeIgniter\CodeIgniter->handleRequest(NULL, Object(Config\Cache), false)
#4 /home/eventodigital/public_html/api_controlAccesos/public/index.php(37): CodeIgniter\CodeIgniter->run()
#5 {main}
CRITICAL - 2022-10-21 11:45:34 --> Class 'App\Libraries\Exception' not found
#0 /home/eventodigital/public_html/api_controlAccesos/app/Controllers/RestController.php(164): App\Libraries\vCard->__construct(false, '16729551')
#1 /home/eventodigital/public_html/api_controlAccesos/system/CodeIgniter.php(832): App\Controllers\RestController->create()
#2 /home/eventodigital/public_html/api_controlAccesos/system/CodeIgniter.php(419): CodeIgniter\CodeIgniter->runController(Object(App\Controllers\RestController))
#3 /home/eventodigital/public_html/api_controlAccesos/system/CodeIgniter.php(326): CodeIgniter\CodeIgniter->handleRequest(NULL, Object(Config\Cache), false)
#4 /home/eventodigital/public_html/api_controlAccesos/public/index.php(37): CodeIgniter\CodeIgniter->run()
#5 {main}
CRITICAL - 2022-10-21 11:50:39 --> Class 'App\Libraries\Exception' not found
#0 /home/eventodigital/public_html/api_controlAccesos/app/Controllers/RestController.php(164): App\Libraries\vCard->__construct(false, '18748211')
#1 /home/eventodigital/public_html/api_controlAccesos/system/CodeIgniter.php(832): App\Controllers\RestController->create()
#2 /home/eventodigital/public_html/api_controlAccesos/system/CodeIgniter.php(419): CodeIgniter\CodeIgniter->runController(Object(App\Controllers\RestController))
#3 /home/eventodigital/public_html/api_controlAccesos/system/CodeIgniter.php(326): CodeIgniter\CodeIgniter->handleRequest(NULL, Object(Config\Cache), false)
#4 /home/eventodigital/public_html/api_controlAccesos/public/index.php(37): CodeIgniter\CodeIgniter->run()
#5 {main}
CRITICAL - 2022-10-21 11:51:33 --> Class 'App\Libraries\Exception' not found
#0 /home/eventodigital/public_html/api_controlAccesos/app/Controllers/RestController.php(164): App\Libraries\vCard->__construct(false, 'http://www.cong...')
#1 /home/eventodigital/public_html/api_controlAccesos/system/CodeIgniter.php(832): App\Controllers\RestController->create()
#2 /home/eventodigital/public_html/api_controlAccesos/system/CodeIgniter.php(419): CodeIgniter\CodeIgniter->runController(Object(App\Controllers\RestController))
#3 /home/eventodigital/public_html/api_controlAccesos/system/CodeIgniter.php(326): CodeIgniter\CodeIgniter->handleRequest(NULL, Object(Config\Cache), false)
#4 /home/eventodigital/public_html/api_controlAccesos/public/index.php(37): CodeIgniter\CodeIgniter->run()
#5 {main}
CRITICAL - 2022-10-21 11:54:55 --> Class 'App\Libraries\Exception' not found
#0 /home/eventodigital/public_html/api_controlAccesos/app/Controllers/RestController.php(164): App\Libraries\vCard->__construct(false, '03051439')
#1 /home/eventodigital/public_html/api_controlAccesos/system/CodeIgniter.php(832): App\Controllers\RestController->create()
#2 /home/eventodigital/public_html/api_controlAccesos/system/CodeIgniter.php(419): CodeIgniter\CodeIgniter->runController(Object(App\Controllers\RestController))
#3 /home/eventodigital/public_html/api_controlAccesos/system/CodeIgniter.php(326): CodeIgniter\CodeIgniter->handleRequest(NULL, Object(Config\Cache), false)
#4 /home/eventodigital/public_html/api_controlAccesos/public/index.php(37): CodeIgniter\CodeIgniter->run()
#5 {main}
CRITICAL - 2022-10-21 11:57:02 --> Class 'App\Libraries\Exception' not found
#0 /home/eventodigital/public_html/api_controlAccesos/app/Controllers/RestController.php(164): App\Libraries\vCard->__construct(false, 'https://play.go...')
#1 /home/eventodigital/public_html/api_controlAccesos/system/CodeIgniter.php(832): App\Controllers\RestController->create()
#2 /home/eventodigital/public_html/api_controlAccesos/system/CodeIgniter.php(419): CodeIgniter\CodeIgniter->runController(Object(App\Controllers\RestController))
#3 /home/eventodigital/public_html/api_controlAccesos/system/CodeIgniter.php(326): CodeIgniter\CodeIgniter->handleRequest(NULL, Object(Config\Cache), false)
#4 /home/eventodigital/public_html/api_controlAccesos/public/index.php(37): CodeIgniter\CodeIgniter->run()
#5 {main}
CRITICAL - 2022-10-21 11:58:53 --> Class 'App\Libraries\Exception' not found
#0 /home/eventodigital/public_html/api_controlAccesos/app/Controllers/RestController.php(164): App\Libraries\vCard->__construct(false, '\xEF\xBB\xBFBEGIN:VCARD\n...')
#1 /home/eventodigital/public_html/api_controlAccesos/system/CodeIgniter.php(832): App\Controllers\RestController->create()
#2 /home/eventodigital/public_html/api_controlAccesos/system/CodeIgniter.php(419): CodeIgniter\CodeIgniter->runController(Object(App\Controllers\RestController))
#3 /home/eventodigital/public_html/api_controlAccesos/system/CodeIgniter.php(326): CodeIgniter\CodeIgniter->handleRequest(NULL, Object(Config\Cache), false)
#4 /home/eventodigital/public_html/api_controlAccesos/public/index.php(37): CodeIgniter\CodeIgniter->run()
#5 {main}
CRITICAL - 2022-10-21 11:59:39 --> Class 'App\Libraries\Exception' not found
#0 /home/eventodigital/public_html/api_controlAccesos/app/Controllers/RestController.php(164): App\Libraries\vCard->__construct(false, '03246138')
#1 /home/eventodigital/public_html/api_controlAccesos/system/CodeIgniter.php(832): App\Controllers\RestController->create()
#2 /home/eventodigital/public_html/api_controlAccesos/system/CodeIgniter.php(419): CodeIgniter\CodeIgniter->runController(Object(App\Controllers\RestController))
#3 /home/eventodigital/public_html/api_controlAccesos/system/CodeIgniter.php(326): CodeIgniter\CodeIgniter->handleRequest(NULL, Object(Config\Cache), false)
#4 /home/eventodigital/public_html/api_controlAccesos/public/index.php(37): CodeIgniter\CodeIgniter->run()
#5 {main}
CRITICAL - 2022-10-21 11:59:43 --> Class 'App\Libraries\Exception' not found
#0 /home/eventodigital/public_html/api_controlAccesos/app/Controllers/RestController.php(164): App\Libraries\vCard->__construct(false, '06675733')
#1 /home/eventodigital/public_html/api_controlAccesos/system/CodeIgniter.php(832): App\Controllers\RestController->create()
#2 /home/eventodigital/public_html/api_controlAccesos/system/CodeIgniter.php(419): CodeIgniter\CodeIgniter->runController(Object(App\Controllers\RestController))
#3 /home/eventodigital/public_html/api_controlAccesos/system/CodeIgniter.php(326): CodeIgniter\CodeIgniter->handleRequest(NULL, Object(Config\Cache), false)
#4 /home/eventodigital/public_html/api_controlAccesos/public/index.php(37): CodeIgniter\CodeIgniter->run()
#5 {main}
CRITICAL - 2022-10-21 12:04:03 --> Class 'App\Libraries\Exception' not found
#0 /home/eventodigital/public_html/api_controlAccesos/app/Controllers/RestController.php(164): App\Libraries\vCard->__construct(false, '06012730')
#1 /home/eventodigital/public_html/api_controlAccesos/system/CodeIgniter.php(832): App\Controllers\RestController->create()
#2 /home/eventodigital/public_html/api_controlAccesos/system/CodeIgniter.php(419): CodeIgniter\CodeIgniter->runController(Object(App\Controllers\RestController))
#3 /home/eventodigital/public_html/api_controlAccesos/system/CodeIgniter.php(326): CodeIgniter\CodeIgniter->handleRequest(NULL, Object(Config\Cache), false)
#4 /home/eventodigital/public_html/api_controlAccesos/public/index.php(37): CodeIgniter\CodeIgniter->run()
#5 {main}
CRITICAL - 2022-10-21 12:07:18 --> Class 'App\Libraries\Exception' not found
#0 /home/eventodigital/public_html/api_controlAccesos/app/Controllers/RestController.php(164): App\Libraries\vCard->__construct(false, '12913572')
#1 /home/eventodigital/public_html/api_controlAccesos/system/CodeIgniter.php(832): App\Controllers\RestController->create()
#2 /home/eventodigital/public_html/api_controlAccesos/system/CodeIgniter.php(419): CodeIgniter\CodeIgniter->runController(Object(App\Controllers\RestController))
#3 /home/eventodigital/public_html/api_controlAccesos/system/CodeIgniter.php(326): CodeIgniter\CodeIgniter->handleRequest(NULL, Object(Config\Cache), false)
#4 /home/eventodigital/public_html/api_controlAccesos/public/index.php(37): CodeIgniter\CodeIgniter->run()
#5 {main}
CRITICAL - 2022-10-21 12:07:23 --> Class 'App\Libraries\Exception' not found
#0 /home/eventodigital/public_html/api_controlAccesos/app/Controllers/RestController.php(164): App\Libraries\vCard->__construct(false, '04983354')
#1 /home/eventodigital/public_html/api_controlAccesos/system/CodeIgniter.php(832): App\Controllers\RestController->create()
#2 /home/eventodigital/public_html/api_controlAccesos/system/CodeIgniter.php(419): CodeIgniter\CodeIgniter->runController(Object(App\Controllers\RestController))
#3 /home/eventodigital/public_html/api_controlAccesos/system/CodeIgniter.php(326): CodeIgniter\CodeIgniter->handleRequest(NULL, Object(Config\Cache), false)
#4 /home/eventodigital/public_html/api_controlAccesos/public/index.php(37): CodeIgniter\CodeIgniter->run()
#5 {main}
CRITICAL - 2022-10-21 12:07:55 --> Class 'App\Libraries\Exception' not found
#0 /home/eventodigital/public_html/api_controlAccesos/app/Controllers/RestController.php(164): App\Libraries\vCard->__construct(false, '00027458')
#1 /home/eventodigital/public_html/api_controlAccesos/system/CodeIgniter.php(832): App\Controllers\RestController->create()
#2 /home/eventodigital/public_html/api_controlAccesos/system/CodeIgniter.php(419): CodeIgniter\CodeIgniter->runController(Object(App\Controllers\RestController))
#3 /home/eventodigital/public_html/api_controlAccesos/system/CodeIgniter.php(326): CodeIgniter\CodeIgniter->handleRequest(NULL, Object(Config\Cache), false)
#4 /home/eventodigital/public_html/api_controlAccesos/public/index.php(37): CodeIgniter\CodeIgniter->run()
#5 {main}
CRITICAL - 2022-10-21 12:09:07 --> Class 'App\Libraries\Exception' not found
#0 /home/eventodigital/public_html/api_controlAccesos/app/Controllers/RestController.php(164): App\Libraries\vCard->__construct(false, 'http://www.cong...')
#1 /home/eventodigital/public_html/api_controlAccesos/system/CodeIgniter.php(832): App\Controllers\RestController->create()
#2 /home/eventodigital/public_html/api_controlAccesos/system/CodeIgniter.php(419): CodeIgniter\CodeIgniter->runController(Object(App\Controllers\RestController))
#3 /home/eventodigital/public_html/api_controlAccesos/system/CodeIgniter.php(326): CodeIgniter\CodeIgniter->handleRequest(NULL, Object(Config\Cache), false)
#4 /home/eventodigital/public_html/api_controlAccesos/public/index.php(37): CodeIgniter\CodeIgniter->run()
#5 {main}
CRITICAL - 2022-10-21 12:10:43 --> Class 'App\Libraries\Exception' not found
#0 /home/eventodigital/public_html/api_controlAccesos/app/Controllers/RestController.php(164): App\Libraries\vCard->__construct(false, '01090864')
#1 /home/eventodigital/public_html/api_controlAccesos/system/CodeIgniter.php(832): App\Controllers\RestController->create()
#2 /home/eventodigital/public_html/api_controlAccesos/system/CodeIgniter.php(419): CodeIgniter\CodeIgniter->runController(Object(App\Controllers\RestController))
#3 /home/eventodigital/public_html/api_controlAccesos/system/CodeIgniter.php(326): CodeIgniter\CodeIgniter->handleRequest(NULL, Object(Config\Cache), false)
#4 /home/eventodigital/public_html/api_controlAccesos/public/index.php(37): CodeIgniter\CodeIgniter->run()
#5 {main}
CRITICAL - 2022-10-21 12:11:17 --> Class 'App\Libraries\Exception' not found
#0 /home/eventodigital/public_html/api_controlAccesos/app/Controllers/RestController.php(164): App\Libraries\vCard->__construct(false, '64733883')
#1 /home/eventodigital/public_html/api_controlAccesos/system/CodeIgniter.php(832): App\Controllers\RestController->create()
#2 /home/eventodigital/public_html/api_controlAccesos/system/CodeIgniter.php(419): CodeIgniter\CodeIgniter->runController(Object(App\Controllers\RestController))
#3 /home/eventodigital/public_html/api_controlAccesos/system/CodeIgniter.php(326): CodeIgniter\CodeIgniter->handleRequest(NULL, Object(Config\Cache), false)
#4 /home/eventodigital/public_html/api_controlAccesos/public/index.php(37): CodeIgniter\CodeIgniter->run()
#5 {main}
CRITICAL - 2022-10-21 12:14:57 --> Class 'App\Libraries\Exception' not found
#0 /home/eventodigital/public_html/api_controlAccesos/app/Controllers/RestController.php(164): App\Libraries\vCard->__construct(false, '19187518')
#1 /home/eventodigital/public_html/api_controlAccesos/system/CodeIgniter.php(832): App\Controllers\RestController->create()
#2 /home/eventodigital/public_html/api_controlAccesos/system/CodeIgniter.php(419): CodeIgniter\CodeIgniter->runController(Object(App\Controllers\RestController))
#3 /home/eventodigital/public_html/api_controlAccesos/system/CodeIgniter.php(326): CodeIgniter\CodeIgniter->handleRequest(NULL, Object(Config\Cache), false)
#4 /home/eventodigital/public_html/api_controlAccesos/public/index.php(37): CodeIgniter\CodeIgniter->run()
#5 {main}
CRITICAL - 2022-10-21 12:15:24 --> Class 'App\Libraries\Exception' not found
#0 /home/eventodigital/public_html/api_controlAccesos/app/Controllers/RestController.php(164): App\Libraries\vCard->__construct(false, '10415113')
#1 /home/eventodigital/public_html/api_controlAccesos/system/CodeIgniter.php(832): App\Controllers\RestController->create()
#2 /home/eventodigital/public_html/api_controlAccesos/system/CodeIgniter.php(419): CodeIgniter\CodeIgniter->runController(Object(App\Controllers\RestController))
#3 /home/eventodigital/public_html/api_controlAccesos/system/CodeIgniter.php(326): CodeIgniter\CodeIgniter->handleRequest(NULL, Object(Config\Cache), false)
#4 /home/eventodigital/public_html/api_controlAccesos/public/index.php(37): CodeIgniter\CodeIgniter->run()
#5 {main}
CRITICAL - 2022-10-21 12:18:29 --> Class 'App\Libraries\Exception' not found
#0 /home/eventodigital/public_html/api_controlAccesos/app/Controllers/RestController.php(164): App\Libraries\vCard->__construct(false, '08031312')
#1 /home/eventodigital/public_html/api_controlAccesos/system/CodeIgniter.php(832): App\Controllers\RestController->create()
#2 /home/eventodigital/public_html/api_controlAccesos/system/CodeIgniter.php(419): CodeIgniter\CodeIgniter->runController(Object(App\Controllers\RestController))
#3 /home/eventodigital/public_html/api_controlAccesos/system/CodeIgniter.php(326): CodeIgniter\CodeIgniter->handleRequest(NULL, Object(Config\Cache), false)
#4 /home/eventodigital/public_html/api_controlAccesos/public/index.php(37): CodeIgniter\CodeIgniter->run()
#5 {main}
CRITICAL - 2022-10-21 12:18:31 --> Class 'App\Libraries\Exception' not found
#0 /home/eventodigital/public_html/api_controlAccesos/app/Controllers/RestController.php(164): App\Libraries\vCard->__construct(false, 'https://play.go...')
#1 /home/eventodigital/public_html/api_controlAccesos/system/CodeIgniter.php(832): App\Controllers\RestController->create()
#2 /home/eventodigital/public_html/api_controlAccesos/system/CodeIgniter.php(419): CodeIgniter\CodeIgniter->runController(Object(App\Controllers\RestController))
#3 /home/eventodigital/public_html/api_controlAccesos/system/CodeIgniter.php(326): CodeIgniter\CodeIgniter->handleRequest(NULL, Object(Config\Cache), false)
#4 /home/eventodigital/public_html/api_controlAccesos/public/index.php(37): CodeIgniter\CodeIgniter->run()
#5 {main}
CRITICAL - 2022-10-21 12:18:36 --> Class 'App\Libraries\Exception' not found
#0 /home/eventodigital/public_html/api_controlAccesos/app/Controllers/RestController.php(164): App\Libraries\vCard->__construct(false, '02316277')
#1 /home/eventodigital/public_html/api_controlAccesos/system/CodeIgniter.php(832): App\Controllers\RestController->create()
#2 /home/eventodigital/public_html/api_controlAccesos/system/CodeIgniter.php(419): CodeIgniter\CodeIgniter->runController(Object(App\Controllers\RestController))
#3 /home/eventodigital/public_html/api_controlAccesos/system/CodeIgniter.php(326): CodeIgniter\CodeIgniter->handleRequest(NULL, Object(Config\Cache), false)
#4 /home/eventodigital/public_html/api_controlAccesos/public/index.php(37): CodeIgniter\CodeIgniter->run()
#5 {main}
CRITICAL - 2022-10-21 12:19:02 --> Class 'App\Libraries\Exception' not found
#0 /home/eventodigital/public_html/api_controlAccesos/app/Controllers/RestController.php(164): App\Libraries\vCard->__construct(false, '00804303')
#1 /home/eventodigital/public_html/api_controlAccesos/system/CodeIgniter.php(832): App\Controllers\RestController->create()
#2 /home/eventodigital/public_html/api_controlAccesos/system/CodeIgniter.php(419): CodeIgniter\CodeIgniter->runController(Object(App\Controllers\RestController))
#3 /home/eventodigital/public_html/api_controlAccesos/system/CodeIgniter.php(326): CodeIgniter\CodeIgniter->handleRequest(NULL, Object(Config\Cache), false)
#4 /home/eventodigital/public_html/api_controlAccesos/public/index.php(37): CodeIgniter\CodeIgniter->run()
#5 {main}
CRITICAL - 2022-10-21 12:20:23 --> Class 'App\Libraries\Exception' not found
#0 /home/eventodigital/public_html/api_controlAccesos/app/Controllers/RestController.php(164): App\Libraries\vCard->__construct(false, '03614312')
#1 /home/eventodigital/public_html/api_controlAccesos/system/CodeIgniter.php(832): App\Controllers\RestController->create()
#2 /home/eventodigital/public_html/api_controlAccesos/system/CodeIgniter.php(419): CodeIgniter\CodeIgniter->runController(Object(App\Controllers\RestController))
#3 /home/eventodigital/public_html/api_controlAccesos/system/CodeIgniter.php(326): CodeIgniter\CodeIgniter->handleRequest(NULL, Object(Config\Cache), false)
#4 /home/eventodigital/public_html/api_controlAccesos/public/index.php(37): CodeIgniter\CodeIgniter->run()
#5 {main}
CRITICAL - 2022-10-21 12:21:59 --> Class 'App\Libraries\Exception' not found
#0 /home/eventodigital/public_html/api_controlAccesos/app/Controllers/RestController.php(164): App\Libraries\vCard->__construct(false, 'https://play.go...')
#1 /home/eventodigital/public_html/api_controlAccesos/system/CodeIgniter.php(832): App\Controllers\RestController->create()
#2 /home/eventodigital/public_html/api_controlAccesos/system/CodeIgniter.php(419): CodeIgniter\CodeIgniter->runController(Object(App\Controllers\RestController))
#3 /home/eventodigital/public_html/api_controlAccesos/system/CodeIgniter.php(326): CodeIgniter\CodeIgniter->handleRequest(NULL, Object(Config\Cache), false)
#4 /home/eventodigital/public_html/api_controlAccesos/public/index.php(37): CodeIgniter\CodeIgniter->run()
#5 {main}
CRITICAL - 2022-10-21 12:24:06 --> Class 'App\Libraries\Exception' not found
#0 /home/eventodigital/public_html/api_controlAccesos/app/Controllers/RestController.php(164): App\Libraries\vCard->__construct(false, 'https://play.go...')
#1 /home/eventodigital/public_html/api_controlAccesos/system/CodeIgniter.php(832): App\Controllers\RestController->create()
#2 /home/eventodigital/public_html/api_controlAccesos/system/CodeIgniter.php(419): CodeIgniter\CodeIgniter->runController(Object(App\Controllers\RestController))
#3 /home/eventodigital/public_html/api_controlAccesos/system/CodeIgniter.php(326): CodeIgniter\CodeIgniter->handleRequest(NULL, Object(Config\Cache), false)
#4 /home/eventodigital/public_html/api_controlAccesos/public/index.php(37): CodeIgniter\CodeIgniter->run()
#5 {main}
CRITICAL - 2022-10-21 12:25:45 --> Class 'App\Libraries\Exception' not found
#0 /home/eventodigital/public_html/api_controlAccesos/app/Controllers/RestController.php(164): App\Libraries\vCard->__construct(false, '00263433')
#1 /home/eventodigital/public_html/api_controlAccesos/system/CodeIgniter.php(832): App\Controllers\RestController->create()
#2 /home/eventodigital/public_html/api_controlAccesos/system/CodeIgniter.php(419): CodeIgniter\CodeIgniter->runController(Object(App\Controllers\RestController))
#3 /home/eventodigital/public_html/api_controlAccesos/system/CodeIgniter.php(326): CodeIgniter\CodeIgniter->handleRequest(NULL, Object(Config\Cache), false)
#4 /home/eventodigital/public_html/api_controlAccesos/public/index.php(37): CodeIgniter\CodeIgniter->run()
#5 {main}
CRITICAL - 2022-10-21 12:26:16 --> Class 'App\Libraries\Exception' not found
#0 /home/eventodigital/public_html/api_controlAccesos/app/Controllers/RestController.php(164): App\Libraries\vCard->__construct(false, 'http://www.cong...')
#1 /home/eventodigital/public_html/api_controlAccesos/system/CodeIgniter.php(832): App\Controllers\RestController->create()
#2 /home/eventodigital/public_html/api_controlAccesos/system/CodeIgniter.php(419): CodeIgniter\CodeIgniter->runController(Object(App\Controllers\RestController))
#3 /home/eventodigital/public_html/api_controlAccesos/system/CodeIgniter.php(326): CodeIgniter\CodeIgniter->handleRequest(NULL, Object(Config\Cache), false)
#4 /home/eventodigital/public_html/api_controlAccesos/public/index.php(37): CodeIgniter\CodeIgniter->run()
#5 {main}
CRITICAL - 2022-10-21 12:26:34 --> Class 'App\Libraries\Exception' not found
#0 /home/eventodigital/public_html/api_controlAccesos/app/Controllers/RestController.php(164): App\Libraries\vCard->__construct(false, '33688213')
#1 /home/eventodigital/public_html/api_controlAccesos/system/CodeIgniter.php(832): App\Controllers\RestController->create()
#2 /home/eventodigital/public_html/api_controlAccesos/system/CodeIgniter.php(419): CodeIgniter\CodeIgniter->runController(Object(App\Controllers\RestController))
#3 /home/eventodigital/public_html/api_controlAccesos/system/CodeIgniter.php(326): CodeIgniter\CodeIgniter->handleRequest(NULL, Object(Config\Cache), false)
#4 /home/eventodigital/public_html/api_controlAccesos/public/index.php(37): CodeIgniter\CodeIgniter->run()
#5 {main}
CRITICAL - 2022-10-21 12:26:36 --> Class 'App\Libraries\Exception' not found
#0 /home/eventodigital/public_html/api_controlAccesos/app/Controllers/RestController.php(164): App\Libraries\vCard->__construct(false, 'https://play.go...')
#1 /home/eventodigital/public_html/api_controlAccesos/system/CodeIgniter.php(832): App\Controllers\RestController->create()
#2 /home/eventodigital/public_html/api_controlAccesos/system/CodeIgniter.php(419): CodeIgniter\CodeIgniter->runController(Object(App\Controllers\RestController))
#3 /home/eventodigital/public_html/api_controlAccesos/system/CodeIgniter.php(326): CodeIgniter\CodeIgniter->handleRequest(NULL, Object(Config\Cache), false)
#4 /home/eventodigital/public_html/api_controlAccesos/public/index.php(37): CodeIgniter\CodeIgniter->run()
#5 {main}
CRITICAL - 2022-10-21 12:26:56 --> Class 'App\Libraries\Exception' not found
#0 /home/eventodigital/public_html/api_controlAccesos/app/Controllers/RestController.php(164): App\Libraries\vCard->__construct(false, '14000386')
#1 /home/eventodigital/public_html/api_controlAccesos/system/CodeIgniter.php(832): App\Controllers\RestController->create()
#2 /home/eventodigital/public_html/api_controlAccesos/system/CodeIgniter.php(419): CodeIgniter\CodeIgniter->runController(Object(App\Controllers\RestController))
#3 /home/eventodigital/public_html/api_controlAccesos/system/CodeIgniter.php(326): CodeIgniter\CodeIgniter->handleRequest(NULL, Object(Config\Cache), false)
#4 /home/eventodigital/public_html/api_controlAccesos/public/index.php(37): CodeIgniter\CodeIgniter->run()
#5 {main}
CRITICAL - 2022-10-21 12:28:42 --> Class 'App\Libraries\Exception' not found
#0 /home/eventodigital/public_html/api_controlAccesos/app/Controllers/RestController.php(164): App\Libraries\vCard->__construct(false, '06217822')
#1 /home/eventodigital/public_html/api_controlAccesos/system/CodeIgniter.php(832): App\Controllers\RestController->create()
#2 /home/eventodigital/public_html/api_controlAccesos/system/CodeIgniter.php(419): CodeIgniter\CodeIgniter->runController(Object(App\Controllers\RestController))
#3 /home/eventodigital/public_html/api_controlAccesos/system/CodeIgniter.php(326): CodeIgniter\CodeIgniter->handleRequest(NULL, Object(Config\Cache), false)
#4 /home/eventodigital/public_html/api_controlAccesos/public/index.php(37): CodeIgniter\CodeIgniter->run()
#5 {main}
CRITICAL - 2022-10-21 12:29:05 --> Class 'App\Libraries\Exception' not found
#0 /home/eventodigital/public_html/api_controlAccesos/app/Controllers/RestController.php(164): App\Libraries\vCard->__construct(false, '09757967')
#1 /home/eventodigital/public_html/api_controlAccesos/system/CodeIgniter.php(832): App\Controllers\RestController->create()
#2 /home/eventodigital/public_html/api_controlAccesos/system/CodeIgniter.php(419): CodeIgniter\CodeIgniter->runController(Object(App\Controllers\RestController))
#3 /home/eventodigital/public_html/api_controlAccesos/system/CodeIgniter.php(326): CodeIgniter\CodeIgniter->handleRequest(NULL, Object(Config\Cache), false)
#4 /home/eventodigital/public_html/api_controlAccesos/public/index.php(37): CodeIgniter\CodeIgniter->run()
#5 {main}
CRITICAL - 2022-10-21 12:30:06 --> Class 'App\Libraries\Exception' not found
#0 /home/eventodigital/public_html/api_controlAccesos/app/Controllers/RestController.php(164): App\Libraries\vCard->__construct(false, '16923775')
#1 /home/eventodigital/public_html/api_controlAccesos/system/CodeIgniter.php(832): App\Controllers\RestController->create()
#2 /home/eventodigital/public_html/api_controlAccesos/system/CodeIgniter.php(419): CodeIgniter\CodeIgniter->runController(Object(App\Controllers\RestController))
#3 /home/eventodigital/public_html/api_controlAccesos/system/CodeIgniter.php(326): CodeIgniter\CodeIgniter->handleRequest(NULL, Object(Config\Cache), false)
#4 /home/eventodigital/public_html/api_controlAccesos/public/index.php(37): CodeIgniter\CodeIgniter->run()
#5 {main}
CRITICAL - 2022-10-21 12:31:03 --> Class 'App\Libraries\Exception' not found
#0 /home/eventodigital/public_html/api_controlAccesos/app/Controllers/RestController.php(164): App\Libraries\vCard->__construct(false, '12682849')
#1 /home/eventodigital/public_html/api_controlAccesos/system/CodeIgniter.php(832): App\Controllers\RestController->create()
#2 /home/eventodigital/public_html/api_controlAccesos/system/CodeIgniter.php(419): CodeIgniter\CodeIgniter->runController(Object(App\Controllers\RestController))
#3 /home/eventodigital/public_html/api_controlAccesos/system/CodeIgniter.php(326): CodeIgniter\CodeIgniter->handleRequest(NULL, Object(Config\Cache), false)
#4 /home/eventodigital/public_html/api_controlAccesos/public/index.php(37): CodeIgniter\CodeIgniter->run()
#5 {main}
CRITICAL - 2022-10-21 12:38:37 --> Class 'App\Libraries\Exception' not found
#0 /home/eventodigital/public_html/api_controlAccesos/app/Controllers/RestController.php(164): App\Libraries\vCard->__construct(false, '05023479')
#1 /home/eventodigital/public_html/api_controlAccesos/system/CodeIgniter.php(832): App\Controllers\RestController->create()
#2 /home/eventodigital/public_html/api_controlAccesos/system/CodeIgniter.php(419): CodeIgniter\CodeIgniter->runController(Object(App\Controllers\RestController))
#3 /home/eventodigital/public_html/api_controlAccesos/system/CodeIgniter.php(326): CodeIgniter\CodeIgniter->handleRequest(NULL, Object(Config\Cache), false)
#4 /home/eventodigital/public_html/api_controlAccesos/public/index.php(37): CodeIgniter\CodeIgniter->run()
#5 {main}
CRITICAL - 2022-10-21 12:39:29 --> Class 'App\Libraries\Exception' not found
#0 /home/eventodigital/public_html/api_controlAccesos/app/Controllers/RestController.php(164): App\Libraries\vCard->__construct(false, '\xEF\xBB\xBFBEGIN:VCARD\n...')
#1 /home/eventodigital/public_html/api_controlAccesos/system/CodeIgniter.php(832): App\Controllers\RestController->create()
#2 /home/eventodigital/public_html/api_controlAccesos/system/CodeIgniter.php(419): CodeIgniter\CodeIgniter->runController(Object(App\Controllers\RestController))
#3 /home/eventodigital/public_html/api_controlAccesos/system/CodeIgniter.php(326): CodeIgniter\CodeIgniter->handleRequest(NULL, Object(Config\Cache), false)
#4 /home/eventodigital/public_html/api_controlAccesos/public/index.php(37): CodeIgniter\CodeIgniter->run()
#5 {main}
CRITICAL - 2022-10-21 12:43:19 --> Class 'App\Libraries\Exception' not found
#0 /home/eventodigital/public_html/api_controlAccesos/app/Controllers/RestController.php(164): App\Libraries\vCard->__construct(false, 'https://play.go...')
#1 /home/eventodigital/public_html/api_controlAccesos/system/CodeIgniter.php(832): App\Controllers\RestController->create()
#2 /home/eventodigital/public_html/api_controlAccesos/system/CodeIgniter.php(419): CodeIgniter\CodeIgniter->runController(Object(App\Controllers\RestController))
#3 /home/eventodigital/public_html/api_controlAccesos/system/CodeIgniter.php(326): CodeIgniter\CodeIgniter->handleRequest(NULL, Object(Config\Cache), false)
#4 /home/eventodigital/public_html/api_controlAccesos/public/index.php(37): CodeIgniter\CodeIgniter->run()
#5 {main}
CRITICAL - 2022-10-21 12:43:54 --> Class 'App\Libraries\Exception' not found
#0 /home/eventodigital/public_html/api_controlAccesos/app/Controllers/RestController.php(164): App\Libraries\vCard->__construct(false, '12884148')
#1 /home/eventodigital/public_html/api_controlAccesos/system/CodeIgniter.php(832): App\Controllers\RestController->create()
#2 /home/eventodigital/public_html/api_controlAccesos/system/CodeIgniter.php(419): CodeIgniter\CodeIgniter->runController(Object(App\Controllers\RestController))
#3 /home/eventodigital/public_html/api_controlAccesos/system/CodeIgniter.php(326): CodeIgniter\CodeIgniter->handleRequest(NULL, Object(Config\Cache), false)
#4 /home/eventodigital/public_html/api_controlAccesos/public/index.php(37): CodeIgniter\CodeIgniter->run()
#5 {main}
CRITICAL - 2022-10-21 12:45:04 --> Class 'App\Libraries\Exception' not found
#0 /home/eventodigital/public_html/api_controlAccesos/app/Controllers/RestController.php(164): App\Libraries\vCard->__construct(false, '11596840')
#1 /home/eventodigital/public_html/api_controlAccesos/system/CodeIgniter.php(832): App\Controllers\RestController->create()
#2 /home/eventodigital/public_html/api_controlAccesos/system/CodeIgniter.php(419): CodeIgniter\CodeIgniter->runController(Object(App\Controllers\RestController))
#3 /home/eventodigital/public_html/api_controlAccesos/system/CodeIgniter.php(326): CodeIgniter\CodeIgniter->handleRequest(NULL, Object(Config\Cache), false)
#4 /home/eventodigital/public_html/api_controlAccesos/public/index.php(37): CodeIgniter\CodeIgniter->run()
#5 {main}
CRITICAL - 2022-10-21 12:46:56 --> Class 'App\Libraries\Exception' not found
#0 /home/eventodigital/public_html/api_controlAccesos/app/Controllers/RestController.php(164): App\Libraries\vCard->__construct(false, '06387842')
#1 /home/eventodigital/public_html/api_controlAccesos/system/CodeIgniter.php(832): App\Controllers\RestController->create()
#2 /home/eventodigital/public_html/api_controlAccesos/system/CodeIgniter.php(419): CodeIgniter\CodeIgniter->runController(Object(App\Controllers\RestController))
#3 /home/eventodigital/public_html/api_controlAccesos/system/CodeIgniter.php(326): CodeIgniter\CodeIgniter->handleRequest(NULL, Object(Config\Cache), false)
#4 /home/eventodigital/public_html/api_controlAccesos/public/index.php(37): CodeIgniter\CodeIgniter->run()
#5 {main}
CRITICAL - 2022-10-21 12:47:21 --> Class 'App\Libraries\Exception' not found
#0 /home/eventodigital/public_html/api_controlAccesos/app/Controllers/RestController.php(164): App\Libraries\vCard->__construct(false, '04186401')
#1 /home/eventodigital/public_html/api_controlAccesos/system/CodeIgniter.php(832): App\Controllers\RestController->create()
#2 /home/eventodigital/public_html/api_controlAccesos/system/CodeIgniter.php(419): CodeIgniter\CodeIgniter->runController(Object(App\Controllers\RestController))
#3 /home/eventodigital/public_html/api_controlAccesos/system/CodeIgniter.php(326): CodeIgniter\CodeIgniter->handleRequest(NULL, Object(Config\Cache), false)
#4 /home/eventodigital/public_html/api_controlAccesos/public/index.php(37): CodeIgniter\CodeIgniter->run()
#5 {main}
CRITICAL - 2022-10-21 12:48:27 --> Class 'App\Libraries\Exception' not found
#0 /home/eventodigital/public_html/api_controlAccesos/app/Controllers/RestController.php(164): App\Libraries\vCard->__construct(false, '18341140')
#1 /home/eventodigital/public_html/api_controlAccesos/system/CodeIgniter.php(832): App\Controllers\RestController->create()
#2 /home/eventodigital/public_html/api_controlAccesos/system/CodeIgniter.php(419): CodeIgniter\CodeIgniter->runController(Object(App\Controllers\RestController))
#3 /home/eventodigital/public_html/api_controlAccesos/system/CodeIgniter.php(326): CodeIgniter\CodeIgniter->handleRequest(NULL, Object(Config\Cache), false)
#4 /home/eventodigital/public_html/api_controlAccesos/public/index.php(37): CodeIgniter\CodeIgniter->run()
#5 {main}
CRITICAL - 2022-10-21 12:48:45 --> Class 'App\Libraries\Exception' not found
#0 /home/eventodigital/public_html/api_controlAccesos/app/Controllers/RestController.php(164): App\Libraries\vCard->__construct(false, '02691145')
#1 /home/eventodigital/public_html/api_controlAccesos/system/CodeIgniter.php(832): App\Controllers\RestController->create()
#2 /home/eventodigital/public_html/api_controlAccesos/system/CodeIgniter.php(419): CodeIgniter\CodeIgniter->runController(Object(App\Controllers\RestController))
#3 /home/eventodigital/public_html/api_controlAccesos/system/CodeIgniter.php(326): CodeIgniter\CodeIgniter->handleRequest(NULL, Object(Config\Cache), false)
#4 /home/eventodigital/public_html/api_controlAccesos/public/index.php(37): CodeIgniter\CodeIgniter->run()
#5 {main}
CRITICAL - 2022-10-21 12:49:56 --> Class 'App\Libraries\Exception' not found
#0 /home/eventodigital/public_html/api_controlAccesos/app/Controllers/RestController.php(164): App\Libraries\vCard->__construct(false, '01903645')
#1 /home/eventodigital/public_html/api_controlAccesos/system/CodeIgniter.php(832): App\Controllers\RestController->create()
#2 /home/eventodigital/public_html/api_controlAccesos/system/CodeIgniter.php(419): CodeIgniter\CodeIgniter->runController(Object(App\Controllers\RestController))
#3 /home/eventodigital/public_html/api_controlAccesos/system/CodeIgniter.php(326): CodeIgniter\CodeIgniter->handleRequest(NULL, Object(Config\Cache), false)
#4 /home/eventodigital/public_html/api_controlAccesos/public/index.php(37): CodeIgniter\CodeIgniter->run()
#5 {main}
CRITICAL - 2022-10-21 12:51:17 --> Class 'App\Libraries\Exception' not found
#0 /home/eventodigital/public_html/api_controlAccesos/app/Controllers/RestController.php(164): App\Libraries\vCard->__construct(false, '00723733')
#1 /home/eventodigital/public_html/api_controlAccesos/system/CodeIgniter.php(832): App\Controllers\RestController->create()
#2 /home/eventodigital/public_html/api_controlAccesos/system/CodeIgniter.php(419): CodeIgniter\CodeIgniter->runController(Object(App\Controllers\RestController))
#3 /home/eventodigital/public_html/api_controlAccesos/system/CodeIgniter.php(326): CodeIgniter\CodeIgniter->handleRequest(NULL, Object(Config\Cache), false)
#4 /home/eventodigital/public_html/api_controlAccesos/public/index.php(37): CodeIgniter\CodeIgniter->run()
#5 {main}
CRITICAL - 2022-10-21 12:53:08 --> Class 'App\Libraries\Exception' not found
#0 /home/eventodigital/public_html/api_controlAccesos/app/Controllers/RestController.php(164): App\Libraries\vCard->__construct(false, 'http://www.cong...')
#1 /home/eventodigital/public_html/api_controlAccesos/system/CodeIgniter.php(832): App\Controllers\RestController->create()
#2 /home/eventodigital/public_html/api_controlAccesos/system/CodeIgniter.php(419): CodeIgniter\CodeIgniter->runController(Object(App\Controllers\RestController))
#3 /home/eventodigital/public_html/api_controlAccesos/system/CodeIgniter.php(326): CodeIgniter\CodeIgniter->handleRequest(NULL, Object(Config\Cache), false)
#4 /home/eventodigital/public_html/api_controlAccesos/public/index.php(37): CodeIgniter\CodeIgniter->run()
#5 {main}
CRITICAL - 2022-10-21 12:54:26 --> Class 'App\Libraries\Exception' not found
#0 /home/eventodigital/public_html/api_controlAccesos/app/Controllers/RestController.php(164): App\Libraries\vCard->__construct(false, '02745169')
#1 /home/eventodigital/public_html/api_controlAccesos/system/CodeIgniter.php(832): App\Controllers\RestController->create()
#2 /home/eventodigital/public_html/api_controlAccesos/system/CodeIgniter.php(419): CodeIgniter\CodeIgniter->runController(Object(App\Controllers\RestController))
#3 /home/eventodigital/public_html/api_controlAccesos/system/CodeIgniter.php(326): CodeIgniter\CodeIgniter->handleRequest(NULL, Object(Config\Cache), false)
#4 /home/eventodigital/public_html/api_controlAccesos/public/index.php(37): CodeIgniter\CodeIgniter->run()
#5 {main}
CRITICAL - 2022-10-21 12:56:20 --> Class 'App\Libraries\Exception' not found
#0 /home/eventodigital/public_html/api_controlAccesos/app/Controllers/RestController.php(164): App\Libraries\vCard->__construct(false, '01626221')
#1 /home/eventodigital/public_html/api_controlAccesos/system/CodeIgniter.php(832): App\Controllers\RestController->create()
#2 /home/eventodigital/public_html/api_controlAccesos/system/CodeIgniter.php(419): CodeIgniter\CodeIgniter->runController(Object(App\Controllers\RestController))
#3 /home/eventodigital/public_html/api_controlAccesos/system/CodeIgniter.php(326): CodeIgniter\CodeIgniter->handleRequest(NULL, Object(Config\Cache), false)
#4 /home/eventodigital/public_html/api_controlAccesos/public/index.php(37): CodeIgniter\CodeIgniter->run()
#5 {main}
CRITICAL - 2022-10-21 12:56:46 --> Class 'App\Libraries\Exception' not found
#0 /home/eventodigital/public_html/api_controlAccesos/app/Controllers/RestController.php(164): App\Libraries\vCard->__construct(false, '06665100')
#1 /home/eventodigital/public_html/api_controlAccesos/system/CodeIgniter.php(832): App\Controllers\RestController->create()
#2 /home/eventodigital/public_html/api_controlAccesos/system/CodeIgniter.php(419): CodeIgniter\CodeIgniter->runController(Object(App\Controllers\RestController))
#3 /home/eventodigital/public_html/api_controlAccesos/system/CodeIgniter.php(326): CodeIgniter\CodeIgniter->handleRequest(NULL, Object(Config\Cache), false)
#4 /home/eventodigital/public_html/api_controlAccesos/public/index.php(37): CodeIgniter\CodeIgniter->run()
#5 {main}
CRITICAL - 2022-10-21 12:58:10 --> Class 'App\Libraries\Exception' not found
#0 /home/eventodigital/public_html/api_controlAccesos/app/Controllers/RestController.php(164): App\Libraries\vCard->__construct(false, '08936044')
#1 /home/eventodigital/public_html/api_controlAccesos/system/CodeIgniter.php(832): App\Controllers\RestController->create()
#2 /home/eventodigital/public_html/api_controlAccesos/system/CodeIgniter.php(419): CodeIgniter\CodeIgniter->runController(Object(App\Controllers\RestController))
#3 /home/eventodigital/public_html/api_controlAccesos/system/CodeIgniter.php(326): CodeIgniter\CodeIgniter->handleRequest(NULL, Object(Config\Cache), false)
#4 /home/eventodigital/public_html/api_controlAccesos/public/index.php(37): CodeIgniter\CodeIgniter->run()
#5 {main}
CRITICAL - 2022-10-21 12:58:14 --> Class 'App\Libraries\Exception' not found
#0 /home/eventodigital/public_html/api_controlAccesos/app/Controllers/RestController.php(164): App\Libraries\vCard->__construct(false, '10210253')
#1 /home/eventodigital/public_html/api_controlAccesos/system/CodeIgniter.php(832): App\Controllers\RestController->create()
#2 /home/eventodigital/public_html/api_controlAccesos/system/CodeIgniter.php(419): CodeIgniter\CodeIgniter->runController(Object(App\Controllers\RestController))
#3 /home/eventodigital/public_html/api_controlAccesos/system/CodeIgniter.php(326): CodeIgniter\CodeIgniter->handleRequest(NULL, Object(Config\Cache), false)
#4 /home/eventodigital/public_html/api_controlAccesos/public/index.php(37): CodeIgniter\CodeIgniter->run()
#5 {main}
CRITICAL - 2022-10-21 12:58:53 --> Class 'App\Libraries\Exception' not found
#0 /home/eventodigital/public_html/api_controlAccesos/app/Controllers/RestController.php(164): App\Libraries\vCard->__construct(false, '15873226')
#1 /home/eventodigital/public_html/api_controlAccesos/system/CodeIgniter.php(832): App\Controllers\RestController->create()
#2 /home/eventodigital/public_html/api_controlAccesos/system/CodeIgniter.php(419): CodeIgniter\CodeIgniter->runController(Object(App\Controllers\RestController))
#3 /home/eventodigital/public_html/api_controlAccesos/system/CodeIgniter.php(326): CodeIgniter\CodeIgniter->handleRequest(NULL, Object(Config\Cache), false)
#4 /home/eventodigital/public_html/api_controlAccesos/public/index.php(37): CodeIgniter\CodeIgniter->run()
#5 {main}
CRITICAL - 2022-10-21 13:00:20 --> Class 'App\Libraries\Exception' not found
#0 /home/eventodigital/public_html/api_controlAccesos/app/Controllers/RestController.php(164): App\Libraries\vCard->__construct(false, '02112152')
#1 /home/eventodigital/public_html/api_controlAccesos/system/CodeIgniter.php(832): App\Controllers\RestController->create()
#2 /home/eventodigital/public_html/api_controlAccesos/system/CodeIgniter.php(419): CodeIgniter\CodeIgniter->runController(Object(App\Controllers\RestController))
#3 /home/eventodigital/public_html/api_controlAccesos/system/CodeIgniter.php(326): CodeIgniter\CodeIgniter->handleRequest(NULL, Object(Config\Cache), false)
#4 /home/eventodigital/public_html/api_controlAccesos/public/index.php(37): CodeIgniter\CodeIgniter->run()
#5 {main}
CRITICAL - 2022-10-21 13:00:37 --> Class 'App\Libraries\Exception' not found
#0 /home/eventodigital/public_html/api_controlAccesos/app/Controllers/RestController.php(164): App\Libraries\vCard->__construct(false, 'https://play.go...')
#1 /home/eventodigital/public_html/api_controlAccesos/system/CodeIgniter.php(832): App\Controllers\RestController->create()
#2 /home/eventodigital/public_html/api_controlAccesos/system/CodeIgniter.php(419): CodeIgniter\CodeIgniter->runController(Object(App\Controllers\RestController))
#3 /home/eventodigital/public_html/api_controlAccesos/system/CodeIgniter.php(326): CodeIgniter\CodeIgniter->handleRequest(NULL, Object(Config\Cache), false)
#4 /home/eventodigital/public_html/api_controlAccesos/public/index.php(37): CodeIgniter\CodeIgniter->run()
#5 {main}
CRITICAL - 2022-10-21 13:02:32 --> Class 'App\Libraries\Exception' not found
#0 /home/eventodigital/public_html/api_controlAccesos/app/Controllers/RestController.php(164): App\Libraries\vCard->__construct(false, '17958172')
#1 /home/eventodigital/public_html/api_controlAccesos/system/CodeIgniter.php(832): App\Controllers\RestController->create()
#2 /home/eventodigital/public_html/api_controlAccesos/system/CodeIgniter.php(419): CodeIgniter\CodeIgniter->runController(Object(App\Controllers\RestController))
#3 /home/eventodigital/public_html/api_controlAccesos/system/CodeIgniter.php(326): CodeIgniter\CodeIgniter->handleRequest(NULL, Object(Config\Cache), false)
#4 /home/eventodigital/public_html/api_controlAccesos/public/index.php(37): CodeIgniter\CodeIgniter->run()
#5 {main}
CRITICAL - 2022-10-21 13:03:27 --> Class 'App\Libraries\Exception' not found
#0 /home/eventodigital/public_html/api_controlAccesos/app/Controllers/RestController.php(164): App\Libraries\vCard->__construct(false, '16211179')
#1 /home/eventodigital/public_html/api_controlAccesos/system/CodeIgniter.php(832): App\Controllers\RestController->create()
#2 /home/eventodigital/public_html/api_controlAccesos/system/CodeIgniter.php(419): CodeIgniter\CodeIgniter->runController(Object(App\Controllers\RestController))
#3 /home/eventodigital/public_html/api_controlAccesos/system/CodeIgniter.php(326): CodeIgniter\CodeIgniter->handleRequest(NULL, Object(Config\Cache), false)
#4 /home/eventodigital/public_html/api_controlAccesos/public/index.php(37): CodeIgniter\CodeIgniter->run()
#5 {main}
CRITICAL - 2022-10-21 13:13:16 --> Class 'App\Libraries\Exception' not found
#0 /home/eventodigital/public_html/api_controlAccesos/app/Controllers/RestController.php(164): App\Libraries\vCard->__construct(false, 'UUID-1657582697...')
#1 /home/eventodigital/public_html/api_controlAccesos/system/CodeIgniter.php(832): App\Controllers\RestController->create()
#2 /home/eventodigital/public_html/api_controlAccesos/system/CodeIgniter.php(419): CodeIgniter\CodeIgniter->runController(Object(App\Controllers\RestController))
#3 /home/eventodigital/public_html/api_controlAccesos/system/CodeIgniter.php(326): CodeIgniter\CodeIgniter->handleRequest(NULL, Object(Config\Cache), false)
#4 /home/eventodigital/public_html/api_controlAccesos/public/index.php(37): CodeIgniter\CodeIgniter->run()
#5 {main}
CRITICAL - 2022-10-21 13:13:24 --> Class 'App\Libraries\Exception' not found
#0 /home/eventodigital/public_html/api_controlAccesos/app/Controllers/RestController.php(164): App\Libraries\vCard->__construct(false, 'UUID-1657582697...')
#1 /home/eventodigital/public_html/api_controlAccesos/system/CodeIgniter.php(832): App\Controllers\RestController->create()
#2 /home/eventodigital/public_html/api_controlAccesos/system/CodeIgniter.php(419): CodeIgniter\CodeIgniter->runController(Object(App\Controllers\RestController))
#3 /home/eventodigital/public_html/api_controlAccesos/system/CodeIgniter.php(326): CodeIgniter\CodeIgniter->handleRequest(NULL, Object(Config\Cache), false)
#4 /home/eventodigital/public_html/api_controlAccesos/public/index.php(37): CodeIgniter\CodeIgniter->run()
#5 {main}
CRITICAL - 2022-10-21 13:13:36 --> Class 'App\Libraries\Exception' not found
#0 /home/eventodigital/public_html/api_controlAccesos/app/Controllers/RestController.php(164): App\Libraries\vCard->__construct(false, '01513974')
#1 /home/eventodigital/public_html/api_controlAccesos/system/CodeIgniter.php(832): App\Controllers\RestController->create()
#2 /home/eventodigital/public_html/api_controlAccesos/system/CodeIgniter.php(419): CodeIgniter\CodeIgniter->runController(Object(App\Controllers\RestController))
#3 /home/eventodigital/public_html/api_controlAccesos/system/CodeIgniter.php(326): CodeIgniter\CodeIgniter->handleRequest(NULL, Object(Config\Cache), false)
#4 /home/eventodigital/public_html/api_controlAccesos/public/index.php(37): CodeIgniter\CodeIgniter->run()
#5 {main}
CRITICAL - 2022-10-21 13:15:17 --> Class 'App\Libraries\Exception' not found
#0 /home/eventodigital/public_html/api_controlAccesos/app/Controllers/RestController.php(164): App\Libraries\vCard->__construct(false, '18536344')
#1 /home/eventodigital/public_html/api_controlAccesos/system/CodeIgniter.php(832): App\Controllers\RestController->create()
#2 /home/eventodigital/public_html/api_controlAccesos/system/CodeIgniter.php(419): CodeIgniter\CodeIgniter->runController(Object(App\Controllers\RestController))
#3 /home/eventodigital/public_html/api_controlAccesos/system/CodeIgniter.php(326): CodeIgniter\CodeIgniter->handleRequest(NULL, Object(Config\Cache), false)
#4 /home/eventodigital/public_html/api_controlAccesos/public/index.php(37): CodeIgniter\CodeIgniter->run()
#5 {main}
CRITICAL - 2022-10-21 13:16:44 --> Class 'App\Libraries\Exception' not found
#0 /home/eventodigital/public_html/api_controlAccesos/app/Controllers/RestController.php(164): App\Libraries\vCard->__construct(false, '12482113')
#1 /home/eventodigital/public_html/api_controlAccesos/system/CodeIgniter.php(832): App\Controllers\RestController->create()
#2 /home/eventodigital/public_html/api_controlAccesos/system/CodeIgniter.php(419): CodeIgniter\CodeIgniter->runController(Object(App\Controllers\RestController))
#3 /home/eventodigital/public_html/api_controlAccesos/system/CodeIgniter.php(326): CodeIgniter\CodeIgniter->handleRequest(NULL, Object(Config\Cache), false)
#4 /home/eventodigital/public_html/api_controlAccesos/public/index.php(37): CodeIgniter\CodeIgniter->run()
#5 {main}
CRITICAL - 2022-10-21 13:17:13 --> Class 'App\Libraries\Exception' not found
#0 /home/eventodigital/public_html/api_controlAccesos/app/Controllers/RestController.php(164): App\Libraries\vCard->__construct(false, '05315318')
#1 /home/eventodigital/public_html/api_controlAccesos/system/CodeIgniter.php(832): App\Controllers\RestController->create()
#2 /home/eventodigital/public_html/api_controlAccesos/system/CodeIgniter.php(419): CodeIgniter\CodeIgniter->runController(Object(App\Controllers\RestController))
#3 /home/eventodigital/public_html/api_controlAccesos/system/CodeIgniter.php(326): CodeIgniter\CodeIgniter->handleRequest(NULL, Object(Config\Cache), false)
#4 /home/eventodigital/public_html/api_controlAccesos/public/index.php(37): CodeIgniter\CodeIgniter->run()
#5 {main}
CRITICAL - 2022-10-21 13:17:24 --> Class 'App\Libraries\Exception' not found
#0 /home/eventodigital/public_html/api_controlAccesos/app/Controllers/RestController.php(164): App\Libraries\vCard->__construct(false, '15582270')
#1 /home/eventodigital/public_html/api_controlAccesos/system/CodeIgniter.php(832): App\Controllers\RestController->create()
#2 /home/eventodigital/public_html/api_controlAccesos/system/CodeIgniter.php(419): CodeIgniter\CodeIgniter->runController(Object(App\Controllers\RestController))
#3 /home/eventodigital/public_html/api_controlAccesos/system/CodeIgniter.php(326): CodeIgniter\CodeIgniter->handleRequest(NULL, Object(Config\Cache), false)
#4 /home/eventodigital/public_html/api_controlAccesos/public/index.php(37): CodeIgniter\CodeIgniter->run()
#5 {main}
CRITICAL - 2022-10-21 13:18:04 --> Class 'App\Libraries\Exception' not found
#0 /home/eventodigital/public_html/api_controlAccesos/app/Controllers/RestController.php(164): App\Libraries\vCard->__construct(false, '10548967')
#1 /home/eventodigital/public_html/api_controlAccesos/system/CodeIgniter.php(832): App\Controllers\RestController->create()
#2 /home/eventodigital/public_html/api_controlAccesos/system/CodeIgniter.php(419): CodeIgniter\CodeIgniter->runController(Object(App\Controllers\RestController))
#3 /home/eventodigital/public_html/api_controlAccesos/system/CodeIgniter.php(326): CodeIgniter\CodeIgniter->handleRequest(NULL, Object(Config\Cache), false)
#4 /home/eventodigital/public_html/api_controlAccesos/public/index.php(37): CodeIgniter\CodeIgniter->run()
#5 {main}
CRITICAL - 2022-10-21 13:20:56 --> Class 'App\Libraries\Exception' not found
#0 /home/eventodigital/public_html/api_controlAccesos/app/Controllers/RestController.php(164): App\Libraries\vCard->__construct(false, 'https://play.go...')
#1 /home/eventodigital/public_html/api_controlAccesos/system/CodeIgniter.php(832): App\Controllers\RestController->create()
#2 /home/eventodigital/public_html/api_controlAccesos/system/CodeIgniter.php(419): CodeIgniter\CodeIgniter->runController(Object(App\Controllers\RestController))
#3 /home/eventodigital/public_html/api_controlAccesos/system/CodeIgniter.php(326): CodeIgniter\CodeIgniter->handleRequest(NULL, Object(Config\Cache), false)
#4 /home/eventodigital/public_html/api_controlAccesos/public/index.php(37): CodeIgniter\CodeIgniter->run()
#5 {main}
CRITICAL - 2022-10-21 13:21:28 --> Class 'App\Libraries\Exception' not found
#0 /home/eventodigital/public_html/api_controlAccesos/app/Controllers/RestController.php(164): App\Libraries\vCard->__construct(false, '01880984')
#1 /home/eventodigital/public_html/api_controlAccesos/system/CodeIgniter.php(832): App\Controllers\RestController->create()
#2 /home/eventodigital/public_html/api_controlAccesos/system/CodeIgniter.php(419): CodeIgniter\CodeIgniter->runController(Object(App\Controllers\RestController))
#3 /home/eventodigital/public_html/api_controlAccesos/system/CodeIgniter.php(326): CodeIgniter\CodeIgniter->handleRequest(NULL, Object(Config\Cache), false)
#4 /home/eventodigital/public_html/api_controlAccesos/public/index.php(37): CodeIgniter\CodeIgniter->run()
#5 {main}
CRITICAL - 2022-10-21 13:21:29 --> Class 'App\Libraries\Exception' not found
#0 /home/eventodigital/public_html/api_controlAccesos/app/Controllers/RestController.php(164): App\Libraries\vCard->__construct(false, '12503278')
#1 /home/eventodigital/public_html/api_controlAccesos/system/CodeIgniter.php(832): App\Controllers\RestController->create()
#2 /home/eventodigital/public_html/api_controlAccesos/system/CodeIgniter.php(419): CodeIgniter\CodeIgniter->runController(Object(App\Controllers\RestController))
#3 /home/eventodigital/public_html/api_controlAccesos/system/CodeIgniter.php(326): CodeIgniter\CodeIgniter->handleRequest(NULL, Object(Config\Cache), false)
#4 /home/eventodigital/public_html/api_controlAccesos/public/index.php(37): CodeIgniter\CodeIgniter->run()
#5 {main}
CRITICAL - 2022-10-21 13:21:33 --> Class 'App\Libraries\Exception' not found
#0 /home/eventodigital/public_html/api_controlAccesos/app/Controllers/RestController.php(164): App\Libraries\vCard->__construct(false, '14754443')
#1 /home/eventodigital/public_html/api_controlAccesos/system/CodeIgniter.php(832): App\Controllers\RestController->create()
#2 /home/eventodigital/public_html/api_controlAccesos/system/CodeIgniter.php(419): CodeIgniter\CodeIgniter->runController(Object(App\Controllers\RestController))
#3 /home/eventodigital/public_html/api_controlAccesos/system/CodeIgniter.php(326): CodeIgniter\CodeIgniter->handleRequest(NULL, Object(Config\Cache), false)
#4 /home/eventodigital/public_html/api_controlAccesos/public/index.php(37): CodeIgniter\CodeIgniter->run()
#5 {main}
CRITICAL - 2022-10-21 13:22:32 --> Class 'App\Libraries\Exception' not found
#0 /home/eventodigital/public_html/api_controlAccesos/app/Controllers/RestController.php(164): App\Libraries\vCard->__construct(false, '18492491')
#1 /home/eventodigital/public_html/api_controlAccesos/system/CodeIgniter.php(832): App\Controllers\RestController->create()
#2 /home/eventodigital/public_html/api_controlAccesos/system/CodeIgniter.php(419): CodeIgniter\CodeIgniter->runController(Object(App\Controllers\RestController))
#3 /home/eventodigital/public_html/api_controlAccesos/system/CodeIgniter.php(326): CodeIgniter\CodeIgniter->handleRequest(NULL, Object(Config\Cache), false)
#4 /home/eventodigital/public_html/api_controlAccesos/public/index.php(37): CodeIgniter\CodeIgniter->run()
#5 {main}
CRITICAL - 2022-10-21 13:24:40 --> Class 'App\Libraries\Exception' not found
#0 /home/eventodigital/public_html/api_controlAccesos/app/Controllers/RestController.php(164): App\Libraries\vCard->__construct(false, '09525689')
#1 /home/eventodigital/public_html/api_controlAccesos/system/CodeIgniter.php(832): App\Controllers\RestController->create()
#2 /home/eventodigital/public_html/api_controlAccesos/system/CodeIgniter.php(419): CodeIgniter\CodeIgniter->runController(Object(App\Controllers\RestController))
#3 /home/eventodigital/public_html/api_controlAccesos/system/CodeIgniter.php(326): CodeIgniter\CodeIgniter->handleRequest(NULL, Object(Config\Cache), false)
#4 /home/eventodigital/public_html/api_controlAccesos/public/index.php(37): CodeIgniter\CodeIgniter->run()
#5 {main}
CRITICAL - 2022-10-21 13:26:49 --> Class 'App\Libraries\Exception' not found
#0 /home/eventodigital/public_html/api_controlAccesos/app/Controllers/RestController.php(164): App\Libraries\vCard->__construct(false, '71756882')
#1 /home/eventodigital/public_html/api_controlAccesos/system/CodeIgniter.php(832): App\Controllers\RestController->create()
#2 /home/eventodigital/public_html/api_controlAccesos/system/CodeIgniter.php(419): CodeIgniter\CodeIgniter->runController(Object(App\Controllers\RestController))
#3 /home/eventodigital/public_html/api_controlAccesos/system/CodeIgniter.php(326): CodeIgniter\CodeIgniter->handleRequest(NULL, Object(Config\Cache), false)
#4 /home/eventodigital/public_html/api_controlAccesos/public/index.php(37): CodeIgniter\CodeIgniter->run()
#5 {main}
CRITICAL - 2022-10-21 13:30:31 --> Class 'App\Libraries\Exception' not found
#0 /home/eventodigital/public_html/api_controlAccesos/app/Controllers/RestController.php(164): App\Libraries\vCard->__construct(false, '03617250')
#1 /home/eventodigital/public_html/api_controlAccesos/system/CodeIgniter.php(832): App\Controllers\RestController->create()
#2 /home/eventodigital/public_html/api_controlAccesos/system/CodeIgniter.php(419): CodeIgniter\CodeIgniter->runController(Object(App\Controllers\RestController))
#3 /home/eventodigital/public_html/api_controlAccesos/system/CodeIgniter.php(326): CodeIgniter\CodeIgniter->handleRequest(NULL, Object(Config\Cache), false)
#4 /home/eventodigital/public_html/api_controlAccesos/public/index.php(37): CodeIgniter\CodeIgniter->run()
#5 {main}
CRITICAL - 2022-10-21 13:31:59 --> Class 'App\Libraries\Exception' not found
#0 /home/eventodigital/public_html/api_controlAccesos/app/Controllers/RestController.php(164): App\Libraries\vCard->__construct(false, '01171630')
#1 /home/eventodigital/public_html/api_controlAccesos/system/CodeIgniter.php(832): App\Controllers\RestController->create()
#2 /home/eventodigital/public_html/api_controlAccesos/system/CodeIgniter.php(419): CodeIgniter\CodeIgniter->runController(Object(App\Controllers\RestController))
#3 /home/eventodigital/public_html/api_controlAccesos/system/CodeIgniter.php(326): CodeIgniter\CodeIgniter->handleRequest(NULL, Object(Config\Cache), false)
#4 /home/eventodigital/public_html/api_controlAccesos/public/index.php(37): CodeIgniter\CodeIgniter->run()
#5 {main}
CRITICAL - 2022-10-21 13:34:05 --> Class 'App\Libraries\Exception' not found
#0 /home/eventodigital/public_html/api_controlAccesos/app/Controllers/RestController.php(164): App\Libraries\vCard->__construct(false, '07386879')
#1 /home/eventodigital/public_html/api_controlAccesos/system/CodeIgniter.php(832): App\Controllers\RestController->create()
#2 /home/eventodigital/public_html/api_controlAccesos/system/CodeIgniter.php(419): CodeIgniter\CodeIgniter->runController(Object(App\Controllers\RestController))
#3 /home/eventodigital/public_html/api_controlAccesos/system/CodeIgniter.php(326): CodeIgniter\CodeIgniter->handleRequest(NULL, Object(Config\Cache), false)
#4 /home/eventodigital/public_html/api_controlAccesos/public/index.php(37): CodeIgniter\CodeIgniter->run()
#5 {main}
CRITICAL - 2022-10-21 13:35:52 --> Class 'App\Libraries\Exception' not found
#0 /home/eventodigital/public_html/api_controlAccesos/app/Controllers/RestController.php(164): App\Libraries\vCard->__construct(false, '17979720')
#1 /home/eventodigital/public_html/api_controlAccesos/system/CodeIgniter.php(832): App\Controllers\RestController->create()
#2 /home/eventodigital/public_html/api_controlAccesos/system/CodeIgniter.php(419): CodeIgniter\CodeIgniter->runController(Object(App\Controllers\RestController))
#3 /home/eventodigital/public_html/api_controlAccesos/system/CodeIgniter.php(326): CodeIgniter\CodeIgniter->handleRequest(NULL, Object(Config\Cache), false)
#4 /home/eventodigital/public_html/api_controlAccesos/public/index.php(37): CodeIgniter\CodeIgniter->run()
#5 {main}
CRITICAL - 2022-10-21 13:37:15 --> Class 'App\Libraries\Exception' not found
#0 /home/eventodigital/public_html/api_controlAccesos/app/Controllers/RestController.php(164): App\Libraries\vCard->__construct(false, '06864123')
#1 /home/eventodigital/public_html/api_controlAccesos/system/CodeIgniter.php(832): App\Controllers\RestController->create()
#2 /home/eventodigital/public_html/api_controlAccesos/system/CodeIgniter.php(419): CodeIgniter\CodeIgniter->runController(Object(App\Controllers\RestController))
#3 /home/eventodigital/public_html/api_controlAccesos/system/CodeIgniter.php(326): CodeIgniter\CodeIgniter->handleRequest(NULL, Object(Config\Cache), false)
#4 /home/eventodigital/public_html/api_controlAccesos/public/index.php(37): CodeIgniter\CodeIgniter->run()
#5 {main}
CRITICAL - 2022-10-21 13:40:31 --> Class 'App\Libraries\Exception' not found
#0 /home/eventodigital/public_html/api_controlAccesos/app/Controllers/RestController.php(164): App\Libraries\vCard->__construct(false, '15796939')
#1 /home/eventodigital/public_html/api_controlAccesos/system/CodeIgniter.php(832): App\Controllers\RestController->create()
#2 /home/eventodigital/public_html/api_controlAccesos/system/CodeIgniter.php(419): CodeIgniter\CodeIgniter->runController(Object(App\Controllers\RestController))
#3 /home/eventodigital/public_html/api_controlAccesos/system/CodeIgniter.php(326): CodeIgniter\CodeIgniter->handleRequest(NULL, Object(Config\Cache), false)
#4 /home/eventodigital/public_html/api_controlAccesos/public/index.php(37): CodeIgniter\CodeIgniter->run()
#5 {main}
CRITICAL - 2022-10-21 13:41:07 --> Class 'App\Libraries\Exception' not found
#0 /home/eventodigital/public_html/api_controlAccesos/app/Controllers/RestController.php(164): App\Libraries\vCard->__construct(false, '05117895')
#1 /home/eventodigital/public_html/api_controlAccesos/system/CodeIgniter.php(832): App\Controllers\RestController->create()
#2 /home/eventodigital/public_html/api_controlAccesos/system/CodeIgniter.php(419): CodeIgniter\CodeIgniter->runController(Object(App\Controllers\RestController))
#3 /home/eventodigital/public_html/api_controlAccesos/system/CodeIgniter.php(326): CodeIgniter\CodeIgniter->handleRequest(NULL, Object(Config\Cache), false)
#4 /home/eventodigital/public_html/api_controlAccesos/public/index.php(37): CodeIgniter\CodeIgniter->run()
#5 {main}
CRITICAL - 2022-10-21 13:43:01 --> Class 'App\Libraries\Exception' not found
#0 /home/eventodigital/public_html/api_controlAccesos/app/Controllers/RestController.php(164): App\Libraries\vCard->__construct(false, '06171575')
#1 /home/eventodigital/public_html/api_controlAccesos/system/CodeIgniter.php(832): App\Controllers\RestController->create()
#2 /home/eventodigital/public_html/api_controlAccesos/system/CodeIgniter.php(419): CodeIgniter\CodeIgniter->runController(Object(App\Controllers\RestController))
#3 /home/eventodigital/public_html/api_controlAccesos/system/CodeIgniter.php(326): CodeIgniter\CodeIgniter->handleRequest(NULL, Object(Config\Cache), false)
#4 /home/eventodigital/public_html/api_controlAccesos/public/index.php(37): CodeIgniter\CodeIgniter->run()
#5 {main}
CRITICAL - 2022-10-21 13:43:24 --> Class 'App\Libraries\Exception' not found
#0 /home/eventodigital/public_html/api_controlAccesos/app/Controllers/RestController.php(164): App\Libraries\vCard->__construct(false, '01962185')
#1 /home/eventodigital/public_html/api_controlAccesos/system/CodeIgniter.php(832): App\Controllers\RestController->create()
#2 /home/eventodigital/public_html/api_controlAccesos/system/CodeIgniter.php(419): CodeIgniter\CodeIgniter->runController(Object(App\Controllers\RestController))
#3 /home/eventodigital/public_html/api_controlAccesos/system/CodeIgniter.php(326): CodeIgniter\CodeIgniter->handleRequest(NULL, Object(Config\Cache), false)
#4 /home/eventodigital/public_html/api_controlAccesos/public/index.php(37): CodeIgniter\CodeIgniter->run()
#5 {main}
CRITICAL - 2022-10-21 13:44:01 --> Class 'App\Libraries\Exception' not found
#0 /home/eventodigital/public_html/api_controlAccesos/app/Controllers/RestController.php(164): App\Libraries\vCard->__construct(false, '14089408')
#1 /home/eventodigital/public_html/api_controlAccesos/system/CodeIgniter.php(832): App\Controllers\RestController->create()
#2 /home/eventodigital/public_html/api_controlAccesos/system/CodeIgniter.php(419): CodeIgniter\CodeIgniter->runController(Object(App\Controllers\RestController))
#3 /home/eventodigital/public_html/api_controlAccesos/system/CodeIgniter.php(326): CodeIgniter\CodeIgniter->handleRequest(NULL, Object(Config\Cache), false)
#4 /home/eventodigital/public_html/api_controlAccesos/public/index.php(37): CodeIgniter\CodeIgniter->run()
#5 {main}
CRITICAL - 2022-10-21 13:45:32 --> Class 'App\Libraries\Exception' not found
#0 /home/eventodigital/public_html/api_controlAccesos/app/Controllers/RestController.php(164): App\Libraries\vCard->__construct(false, '17212588')
#1 /home/eventodigital/public_html/api_controlAccesos/system/CodeIgniter.php(832): App\Controllers\RestController->create()
#2 /home/eventodigital/public_html/api_controlAccesos/system/CodeIgniter.php(419): CodeIgniter\CodeIgniter->runController(Object(App\Controllers\RestController))
#3 /home/eventodigital/public_html/api_controlAccesos/system/CodeIgniter.php(326): CodeIgniter\CodeIgniter->handleRequest(NULL, Object(Config\Cache), false)
#4 /home/eventodigital/public_html/api_controlAccesos/public/index.php(37): CodeIgniter\CodeIgniter->run()
#5 {main}
CRITICAL - 2022-10-21 13:47:46 --> Class 'App\Libraries\Exception' not found
#0 /home/eventodigital/public_html/api_controlAccesos/app/Controllers/RestController.php(164): App\Libraries\vCard->__construct(false, '03054574')
#1 /home/eventodigital/public_html/api_controlAccesos/system/CodeIgniter.php(832): App\Controllers\RestController->create()
#2 /home/eventodigital/public_html/api_controlAccesos/system/CodeIgniter.php(419): CodeIgniter\CodeIgniter->runController(Object(App\Controllers\RestController))
#3 /home/eventodigital/public_html/api_controlAccesos/system/CodeIgniter.php(326): CodeIgniter\CodeIgniter->handleRequest(NULL, Object(Config\Cache), false)
#4 /home/eventodigital/public_html/api_controlAccesos/public/index.php(37): CodeIgniter\CodeIgniter->run()
#5 {main}
CRITICAL - 2022-10-21 13:52:24 --> Class 'App\Libraries\Exception' not found
#0 /home/eventodigital/public_html/api_controlAccesos/app/Controllers/RestController.php(164): App\Libraries\vCard->__construct(false, '19539421')
#1 /home/eventodigital/public_html/api_controlAccesos/system/CodeIgniter.php(832): App\Controllers\RestController->create()
#2 /home/eventodigital/public_html/api_controlAccesos/system/CodeIgniter.php(419): CodeIgniter\CodeIgniter->runController(Object(App\Controllers\RestController))
#3 /home/eventodigital/public_html/api_controlAccesos/system/CodeIgniter.php(326): CodeIgniter\CodeIgniter->handleRequest(NULL, Object(Config\Cache), false)
#4 /home/eventodigital/public_html/api_controlAccesos/public/index.php(37): CodeIgniter\CodeIgniter->run()
#5 {main}
CRITICAL - 2022-10-21 13:57:40 --> Class 'App\Libraries\Exception' not found
#0 /home/eventodigital/public_html/api_controlAccesos/app/Controllers/RestController.php(164): App\Libraries\vCard->__construct(false, '01606188')
#1 /home/eventodigital/public_html/api_controlAccesos/system/CodeIgniter.php(832): App\Controllers\RestController->create()
#2 /home/eventodigital/public_html/api_controlAccesos/system/CodeIgniter.php(419): CodeIgniter\CodeIgniter->runController(Object(App\Controllers\RestController))
#3 /home/eventodigital/public_html/api_controlAccesos/system/CodeIgniter.php(326): CodeIgniter\CodeIgniter->handleRequest(NULL, Object(Config\Cache), false)
#4 /home/eventodigital/public_html/api_controlAccesos/public/index.php(37): CodeIgniter\CodeIgniter->run()
#5 {main}
CRITICAL - 2022-10-21 14:08:10 --> Class 'App\Libraries\Exception' not found
#0 /home/eventodigital/public_html/api_controlAccesos/app/Controllers/RestController.php(164): App\Libraries\vCard->__construct(false, '00196277')
#1 /home/eventodigital/public_html/api_controlAccesos/system/CodeIgniter.php(832): App\Controllers\RestController->create()
#2 /home/eventodigital/public_html/api_controlAccesos/system/CodeIgniter.php(419): CodeIgniter\CodeIgniter->runController(Object(App\Controllers\RestController))
#3 /home/eventodigital/public_html/api_controlAccesos/system/CodeIgniter.php(326): CodeIgniter\CodeIgniter->handleRequest(NULL, Object(Config\Cache), false)
#4 /home/eventodigital/public_html/api_controlAccesos/public/index.php(37): CodeIgniter\CodeIgniter->run()
#5 {main}
CRITICAL - 2022-10-21 14:09:23 --> Class 'App\Libraries\Exception' not found
#0 /home/eventodigital/public_html/api_controlAccesos/app/Controllers/RestController.php(164): App\Libraries\vCard->__construct(false, '09602656')
#1 /home/eventodigital/public_html/api_controlAccesos/system/CodeIgniter.php(832): App\Controllers\RestController->create()
#2 /home/eventodigital/public_html/api_controlAccesos/system/CodeIgniter.php(419): CodeIgniter\CodeIgniter->runController(Object(App\Controllers\RestController))
#3 /home/eventodigital/public_html/api_controlAccesos/system/CodeIgniter.php(326): CodeIgniter\CodeIgniter->handleRequest(NULL, Object(Config\Cache), false)
#4 /home/eventodigital/public_html/api_controlAccesos/public/index.php(37): CodeIgniter\CodeIgniter->run()
#5 {main}
CRITICAL - 2022-10-21 14:13:39 --> Class 'App\Libraries\Exception' not found
#0 /home/eventodigital/public_html/api_controlAccesos/app/Controllers/RestController.php(164): App\Libraries\vCard->__construct(false, '01805963')
#1 /home/eventodigital/public_html/api_controlAccesos/system/CodeIgniter.php(832): App\Controllers\RestController->create()
#2 /home/eventodigital/public_html/api_controlAccesos/system/CodeIgniter.php(419): CodeIgniter\CodeIgniter->runController(Object(App\Controllers\RestController))
#3 /home/eventodigital/public_html/api_controlAccesos/system/CodeIgniter.php(326): CodeIgniter\CodeIgniter->handleRequest(NULL, Object(Config\Cache), false)
#4 /home/eventodigital/public_html/api_controlAccesos/public/index.php(37): CodeIgniter\CodeIgniter->run()
#5 {main}
CRITICAL - 2022-10-21 14:15:28 --> Class 'App\Libraries\Exception' not found
#0 /home/eventodigital/public_html/api_controlAccesos/app/Controllers/RestController.php(164): App\Libraries\vCard->__construct(false, '11122821')
#1 /home/eventodigital/public_html/api_controlAccesos/system/CodeIgniter.php(832): App\Controllers\RestController->create()
#2 /home/eventodigital/public_html/api_controlAccesos/system/CodeIgniter.php(419): CodeIgniter\CodeIgniter->runController(Object(App\Controllers\RestController))
#3 /home/eventodigital/public_html/api_controlAccesos/system/CodeIgniter.php(326): CodeIgniter\CodeIgniter->handleRequest(NULL, Object(Config\Cache), false)
#4 /home/eventodigital/public_html/api_controlAccesos/public/index.php(37): CodeIgniter\CodeIgniter->run()
#5 {main}
CRITICAL - 2022-10-21 14:20:39 --> Class 'App\Libraries\Exception' not found
#0 /home/eventodigital/public_html/api_controlAccesos/app/Controllers/RestController.php(164): App\Libraries\vCard->__construct(false, '07239793')
#1 /home/eventodigital/public_html/api_controlAccesos/system/CodeIgniter.php(832): App\Controllers\RestController->create()
#2 /home/eventodigital/public_html/api_controlAccesos/system/CodeIgniter.php(419): CodeIgniter\CodeIgniter->runController(Object(App\Controllers\RestController))
#3 /home/eventodigital/public_html/api_controlAccesos/system/CodeIgniter.php(326): CodeIgniter\CodeIgniter->handleRequest(NULL, Object(Config\Cache), false)
#4 /home/eventodigital/public_html/api_controlAccesos/public/index.php(37): CodeIgniter\CodeIgniter->run()
#5 {main}
CRITICAL - 2022-10-21 14:21:49 --> Class 'App\Libraries\Exception' not found
#0 /home/eventodigital/public_html/api_controlAccesos/app/Controllers/RestController.php(164): App\Libraries\vCard->__construct(false, '17211758')
#1 /home/eventodigital/public_html/api_controlAccesos/system/CodeIgniter.php(832): App\Controllers\RestController->create()
#2 /home/eventodigital/public_html/api_controlAccesos/system/CodeIgniter.php(419): CodeIgniter\CodeIgniter->runController(Object(App\Controllers\RestController))
#3 /home/eventodigital/public_html/api_controlAccesos/system/CodeIgniter.php(326): CodeIgniter\CodeIgniter->handleRequest(NULL, Object(Config\Cache), false)
#4 /home/eventodigital/public_html/api_controlAccesos/public/index.php(37): CodeIgniter\CodeIgniter->run()
#5 {main}
CRITICAL - 2022-10-21 14:22:53 --> Class 'App\Libraries\Exception' not found
#0 /home/eventodigital/public_html/api_controlAccesos/app/Controllers/RestController.php(164): App\Libraries\vCard->__construct(false, '75')
#1 /home/eventodigital/public_html/api_controlAccesos/system/CodeIgniter.php(832): App\Controllers\RestController->create()
#2 /home/eventodigital/public_html/api_controlAccesos/system/CodeIgniter.php(419): CodeIgniter\CodeIgniter->runController(Object(App\Controllers\RestController))
#3 /home/eventodigital/public_html/api_controlAccesos/system/CodeIgniter.php(326): CodeIgniter\CodeIgniter->handleRequest(NULL, Object(Config\Cache), false)
#4 /home/eventodigital/public_html/api_controlAccesos/public/index.php(37): CodeIgniter\CodeIgniter->run()
#5 {main}
CRITICAL - 2022-10-21 14:22:59 --> Class 'App\Libraries\Exception' not found
#0 /home/eventodigital/public_html/api_controlAccesos/app/Controllers/RestController.php(164): App\Libraries\vCard->__construct(false, 'https://play.go...')
#1 /home/eventodigital/public_html/api_controlAccesos/system/CodeIgniter.php(832): App\Controllers\RestController->create()
#2 /home/eventodigital/public_html/api_controlAccesos/system/CodeIgniter.php(419): CodeIgniter\CodeIgniter->runController(Object(App\Controllers\RestController))
#3 /home/eventodigital/public_html/api_controlAccesos/system/CodeIgniter.php(326): CodeIgniter\CodeIgniter->handleRequest(NULL, Object(Config\Cache), false)
#4 /home/eventodigital/public_html/api_controlAccesos/public/index.php(37): CodeIgniter\CodeIgniter->run()
#5 {main}
CRITICAL - 2022-10-21 14:23:21 --> Class 'App\Libraries\Exception' not found
#0 /home/eventodigital/public_html/api_controlAccesos/app/Controllers/RestController.php(164): App\Libraries\vCard->__construct(false, '05635672')
#1 /home/eventodigital/public_html/api_controlAccesos/system/CodeIgniter.php(832): App\Controllers\RestController->create()
#2 /home/eventodigital/public_html/api_controlAccesos/system/CodeIgniter.php(419): CodeIgniter\CodeIgniter->runController(Object(App\Controllers\RestController))
#3 /home/eventodigital/public_html/api_controlAccesos/system/CodeIgniter.php(326): CodeIgniter\CodeIgniter->handleRequest(NULL, Object(Config\Cache), false)
#4 /home/eventodigital/public_html/api_controlAccesos/public/index.php(37): CodeIgniter\CodeIgniter->run()
#5 {main}
CRITICAL - 2022-10-21 14:26:19 --> Class 'App\Libraries\Exception' not found
#0 /home/eventodigital/public_html/api_controlAccesos/app/Controllers/RestController.php(164): App\Libraries\vCard->__construct(false, '12813650')
#1 /home/eventodigital/public_html/api_controlAccesos/system/CodeIgniter.php(832): App\Controllers\RestController->create()
#2 /home/eventodigital/public_html/api_controlAccesos/system/CodeIgniter.php(419): CodeIgniter\CodeIgniter->runController(Object(App\Controllers\RestController))
#3 /home/eventodigital/public_html/api_controlAccesos/system/CodeIgniter.php(326): CodeIgniter\CodeIgniter->handleRequest(NULL, Object(Config\Cache), false)
#4 /home/eventodigital/public_html/api_controlAccesos/public/index.php(37): CodeIgniter\CodeIgniter->run()
#5 {main}
CRITICAL - 2022-10-21 14:26:45 --> Class 'App\Libraries\Exception' not found
#0 /home/eventodigital/public_html/api_controlAccesos/app/Controllers/RestController.php(164): App\Libraries\vCard->__construct(false, '18274813')
#1 /home/eventodigital/public_html/api_controlAccesos/system/CodeIgniter.php(832): App\Controllers\RestController->create()
#2 /home/eventodigital/public_html/api_controlAccesos/system/CodeIgniter.php(419): CodeIgniter\CodeIgniter->runController(Object(App\Controllers\RestController))
#3 /home/eventodigital/public_html/api_controlAccesos/system/CodeIgniter.php(326): CodeIgniter\CodeIgniter->handleRequest(NULL, Object(Config\Cache), false)
#4 /home/eventodigital/public_html/api_controlAccesos/public/index.php(37): CodeIgniter\CodeIgniter->run()
#5 {main}
CRITICAL - 2022-10-21 14:27:42 --> Class 'App\Libraries\Exception' not found
#0 /home/eventodigital/public_html/api_controlAccesos/app/Controllers/RestController.php(164): App\Libraries\vCard->__construct(false, '91')
#1 /home/eventodigital/public_html/api_controlAccesos/system/CodeIgniter.php(832): App\Controllers\RestController->create()
#2 /home/eventodigital/public_html/api_controlAccesos/system/CodeIgniter.php(419): CodeIgniter\CodeIgniter->runController(Object(App\Controllers\RestController))
#3 /home/eventodigital/public_html/api_controlAccesos/system/CodeIgniter.php(326): CodeIgniter\CodeIgniter->handleRequest(NULL, Object(Config\Cache), false)
#4 /home/eventodigital/public_html/api_controlAccesos/public/index.php(37): CodeIgniter\CodeIgniter->run()
#5 {main}
CRITICAL - 2022-10-21 14:28:54 --> Class 'App\Libraries\Exception' not found
#0 /home/eventodigital/public_html/api_controlAccesos/app/Controllers/RestController.php(164): App\Libraries\vCard->__construct(false, '73')
#1 /home/eventodigital/public_html/api_controlAccesos/system/CodeIgniter.php(832): App\Controllers\RestController->create()
#2 /home/eventodigital/public_html/api_controlAccesos/system/CodeIgniter.php(419): CodeIgniter\CodeIgniter->runController(Object(App\Controllers\RestController))
#3 /home/eventodigital/public_html/api_controlAccesos/system/CodeIgniter.php(326): CodeIgniter\CodeIgniter->handleRequest(NULL, Object(Config\Cache), false)
#4 /home/eventodigital/public_html/api_controlAccesos/public/index.php(37): CodeIgniter\CodeIgniter->run()
#5 {main}
CRITICAL - 2022-10-21 14:31:02 --> Class 'App\Libraries\Exception' not found
#0 /home/eventodigital/public_html/api_controlAccesos/app/Controllers/RestController.php(164): App\Libraries\vCard->__construct(false, 'https://play.go...')
#1 /home/eventodigital/public_html/api_controlAccesos/system/CodeIgniter.php(832): App\Controllers\RestController->create()
#2 /home/eventodigital/public_html/api_controlAccesos/system/CodeIgniter.php(419): CodeIgniter\CodeIgniter->runController(Object(App\Controllers\RestController))
#3 /home/eventodigital/public_html/api_controlAccesos/system/CodeIgniter.php(326): CodeIgniter\CodeIgniter->handleRequest(NULL, Object(Config\Cache), false)
#4 /home/eventodigital/public_html/api_controlAccesos/public/index.php(37): CodeIgniter\CodeIgniter->run()
#5 {main}
CRITICAL - 2022-10-21 14:35:21 --> Class 'App\Libraries\Exception' not found
#0 /home/eventodigital/public_html/api_controlAccesos/app/Controllers/RestController.php(164): App\Libraries\vCard->__construct(false, '12443369')
#1 /home/eventodigital/public_html/api_controlAccesos/system/CodeIgniter.php(832): App\Controllers\RestController->create()
#2 /home/eventodigital/public_html/api_controlAccesos/system/CodeIgniter.php(419): CodeIgniter\CodeIgniter->runController(Object(App\Controllers\RestController))
#3 /home/eventodigital/public_html/api_controlAccesos/system/CodeIgniter.php(326): CodeIgniter\CodeIgniter->handleRequest(NULL, Object(Config\Cache), false)
#4 /home/eventodigital/public_html/api_controlAccesos/public/index.php(37): CodeIgniter\CodeIgniter->run()
#5 {main}
CRITICAL - 2022-10-21 14:35:27 --> Class 'App\Libraries\Exception' not found
#0 /home/eventodigital/public_html/api_controlAccesos/app/Controllers/RestController.php(164): App\Libraries\vCard->__construct(false, '7209627449817')
#1 /home/eventodigital/public_html/api_controlAccesos/system/CodeIgniter.php(832): App\Controllers\RestController->create()
#2 /home/eventodigital/public_html/api_controlAccesos/system/CodeIgniter.php(419): CodeIgniter\CodeIgniter->runController(Object(App\Controllers\RestController))
#3 /home/eventodigital/public_html/api_controlAccesos/system/CodeIgniter.php(326): CodeIgniter\CodeIgniter->handleRequest(NULL, Object(Config\Cache), false)
#4 /home/eventodigital/public_html/api_controlAccesos/public/index.php(37): CodeIgniter\CodeIgniter->run()
#5 {main}
CRITICAL - 2022-10-21 14:40:05 --> Class 'App\Libraries\Exception' not found
#0 /home/eventodigital/public_html/api_controlAccesos/app/Controllers/RestController.php(164): App\Libraries\vCard->__construct(false, '02806211')
#1 /home/eventodigital/public_html/api_controlAccesos/system/CodeIgniter.php(832): App\Controllers\RestController->create()
#2 /home/eventodigital/public_html/api_controlAccesos/system/CodeIgniter.php(419): CodeIgniter\CodeIgniter->runController(Object(App\Controllers\RestController))
#3 /home/eventodigital/public_html/api_controlAccesos/system/CodeIgniter.php(326): CodeIgniter\CodeIgniter->handleRequest(NULL, Object(Config\Cache), false)
#4 /home/eventodigital/public_html/api_controlAccesos/public/index.php(37): CodeIgniter\CodeIgniter->run()
#5 {main}
CRITICAL - 2022-10-21 14:44:44 --> Class 'App\Libraries\Exception' not found
#0 /home/eventodigital/public_html/api_controlAccesos/app/Controllers/RestController.php(164): App\Libraries\vCard->__construct(false, '05484247')
#1 /home/eventodigital/public_html/api_controlAccesos/system/CodeIgniter.php(832): App\Controllers\RestController->create()
#2 /home/eventodigital/public_html/api_controlAccesos/system/CodeIgniter.php(419): CodeIgniter\CodeIgniter->runController(Object(App\Controllers\RestController))
#3 /home/eventodigital/public_html/api_controlAccesos/system/CodeIgniter.php(326): CodeIgniter\CodeIgniter->handleRequest(NULL, Object(Config\Cache), false)
#4 /home/eventodigital/public_html/api_controlAccesos/public/index.php(37): CodeIgniter\CodeIgniter->run()
#5 {main}
CRITICAL - 2022-10-21 14:49:21 --> Class 'App\Libraries\Exception' not found
#0 /home/eventodigital/public_html/api_controlAccesos/app/Controllers/RestController.php(164): App\Libraries\vCard->__construct(false, '78718029')
#1 /home/eventodigital/public_html/api_controlAccesos/system/CodeIgniter.php(832): App\Controllers\RestController->create()
#2 /home/eventodigital/public_html/api_controlAccesos/system/CodeIgniter.php(419): CodeIgniter\CodeIgniter->runController(Object(App\Controllers\RestController))
#3 /home/eventodigital/public_html/api_controlAccesos/system/CodeIgniter.php(326): CodeIgniter\CodeIgniter->handleRequest(NULL, Object(Config\Cache), false)
#4 /home/eventodigital/public_html/api_controlAccesos/public/index.php(37): CodeIgniter\CodeIgniter->run()
#5 {main}
CRITICAL - 2022-10-21 14:51:35 --> Class 'App\Libraries\Exception' not found
#0 /home/eventodigital/public_html/api_controlAccesos/app/Controllers/RestController.php(164): App\Libraries\vCard->__construct(false, '91143686')
#1 /home/eventodigital/public_html/api_controlAccesos/system/CodeIgniter.php(832): App\Controllers\RestController->create()
#2 /home/eventodigital/public_html/api_controlAccesos/system/CodeIgniter.php(419): CodeIgniter\CodeIgniter->runController(Object(App\Controllers\RestController))
#3 /home/eventodigital/public_html/api_controlAccesos/system/CodeIgniter.php(326): CodeIgniter\CodeIgniter->handleRequest(NULL, Object(Config\Cache), false)
#4 /home/eventodigital/public_html/api_controlAccesos/public/index.php(37): CodeIgniter\CodeIgniter->run()
#5 {main}
CRITICAL - 2022-10-21 14:53:22 --> Class 'App\Libraries\Exception' not found
#0 /home/eventodigital/public_html/api_controlAccesos/app/Controllers/RestController.php(164): App\Libraries\vCard->__construct(false, '15380938')
#1 /home/eventodigital/public_html/api_controlAccesos/system/CodeIgniter.php(832): App\Controllers\RestController->create()
#2 /home/eventodigital/public_html/api_controlAccesos/system/CodeIgniter.php(419): CodeIgniter\CodeIgniter->runController(Object(App\Controllers\RestController))
#3 /home/eventodigital/public_html/api_controlAccesos/system/CodeIgniter.php(326): CodeIgniter\CodeIgniter->handleRequest(NULL, Object(Config\Cache), false)
#4 /home/eventodigital/public_html/api_controlAccesos/public/index.php(37): CodeIgniter\CodeIgniter->run()
#5 {main}
CRITICAL - 2022-10-21 14:55:04 --> Class 'App\Libraries\Exception' not found
#0 /home/eventodigital/public_html/api_controlAccesos/app/Controllers/RestController.php(164): App\Libraries\vCard->__construct(false, '11247722')
#1 /home/eventodigital/public_html/api_controlAccesos/system/CodeIgniter.php(832): App\Controllers\RestController->create()
#2 /home/eventodigital/public_html/api_controlAccesos/system/CodeIgniter.php(419): CodeIgniter\CodeIgniter->runController(Object(App\Controllers\RestController))
#3 /home/eventodigital/public_html/api_controlAccesos/system/CodeIgniter.php(326): CodeIgniter\CodeIgniter->handleRequest(NULL, Object(Config\Cache), false)
#4 /home/eventodigital/public_html/api_controlAccesos/public/index.php(37): CodeIgniter\CodeIgniter->run()
#5 {main}
CRITICAL - 2022-10-21 15:04:11 --> Class 'App\Libraries\Exception' not found
#0 /home/eventodigital/public_html/api_controlAccesos/app/Controllers/RestController.php(164): App\Libraries\vCard->__construct(false, '06261177')
#1 /home/eventodigital/public_html/api_controlAccesos/system/CodeIgniter.php(832): App\Controllers\RestController->create()
#2 /home/eventodigital/public_html/api_controlAccesos/system/CodeIgniter.php(419): CodeIgniter\CodeIgniter->runController(Object(App\Controllers\RestController))
#3 /home/eventodigital/public_html/api_controlAccesos/system/CodeIgniter.php(326): CodeIgniter\CodeIgniter->handleRequest(NULL, Object(Config\Cache), false)
#4 /home/eventodigital/public_html/api_controlAccesos/public/index.php(37): CodeIgniter\CodeIgniter->run()
#5 {main}
CRITICAL - 2022-10-21 15:05:57 --> Class 'App\Libraries\Exception' not found
#0 /home/eventodigital/public_html/api_controlAccesos/app/Controllers/RestController.php(164): App\Libraries\vCard->__construct(false, '19110233')
#1 /home/eventodigital/public_html/api_controlAccesos/system/CodeIgniter.php(832): App\Controllers\RestController->create()
#2 /home/eventodigital/public_html/api_controlAccesos/system/CodeIgniter.php(419): CodeIgniter\CodeIgniter->runController(Object(App\Controllers\RestController))
#3 /home/eventodigital/public_html/api_controlAccesos/system/CodeIgniter.php(326): CodeIgniter\CodeIgniter->handleRequest(NULL, Object(Config\Cache), false)
#4 /home/eventodigital/public_html/api_controlAccesos/public/index.php(37): CodeIgniter\CodeIgniter->run()
#5 {main}
CRITICAL - 2022-10-21 15:10:55 --> Class 'App\Libraries\Exception' not found
#0 /home/eventodigital/public_html/api_controlAccesos/app/Controllers/RestController.php(164): App\Libraries\vCard->__construct(false, '07202102')
#1 /home/eventodigital/public_html/api_controlAccesos/system/CodeIgniter.php(832): App\Controllers\RestController->create()
#2 /home/eventodigital/public_html/api_controlAccesos/system/CodeIgniter.php(419): CodeIgniter\CodeIgniter->runController(Object(App\Controllers\RestController))
#3 /home/eventodigital/public_html/api_controlAccesos/system/CodeIgniter.php(326): CodeIgniter\CodeIgniter->handleRequest(NULL, Object(Config\Cache), false)
#4 /home/eventodigital/public_html/api_controlAccesos/public/index.php(37): CodeIgniter\CodeIgniter->run()
#5 {main}
CRITICAL - 2022-10-21 15:11:51 --> Class 'App\Libraries\Exception' not found
#0 /home/eventodigital/public_html/api_controlAccesos/app/Controllers/RestController.php(164): App\Libraries\vCard->__construct(false, '04958673')
#1 /home/eventodigital/public_html/api_controlAccesos/system/CodeIgniter.php(832): App\Controllers\RestController->create()
#2 /home/eventodigital/public_html/api_controlAccesos/system/CodeIgniter.php(419): CodeIgniter\CodeIgniter->runController(Object(App\Controllers\RestController))
#3 /home/eventodigital/public_html/api_controlAccesos/system/CodeIgniter.php(326): CodeIgniter\CodeIgniter->handleRequest(NULL, Object(Config\Cache), false)
#4 /home/eventodigital/public_html/api_controlAccesos/public/index.php(37): CodeIgniter\CodeIgniter->run()
#5 {main}
CRITICAL - 2022-10-21 15:14:53 --> Class 'App\Libraries\Exception' not found
#0 /home/eventodigital/public_html/api_controlAccesos/app/Controllers/RestController.php(164): App\Libraries\vCard->__construct(false, 'http://www.cong...')
#1 /home/eventodigital/public_html/api_controlAccesos/system/CodeIgniter.php(832): App\Controllers\RestController->create()
#2 /home/eventodigital/public_html/api_controlAccesos/system/CodeIgniter.php(419): CodeIgniter\CodeIgniter->runController(Object(App\Controllers\RestController))
#3 /home/eventodigital/public_html/api_controlAccesos/system/CodeIgniter.php(326): CodeIgniter\CodeIgniter->handleRequest(NULL, Object(Config\Cache), false)
#4 /home/eventodigital/public_html/api_controlAccesos/public/index.php(37): CodeIgniter\CodeIgniter->run()
#5 {main}
CRITICAL - 2022-10-21 15:15:28 --> Class 'App\Libraries\Exception' not found
#0 /home/eventodigital/public_html/api_controlAccesos/app/Controllers/RestController.php(164): App\Libraries\vCard->__construct(false, '06288006')
#1 /home/eventodigital/public_html/api_controlAccesos/system/CodeIgniter.php(832): App\Controllers\RestController->create()
#2 /home/eventodigital/public_html/api_controlAccesos/system/CodeIgniter.php(419): CodeIgniter\CodeIgniter->runController(Object(App\Controllers\RestController))
#3 /home/eventodigital/public_html/api_controlAccesos/system/CodeIgniter.php(326): CodeIgniter\CodeIgniter->handleRequest(NULL, Object(Config\Cache), false)
#4 /home/eventodigital/public_html/api_controlAccesos/public/index.php(37): CodeIgniter\CodeIgniter->run()
#5 {main}
CRITICAL - 2022-10-21 15:19:52 --> Class 'App\Libraries\Exception' not found
#0 /home/eventodigital/public_html/api_controlAccesos/app/Controllers/RestController.php(164): App\Libraries\vCard->__construct(false, '12691098')
#1 /home/eventodigital/public_html/api_controlAccesos/system/CodeIgniter.php(832): App\Controllers\RestController->create()
#2 /home/eventodigital/public_html/api_controlAccesos/system/CodeIgniter.php(419): CodeIgniter\CodeIgniter->runController(Object(App\Controllers\RestController))
#3 /home/eventodigital/public_html/api_controlAccesos/system/CodeIgniter.php(326): CodeIgniter\CodeIgniter->handleRequest(NULL, Object(Config\Cache), false)
#4 /home/eventodigital/public_html/api_controlAccesos/public/index.php(37): CodeIgniter\CodeIgniter->run()
#5 {main}
CRITICAL - 2022-10-21 15:23:50 --> Class 'App\Libraries\Exception' not found
#0 /home/eventodigital/public_html/api_controlAccesos/app/Controllers/RestController.php(164): App\Libraries\vCard->__construct(false, '04896791')
#1 /home/eventodigital/public_html/api_controlAccesos/system/CodeIgniter.php(832): App\Controllers\RestController->create()
#2 /home/eventodigital/public_html/api_controlAccesos/system/CodeIgniter.php(419): CodeIgniter\CodeIgniter->runController(Object(App\Controllers\RestController))
#3 /home/eventodigital/public_html/api_controlAccesos/system/CodeIgniter.php(326): CodeIgniter\CodeIgniter->handleRequest(NULL, Object(Config\Cache), false)
#4 /home/eventodigital/public_html/api_controlAccesos/public/index.php(37): CodeIgniter\CodeIgniter->run()
#5 {main}
CRITICAL - 2022-10-21 15:25:33 --> Class 'App\Libraries\Exception' not found
#0 /home/eventodigital/public_html/api_controlAccesos/app/Controllers/RestController.php(164): App\Libraries\vCard->__construct(false, '00328074')
#1 /home/eventodigital/public_html/api_controlAccesos/system/CodeIgniter.php(832): App\Controllers\RestController->create()
#2 /home/eventodigital/public_html/api_controlAccesos/system/CodeIgniter.php(419): CodeIgniter\CodeIgniter->runController(Object(App\Controllers\RestController))
#3 /home/eventodigital/public_html/api_controlAccesos/system/CodeIgniter.php(326): CodeIgniter\CodeIgniter->handleRequest(NULL, Object(Config\Cache), false)
#4 /home/eventodigital/public_html/api_controlAccesos/public/index.php(37): CodeIgniter\CodeIgniter->run()
#5 {main}
CRITICAL - 2022-10-21 15:26:11 --> Class 'App\Libraries\Exception' not found
#0 /home/eventodigital/public_html/api_controlAccesos/app/Controllers/RestController.php(164): App\Libraries\vCard->__construct(false, '19518109')
#1 /home/eventodigital/public_html/api_controlAccesos/system/CodeIgniter.php(832): App\Controllers\RestController->create()
#2 /home/eventodigital/public_html/api_controlAccesos/system/CodeIgniter.php(419): CodeIgniter\CodeIgniter->runController(Object(App\Controllers\RestController))
#3 /home/eventodigital/public_html/api_controlAccesos/system/CodeIgniter.php(326): CodeIgniter\CodeIgniter->handleRequest(NULL, Object(Config\Cache), false)
#4 /home/eventodigital/public_html/api_controlAccesos/public/index.php(37): CodeIgniter\CodeIgniter->run()
#5 {main}
CRITICAL - 2022-10-21 15:28:48 --> Class 'App\Libraries\Exception' not found
#0 /home/eventodigital/public_html/api_controlAccesos/app/Controllers/RestController.php(164): App\Libraries\vCard->__construct(false, '03434817')
#1 /home/eventodigital/public_html/api_controlAccesos/system/CodeIgniter.php(832): App\Controllers\RestController->create()
#2 /home/eventodigital/public_html/api_controlAccesos/system/CodeIgniter.php(419): CodeIgniter\CodeIgniter->runController(Object(App\Controllers\RestController))
#3 /home/eventodigital/public_html/api_controlAccesos/system/CodeIgniter.php(326): CodeIgniter\CodeIgniter->handleRequest(NULL, Object(Config\Cache), false)
#4 /home/eventodigital/public_html/api_controlAccesos/public/index.php(37): CodeIgniter\CodeIgniter->run()
#5 {main}
CRITICAL - 2022-10-21 15:30:37 --> Class 'App\Libraries\Exception' not found
#0 /home/eventodigital/public_html/api_controlAccesos/app/Controllers/RestController.php(164): App\Libraries\vCard->__construct(false, '\xEF\xBB\xBFBEGIN:VCARD\n...')
#1 /home/eventodigital/public_html/api_controlAccesos/system/CodeIgniter.php(832): App\Controllers\RestController->create()
#2 /home/eventodigital/public_html/api_controlAccesos/system/CodeIgniter.php(419): CodeIgniter\CodeIgniter->runController(Object(App\Controllers\RestController))
#3 /home/eventodigital/public_html/api_controlAccesos/system/CodeIgniter.php(326): CodeIgniter\CodeIgniter->handleRequest(NULL, Object(Config\Cache), false)
#4 /home/eventodigital/public_html/api_controlAccesos/public/index.php(37): CodeIgniter\CodeIgniter->run()
#5 {main}
CRITICAL - 2022-10-21 15:30:58 --> Class 'App\Libraries\Exception' not found
#0 /home/eventodigital/public_html/api_controlAccesos/app/Controllers/RestController.php(164): App\Libraries\vCard->__construct(false, '09666823')
#1 /home/eventodigital/public_html/api_controlAccesos/system/CodeIgniter.php(832): App\Controllers\RestController->create()
#2 /home/eventodigital/public_html/api_controlAccesos/system/CodeIgniter.php(419): CodeIgniter\CodeIgniter->runController(Object(App\Controllers\RestController))
#3 /home/eventodigital/public_html/api_controlAccesos/system/CodeIgniter.php(326): CodeIgniter\CodeIgniter->handleRequest(NULL, Object(Config\Cache), false)
#4 /home/eventodigital/public_html/api_controlAccesos/public/index.php(37): CodeIgniter\CodeIgniter->run()
#5 {main}
CRITICAL - 2022-10-21 15:37:04 --> Class 'App\Libraries\Exception' not found
#0 /home/eventodigital/public_html/api_controlAccesos/app/Controllers/RestController.php(164): App\Libraries\vCard->__construct(false, '15659583')
#1 /home/eventodigital/public_html/api_controlAccesos/system/CodeIgniter.php(832): App\Controllers\RestController->create()
#2 /home/eventodigital/public_html/api_controlAccesos/system/CodeIgniter.php(419): CodeIgniter\CodeIgniter->runController(Object(App\Controllers\RestController))
#3 /home/eventodigital/public_html/api_controlAccesos/system/CodeIgniter.php(326): CodeIgniter\CodeIgniter->handleRequest(NULL, Object(Config\Cache), false)
#4 /home/eventodigital/public_html/api_controlAccesos/public/index.php(37): CodeIgniter\CodeIgniter->run()
#5 {main}
CRITICAL - 2022-10-21 15:43:34 --> Class 'App\Libraries\Exception' not found
#0 /home/eventodigital/public_html/api_controlAccesos/app/Controllers/RestController.php(164): App\Libraries\vCard->__construct(false, '01692240')
#1 /home/eventodigital/public_html/api_controlAccesos/system/CodeIgniter.php(832): App\Controllers\RestController->create()
#2 /home/eventodigital/public_html/api_controlAccesos/system/CodeIgniter.php(419): CodeIgniter\CodeIgniter->runController(Object(App\Controllers\RestController))
#3 /home/eventodigital/public_html/api_controlAccesos/system/CodeIgniter.php(326): CodeIgniter\CodeIgniter->handleRequest(NULL, Object(Config\Cache), false)
#4 /home/eventodigital/public_html/api_controlAccesos/public/index.php(37): CodeIgniter\CodeIgniter->run()
#5 {main}
CRITICAL - 2022-10-21 15:44:18 --> Class 'App\Libraries\Exception' not found
#0 /home/eventodigital/public_html/api_controlAccesos/app/Controllers/RestController.php(164): App\Libraries\vCard->__construct(false, '09216038')
#1 /home/eventodigital/public_html/api_controlAccesos/system/CodeIgniter.php(832): App\Controllers\RestController->create()
#2 /home/eventodigital/public_html/api_controlAccesos/system/CodeIgniter.php(419): CodeIgniter\CodeIgniter->runController(Object(App\Controllers\RestController))
#3 /home/eventodigital/public_html/api_controlAccesos/system/CodeIgniter.php(326): CodeIgniter\CodeIgniter->handleRequest(NULL, Object(Config\Cache), false)
#4 /home/eventodigital/public_html/api_controlAccesos/public/index.php(37): CodeIgniter\CodeIgniter->run()
#5 {main}
CRITICAL - 2022-10-21 15:44:38 --> Class 'App\Libraries\Exception' not found
#0 /home/eventodigital/public_html/api_controlAccesos/app/Controllers/RestController.php(164): App\Libraries\vCard->__construct(false, '07281488')
#1 /home/eventodigital/public_html/api_controlAccesos/system/CodeIgniter.php(832): App\Controllers\RestController->create()
#2 /home/eventodigital/public_html/api_controlAccesos/system/CodeIgniter.php(419): CodeIgniter\CodeIgniter->runController(Object(App\Controllers\RestController))
#3 /home/eventodigital/public_html/api_controlAccesos/system/CodeIgniter.php(326): CodeIgniter\CodeIgniter->handleRequest(NULL, Object(Config\Cache), false)
#4 /home/eventodigital/public_html/api_controlAccesos/public/index.php(37): CodeIgniter\CodeIgniter->run()
#5 {main}
CRITICAL - 2022-10-21 15:44:57 --> Class 'App\Libraries\Exception' not found
#0 /home/eventodigital/public_html/api_controlAccesos/app/Controllers/RestController.php(164): App\Libraries\vCard->__construct(false, '17933261')
#1 /home/eventodigital/public_html/api_controlAccesos/system/CodeIgniter.php(832): App\Controllers\RestController->create()
#2 /home/eventodigital/public_html/api_controlAccesos/system/CodeIgniter.php(419): CodeIgniter\CodeIgniter->runController(Object(App\Controllers\RestController))
#3 /home/eventodigital/public_html/api_controlAccesos/system/CodeIgniter.php(326): CodeIgniter\CodeIgniter->handleRequest(NULL, Object(Config\Cache), false)
#4 /home/eventodigital/public_html/api_controlAccesos/public/index.php(37): CodeIgniter\CodeIgniter->run()
#5 {main}
CRITICAL - 2022-10-21 15:47:58 --> Class 'App\Libraries\Exception' not found
#0 /home/eventodigital/public_html/api_controlAccesos/app/Controllers/RestController.php(164): App\Libraries\vCard->__construct(false, '11711237')
#1 /home/eventodigital/public_html/api_controlAccesos/system/CodeIgniter.php(832): App\Controllers\RestController->create()
#2 /home/eventodigital/public_html/api_controlAccesos/system/CodeIgniter.php(419): CodeIgniter\CodeIgniter->runController(Object(App\Controllers\RestController))
#3 /home/eventodigital/public_html/api_controlAccesos/system/CodeIgniter.php(326): CodeIgniter\CodeIgniter->handleRequest(NULL, Object(Config\Cache), false)
#4 /home/eventodigital/public_html/api_controlAccesos/public/index.php(37): CodeIgniter\CodeIgniter->run()
#5 {main}
CRITICAL - 2022-10-21 15:48:45 --> Class 'App\Libraries\Exception' not found
#0 /home/eventodigital/public_html/api_controlAccesos/app/Controllers/RestController.php(164): App\Libraries\vCard->__construct(false, '10644652')
#1 /home/eventodigital/public_html/api_controlAccesos/system/CodeIgniter.php(832): App\Controllers\RestController->create()
#2 /home/eventodigital/public_html/api_controlAccesos/system/CodeIgniter.php(419): CodeIgniter\CodeIgniter->runController(Object(App\Controllers\RestController))
#3 /home/eventodigital/public_html/api_controlAccesos/system/CodeIgniter.php(326): CodeIgniter\CodeIgniter->handleRequest(NULL, Object(Config\Cache), false)
#4 /home/eventodigital/public_html/api_controlAccesos/public/index.php(37): CodeIgniter\CodeIgniter->run()
#5 {main}
CRITICAL - 2022-10-21 15:50:15 --> Class 'App\Libraries\Exception' not found
#0 /home/eventodigital/public_html/api_controlAccesos/app/Controllers/RestController.php(164): App\Libraries\vCard->__construct(false, '07492933')
#1 /home/eventodigital/public_html/api_controlAccesos/system/CodeIgniter.php(832): App\Controllers\RestController->create()
#2 /home/eventodigital/public_html/api_controlAccesos/system/CodeIgniter.php(419): CodeIgniter\CodeIgniter->runController(Object(App\Controllers\RestController))
#3 /home/eventodigital/public_html/api_controlAccesos/system/CodeIgniter.php(326): CodeIgniter\CodeIgniter->handleRequest(NULL, Object(Config\Cache), false)
#4 /home/eventodigital/public_html/api_controlAccesos/public/index.php(37): CodeIgniter\CodeIgniter->run()
#5 {main}
CRITICAL - 2022-10-21 15:53:11 --> Class 'App\Libraries\Exception' not found
#0 /home/eventodigital/public_html/api_controlAccesos/app/Controllers/RestController.php(164): App\Libraries\vCard->__construct(false, '16424328')
#1 /home/eventodigital/public_html/api_controlAccesos/system/CodeIgniter.php(832): App\Controllers\RestController->create()
#2 /home/eventodigital/public_html/api_controlAccesos/system/CodeIgniter.php(419): CodeIgniter\CodeIgniter->runController(Object(App\Controllers\RestController))
#3 /home/eventodigital/public_html/api_controlAccesos/system/CodeIgniter.php(326): CodeIgniter\CodeIgniter->handleRequest(NULL, Object(Config\Cache), false)
#4 /home/eventodigital/public_html/api_controlAccesos/public/index.php(37): CodeIgniter\CodeIgniter->run()
#5 {main}
CRITICAL - 2022-10-21 15:54:11 --> Class 'App\Libraries\Exception' not found
#0 /home/eventodigital/public_html/api_controlAccesos/app/Controllers/RestController.php(164): App\Libraries\vCard->__construct(false, '10799116')
#1 /home/eventodigital/public_html/api_controlAccesos/system/CodeIgniter.php(832): App\Controllers\RestController->create()
#2 /home/eventodigital/public_html/api_controlAccesos/system/CodeIgniter.php(419): CodeIgniter\CodeIgniter->runController(Object(App\Controllers\RestController))
#3 /home/eventodigital/public_html/api_controlAccesos/system/CodeIgniter.php(326): CodeIgniter\CodeIgniter->handleRequest(NULL, Object(Config\Cache), false)
#4 /home/eventodigital/public_html/api_controlAccesos/public/index.php(37): CodeIgniter\CodeIgniter->run()
#5 {main}
CRITICAL - 2022-10-21 16:00:57 --> Class 'App\Libraries\Exception' not found
#0 /home/eventodigital/public_html/api_controlAccesos/app/Controllers/RestController.php(164): App\Libraries\vCard->__construct(false, '03408988')
#1 /home/eventodigital/public_html/api_controlAccesos/system/CodeIgniter.php(832): App\Controllers\RestController->create()
#2 /home/eventodigital/public_html/api_controlAccesos/system/CodeIgniter.php(419): CodeIgniter\CodeIgniter->runController(Object(App\Controllers\RestController))
#3 /home/eventodigital/public_html/api_controlAccesos/system/CodeIgniter.php(326): CodeIgniter\CodeIgniter->handleRequest(NULL, Object(Config\Cache), false)
#4 /home/eventodigital/public_html/api_controlAccesos/public/index.php(37): CodeIgniter\CodeIgniter->run()
#5 {main}
CRITICAL - 2022-10-21 16:02:44 --> Class 'App\Libraries\Exception' not found
#0 /home/eventodigital/public_html/api_controlAccesos/app/Controllers/RestController.php(164): App\Libraries\vCard->__construct(false, '03989104')
#1 /home/eventodigital/public_html/api_controlAccesos/system/CodeIgniter.php(832): App\Controllers\RestController->create()
#2 /home/eventodigital/public_html/api_controlAccesos/system/CodeIgniter.php(419): CodeIgniter\CodeIgniter->runController(Object(App\Controllers\RestController))
#3 /home/eventodigital/public_html/api_controlAccesos/system/CodeIgniter.php(326): CodeIgniter\CodeIgniter->handleRequest(NULL, Object(Config\Cache), false)
#4 /home/eventodigital/public_html/api_controlAccesos/public/index.php(37): CodeIgniter\CodeIgniter->run()
#5 {main}
CRITICAL - 2022-10-21 16:06:46 --> Class 'App\Libraries\Exception' not found
#0 /home/eventodigital/public_html/api_controlAccesos/app/Controllers/RestController.php(164): App\Libraries\vCard->__construct(false, '15482800')
#1 /home/eventodigital/public_html/api_controlAccesos/system/CodeIgniter.php(832): App\Controllers\RestController->create()
#2 /home/eventodigital/public_html/api_controlAccesos/system/CodeIgniter.php(419): CodeIgniter\CodeIgniter->runController(Object(App\Controllers\RestController))
#3 /home/eventodigital/public_html/api_controlAccesos/system/CodeIgniter.php(326): CodeIgniter\CodeIgniter->handleRequest(NULL, Object(Config\Cache), false)
#4 /home/eventodigital/public_html/api_controlAccesos/public/index.php(37): CodeIgniter\CodeIgniter->run()
#5 {main}
CRITICAL - 2022-10-21 16:07:12 --> Class 'App\Libraries\Exception' not found
#0 /home/eventodigital/public_html/api_controlAccesos/app/Controllers/RestController.php(164): App\Libraries\vCard->__construct(false, '06620824')
#1 /home/eventodigital/public_html/api_controlAccesos/system/CodeIgniter.php(832): App\Controllers\RestController->create()
#2 /home/eventodigital/public_html/api_controlAccesos/system/CodeIgniter.php(419): CodeIgniter\CodeIgniter->runController(Object(App\Controllers\RestController))
#3 /home/eventodigital/public_html/api_controlAccesos/system/CodeIgniter.php(326): CodeIgniter\CodeIgniter->handleRequest(NULL, Object(Config\Cache), false)
#4 /home/eventodigital/public_html/api_controlAccesos/public/index.php(37): CodeIgniter\CodeIgniter->run()
#5 {main}
CRITICAL - 2022-10-21 16:10:17 --> Class 'App\Libraries\Exception' not found
#0 /home/eventodigital/public_html/api_controlAccesos/app/Controllers/RestController.php(164): App\Libraries\vCard->__construct(false, '06411137')
#1 /home/eventodigital/public_html/api_controlAccesos/system/CodeIgniter.php(832): App\Controllers\RestController->create()
#2 /home/eventodigital/public_html/api_controlAccesos/system/CodeIgniter.php(419): CodeIgniter\CodeIgniter->runController(Object(App\Controllers\RestController))
#3 /home/eventodigital/public_html/api_controlAccesos/system/CodeIgniter.php(326): CodeIgniter\CodeIgniter->handleRequest(NULL, Object(Config\Cache), false)
#4 /home/eventodigital/public_html/api_controlAccesos/public/index.php(37): CodeIgniter\CodeIgniter->run()
#5 {main}
CRITICAL - 2022-10-21 16:12:33 --> Class 'App\Libraries\Exception' not found
#0 /home/eventodigital/public_html/api_controlAccesos/app/Controllers/RestController.php(164): App\Libraries\vCard->__construct(false, '10328347')
#1 /home/eventodigital/public_html/api_controlAccesos/system/CodeIgniter.php(832): App\Controllers\RestController->create()
#2 /home/eventodigital/public_html/api_controlAccesos/system/CodeIgniter.php(419): CodeIgniter\CodeIgniter->runController(Object(App\Controllers\RestController))
#3 /home/eventodigital/public_html/api_controlAccesos/system/CodeIgniter.php(326): CodeIgniter\CodeIgniter->handleRequest(NULL, Object(Config\Cache), false)
#4 /home/eventodigital/public_html/api_controlAccesos/public/index.php(37): CodeIgniter\CodeIgniter->run()
#5 {main}
CRITICAL - 2022-10-21 16:19:45 --> Class 'App\Libraries\Exception' not found
#0 /home/eventodigital/public_html/api_controlAccesos/app/Controllers/RestController.php(164): App\Libraries\vCard->__construct(false, '11764250')
#1 /home/eventodigital/public_html/api_controlAccesos/system/CodeIgniter.php(832): App\Controllers\RestController->create()
#2 /home/eventodigital/public_html/api_controlAccesos/system/CodeIgniter.php(419): CodeIgniter\CodeIgniter->runController(Object(App\Controllers\RestController))
#3 /home/eventodigital/public_html/api_controlAccesos/system/CodeIgniter.php(326): CodeIgniter\CodeIgniter->handleRequest(NULL, Object(Config\Cache), false)
#4 /home/eventodigital/public_html/api_controlAccesos/public/index.php(37): CodeIgniter\CodeIgniter->run()
#5 {main}
CRITICAL - 2022-10-21 16:20:06 --> Class 'App\Libraries\Exception' not found
#0 /home/eventodigital/public_html/api_controlAccesos/app/Controllers/RestController.php(164): App\Libraries\vCard->__construct(false, '03966655')
#1 /home/eventodigital/public_html/api_controlAccesos/system/CodeIgniter.php(832): App\Controllers\RestController->create()
#2 /home/eventodigital/public_html/api_controlAccesos/system/CodeIgniter.php(419): CodeIgniter\CodeIgniter->runController(Object(App\Controllers\RestController))
#3 /home/eventodigital/public_html/api_controlAccesos/system/CodeIgniter.php(326): CodeIgniter\CodeIgniter->handleRequest(NULL, Object(Config\Cache), false)
#4 /home/eventodigital/public_html/api_controlAccesos/public/index.php(37): CodeIgniter\CodeIgniter->run()
#5 {main}
CRITICAL - 2022-10-21 16:20:25 --> Class 'App\Libraries\Exception' not found
#0 /home/eventodigital/public_html/api_controlAccesos/app/Controllers/RestController.php(164): App\Libraries\vCard->__construct(false, '03288184')
#1 /home/eventodigital/public_html/api_controlAccesos/system/CodeIgniter.php(832): App\Controllers\RestController->create()
#2 /home/eventodigital/public_html/api_controlAccesos/system/CodeIgniter.php(419): CodeIgniter\CodeIgniter->runController(Object(App\Controllers\RestController))
#3 /home/eventodigital/public_html/api_controlAccesos/system/CodeIgniter.php(326): CodeIgniter\CodeIgniter->handleRequest(NULL, Object(Config\Cache), false)
#4 /home/eventodigital/public_html/api_controlAccesos/public/index.php(37): CodeIgniter\CodeIgniter->run()
#5 {main}
CRITICAL - 2022-10-21 16:21:53 --> Class 'App\Libraries\Exception' not found
#0 /home/eventodigital/public_html/api_controlAccesos/app/Controllers/RestController.php(164): App\Libraries\vCard->__construct(false, '17576093')
#1 /home/eventodigital/public_html/api_controlAccesos/system/CodeIgniter.php(832): App\Controllers\RestController->create()
#2 /home/eventodigital/public_html/api_controlAccesos/system/CodeIgniter.php(419): CodeIgniter\CodeIgniter->runController(Object(App\Controllers\RestController))
#3 /home/eventodigital/public_html/api_controlAccesos/system/CodeIgniter.php(326): CodeIgniter\CodeIgniter->handleRequest(NULL, Object(Config\Cache), false)
#4 /home/eventodigital/public_html/api_controlAccesos/public/index.php(37): CodeIgniter\CodeIgniter->run()
#5 {main}
CRITICAL - 2022-10-21 16:22:46 --> Class 'App\Libraries\Exception' not found
#0 /home/eventodigital/public_html/api_controlAccesos/app/Controllers/RestController.php(164): App\Libraries\vCard->__construct(false, '11196232')
#1 /home/eventodigital/public_html/api_controlAccesos/system/CodeIgniter.php(832): App\Controllers\RestController->create()
#2 /home/eventodigital/public_html/api_controlAccesos/system/CodeIgniter.php(419): CodeIgniter\CodeIgniter->runController(Object(App\Controllers\RestController))
#3 /home/eventodigital/public_html/api_controlAccesos/system/CodeIgniter.php(326): CodeIgniter\CodeIgniter->handleRequest(NULL, Object(Config\Cache), false)
#4 /home/eventodigital/public_html/api_controlAccesos/public/index.php(37): CodeIgniter\CodeIgniter->run()
#5 {main}
CRITICAL - 2022-10-21 16:24:25 --> Class 'App\Libraries\Exception' not found
#0 /home/eventodigital/public_html/api_controlAccesos/app/Controllers/RestController.php(164): App\Libraries\vCard->__construct(false, '14172803')
#1 /home/eventodigital/public_html/api_controlAccesos/system/CodeIgniter.php(832): App\Controllers\RestController->create()
#2 /home/eventodigital/public_html/api_controlAccesos/system/CodeIgniter.php(419): CodeIgniter\CodeIgniter->runController(Object(App\Controllers\RestController))
#3 /home/eventodigital/public_html/api_controlAccesos/system/CodeIgniter.php(326): CodeIgniter\CodeIgniter->handleRequest(NULL, Object(Config\Cache), false)
#4 /home/eventodigital/public_html/api_controlAccesos/public/index.php(37): CodeIgniter\CodeIgniter->run()
#5 {main}
CRITICAL - 2022-10-21 16:25:05 --> Class 'App\Libraries\Exception' not found
#0 /home/eventodigital/public_html/api_controlAccesos/app/Controllers/RestController.php(164): App\Libraries\vCard->__construct(false, '15212029')
#1 /home/eventodigital/public_html/api_controlAccesos/system/CodeIgniter.php(832): App\Controllers\RestController->create()
#2 /home/eventodigital/public_html/api_controlAccesos/system/CodeIgniter.php(419): CodeIgniter\CodeIgniter->runController(Object(App\Controllers\RestController))
#3 /home/eventodigital/public_html/api_controlAccesos/system/CodeIgniter.php(326): CodeIgniter\CodeIgniter->handleRequest(NULL, Object(Config\Cache), false)
#4 /home/eventodigital/public_html/api_controlAccesos/public/index.php(37): CodeIgniter\CodeIgniter->run()
#5 {main}
CRITICAL - 2022-10-21 16:28:15 --> Class 'App\Libraries\Exception' not found
#0 /home/eventodigital/public_html/api_controlAccesos/app/Controllers/RestController.php(164): App\Libraries\vCard->__construct(false, '11403730')
#1 /home/eventodigital/public_html/api_controlAccesos/system/CodeIgniter.php(832): App\Controllers\RestController->create()
#2 /home/eventodigital/public_html/api_controlAccesos/system/CodeIgniter.php(419): CodeIgniter\CodeIgniter->runController(Object(App\Controllers\RestController))
#3 /home/eventodigital/public_html/api_controlAccesos/system/CodeIgniter.php(326): CodeIgniter\CodeIgniter->handleRequest(NULL, Object(Config\Cache), false)
#4 /home/eventodigital/public_html/api_controlAccesos/public/index.php(37): CodeIgniter\CodeIgniter->run()
#5 {main}
CRITICAL - 2022-10-21 16:29:52 --> Class 'App\Libraries\Exception' not found
#0 /home/eventodigital/public_html/api_controlAccesos/app/Controllers/RestController.php(164): App\Libraries\vCard->__construct(false, '03146820')
#1 /home/eventodigital/public_html/api_controlAccesos/system/CodeIgniter.php(832): App\Controllers\RestController->create()
#2 /home/eventodigital/public_html/api_controlAccesos/system/CodeIgniter.php(419): CodeIgniter\CodeIgniter->runController(Object(App\Controllers\RestController))
#3 /home/eventodigital/public_html/api_controlAccesos/system/CodeIgniter.php(326): CodeIgniter\CodeIgniter->handleRequest(NULL, Object(Config\Cache), false)
#4 /home/eventodigital/public_html/api_controlAccesos/public/index.php(37): CodeIgniter\CodeIgniter->run()
#5 {main}
CRITICAL - 2022-10-21 16:35:29 --> Class 'App\Libraries\Exception' not found
#0 /home/eventodigital/public_html/api_controlAccesos/app/Controllers/RestController.php(164): App\Libraries\vCard->__construct(false, '04147299')
#1 /home/eventodigital/public_html/api_controlAccesos/system/CodeIgniter.php(832): App\Controllers\RestController->create()
#2 /home/eventodigital/public_html/api_controlAccesos/system/CodeIgniter.php(419): CodeIgniter\CodeIgniter->runController(Object(App\Controllers\RestController))
#3 /home/eventodigital/public_html/api_controlAccesos/system/CodeIgniter.php(326): CodeIgniter\CodeIgniter->handleRequest(NULL, Object(Config\Cache), false)
#4 /home/eventodigital/public_html/api_controlAccesos/public/index.php(37): CodeIgniter\CodeIgniter->run()
#5 {main}
CRITICAL - 2022-10-21 16:35:41 --> Class 'App\Libraries\Exception' not found
#0 /home/eventodigital/public_html/api_controlAccesos/app/Controllers/RestController.php(164): App\Libraries\vCard->__construct(false, '01236937')
#1 /home/eventodigital/public_html/api_controlAccesos/system/CodeIgniter.php(832): App\Controllers\RestController->create()
#2 /home/eventodigital/public_html/api_controlAccesos/system/CodeIgniter.php(419): CodeIgniter\CodeIgniter->runController(Object(App\Controllers\RestController))
#3 /home/eventodigital/public_html/api_controlAccesos/system/CodeIgniter.php(326): CodeIgniter\CodeIgniter->handleRequest(NULL, Object(Config\Cache), false)
#4 /home/eventodigital/public_html/api_controlAccesos/public/index.php(37): CodeIgniter\CodeIgniter->run()
#5 {main}
CRITICAL - 2022-10-21 16:37:28 --> Class 'App\Libraries\Exception' not found
#0 /home/eventodigital/public_html/api_controlAccesos/app/Controllers/RestController.php(164): App\Libraries\vCard->__construct(false, '18674909')
#1 /home/eventodigital/public_html/api_controlAccesos/system/CodeIgniter.php(832): App\Controllers\RestController->create()
#2 /home/eventodigital/public_html/api_controlAccesos/system/CodeIgniter.php(419): CodeIgniter\CodeIgniter->runController(Object(App\Controllers\RestController))
#3 /home/eventodigital/public_html/api_controlAccesos/system/CodeIgniter.php(326): CodeIgniter\CodeIgniter->handleRequest(NULL, Object(Config\Cache), false)
#4 /home/eventodigital/public_html/api_controlAccesos/public/index.php(37): CodeIgniter\CodeIgniter->run()
#5 {main}
CRITICAL - 2022-10-21 16:39:17 --> Class 'App\Libraries\Exception' not found
#0 /home/eventodigital/public_html/api_controlAccesos/app/Controllers/RestController.php(164): App\Libraries\vCard->__construct(false, '78101661')
#1 /home/eventodigital/public_html/api_controlAccesos/system/CodeIgniter.php(832): App\Controllers\RestController->create()
#2 /home/eventodigital/public_html/api_controlAccesos/system/CodeIgniter.php(419): CodeIgniter\CodeIgniter->runController(Object(App\Controllers\RestController))
#3 /home/eventodigital/public_html/api_controlAccesos/system/CodeIgniter.php(326): CodeIgniter\CodeIgniter->handleRequest(NULL, Object(Config\Cache), false)
#4 /home/eventodigital/public_html/api_controlAccesos/public/index.php(37): CodeIgniter\CodeIgniter->run()
#5 {main}
CRITICAL - 2022-10-21 16:41:03 --> Class 'App\Libraries\Exception' not found
#0 /home/eventodigital/public_html/api_controlAccesos/app/Controllers/RestController.php(164): App\Libraries\vCard->__construct(false, '07639180')
#1 /home/eventodigital/public_html/api_controlAccesos/system/CodeIgniter.php(832): App\Controllers\RestController->create()
#2 /home/eventodigital/public_html/api_controlAccesos/system/CodeIgniter.php(419): CodeIgniter\CodeIgniter->runController(Object(App\Controllers\RestController))
#3 /home/eventodigital/public_html/api_controlAccesos/system/CodeIgniter.php(326): CodeIgniter\CodeIgniter->handleRequest(NULL, Object(Config\Cache), false)
#4 /home/eventodigital/public_html/api_controlAccesos/public/index.php(37): CodeIgniter\CodeIgniter->run()
#5 {main}
CRITICAL - 2022-10-21 16:41:06 --> Class 'App\Libraries\Exception' not found
#0 /home/eventodigital/public_html/api_controlAccesos/app/Controllers/RestController.php(164): App\Libraries\vCard->__construct(false, '14172373')
#1 /home/eventodigital/public_html/api_controlAccesos/system/CodeIgniter.php(832): App\Controllers\RestController->create()
#2 /home/eventodigital/public_html/api_controlAccesos/system/CodeIgniter.php(419): CodeIgniter\CodeIgniter->runController(Object(App\Controllers\RestController))
#3 /home/eventodigital/public_html/api_controlAccesos/system/CodeIgniter.php(326): CodeIgniter\CodeIgniter->handleRequest(NULL, Object(Config\Cache), false)
#4 /home/eventodigital/public_html/api_controlAccesos/public/index.php(37): CodeIgniter\CodeIgniter->run()
#5 {main}
CRITICAL - 2022-10-21 16:41:27 --> Class 'App\Libraries\Exception' not found
#0 /home/eventodigital/public_html/api_controlAccesos/app/Controllers/RestController.php(164): App\Libraries\vCard->__construct(false, '25914726')
#1 /home/eventodigital/public_html/api_controlAccesos/system/CodeIgniter.php(832): App\Controllers\RestController->create()
#2 /home/eventodigital/public_html/api_controlAccesos/system/CodeIgniter.php(419): CodeIgniter\CodeIgniter->runController(Object(App\Controllers\RestController))
#3 /home/eventodigital/public_html/api_controlAccesos/system/CodeIgniter.php(326): CodeIgniter\CodeIgniter->handleRequest(NULL, Object(Config\Cache), false)
#4 /home/eventodigital/public_html/api_controlAccesos/public/index.php(37): CodeIgniter\CodeIgniter->run()
#5 {main}
CRITICAL - 2022-10-21 16:41:32 --> Class 'App\Libraries\Exception' not found
#0 /home/eventodigital/public_html/api_controlAccesos/app/Controllers/RestController.php(164): App\Libraries\vCard->__construct(false, '29772551')
#1 /home/eventodigital/public_html/api_controlAccesos/system/CodeIgniter.php(832): App\Controllers\RestController->create()
#2 /home/eventodigital/public_html/api_controlAccesos/system/CodeIgniter.php(419): CodeIgniter\CodeIgniter->runController(Object(App\Controllers\RestController))
#3 /home/eventodigital/public_html/api_controlAccesos/system/CodeIgniter.php(326): CodeIgniter\CodeIgniter->handleRequest(NULL, Object(Config\Cache), false)
#4 /home/eventodigital/public_html/api_controlAccesos/public/index.php(37): CodeIgniter\CodeIgniter->run()
#5 {main}
CRITICAL - 2022-10-21 16:41:56 --> Class 'App\Libraries\Exception' not found
#0 /home/eventodigital/public_html/api_controlAccesos/app/Controllers/RestController.php(164): App\Libraries\vCard->__construct(false, '$')
#1 /home/eventodigital/public_html/api_controlAccesos/system/CodeIgniter.php(832): App\Controllers\RestController->create()
#2 /home/eventodigital/public_html/api_controlAccesos/system/CodeIgniter.php(419): CodeIgniter\CodeIgniter->runController(Object(App\Controllers\RestController))
#3 /home/eventodigital/public_html/api_controlAccesos/system/CodeIgniter.php(326): CodeIgniter\CodeIgniter->handleRequest(NULL, Object(Config\Cache), false)
#4 /home/eventodigital/public_html/api_controlAccesos/public/index.php(37): CodeIgniter\CodeIgniter->run()
#5 {main}
CRITICAL - 2022-10-21 16:42:16 --> Class 'App\Libraries\Exception' not found
#0 /home/eventodigital/public_html/api_controlAccesos/app/Controllers/RestController.php(164): App\Libraries\vCard->__construct(false, '14776861')
#1 /home/eventodigital/public_html/api_controlAccesos/system/CodeIgniter.php(832): App\Controllers\RestController->create()
#2 /home/eventodigital/public_html/api_controlAccesos/system/CodeIgniter.php(419): CodeIgniter\CodeIgniter->runController(Object(App\Controllers\RestController))
#3 /home/eventodigital/public_html/api_controlAccesos/system/CodeIgniter.php(326): CodeIgniter\CodeIgniter->handleRequest(NULL, Object(Config\Cache), false)
#4 /home/eventodigital/public_html/api_controlAccesos/public/index.php(37): CodeIgniter\CodeIgniter->run()
#5 {main}
CRITICAL - 2022-10-21 16:43:06 --> Class 'App\Libraries\Exception' not found
#0 /home/eventodigital/public_html/api_controlAccesos/app/Controllers/RestController.php(164): App\Libraries\vCard->__construct(false, '09697009')
#1 /home/eventodigital/public_html/api_controlAccesos/system/CodeIgniter.php(832): App\Controllers\RestController->create()
#2 /home/eventodigital/public_html/api_controlAccesos/system/CodeIgniter.php(419): CodeIgniter\CodeIgniter->runController(Object(App\Controllers\RestController))
#3 /home/eventodigital/public_html/api_controlAccesos/system/CodeIgniter.php(326): CodeIgniter\CodeIgniter->handleRequest(NULL, Object(Config\Cache), false)
#4 /home/eventodigital/public_html/api_controlAccesos/public/index.php(37): CodeIgniter\CodeIgniter->run()
#5 {main}
CRITICAL - 2022-10-21 16:43:17 --> Class 'App\Libraries\Exception' not found
#0 /home/eventodigital/public_html/api_controlAccesos/app/Controllers/RestController.php(164): App\Libraries\vCard->__construct(false, '15102308')
#1 /home/eventodigital/public_html/api_controlAccesos/system/CodeIgniter.php(832): App\Controllers\RestController->create()
#2 /home/eventodigital/public_html/api_controlAccesos/system/CodeIgniter.php(419): CodeIgniter\CodeIgniter->runController(Object(App\Controllers\RestController))
#3 /home/eventodigital/public_html/api_controlAccesos/system/CodeIgniter.php(326): CodeIgniter\CodeIgniter->handleRequest(NULL, Object(Config\Cache), false)
#4 /home/eventodigital/public_html/api_controlAccesos/public/index.php(37): CodeIgniter\CodeIgniter->run()
#5 {main}
CRITICAL - 2022-10-21 16:44:21 --> Class 'App\Libraries\Exception' not found
#0 /home/eventodigital/public_html/api_controlAccesos/app/Controllers/RestController.php(164): App\Libraries\vCard->__construct(false, '01775729')
#1 /home/eventodigital/public_html/api_controlAccesos/system/CodeIgniter.php(832): App\Controllers\RestController->create()
#2 /home/eventodigital/public_html/api_controlAccesos/system/CodeIgniter.php(419): CodeIgniter\CodeIgniter->runController(Object(App\Controllers\RestController))
#3 /home/eventodigital/public_html/api_controlAccesos/system/CodeIgniter.php(326): CodeIgniter\CodeIgniter->handleRequest(NULL, Object(Config\Cache), false)
#4 /home/eventodigital/public_html/api_controlAccesos/public/index.php(37): CodeIgniter\CodeIgniter->run()
#5 {main}
CRITICAL - 2022-10-21 16:45:04 --> Class 'App\Libraries\Exception' not found
#0 /home/eventodigital/public_html/api_controlAccesos/app/Controllers/RestController.php(164): App\Libraries\vCard->__construct(false, '07121876')
#1 /home/eventodigital/public_html/api_controlAccesos/system/CodeIgniter.php(832): App\Controllers\RestController->create()
#2 /home/eventodigital/public_html/api_controlAccesos/system/CodeIgniter.php(419): CodeIgniter\CodeIgniter->runController(Object(App\Controllers\RestController))
#3 /home/eventodigital/public_html/api_controlAccesos/system/CodeIgniter.php(326): CodeIgniter\CodeIgniter->handleRequest(NULL, Object(Config\Cache), false)
#4 /home/eventodigital/public_html/api_controlAccesos/public/index.php(37): CodeIgniter\CodeIgniter->run()
#5 {main}
CRITICAL - 2022-10-21 16:46:14 --> Class 'App\Libraries\Exception' not found
#0 /home/eventodigital/public_html/api_controlAccesos/app/Controllers/RestController.php(164): App\Libraries\vCard->__construct(false, '07631023')
#1 /home/eventodigital/public_html/api_controlAccesos/system/CodeIgniter.php(832): App\Controllers\RestController->create()
#2 /home/eventodigital/public_html/api_controlAccesos/system/CodeIgniter.php(419): CodeIgniter\CodeIgniter->runController(Object(App\Controllers\RestController))
#3 /home/eventodigital/public_html/api_controlAccesos/system/CodeIgniter.php(326): CodeIgniter\CodeIgniter->handleRequest(NULL, Object(Config\Cache), false)
#4 /home/eventodigital/public_html/api_controlAccesos/public/index.php(37): CodeIgniter\CodeIgniter->run()
#5 {main}
CRITICAL - 2022-10-21 16:46:28 --> Class 'App\Libraries\Exception' not found
#0 /home/eventodigital/public_html/api_controlAccesos/app/Controllers/RestController.php(164): App\Libraries\vCard->__construct(false, '00266192')
#1 /home/eventodigital/public_html/api_controlAccesos/system/CodeIgniter.php(832): App\Controllers\RestController->create()
#2 /home/eventodigital/public_html/api_controlAccesos/system/CodeIgniter.php(419): CodeIgniter\CodeIgniter->runController(Object(App\Controllers\RestController))
#3 /home/eventodigital/public_html/api_controlAccesos/system/CodeIgniter.php(326): CodeIgniter\CodeIgniter->handleRequest(NULL, Object(Config\Cache), false)
#4 /home/eventodigital/public_html/api_controlAccesos/public/index.php(37): CodeIgniter\CodeIgniter->run()
#5 {main}
CRITICAL - 2022-10-21 16:46:44 --> Class 'App\Libraries\Exception' not found
#0 /home/eventodigital/public_html/api_controlAccesos/app/Controllers/RestController.php(164): App\Libraries\vCard->__construct(false, '00667308')
#1 /home/eventodigital/public_html/api_controlAccesos/system/CodeIgniter.php(832): App\Controllers\RestController->create()
#2 /home/eventodigital/public_html/api_controlAccesos/system/CodeIgniter.php(419): CodeIgniter\CodeIgniter->runController(Object(App\Controllers\RestController))
#3 /home/eventodigital/public_html/api_controlAccesos/system/CodeIgniter.php(326): CodeIgniter\CodeIgniter->handleRequest(NULL, Object(Config\Cache), false)
#4 /home/eventodigital/public_html/api_controlAccesos/public/index.php(37): CodeIgniter\CodeIgniter->run()
#5 {main}
CRITICAL - 2022-10-21 16:55:28 --> Class 'App\Libraries\Exception' not found
#0 /home/eventodigital/public_html/api_controlAccesos/app/Controllers/RestController.php(164): App\Libraries\vCard->__construct(false, 'https://apps.ap...')
#1 /home/eventodigital/public_html/api_controlAccesos/system/CodeIgniter.php(832): App\Controllers\RestController->create()
#2 /home/eventodigital/public_html/api_controlAccesos/system/CodeIgniter.php(419): CodeIgniter\CodeIgniter->runController(Object(App\Controllers\RestController))
#3 /home/eventodigital/public_html/api_controlAccesos/system/CodeIgniter.php(326): CodeIgniter\CodeIgniter->handleRequest(NULL, Object(Config\Cache), false)
#4 /home/eventodigital/public_html/api_controlAccesos/public/index.php(37): CodeIgniter\CodeIgniter->run()
#5 {main}
CRITICAL - 2022-10-21 16:55:41 --> Class 'App\Libraries\Exception' not found
#0 /home/eventodigital/public_html/api_controlAccesos/app/Controllers/RestController.php(164): App\Libraries\vCard->__construct(false, '02453880')
#1 /home/eventodigital/public_html/api_controlAccesos/system/CodeIgniter.php(832): App\Controllers\RestController->create()
#2 /home/eventodigital/public_html/api_controlAccesos/system/CodeIgniter.php(419): CodeIgniter\CodeIgniter->runController(Object(App\Controllers\RestController))
#3 /home/eventodigital/public_html/api_controlAccesos/system/CodeIgniter.php(326): CodeIgniter\CodeIgniter->handleRequest(NULL, Object(Config\Cache), false)
#4 /home/eventodigital/public_html/api_controlAccesos/public/index.php(37): CodeIgniter\CodeIgniter->run()
#5 {main}
CRITICAL - 2022-10-21 16:56:12 --> Class 'App\Libraries\Exception' not found
#0 /home/eventodigital/public_html/api_controlAccesos/app/Controllers/RestController.php(164): App\Libraries\vCard->__construct(false, '09651357')
#1 /home/eventodigital/public_html/api_controlAccesos/system/CodeIgniter.php(832): App\Controllers\RestController->create()
#2 /home/eventodigital/public_html/api_controlAccesos/system/CodeIgniter.php(419): CodeIgniter\CodeIgniter->runController(Object(App\Controllers\RestController))
#3 /home/eventodigital/public_html/api_controlAccesos/system/CodeIgniter.php(326): CodeIgniter\CodeIgniter->handleRequest(NULL, Object(Config\Cache), false)
#4 /home/eventodigital/public_html/api_controlAccesos/public/index.php(37): CodeIgniter\CodeIgniter->run()
#5 {main}
CRITICAL - 2022-10-21 16:56:21 --> Class 'App\Libraries\Exception' not found
#0 /home/eventodigital/public_html/api_controlAccesos/app/Controllers/RestController.php(164): App\Libraries\vCard->__construct(false, '03090446')
#1 /home/eventodigital/public_html/api_controlAccesos/system/CodeIgniter.php(832): App\Controllers\RestController->create()
#2 /home/eventodigital/public_html/api_controlAccesos/system/CodeIgniter.php(419): CodeIgniter\CodeIgniter->runController(Object(App\Controllers\RestController))
#3 /home/eventodigital/public_html/api_controlAccesos/system/CodeIgniter.php(326): CodeIgniter\CodeIgniter->handleRequest(NULL, Object(Config\Cache), false)
#4 /home/eventodigital/public_html/api_controlAccesos/public/index.php(37): CodeIgniter\CodeIgniter->run()
#5 {main}
CRITICAL - 2022-10-21 16:57:44 --> Class 'App\Libraries\Exception' not found
#0 /home/eventodigital/public_html/api_controlAccesos/app/Controllers/RestController.php(164): App\Libraries\vCard->__construct(false, '12102563')
#1 /home/eventodigital/public_html/api_controlAccesos/system/CodeIgniter.php(832): App\Controllers\RestController->create()
#2 /home/eventodigital/public_html/api_controlAccesos/system/CodeIgniter.php(419): CodeIgniter\CodeIgniter->runController(Object(App\Controllers\RestController))
#3 /home/eventodigital/public_html/api_controlAccesos/system/CodeIgniter.php(326): CodeIgniter\CodeIgniter->handleRequest(NULL, Object(Config\Cache), false)
#4 /home/eventodigital/public_html/api_controlAccesos/public/index.php(37): CodeIgniter\CodeIgniter->run()
#5 {main}
CRITICAL - 2022-10-21 17:00:03 --> Class 'App\Libraries\Exception' not found
#0 /home/eventodigital/public_html/api_controlAccesos/app/Controllers/RestController.php(164): App\Libraries\vCard->__construct(false, '11659636')
#1 /home/eventodigital/public_html/api_controlAccesos/system/CodeIgniter.php(832): App\Controllers\RestController->create()
#2 /home/eventodigital/public_html/api_controlAccesos/system/CodeIgniter.php(419): CodeIgniter\CodeIgniter->runController(Object(App\Controllers\RestController))
#3 /home/eventodigital/public_html/api_controlAccesos/system/CodeIgniter.php(326): CodeIgniter\CodeIgniter->handleRequest(NULL, Object(Config\Cache), false)
#4 /home/eventodigital/public_html/api_controlAccesos/public/index.php(37): CodeIgniter\CodeIgniter->run()
#5 {main}
CRITICAL - 2022-10-21 17:00:07 --> Class 'App\Libraries\Exception' not found
#0 /home/eventodigital/public_html/api_controlAccesos/app/Controllers/RestController.php(164): App\Libraries\vCard->__construct(false, '07845581')
#1 /home/eventodigital/public_html/api_controlAccesos/system/CodeIgniter.php(832): App\Controllers\RestController->create()
#2 /home/eventodigital/public_html/api_controlAccesos/system/CodeIgniter.php(419): CodeIgniter\CodeIgniter->runController(Object(App\Controllers\RestController))
#3 /home/eventodigital/public_html/api_controlAccesos/system/CodeIgniter.php(326): CodeIgniter\CodeIgniter->handleRequest(NULL, Object(Config\Cache), false)
#4 /home/eventodigital/public_html/api_controlAccesos/public/index.php(37): CodeIgniter\CodeIgniter->run()
#5 {main}
CRITICAL - 2022-10-21 17:03:51 --> Class 'App\Libraries\Exception' not found
#0 /home/eventodigital/public_html/api_controlAccesos/app/Controllers/RestController.php(164): App\Libraries\vCard->__construct(false, '07341330')
#1 /home/eventodigital/public_html/api_controlAccesos/system/CodeIgniter.php(832): App\Controllers\RestController->create()
#2 /home/eventodigital/public_html/api_controlAccesos/system/CodeIgniter.php(419): CodeIgniter\CodeIgniter->runController(Object(App\Controllers\RestController))
#3 /home/eventodigital/public_html/api_controlAccesos/system/CodeIgniter.php(326): CodeIgniter\CodeIgniter->handleRequest(NULL, Object(Config\Cache), false)
#4 /home/eventodigital/public_html/api_controlAccesos/public/index.php(37): CodeIgniter\CodeIgniter->run()
#5 {main}
CRITICAL - 2022-10-21 17:04:21 --> Class 'App\Libraries\Exception' not found
#0 /home/eventodigital/public_html/api_controlAccesos/app/Controllers/RestController.php(164): App\Libraries\vCard->__construct(false, 'http://www.cong...')
#1 /home/eventodigital/public_html/api_controlAccesos/system/CodeIgniter.php(832): App\Controllers\RestController->create()
#2 /home/eventodigital/public_html/api_controlAccesos/system/CodeIgniter.php(419): CodeIgniter\CodeIgniter->runController(Object(App\Controllers\RestController))
#3 /home/eventodigital/public_html/api_controlAccesos/system/CodeIgniter.php(326): CodeIgniter\CodeIgniter->handleRequest(NULL, Object(Config\Cache), false)
#4 /home/eventodigital/public_html/api_controlAccesos/public/index.php(37): CodeIgniter\CodeIgniter->run()
#5 {main}
CRITICAL - 2022-10-21 17:05:08 --> Class 'App\Libraries\Exception' not found
#0 /home/eventodigital/public_html/api_controlAccesos/app/Controllers/RestController.php(164): App\Libraries\vCard->__construct(false, 'https://apps.ap...')
#1 /home/eventodigital/public_html/api_controlAccesos/system/CodeIgniter.php(832): App\Controllers\RestController->create()
#2 /home/eventodigital/public_html/api_controlAccesos/system/CodeIgniter.php(419): CodeIgniter\CodeIgniter->runController(Object(App\Controllers\RestController))
#3 /home/eventodigital/public_html/api_controlAccesos/system/CodeIgniter.php(326): CodeIgniter\CodeIgniter->handleRequest(NULL, Object(Config\Cache), false)
#4 /home/eventodigital/public_html/api_controlAccesos/public/index.php(37): CodeIgniter\CodeIgniter->run()
#5 {main}
CRITICAL - 2022-10-21 17:07:31 --> Class 'App\Libraries\Exception' not found
#0 /home/eventodigital/public_html/api_controlAccesos/app/Controllers/RestController.php(164): App\Libraries\vCard->__construct(false, '12537686')
#1 /home/eventodigital/public_html/api_controlAccesos/system/CodeIgniter.php(832): App\Controllers\RestController->create()
#2 /home/eventodigital/public_html/api_controlAccesos/system/CodeIgniter.php(419): CodeIgniter\CodeIgniter->runController(Object(App\Controllers\RestController))
#3 /home/eventodigital/public_html/api_controlAccesos/system/CodeIgniter.php(326): CodeIgniter\CodeIgniter->handleRequest(NULL, Object(Config\Cache), false)
#4 /home/eventodigital/public_html/api_controlAccesos/public/index.php(37): CodeIgniter\CodeIgniter->run()
#5 {main}
CRITICAL - 2022-10-21 17:08:37 --> Class 'App\Libraries\Exception' not found
#0 /home/eventodigital/public_html/api_controlAccesos/app/Controllers/RestController.php(164): App\Libraries\vCard->__construct(false, '02250210')
#1 /home/eventodigital/public_html/api_controlAccesos/system/CodeIgniter.php(832): App\Controllers\RestController->create()
#2 /home/eventodigital/public_html/api_controlAccesos/system/CodeIgniter.php(419): CodeIgniter\CodeIgniter->runController(Object(App\Controllers\RestController))
#3 /home/eventodigital/public_html/api_controlAccesos/system/CodeIgniter.php(326): CodeIgniter\CodeIgniter->handleRequest(NULL, Object(Config\Cache), false)
#4 /home/eventodigital/public_html/api_controlAccesos/public/index.php(37): CodeIgniter\CodeIgniter->run()
#5 {main}
CRITICAL - 2022-10-21 17:08:59 --> Class 'App\Libraries\Exception' not found
#0 /home/eventodigital/public_html/api_controlAccesos/app/Controllers/RestController.php(164): App\Libraries\vCard->__construct(false, '06116187')
#1 /home/eventodigital/public_html/api_controlAccesos/system/CodeIgniter.php(832): App\Controllers\RestController->create()
#2 /home/eventodigital/public_html/api_controlAccesos/system/CodeIgniter.php(419): CodeIgniter\CodeIgniter->runController(Object(App\Controllers\RestController))
#3 /home/eventodigital/public_html/api_controlAccesos/system/CodeIgniter.php(326): CodeIgniter\CodeIgniter->handleRequest(NULL, Object(Config\Cache), false)
#4 /home/eventodigital/public_html/api_controlAccesos/public/index.php(37): CodeIgniter\CodeIgniter->run()
#5 {main}
CRITICAL - 2022-10-21 17:09:19 --> Class 'App\Libraries\Exception' not found
#0 /home/eventodigital/public_html/api_controlAccesos/app/Controllers/RestController.php(164): App\Libraries\vCard->__construct(false, '06869144')
#1 /home/eventodigital/public_html/api_controlAccesos/system/CodeIgniter.php(832): App\Controllers\RestController->create()
#2 /home/eventodigital/public_html/api_controlAccesos/system/CodeIgniter.php(419): CodeIgniter\CodeIgniter->runController(Object(App\Controllers\RestController))
#3 /home/eventodigital/public_html/api_controlAccesos/system/CodeIgniter.php(326): CodeIgniter\CodeIgniter->handleRequest(NULL, Object(Config\Cache), false)
#4 /home/eventodigital/public_html/api_controlAccesos/public/index.php(37): CodeIgniter\CodeIgniter->run()
#5 {main}
CRITICAL - 2022-10-21 17:10:27 --> Class 'App\Libraries\Exception' not found
#0 /home/eventodigital/public_html/api_controlAccesos/app/Controllers/RestController.php(164): App\Libraries\vCard->__construct(false, '03739123')
#1 /home/eventodigital/public_html/api_controlAccesos/system/CodeIgniter.php(832): App\Controllers\RestController->create()
#2 /home/eventodigital/public_html/api_controlAccesos/system/CodeIgniter.php(419): CodeIgniter\CodeIgniter->runController(Object(App\Controllers\RestController))
#3 /home/eventodigital/public_html/api_controlAccesos/system/CodeIgniter.php(326): CodeIgniter\CodeIgniter->handleRequest(NULL, Object(Config\Cache), false)
#4 /home/eventodigital/public_html/api_controlAccesos/public/index.php(37): CodeIgniter\CodeIgniter->run()
#5 {main}
CRITICAL - 2022-10-21 17:10:59 --> Class 'App\Libraries\Exception' not found
#0 /home/eventodigital/public_html/api_controlAccesos/app/Controllers/RestController.php(164): App\Libraries\vCard->__construct(false, '16212862')
#1 /home/eventodigital/public_html/api_controlAccesos/system/CodeIgniter.php(832): App\Controllers\RestController->create()
#2 /home/eventodigital/public_html/api_controlAccesos/system/CodeIgniter.php(419): CodeIgniter\CodeIgniter->runController(Object(App\Controllers\RestController))
#3 /home/eventodigital/public_html/api_controlAccesos/system/CodeIgniter.php(326): CodeIgniter\CodeIgniter->handleRequest(NULL, Object(Config\Cache), false)
#4 /home/eventodigital/public_html/api_controlAccesos/public/index.php(37): CodeIgniter\CodeIgniter->run()
#5 {main}
CRITICAL - 2022-10-21 17:12:51 --> Class 'App\Libraries\Exception' not found
#0 /home/eventodigital/public_html/api_controlAccesos/app/Controllers/RestController.php(164): App\Libraries\vCard->__construct(false, '06432214')
#1 /home/eventodigital/public_html/api_controlAccesos/system/CodeIgniter.php(832): App\Controllers\RestController->create()
#2 /home/eventodigital/public_html/api_controlAccesos/system/CodeIgniter.php(419): CodeIgniter\CodeIgniter->runController(Object(App\Controllers\RestController))
#3 /home/eventodigital/public_html/api_controlAccesos/system/CodeIgniter.php(326): CodeIgniter\CodeIgniter->handleRequest(NULL, Object(Config\Cache), false)
#4 /home/eventodigital/public_html/api_controlAccesos/public/index.php(37): CodeIgniter\CodeIgniter->run()
#5 {main}
CRITICAL - 2022-10-21 17:13:02 --> Class 'App\Libraries\Exception' not found
#0 /home/eventodigital/public_html/api_controlAccesos/app/Controllers/RestController.php(164): App\Libraries\vCard->__construct(false, '07043178')
#1 /home/eventodigital/public_html/api_controlAccesos/system/CodeIgniter.php(832): App\Controllers\RestController->create()
#2 /home/eventodigital/public_html/api_controlAccesos/system/CodeIgniter.php(419): CodeIgniter\CodeIgniter->runController(Object(App\Controllers\RestController))
#3 /home/eventodigital/public_html/api_controlAccesos/system/CodeIgniter.php(326): CodeIgniter\CodeIgniter->handleRequest(NULL, Object(Config\Cache), false)
#4 /home/eventodigital/public_html/api_controlAccesos/public/index.php(37): CodeIgniter\CodeIgniter->run()
#5 {main}
CRITICAL - 2022-10-21 17:17:26 --> Class 'App\Libraries\Exception' not found
#0 /home/eventodigital/public_html/api_controlAccesos/app/Controllers/RestController.php(164): App\Libraries\vCard->__construct(false, '02294667')
#1 /home/eventodigital/public_html/api_controlAccesos/system/CodeIgniter.php(832): App\Controllers\RestController->create()
#2 /home/eventodigital/public_html/api_controlAccesos/system/CodeIgniter.php(419): CodeIgniter\CodeIgniter->runController(Object(App\Controllers\RestController))
#3 /home/eventodigital/public_html/api_controlAccesos/system/CodeIgniter.php(326): CodeIgniter\CodeIgniter->handleRequest(NULL, Object(Config\Cache), false)
#4 /home/eventodigital/public_html/api_controlAccesos/public/index.php(37): CodeIgniter\CodeIgniter->run()
#5 {main}
CRITICAL - 2022-10-21 17:18:44 --> Class 'App\Libraries\Exception' not found
#0 /home/eventodigital/public_html/api_controlAccesos/app/Controllers/RestController.php(164): App\Libraries\vCard->__construct(false, '06')
#1 /home/eventodigital/public_html/api_controlAccesos/system/CodeIgniter.php(832): App\Controllers\RestController->create()
#2 /home/eventodigital/public_html/api_controlAccesos/system/CodeIgniter.php(419): CodeIgniter\CodeIgniter->runController(Object(App\Controllers\RestController))
#3 /home/eventodigital/public_html/api_controlAccesos/system/CodeIgniter.php(326): CodeIgniter\CodeIgniter->handleRequest(NULL, Object(Config\Cache), false)
#4 /home/eventodigital/public_html/api_controlAccesos/public/index.php(37): CodeIgniter\CodeIgniter->run()
#5 {main}
CRITICAL - 2022-10-21 17:19:04 --> Class 'App\Libraries\Exception' not found
#0 /home/eventodigital/public_html/api_controlAccesos/app/Controllers/RestController.php(164): App\Libraries\vCard->__construct(false, '16343870')
#1 /home/eventodigital/public_html/api_controlAccesos/system/CodeIgniter.php(832): App\Controllers\RestController->create()
#2 /home/eventodigital/public_html/api_controlAccesos/system/CodeIgniter.php(419): CodeIgniter\CodeIgniter->runController(Object(App\Controllers\RestController))
#3 /home/eventodigital/public_html/api_controlAccesos/system/CodeIgniter.php(326): CodeIgniter\CodeIgniter->handleRequest(NULL, Object(Config\Cache), false)
#4 /home/eventodigital/public_html/api_controlAccesos/public/index.php(37): CodeIgniter\CodeIgniter->run()
#5 {main}
CRITICAL - 2022-10-21 17:20:16 --> Class 'App\Libraries\Exception' not found
#0 /home/eventodigital/public_html/api_controlAccesos/app/Controllers/RestController.php(164): App\Libraries\vCard->__construct(false, '15226129')
#1 /home/eventodigital/public_html/api_controlAccesos/system/CodeIgniter.php(832): App\Controllers\RestController->create()
#2 /home/eventodigital/public_html/api_controlAccesos/system/CodeIgniter.php(419): CodeIgniter\CodeIgniter->runController(Object(App\Controllers\RestController))
#3 /home/eventodigital/public_html/api_controlAccesos/system/CodeIgniter.php(326): CodeIgniter\CodeIgniter->handleRequest(NULL, Object(Config\Cache), false)
#4 /home/eventodigital/public_html/api_controlAccesos/public/index.php(37): CodeIgniter\CodeIgniter->run()
#5 {main}
CRITICAL - 2022-10-21 17:20:36 --> Class 'App\Libraries\Exception' not found
#0 /home/eventodigital/public_html/api_controlAccesos/app/Controllers/RestController.php(164): App\Libraries\vCard->__construct(false, '05447978')
#1 /home/eventodigital/public_html/api_controlAccesos/system/CodeIgniter.php(832): App\Controllers\RestController->create()
#2 /home/eventodigital/public_html/api_controlAccesos/system/CodeIgniter.php(419): CodeIgniter\CodeIgniter->runController(Object(App\Controllers\RestController))
#3 /home/eventodigital/public_html/api_controlAccesos/system/CodeIgniter.php(326): CodeIgniter\CodeIgniter->handleRequest(NULL, Object(Config\Cache), false)
#4 /home/eventodigital/public_html/api_controlAccesos/public/index.php(37): CodeIgniter\CodeIgniter->run()
#5 {main}
CRITICAL - 2022-10-21 17:21:18 --> Class 'App\Libraries\Exception' not found
#0 /home/eventodigital/public_html/api_controlAccesos/app/Controllers/RestController.php(164): App\Libraries\vCard->__construct(false, '17710121')
#1 /home/eventodigital/public_html/api_controlAccesos/system/CodeIgniter.php(832): App\Controllers\RestController->create()
#2 /home/eventodigital/public_html/api_controlAccesos/system/CodeIgniter.php(419): CodeIgniter\CodeIgniter->runController(Object(App\Controllers\RestController))
#3 /home/eventodigital/public_html/api_controlAccesos/system/CodeIgniter.php(326): CodeIgniter\CodeIgniter->handleRequest(NULL, Object(Config\Cache), false)
#4 /home/eventodigital/public_html/api_controlAccesos/public/index.php(37): CodeIgniter\CodeIgniter->run()
#5 {main}
CRITICAL - 2022-10-21 17:28:18 --> Class 'App\Libraries\Exception' not found
#0 /home/eventodigital/public_html/api_controlAccesos/app/Controllers/RestController.php(164): App\Libraries\vCard->__construct(false, '11863936')
#1 /home/eventodigital/public_html/api_controlAccesos/system/CodeIgniter.php(832): App\Controllers\RestController->create()
#2 /home/eventodigital/public_html/api_controlAccesos/system/CodeIgniter.php(419): CodeIgniter\CodeIgniter->runController(Object(App\Controllers\RestController))
#3 /home/eventodigital/public_html/api_controlAccesos/system/CodeIgniter.php(326): CodeIgniter\CodeIgniter->handleRequest(NULL, Object(Config\Cache), false)
#4 /home/eventodigital/public_html/api_controlAccesos/public/index.php(37): CodeIgniter\CodeIgniter->run()
#5 {main}
CRITICAL - 2022-10-21 17:29:05 --> Class 'App\Libraries\Exception' not found
#0 /home/eventodigital/public_html/api_controlAccesos/app/Controllers/RestController.php(164): App\Libraries\vCard->__construct(false, '14613999')
#1 /home/eventodigital/public_html/api_controlAccesos/system/CodeIgniter.php(832): App\Controllers\RestController->create()
#2 /home/eventodigital/public_html/api_controlAccesos/system/CodeIgniter.php(419): CodeIgniter\CodeIgniter->runController(Object(App\Controllers\RestController))
#3 /home/eventodigital/public_html/api_controlAccesos/system/CodeIgniter.php(326): CodeIgniter\CodeIgniter->handleRequest(NULL, Object(Config\Cache), false)
#4 /home/eventodigital/public_html/api_controlAccesos/public/index.php(37): CodeIgniter\CodeIgniter->run()
#5 {main}
CRITICAL - 2022-10-21 17:29:41 --> Class 'App\Libraries\Exception' not found
#0 /home/eventodigital/public_html/api_controlAccesos/app/Controllers/RestController.php(164): App\Libraries\vCard->__construct(false, '03292331')
#1 /home/eventodigital/public_html/api_controlAccesos/system/CodeIgniter.php(832): App\Controllers\RestController->create()
#2 /home/eventodigital/public_html/api_controlAccesos/system/CodeIgniter.php(419): CodeIgniter\CodeIgniter->runController(Object(App\Controllers\RestController))
#3 /home/eventodigital/public_html/api_controlAccesos/system/CodeIgniter.php(326): CodeIgniter\CodeIgniter->handleRequest(NULL, Object(Config\Cache), false)
#4 /home/eventodigital/public_html/api_controlAccesos/public/index.php(37): CodeIgniter\CodeIgniter->run()
#5 {main}
CRITICAL - 2022-10-21 17:38:50 --> Class 'App\Libraries\Exception' not found
#0 /home/eventodigital/public_html/api_controlAccesos/app/Controllers/RestController.php(164): App\Libraries\vCard->__construct(false, '18440111')
#1 /home/eventodigital/public_html/api_controlAccesos/system/CodeIgniter.php(832): App\Controllers\RestController->create()
#2 /home/eventodigital/public_html/api_controlAccesos/system/CodeIgniter.php(419): CodeIgniter\CodeIgniter->runController(Object(App\Controllers\RestController))
#3 /home/eventodigital/public_html/api_controlAccesos/system/CodeIgniter.php(326): CodeIgniter\CodeIgniter->handleRequest(NULL, Object(Config\Cache), false)
#4 /home/eventodigital/public_html/api_controlAccesos/public/index.php(37): CodeIgniter\CodeIgniter->run()
#5 {main}
CRITICAL - 2022-10-21 17:41:07 --> Class 'App\Libraries\Exception' not found
#0 /home/eventodigital/public_html/api_controlAccesos/app/Controllers/RestController.php(164): App\Libraries\vCard->__construct(false, '01302141')
#1 /home/eventodigital/public_html/api_controlAccesos/system/CodeIgniter.php(832): App\Controllers\RestController->create()
#2 /home/eventodigital/public_html/api_controlAccesos/system/CodeIgniter.php(419): CodeIgniter\CodeIgniter->runController(Object(App\Controllers\RestController))
#3 /home/eventodigital/public_html/api_controlAccesos/system/CodeIgniter.php(326): CodeIgniter\CodeIgniter->handleRequest(NULL, Object(Config\Cache), false)
#4 /home/eventodigital/public_html/api_controlAccesos/public/index.php(37): CodeIgniter\CodeIgniter->run()
#5 {main}
CRITICAL - 2022-10-21 17:42:10 --> Class 'App\Libraries\Exception' not found
#0 /home/eventodigital/public_html/api_controlAccesos/app/Controllers/RestController.php(164): App\Libraries\vCard->__construct(false, '11637743')
#1 /home/eventodigital/public_html/api_controlAccesos/system/CodeIgniter.php(832): App\Controllers\RestController->create()
#2 /home/eventodigital/public_html/api_controlAccesos/system/CodeIgniter.php(419): CodeIgniter\CodeIgniter->runController(Object(App\Controllers\RestController))
#3 /home/eventodigital/public_html/api_controlAccesos/system/CodeIgniter.php(326): CodeIgniter\CodeIgniter->handleRequest(NULL, Object(Config\Cache), false)
#4 /home/eventodigital/public_html/api_controlAccesos/public/index.php(37): CodeIgniter\CodeIgniter->run()
#5 {main}
CRITICAL - 2022-10-21 17:42:59 --> Class 'App\Libraries\Exception' not found
#0 /home/eventodigital/public_html/api_controlAccesos/app/Controllers/RestController.php(164): App\Libraries\vCard->__construct(false, '14208115')
#1 /home/eventodigital/public_html/api_controlAccesos/system/CodeIgniter.php(832): App\Controllers\RestController->create()
#2 /home/eventodigital/public_html/api_controlAccesos/system/CodeIgniter.php(419): CodeIgniter\CodeIgniter->runController(Object(App\Controllers\RestController))
#3 /home/eventodigital/public_html/api_controlAccesos/system/CodeIgniter.php(326): CodeIgniter\CodeIgniter->handleRequest(NULL, Object(Config\Cache), false)
#4 /home/eventodigital/public_html/api_controlAccesos/public/index.php(37): CodeIgniter\CodeIgniter->run()
#5 {main}
CRITICAL - 2022-10-21 17:53:25 --> Class 'App\Libraries\Exception' not found
#0 /home/eventodigital/public_html/api_controlAccesos/app/Controllers/RestController.php(164): App\Libraries\vCard->__construct(false, '56104837')
#1 /home/eventodigital/public_html/api_controlAccesos/system/CodeIgniter.php(832): App\Controllers\RestController->create()
#2 /home/eventodigital/public_html/api_controlAccesos/system/CodeIgniter.php(419): CodeIgniter\CodeIgniter->runController(Object(App\Controllers\RestController))
#3 /home/eventodigital/public_html/api_controlAccesos/system/CodeIgniter.php(326): CodeIgniter\CodeIgniter->handleRequest(NULL, Object(Config\Cache), false)
#4 /home/eventodigital/public_html/api_controlAccesos/public/index.php(37): CodeIgniter\CodeIgniter->run()
#5 {main}
CRITICAL - 2022-10-21 17:53:54 --> Class 'App\Libraries\Exception' not found
#0 /home/eventodigital/public_html/api_controlAccesos/app/Controllers/RestController.php(164): App\Libraries\vCard->__construct(false, '02796284')
#1 /home/eventodigital/public_html/api_controlAccesos/system/CodeIgniter.php(832): App\Controllers\RestController->create()
#2 /home/eventodigital/public_html/api_controlAccesos/system/CodeIgniter.php(419): CodeIgniter\CodeIgniter->runController(Object(App\Controllers\RestController))
#3 /home/eventodigital/public_html/api_controlAccesos/system/CodeIgniter.php(326): CodeIgniter\CodeIgniter->handleRequest(NULL, Object(Config\Cache), false)
#4 /home/eventodigital/public_html/api_controlAccesos/public/index.php(37): CodeIgniter\CodeIgniter->run()
#5 {main}
CRITICAL - 2022-10-21 17:55:34 --> Class 'App\Libraries\Exception' not found
#0 /home/eventodigital/public_html/api_controlAccesos/app/Controllers/RestController.php(164): App\Libraries\vCard->__construct(false, '78866676')
#1 /home/eventodigital/public_html/api_controlAccesos/system/CodeIgniter.php(832): App\Controllers\RestController->create()
#2 /home/eventodigital/public_html/api_controlAccesos/system/CodeIgniter.php(419): CodeIgniter\CodeIgniter->runController(Object(App\Controllers\RestController))
#3 /home/eventodigital/public_html/api_controlAccesos/system/CodeIgniter.php(326): CodeIgniter\CodeIgniter->handleRequest(NULL, Object(Config\Cache), false)
#4 /home/eventodigital/public_html/api_controlAccesos/public/index.php(37): CodeIgniter\CodeIgniter->run()
#5 {main}
CRITICAL - 2022-10-21 17:57:51 --> Class 'App\Libraries\Exception' not found
#0 /home/eventodigital/public_html/api_controlAccesos/app/Controllers/RestController.php(164): App\Libraries\vCard->__construct(false, '17135979')
#1 /home/eventodigital/public_html/api_controlAccesos/system/CodeIgniter.php(832): App\Controllers\RestController->create()
#2 /home/eventodigital/public_html/api_controlAccesos/system/CodeIgniter.php(419): CodeIgniter\CodeIgniter->runController(Object(App\Controllers\RestController))
#3 /home/eventodigital/public_html/api_controlAccesos/system/CodeIgniter.php(326): CodeIgniter\CodeIgniter->handleRequest(NULL, Object(Config\Cache), false)
#4 /home/eventodigital/public_html/api_controlAccesos/public/index.php(37): CodeIgniter\CodeIgniter->run()
#5 {main}
CRITICAL - 2022-10-21 17:58:17 --> Class 'App\Libraries\Exception' not found
#0 /home/eventodigital/public_html/api_controlAccesos/app/Controllers/RestController.php(164): App\Libraries\vCard->__construct(false, '16003114')
#1 /home/eventodigital/public_html/api_controlAccesos/system/CodeIgniter.php(832): App\Controllers\RestController->create()
#2 /home/eventodigital/public_html/api_controlAccesos/system/CodeIgniter.php(419): CodeIgniter\CodeIgniter->runController(Object(App\Controllers\RestController))
#3 /home/eventodigital/public_html/api_controlAccesos/system/CodeIgniter.php(326): CodeIgniter\CodeIgniter->handleRequest(NULL, Object(Config\Cache), false)
#4 /home/eventodigital/public_html/api_controlAccesos/public/index.php(37): CodeIgniter\CodeIgniter->run()
#5 {main}
CRITICAL - 2022-10-21 17:58:59 --> Class 'App\Libraries\Exception' not found
#0 /home/eventodigital/public_html/api_controlAccesos/app/Controllers/RestController.php(164): App\Libraries\vCard->__construct(false, '16629537')
#1 /home/eventodigital/public_html/api_controlAccesos/system/CodeIgniter.php(832): App\Controllers\RestController->create()
#2 /home/eventodigital/public_html/api_controlAccesos/system/CodeIgniter.php(419): CodeIgniter\CodeIgniter->runController(Object(App\Controllers\RestController))
#3 /home/eventodigital/public_html/api_controlAccesos/system/CodeIgniter.php(326): CodeIgniter\CodeIgniter->handleRequest(NULL, Object(Config\Cache), false)
#4 /home/eventodigital/public_html/api_controlAccesos/public/index.php(37): CodeIgniter\CodeIgniter->run()
#5 {main}
CRITICAL - 2022-10-21 18:02:01 --> Class 'App\Libraries\Exception' not found
#0 /home/eventodigital/public_html/api_controlAccesos/app/Controllers/RestController.php(164): App\Libraries\vCard->__construct(false, '10911842')
#1 /home/eventodigital/public_html/api_controlAccesos/system/CodeIgniter.php(832): App\Controllers\RestController->create()
#2 /home/eventodigital/public_html/api_controlAccesos/system/CodeIgniter.php(419): CodeIgniter\CodeIgniter->runController(Object(App\Controllers\RestController))
#3 /home/eventodigital/public_html/api_controlAccesos/system/CodeIgniter.php(326): CodeIgniter\CodeIgniter->handleRequest(NULL, Object(Config\Cache), false)
#4 /home/eventodigital/public_html/api_controlAccesos/public/index.php(37): CodeIgniter\CodeIgniter->run()
#5 {main}
CRITICAL - 2022-10-21 18:02:18 --> Class 'App\Libraries\Exception' not found
#0 /home/eventodigital/public_html/api_controlAccesos/app/Controllers/RestController.php(164): App\Libraries\vCard->__construct(false, '14839481')
#1 /home/eventodigital/public_html/api_controlAccesos/system/CodeIgniter.php(832): App\Controllers\RestController->create()
#2 /home/eventodigital/public_html/api_controlAccesos/system/CodeIgniter.php(419): CodeIgniter\CodeIgniter->runController(Object(App\Controllers\RestController))
#3 /home/eventodigital/public_html/api_controlAccesos/system/CodeIgniter.php(326): CodeIgniter\CodeIgniter->handleRequest(NULL, Object(Config\Cache), false)
#4 /home/eventodigital/public_html/api_controlAccesos/public/index.php(37): CodeIgniter\CodeIgniter->run()
#5 {main}
CRITICAL - 2022-10-21 18:03:50 --> Class 'App\Libraries\Exception' not found
#0 /home/eventodigital/public_html/api_controlAccesos/app/Controllers/RestController.php(164): App\Libraries\vCard->__construct(false, '04332084')
#1 /home/eventodigital/public_html/api_controlAccesos/system/CodeIgniter.php(832): App\Controllers\RestController->create()
#2 /home/eventodigital/public_html/api_controlAccesos/system/CodeIgniter.php(419): CodeIgniter\CodeIgniter->runController(Object(App\Controllers\RestController))
#3 /home/eventodigital/public_html/api_controlAccesos/system/CodeIgniter.php(326): CodeIgniter\CodeIgniter->handleRequest(NULL, Object(Config\Cache), false)
#4 /home/eventodigital/public_html/api_controlAccesos/public/index.php(37): CodeIgniter\CodeIgniter->run()
#5 {main}
CRITICAL - 2022-10-21 18:07:49 --> Class 'App\Libraries\Exception' not found
#0 /home/eventodigital/public_html/api_controlAccesos/app/Controllers/RestController.php(164): App\Libraries\vCard->__construct(false, '06890094')
#1 /home/eventodigital/public_html/api_controlAccesos/system/CodeIgniter.php(832): App\Controllers\RestController->create()
#2 /home/eventodigital/public_html/api_controlAccesos/system/CodeIgniter.php(419): CodeIgniter\CodeIgniter->runController(Object(App\Controllers\RestController))
#3 /home/eventodigital/public_html/api_controlAccesos/system/CodeIgniter.php(326): CodeIgniter\CodeIgniter->handleRequest(NULL, Object(Config\Cache), false)
#4 /home/eventodigital/public_html/api_controlAccesos/public/index.php(37): CodeIgniter\CodeIgniter->run()
#5 {main}
CRITICAL - 2022-10-21 18:11:32 --> Class 'App\Libraries\Exception' not found
#0 /home/eventodigital/public_html/api_controlAccesos/app/Controllers/RestController.php(164): App\Libraries\vCard->__construct(false, '16242463')
#1 /home/eventodigital/public_html/api_controlAccesos/system/CodeIgniter.php(832): App\Controllers\RestController->create()
#2 /home/eventodigital/public_html/api_controlAccesos/system/CodeIgniter.php(419): CodeIgniter\CodeIgniter->runController(Object(App\Controllers\RestController))
#3 /home/eventodigital/public_html/api_controlAccesos/system/CodeIgniter.php(326): CodeIgniter\CodeIgniter->handleRequest(NULL, Object(Config\Cache), false)
#4 /home/eventodigital/public_html/api_controlAccesos/public/index.php(37): CodeIgniter\CodeIgniter->run()
#5 {main}
CRITICAL - 2022-10-21 18:17:39 --> Class 'App\Libraries\Exception' not found
#0 /home/eventodigital/public_html/api_controlAccesos/app/Controllers/RestController.php(164): App\Libraries\vCard->__construct(false, '12121274')
#1 /home/eventodigital/public_html/api_controlAccesos/system/CodeIgniter.php(832): App\Controllers\RestController->create()
#2 /home/eventodigital/public_html/api_controlAccesos/system/CodeIgniter.php(419): CodeIgniter\CodeIgniter->runController(Object(App\Controllers\RestController))
#3 /home/eventodigital/public_html/api_controlAccesos/system/CodeIgniter.php(326): CodeIgniter\CodeIgniter->handleRequest(NULL, Object(Config\Cache), false)
#4 /home/eventodigital/public_html/api_controlAccesos/public/index.php(37): CodeIgniter\CodeIgniter->run()
#5 {main}
CRITICAL - 2022-10-21 18:17:41 --> Class 'App\Libraries\Exception' not found
#0 /home/eventodigital/public_html/api_controlAccesos/app/Controllers/RestController.php(164): App\Libraries\vCard->__construct(false, '02418218')
#1 /home/eventodigital/public_html/api_controlAccesos/system/CodeIgniter.php(832): App\Controllers\RestController->create()
#2 /home/eventodigital/public_html/api_controlAccesos/system/CodeIgniter.php(419): CodeIgniter\CodeIgniter->runController(Object(App\Controllers\RestController))
#3 /home/eventodigital/public_html/api_controlAccesos/system/CodeIgniter.php(326): CodeIgniter\CodeIgniter->handleRequest(NULL, Object(Config\Cache), false)
#4 /home/eventodigital/public_html/api_controlAccesos/public/index.php(37): CodeIgniter\CodeIgniter->run()
#5 {main}
CRITICAL - 2022-10-21 18:20:39 --> Class 'App\Libraries\Exception' not found
#0 /home/eventodigital/public_html/api_controlAccesos/app/Controllers/RestController.php(164): App\Libraries\vCard->__construct(false, '14128345')
#1 /home/eventodigital/public_html/api_controlAccesos/system/CodeIgniter.php(832): App\Controllers\RestController->create()
#2 /home/eventodigital/public_html/api_controlAccesos/system/CodeIgniter.php(419): CodeIgniter\CodeIgniter->runController(Object(App\Controllers\RestController))
#3 /home/eventodigital/public_html/api_controlAccesos/system/CodeIgniter.php(326): CodeIgniter\CodeIgniter->handleRequest(NULL, Object(Config\Cache), false)
#4 /home/eventodigital/public_html/api_controlAccesos/public/index.php(37): CodeIgniter\CodeIgniter->run()
#5 {main}
CRITICAL - 2022-10-21 18:22:03 --> Class 'App\Libraries\Exception' not found
#0 /home/eventodigital/public_html/api_controlAccesos/app/Controllers/RestController.php(164): App\Libraries\vCard->__construct(false, '11600026')
#1 /home/eventodigital/public_html/api_controlAccesos/system/CodeIgniter.php(832): App\Controllers\RestController->create()
#2 /home/eventodigital/public_html/api_controlAccesos/system/CodeIgniter.php(419): CodeIgniter\CodeIgniter->runController(Object(App\Controllers\RestController))
#3 /home/eventodigital/public_html/api_controlAccesos/system/CodeIgniter.php(326): CodeIgniter\CodeIgniter->handleRequest(NULL, Object(Config\Cache), false)
#4 /home/eventodigital/public_html/api_controlAccesos/public/index.php(37): CodeIgniter\CodeIgniter->run()
#5 {main}
CRITICAL - 2022-10-21 18:25:55 --> Class 'App\Libraries\Exception' not found
#0 /home/eventodigital/public_html/api_controlAccesos/app/Controllers/RestController.php(164): App\Libraries\vCard->__construct(false, '05026906')
#1 /home/eventodigital/public_html/api_controlAccesos/system/CodeIgniter.php(832): App\Controllers\RestController->create()
#2 /home/eventodigital/public_html/api_controlAccesos/system/CodeIgniter.php(419): CodeIgniter\CodeIgniter->runController(Object(App\Controllers\RestController))
#3 /home/eventodigital/public_html/api_controlAccesos/system/CodeIgniter.php(326): CodeIgniter\CodeIgniter->handleRequest(NULL, Object(Config\Cache), false)
#4 /home/eventodigital/public_html/api_controlAccesos/public/index.php(37): CodeIgniter\CodeIgniter->run()
#5 {main}
CRITICAL - 2022-10-21 18:30:52 --> Class 'App\Libraries\Exception' not found
#0 /home/eventodigital/public_html/api_controlAccesos/app/Controllers/RestController.php(164): App\Libraries\vCard->__construct(false, '08280275')
#1 /home/eventodigital/public_html/api_controlAccesos/system/CodeIgniter.php(832): App\Controllers\RestController->create()
#2 /home/eventodigital/public_html/api_controlAccesos/system/CodeIgniter.php(419): CodeIgniter\CodeIgniter->runController(Object(App\Controllers\RestController))
#3 /home/eventodigital/public_html/api_controlAccesos/system/CodeIgniter.php(326): CodeIgniter\CodeIgniter->handleRequest(NULL, Object(Config\Cache), false)
#4 /home/eventodigital/public_html/api_controlAccesos/public/index.php(37): CodeIgniter\CodeIgniter->run()
#5 {main}
CRITICAL - 2022-10-21 18:32:21 --> Class 'App\Libraries\Exception' not found
#0 /home/eventodigital/public_html/api_controlAccesos/app/Controllers/RestController.php(164): App\Libraries\vCard->__construct(false, '17773330')
#1 /home/eventodigital/public_html/api_controlAccesos/system/CodeIgniter.php(832): App\Controllers\RestController->create()
#2 /home/eventodigital/public_html/api_controlAccesos/system/CodeIgniter.php(419): CodeIgniter\CodeIgniter->runController(Object(App\Controllers\RestController))
#3 /home/eventodigital/public_html/api_controlAccesos/system/CodeIgniter.php(326): CodeIgniter\CodeIgniter->handleRequest(NULL, Object(Config\Cache), false)
#4 /home/eventodigital/public_html/api_controlAccesos/public/index.php(37): CodeIgniter\CodeIgniter->run()
#5 {main}
CRITICAL - 2022-10-21 18:36:38 --> Class 'App\Libraries\Exception' not found
#0 /home/eventodigital/public_html/api_controlAccesos/app/Controllers/RestController.php(164): App\Libraries\vCard->__construct(false, '07164378')
#1 /home/eventodigital/public_html/api_controlAccesos/system/CodeIgniter.php(832): App\Controllers\RestController->create()
#2 /home/eventodigital/public_html/api_controlAccesos/system/CodeIgniter.php(419): CodeIgniter\CodeIgniter->runController(Object(App\Controllers\RestController))
#3 /home/eventodigital/public_html/api_controlAccesos/system/CodeIgniter.php(326): CodeIgniter\CodeIgniter->handleRequest(NULL, Object(Config\Cache), false)
#4 /home/eventodigital/public_html/api_controlAccesos/public/index.php(37): CodeIgniter\CodeIgniter->run()
#5 {main}
CRITICAL - 2022-10-21 18:41:10 --> Class 'App\Libraries\Exception' not found
#0 /home/eventodigital/public_html/api_controlAccesos/app/Controllers/RestController.php(164): App\Libraries\vCard->__construct(false, '19416762')
#1 /home/eventodigital/public_html/api_controlAccesos/system/CodeIgniter.php(832): App\Controllers\RestController->create()
#2 /home/eventodigital/public_html/api_controlAccesos/system/CodeIgniter.php(419): CodeIgniter\CodeIgniter->runController(Object(App\Controllers\RestController))
#3 /home/eventodigital/public_html/api_controlAccesos/system/CodeIgniter.php(326): CodeIgniter\CodeIgniter->handleRequest(NULL, Object(Config\Cache), false)
#4 /home/eventodigital/public_html/api_controlAccesos/public/index.php(37): CodeIgniter\CodeIgniter->run()
#5 {main}
CRITICAL - 2022-10-21 18:44:29 --> Class 'App\Libraries\Exception' not found
#0 /home/eventodigital/public_html/api_controlAccesos/app/Controllers/RestController.php(164): App\Libraries\vCard->__construct(false, '07316639')
#1 /home/eventodigital/public_html/api_controlAccesos/system/CodeIgniter.php(832): App\Controllers\RestController->create()
#2 /home/eventodigital/public_html/api_controlAccesos/system/CodeIgniter.php(419): CodeIgniter\CodeIgniter->runController(Object(App\Controllers\RestController))
#3 /home/eventodigital/public_html/api_controlAccesos/system/CodeIgniter.php(326): CodeIgniter\CodeIgniter->handleRequest(NULL, Object(Config\Cache), false)
#4 /home/eventodigital/public_html/api_controlAccesos/public/index.php(37): CodeIgniter\CodeIgniter->run()
#5 {main}
CRITICAL - 2022-10-21 18:44:43 --> Class 'App\Libraries\Exception' not found
#0 /home/eventodigital/public_html/api_controlAccesos/app/Controllers/RestController.php(164): App\Libraries\vCard->__construct(false, '13132019')
#1 /home/eventodigital/public_html/api_controlAccesos/system/CodeIgniter.php(832): App\Controllers\RestController->create()
#2 /home/eventodigital/public_html/api_controlAccesos/system/CodeIgniter.php(419): CodeIgniter\CodeIgniter->runController(Object(App\Controllers\RestController))
#3 /home/eventodigital/public_html/api_controlAccesos/system/CodeIgniter.php(326): CodeIgniter\CodeIgniter->handleRequest(NULL, Object(Config\Cache), false)
#4 /home/eventodigital/public_html/api_controlAccesos/public/index.php(37): CodeIgniter\CodeIgniter->run()
#5 {main}
CRITICAL - 2022-10-21 18:46:58 --> Class 'App\Libraries\Exception' not found
#0 /home/eventodigital/public_html/api_controlAccesos/app/Controllers/RestController.php(164): App\Libraries\vCard->__construct(false, '08916259')
#1 /home/eventodigital/public_html/api_controlAccesos/system/CodeIgniter.php(832): App\Controllers\RestController->create()
#2 /home/eventodigital/public_html/api_controlAccesos/system/CodeIgniter.php(419): CodeIgniter\CodeIgniter->runController(Object(App\Controllers\RestController))
#3 /home/eventodigital/public_html/api_controlAccesos/system/CodeIgniter.php(326): CodeIgniter\CodeIgniter->handleRequest(NULL, Object(Config\Cache), false)
#4 /home/eventodigital/public_html/api_controlAccesos/public/index.php(37): CodeIgniter\CodeIgniter->run()
#5 {main}
CRITICAL - 2022-10-21 18:49:00 --> Class 'App\Libraries\Exception' not found
#0 /home/eventodigital/public_html/api_controlAccesos/app/Controllers/RestController.php(164): App\Libraries\vCard->__construct(false, '06897937')
#1 /home/eventodigital/public_html/api_controlAccesos/system/CodeIgniter.php(832): App\Controllers\RestController->create()
#2 /home/eventodigital/public_html/api_controlAccesos/system/CodeIgniter.php(419): CodeIgniter\CodeIgniter->runController(Object(App\Controllers\RestController))
#3 /home/eventodigital/public_html/api_controlAccesos/system/CodeIgniter.php(326): CodeIgniter\CodeIgniter->handleRequest(NULL, Object(Config\Cache), false)
#4 /home/eventodigital/public_html/api_controlAccesos/public/index.php(37): CodeIgniter\CodeIgniter->run()
#5 {main}
CRITICAL - 2022-10-21 18:52:43 --> Class 'App\Libraries\Exception' not found
#0 /home/eventodigital/public_html/api_controlAccesos/app/Controllers/RestController.php(164): App\Libraries\vCard->__construct(false, '08135063')
#1 /home/eventodigital/public_html/api_controlAccesos/system/CodeIgniter.php(832): App\Controllers\RestController->create()
#2 /home/eventodigital/public_html/api_controlAccesos/system/CodeIgniter.php(419): CodeIgniter\CodeIgniter->runController(Object(App\Controllers\RestController))
#3 /home/eventodigital/public_html/api_controlAccesos/system/CodeIgniter.php(326): CodeIgniter\CodeIgniter->handleRequest(NULL, Object(Config\Cache), false)
#4 /home/eventodigital/public_html/api_controlAccesos/public/index.php(37): CodeIgniter\CodeIgniter->run()
#5 {main}
CRITICAL - 2022-10-21 18:56:33 --> Class 'App\Libraries\Exception' not found
#0 /home/eventodigital/public_html/api_controlAccesos/app/Controllers/RestController.php(164): App\Libraries\vCard->__construct(false, '02254948')
#1 /home/eventodigital/public_html/api_controlAccesos/system/CodeIgniter.php(832): App\Controllers\RestController->create()
#2 /home/eventodigital/public_html/api_controlAccesos/system/CodeIgniter.php(419): CodeIgniter\CodeIgniter->runController(Object(App\Controllers\RestController))
#3 /home/eventodigital/public_html/api_controlAccesos/system/CodeIgniter.php(326): CodeIgniter\CodeIgniter->handleRequest(NULL, Object(Config\Cache), false)
#4 /home/eventodigital/public_html/api_controlAccesos/public/index.php(37): CodeIgniter\CodeIgniter->run()
#5 {main}
CRITICAL - 2022-10-21 18:57:16 --> Class 'App\Libraries\Exception' not found
#0 /home/eventodigital/public_html/api_controlAccesos/app/Controllers/RestController.php(164): App\Libraries\vCard->__construct(false, '02212210')
#1 /home/eventodigital/public_html/api_controlAccesos/system/CodeIgniter.php(832): App\Controllers\RestController->create()
#2 /home/eventodigital/public_html/api_controlAccesos/system/CodeIgniter.php(419): CodeIgniter\CodeIgniter->runController(Object(App\Controllers\RestController))
#3 /home/eventodigital/public_html/api_controlAccesos/system/CodeIgniter.php(326): CodeIgniter\CodeIgniter->handleRequest(NULL, Object(Config\Cache), false)
#4 /home/eventodigital/public_html/api_controlAccesos/public/index.php(37): CodeIgniter\CodeIgniter->run()
#5 {main}
CRITICAL - 2022-10-21 18:59:45 --> Class 'App\Libraries\Exception' not found
#0 /home/eventodigital/public_html/api_controlAccesos/app/Controllers/RestController.php(164): App\Libraries\vCard->__construct(false, '10678937')
#1 /home/eventodigital/public_html/api_controlAccesos/system/CodeIgniter.php(832): App\Controllers\RestController->create()
#2 /home/eventodigital/public_html/api_controlAccesos/system/CodeIgniter.php(419): CodeIgniter\CodeIgniter->runController(Object(App\Controllers\RestController))
#3 /home/eventodigital/public_html/api_controlAccesos/system/CodeIgniter.php(326): CodeIgniter\CodeIgniter->handleRequest(NULL, Object(Config\Cache), false)
#4 /home/eventodigital/public_html/api_controlAccesos/public/index.php(37): CodeIgniter\CodeIgniter->run()
#5 {main}
CRITICAL - 2022-10-21 19:00:33 --> Class 'App\Libraries\Exception' not found
#0 /home/eventodigital/public_html/api_controlAccesos/app/Controllers/RestController.php(164): App\Libraries\vCard->__construct(false, '13925943')
#1 /home/eventodigital/public_html/api_controlAccesos/system/CodeIgniter.php(832): App\Controllers\RestController->create()
#2 /home/eventodigital/public_html/api_controlAccesos/system/CodeIgniter.php(419): CodeIgniter\CodeIgniter->runController(Object(App\Controllers\RestController))
#3 /home/eventodigital/public_html/api_controlAccesos/system/CodeIgniter.php(326): CodeIgniter\CodeIgniter->handleRequest(NULL, Object(Config\Cache), false)
#4 /home/eventodigital/public_html/api_controlAccesos/public/index.php(37): CodeIgniter\CodeIgniter->run()
#5 {main}
CRITICAL - 2022-10-21 19:01:04 --> Class 'App\Libraries\Exception' not found
#0 /home/eventodigital/public_html/api_controlAccesos/app/Controllers/RestController.php(164): App\Libraries\vCard->__construct(false, '12858651')
#1 /home/eventodigital/public_html/api_controlAccesos/system/CodeIgniter.php(832): App\Controllers\RestController->create()
#2 /home/eventodigital/public_html/api_controlAccesos/system/CodeIgniter.php(419): CodeIgniter\CodeIgniter->runController(Object(App\Controllers\RestController))
#3 /home/eventodigital/public_html/api_controlAccesos/system/CodeIgniter.php(326): CodeIgniter\CodeIgniter->handleRequest(NULL, Object(Config\Cache), false)
#4 /home/eventodigital/public_html/api_controlAccesos/public/index.php(37): CodeIgniter\CodeIgniter->run()
#5 {main}
CRITICAL - 2022-10-21 19:05:06 --> Class 'App\Libraries\Exception' not found
#0 /home/eventodigital/public_html/api_controlAccesos/app/Controllers/RestController.php(164): App\Libraries\vCard->__construct(false, '19329796')
#1 /home/eventodigital/public_html/api_controlAccesos/system/CodeIgniter.php(832): App\Controllers\RestController->create()
#2 /home/eventodigital/public_html/api_controlAccesos/system/CodeIgniter.php(419): CodeIgniter\CodeIgniter->runController(Object(App\Controllers\RestController))
#3 /home/eventodigital/public_html/api_controlAccesos/system/CodeIgniter.php(326): CodeIgniter\CodeIgniter->handleRequest(NULL, Object(Config\Cache), false)
#4 /home/eventodigital/public_html/api_controlAccesos/public/index.php(37): CodeIgniter\CodeIgniter->run()
#5 {main}
CRITICAL - 2022-10-21 19:10:20 --> Class 'App\Libraries\Exception' not found
#0 /home/eventodigital/public_html/api_controlAccesos/app/Controllers/RestController.php(164): App\Libraries\vCard->__construct(false, '07971280')
#1 /home/eventodigital/public_html/api_controlAccesos/system/CodeIgniter.php(832): App\Controllers\RestController->create()
#2 /home/eventodigital/public_html/api_controlAccesos/system/CodeIgniter.php(419): CodeIgniter\CodeIgniter->runController(Object(App\Controllers\RestController))
#3 /home/eventodigital/public_html/api_controlAccesos/system/CodeIgniter.php(326): CodeIgniter\CodeIgniter->handleRequest(NULL, Object(Config\Cache), false)
#4 /home/eventodigital/public_html/api_controlAccesos/public/index.php(37): CodeIgniter\CodeIgniter->run()
#5 {main}
CRITICAL - 2022-10-21 19:11:05 --> Class 'App\Libraries\Exception' not found
#0 /home/eventodigital/public_html/api_controlAccesos/app/Controllers/RestController.php(164): App\Libraries\vCard->__construct(false, '03051481')
#1 /home/eventodigital/public_html/api_controlAccesos/system/CodeIgniter.php(832): App\Controllers\RestController->create()
#2 /home/eventodigital/public_html/api_controlAccesos/system/CodeIgniter.php(419): CodeIgniter\CodeIgniter->runController(Object(App\Controllers\RestController))
#3 /home/eventodigital/public_html/api_controlAccesos/system/CodeIgniter.php(326): CodeIgniter\CodeIgniter->handleRequest(NULL, Object(Config\Cache), false)
#4 /home/eventodigital/public_html/api_controlAccesos/public/index.php(37): CodeIgniter\CodeIgniter->run()
#5 {main}
CRITICAL - 2022-10-21 19:13:15 --> Class 'App\Libraries\Exception' not found
#0 /home/eventodigital/public_html/api_controlAccesos/app/Controllers/RestController.php(164): App\Libraries\vCard->__construct(false, '10610695')
#1 /home/eventodigital/public_html/api_controlAccesos/system/CodeIgniter.php(832): App\Controllers\RestController->create()
#2 /home/eventodigital/public_html/api_controlAccesos/system/CodeIgniter.php(419): CodeIgniter\CodeIgniter->runController(Object(App\Controllers\RestController))
#3 /home/eventodigital/public_html/api_controlAccesos/system/CodeIgniter.php(326): CodeIgniter\CodeIgniter->handleRequest(NULL, Object(Config\Cache), false)
#4 /home/eventodigital/public_html/api_controlAccesos/public/index.php(37): CodeIgniter\CodeIgniter->run()
#5 {main}
CRITICAL - 2022-10-21 19:13:46 --> Class 'App\Libraries\Exception' not found
#0 /home/eventodigital/public_html/api_controlAccesos/app/Controllers/RestController.php(164): App\Libraries\vCard->__construct(false, '19937588')
#1 /home/eventodigital/public_html/api_controlAccesos/system/CodeIgniter.php(832): App\Controllers\RestController->create()
#2 /home/eventodigital/public_html/api_controlAccesos/system/CodeIgniter.php(419): CodeIgniter\CodeIgniter->runController(Object(App\Controllers\RestController))
#3 /home/eventodigital/public_html/api_controlAccesos/system/CodeIgniter.php(326): CodeIgniter\CodeIgniter->handleRequest(NULL, Object(Config\Cache), false)
#4 /home/eventodigital/public_html/api_controlAccesos/public/index.php(37): CodeIgniter\CodeIgniter->run()
#5 {main}
CRITICAL - 2022-10-21 19:14:20 --> Class 'App\Libraries\Exception' not found
#0 /home/eventodigital/public_html/api_controlAccesos/app/Controllers/RestController.php(164): App\Libraries\vCard->__construct(false, '12187959')
#1 /home/eventodigital/public_html/api_controlAccesos/system/CodeIgniter.php(832): App\Controllers\RestController->create()
#2 /home/eventodigital/public_html/api_controlAccesos/system/CodeIgniter.php(419): CodeIgniter\CodeIgniter->runController(Object(App\Controllers\RestController))
#3 /home/eventodigital/public_html/api_controlAccesos/system/CodeIgniter.php(326): CodeIgniter\CodeIgniter->handleRequest(NULL, Object(Config\Cache), false)
#4 /home/eventodigital/public_html/api_controlAccesos/public/index.php(37): CodeIgniter\CodeIgniter->run()
#5 {main}
CRITICAL - 2022-10-21 19:26:51 --> Class 'App\Libraries\Exception' not found
#0 /home/eventodigital/public_html/api_controlAccesos/app/Controllers/RestController.php(164): App\Libraries\vCard->__construct(false, '08022834')
#1 /home/eventodigital/public_html/api_controlAccesos/system/CodeIgniter.php(832): App\Controllers\RestController->create()
#2 /home/eventodigital/public_html/api_controlAccesos/system/CodeIgniter.php(419): CodeIgniter\CodeIgniter->runController(Object(App\Controllers\RestController))
#3 /home/eventodigital/public_html/api_controlAccesos/system/CodeIgniter.php(326): CodeIgniter\CodeIgniter->handleRequest(NULL, Object(Config\Cache), false)
#4 /home/eventodigital/public_html/api_controlAccesos/public/index.php(37): CodeIgniter\CodeIgniter->run()
#5 {main}
CRITICAL - 2022-10-21 19:27:27 --> Class 'App\Libraries\Exception' not found
#0 /home/eventodigital/public_html/api_controlAccesos/app/Controllers/RestController.php(164): App\Libraries\vCard->__construct(false, '06507139')
#1 /home/eventodigital/public_html/api_controlAccesos/system/CodeIgniter.php(832): App\Controllers\RestController->create()
#2 /home/eventodigital/public_html/api_controlAccesos/system/CodeIgniter.php(419): CodeIgniter\CodeIgniter->runController(Object(App\Controllers\RestController))
#3 /home/eventodigital/public_html/api_controlAccesos/system/CodeIgniter.php(326): CodeIgniter\CodeIgniter->handleRequest(NULL, Object(Config\Cache), false)
#4 /home/eventodigital/public_html/api_controlAccesos/public/index.php(37): CodeIgniter\CodeIgniter->run()
#5 {main}
CRITICAL - 2022-10-21 19:28:25 --> Class 'App\Libraries\Exception' not found
#0 /home/eventodigital/public_html/api_controlAccesos/app/Controllers/RestController.php(164): App\Libraries\vCard->__construct(false, '10031449')
#1 /home/eventodigital/public_html/api_controlAccesos/system/CodeIgniter.php(832): App\Controllers\RestController->create()
#2 /home/eventodigital/public_html/api_controlAccesos/system/CodeIgniter.php(419): CodeIgniter\CodeIgniter->runController(Object(App\Controllers\RestController))
#3 /home/eventodigital/public_html/api_controlAccesos/system/CodeIgniter.php(326): CodeIgniter\CodeIgniter->handleRequest(NULL, Object(Config\Cache), false)
#4 /home/eventodigital/public_html/api_controlAccesos/public/index.php(37): CodeIgniter\CodeIgniter->run()
#5 {main}
CRITICAL - 2022-10-21 19:29:03 --> Class 'App\Libraries\Exception' not found
#0 /home/eventodigital/public_html/api_controlAccesos/app/Controllers/RestController.php(164): App\Libraries\vCard->__construct(false, '\xEF\xBB\xBFBEGIN:VCARD\n...')
#1 /home/eventodigital/public_html/api_controlAccesos/system/CodeIgniter.php(832): App\Controllers\RestController->create()
#2 /home/eventodigital/public_html/api_controlAccesos/system/CodeIgniter.php(419): CodeIgniter\CodeIgniter->runController(Object(App\Controllers\RestController))
#3 /home/eventodigital/public_html/api_controlAccesos/system/CodeIgniter.php(326): CodeIgniter\CodeIgniter->handleRequest(NULL, Object(Config\Cache), false)
#4 /home/eventodigital/public_html/api_controlAccesos/public/index.php(37): CodeIgniter\CodeIgniter->run()
#5 {main}
CRITICAL - 2022-10-21 19:38:34 --> Class 'App\Libraries\Exception' not found
#0 /home/eventodigital/public_html/api_controlAccesos/app/Controllers/RestController.php(164): App\Libraries\vCard->__construct(false, '19711128')
#1 /home/eventodigital/public_html/api_controlAccesos/system/CodeIgniter.php(832): App\Controllers\RestController->create()
#2 /home/eventodigital/public_html/api_controlAccesos/system/CodeIgniter.php(419): CodeIgniter\CodeIgniter->runController(Object(App\Controllers\RestController))
#3 /home/eventodigital/public_html/api_controlAccesos/system/CodeIgniter.php(326): CodeIgniter\CodeIgniter->handleRequest(NULL, Object(Config\Cache), false)
#4 /home/eventodigital/public_html/api_controlAccesos/public/index.php(37): CodeIgniter\CodeIgniter->run()
#5 {main}
CRITICAL - 2022-10-21 19:40:18 --> Class 'App\Libraries\Exception' not found
#0 /home/eventodigital/public_html/api_controlAccesos/app/Controllers/RestController.php(164): App\Libraries\vCard->__construct(false, '17662710')
#1 /home/eventodigital/public_html/api_controlAccesos/system/CodeIgniter.php(832): App\Controllers\RestController->create()
#2 /home/eventodigital/public_html/api_controlAccesos/system/CodeIgniter.php(419): CodeIgniter\CodeIgniter->runController(Object(App\Controllers\RestController))
#3 /home/eventodigital/public_html/api_controlAccesos/system/CodeIgniter.php(326): CodeIgniter\CodeIgniter->handleRequest(NULL, Object(Config\Cache), false)
#4 /home/eventodigital/public_html/api_controlAccesos/public/index.php(37): CodeIgniter\CodeIgniter->run()
#5 {main}
